internalField   nonuniform List<scalar> 
106488
(
24457.1
23841.8
23347.6
22856.9
22390.7
21952.5
21542.5
21160.3
20804.6
20474
20160.7
19852
19542.8
19233
18922.9
18612.3
18301.4
17990.3
17678.9
17367.3
17055.5
16743.5
16431.4
16119.1
15806.8
15494.4
15181.8
14869.2
14556.5
14243.8
13931
13618.2
13305.3
12992.4
12679.4
12366.4
12053.4
11740.4
11427.4
11114.3
10801.2
10488.1
10175
9861.93
9548.82
9235.69
8922.56
8609.43
8296.29
7983.16
7670.02
7356.88
7043.75
6730.62
6417.5
6104.39
5791.28
5478.19
5165.11
4852.05
4536.56
4191.61
3788.02
3315.82
2763.2
2109.12
1380.06
237.009
24457.4
23835.3
23345.8
22855.5
22389.6
21951.7
21541.9
21159.7
20804.1
20473.6
20160.3
19851.7
19542.5
19232.8
18922.6
18612.1
18301.2
17990.1
17678.7
17367.1
17055.3
16743.4
16431.3
16119.1
15806.7
15494.3
15181.8
14869.2
14556.5
14243.8
13931
13618.1
13305.3
12992.3
12679.4
12366.4
12053.4
11740.4
11427.4
11114.3
10801.2
10488.1
10175
9861.92
9548.81
9235.68
8922.55
8609.42
8296.28
7983.14
7670.01
7356.87
7043.74
6730.6
6417.48
6104.36
5791.25
5478.15
5165.07
4851.99
4536.48
4191.52
3787.89
3315.63
2763.02
2107.76
1381.38
219.813
24468.3
23835.1
23347.5
22856.8
22390.6
21952.5
21542.6
21160.3
20804.6
20474.1
20160.7
19852.1
19542.8
19233.1
18922.9
18612.3
18301.4
17990.3
17678.9
17367.3
17055.5
16743.5
16431.4
16119.1
15806.8
15494.3
15181.8
14869.2
14556.5
14243.8
13931
13618.2
13305.3
12992.4
12679.4
12366.4
12053.4
11740.4
11427.4
11114.3
10801.2
10488.1
10175
9861.93
9548.81
9235.68
8922.55
8609.42
8296.28
7983.14
7670
7356.86
7043.73
6730.6
6417.47
6104.35
5791.24
5478.14
5165.06
4851.98
4536.48
4191.53
3787.92
3315.72
2763.29
2107.68
1385.92
232.197
24485.7
23842.3
23352.4
22860.8
22393.6
21955
21544.6
21162.1
20806.1
20475.4
20161.9
19853.1
19543.7
19233.9
18923.6
18612.9
18302
17990.8
17679.3
17367.6
17055.8
16743.8
16431.6
16119.4
15807
15494.5
15182
14869.4
14556.7
14243.9
13931.1
13618.3
13305.4
12992.4
12679.5
12366.5
12053.5
11740.5
11427.4
11114.3
10801.3
10488.2
10175.1
9861.95
9548.83
9235.7
8922.57
8609.43
8296.29
7983.15
7670.01
7356.87
7043.74
6730.6
6417.48
6104.37
5791.26
5478.17
5165.1
4852.05
4536.57
4191.66
3788.12
3316.11
2763.94
2109.25
1390.37
251.159
24505.7
23854.5
23359.5
22866.7
22398.1
21958.6
21547.7
21164.6
20808.3
20477.3
20163.6
19854.6
19545
19235
18924.6
18613.9
18302.8
17991.5
17679.9
17368.2
17056.3
16744.2
16432
16119.7
15807.3
15494.8
15182.2
14869.6
14556.9
14244.1
13931.3
13618.4
13305.5
12992.5
12679.6
12366.6
12053.6
11740.5
11427.5
11114.4
10801.3
10488.2
10175.1
9861.98
9548.86
9235.72
8922.59
8609.45
8296.31
7983.17
7670.03
7356.89
7043.76
6730.63
6417.51
6104.41
5791.31
5478.24
5165.19
4852.17
4536.74
4191.89
3788.48
3316.71
2764.82
2111.77
1393.61
267.065
24526.3
23869.6
23368.2
22873.8
22403.6
21963
21551.3
21167.8
20811
20479.7
20165.7
19856.4
19546.7
19236.5
18925.9
18615
18303.8
17992.4
17680.8
17368.9
17056.9
16744.8
16432.6
16120.2
15807.7
15495.2
15182.6
14869.9
14557.1
14244.3
13931.5
13618.6
13305.7
12992.7
12679.7
12366.7
12053.7
11740.6
11427.5
11114.5
10801.4
10488.3
10175.1
9862.03
9548.9
9235.76
8922.62
8609.48
8296.34
7983.2
7670.06
7356.93
7043.8
6730.68
6417.57
6104.47
5791.4
5478.35
5165.33
4852.36
4536.99
4192.22
3788.96
3317.45
2765.8
2114.67
1395.7
279.375
24546.2
23886
23377.7
22881.5
22409.7
21967.9
21555.4
21171.2
20814
20482.3
20168
19858.5
19548.5
19238.1
18927.4
18616.3
18305
17993.4
17681.7
17369.7
17057.7
16745.5
16433.1
16120.7
15808.2
15495.6
15182.9
14870.2
14557.4
14244.6
13931.7
13618.8
13305.8
12992.9
12679.9
12366.8
12053.8
11740.7
11427.6
11114.5
10801.4
10488.3
10175.2
9862.08
9548.95
9235.81
8922.67
8609.52
8296.38
7983.24
7670.1
7356.97
7043.85
6730.74
6417.64
6104.57
5791.52
5478.5
5165.52
4852.59
4537.29
4192.62
3789.51
3318.25
2766.81
2117.59
1396.78
288.498
24563.9
23902.3
23387.1
22889.3
22415.9
21972.8
21559.5
21174.7
20817
20484.9
20170.3
19860.6
19550.4
19239.8
18928.8
18617.6
18306.2
17994.5
17682.6
17370.6
17058.4
16746.1
16433.7
16121.2
15808.7
15496
15183.3
14870.5
14557.7
14244.8
13931.9
13619
13306
12993
12680
12367
12053.9
11740.8
11427.7
11114.6
10801.5
10488.4
10175.3
9862.14
9549
9235.86
8922.71
8609.57
8296.43
7983.29
7670.16
7357.03
7043.92
6730.82
6417.74
6104.68
5791.66
5478.67
5165.74
4852.86
4537.62
4193.05
3790.09
3319.04
2767.77
2120.3
1396.95
294.733
24578.2
23917
23395.6
22896.3
22421.5
21977.4
21563.3
21177.9
20819.9
20487.4
20172.5
19862.5
19552.1
19241.3
18930.2
18618.9
18307.3
17995.5
17683.5
17371.4
17059.1
16746.8
16434.3
16121.8
15809.1
15496.4
15183.7
14870.9
14558
14245.1
13932.2
13619.2
13306.2
12993.2
12680.2
12367.1
12054
11740.9
11427.8
11114.7
10801.6
10488.5
10175.3
9862.2
9549.06
9235.91
8922.77
8609.62
8296.48
7983.35
7670.22
7357.1
7044
6730.91
6417.85
6104.81
5791.81
5478.86
5165.97
4853.15
4537.97
4193.48
3790.65
3319.77
2768.61
2122.67
1396.36
298.474
24587.7
23928.8
23402.1
22901.7
22425.9
21981
21566.3
21180.6
20822.2
20489.4
20174.3
19864.2
19553.6
19242.6
18931.4
18619.9
18308.2
17996.3
17684.3
17372.1
17059.8
16747.3
16434.8
16122.2
15809.5
15496.8
15184
14871.1
14558.3
14245.3
13932.4
13619.4
13306.4
12993.3
12680.3
12367.2
12054.1
11741
11427.9
11114.8
10801.7
10488.5
10175.4
9862.25
9549.11
9235.96
8922.82
8609.67
8296.54
7983.4
7670.28
7357.17
7044.08
6731.01
6417.96
6104.95
5791.98
5479.05
5166.2
4853.42
4538.3
4193.88
3791.16
3320.38
2769.31
2124.66
1395.19
300.122
24591.2
23936.2
23405.7
22904.9
22428.6
21983.2
21568.3
21182.2
20823.6
20490.8
20175.5
19865.3
19554.6
19243.5
18932.2
18620.7
18308.9
17996.9
17684.8
17372.6
17060.2
16747.7
16435.2
16122.5
15809.8
15497
15184.2
14871.3
14558.4
14245.5
13932.5
13619.5
13306.5
12993.4
12680.4
12367.3
12054.2
11741.1
11428
11114.9
10801.7
10488.6
10175.4
9862.29
9549.15
9236
8922.86
8609.72
8296.58
7983.46
7670.34
7357.24
7044.16
6731.1
6418.07
6105.08
5792.13
5479.23
5166.41
4853.67
4538.59
4194.23
3791.58
3320.86
2769.82
2126.22
1393.54
299.953
24587.2
23938.1
23405.4
22904.9
22428.9
21983.6
21568.6
21182.6
20824
20491.2
20175.9
19865.6
19554.9
19243.9
18932.5
18620.9
18309.1
17997.2
17685
17372.8
17060.4
16747.9
16435.3
16122.7
15809.9
15497.1
15184.3
14871.4
14558.5
14245.6
13932.6
13619.6
13306.5
12993.5
12680.4
12367.3
12054.2
11741.1
11428
11114.9
10801.7
10488.6
10175.5
9862.31
9549.17
9236.03
8922.89
8609.75
8296.62
7983.5
7670.39
7357.3
7044.23
6731.18
6418.16
6105.18
5792.25
5479.38
5166.58
4853.86
4538.81
4194.48
3791.87
3321.15
2770.11
2127.36
1391.46
298.031
24574.1
23933
23400.1
22901
22426.2
21981.5
21567
21181.4
20823
20490.3
20175.2
19865
19554.4
19243.5
18932.2
18620.6
18308.9
17997
17684.8
17372.6
17060.2
16747.8
16435.2
16122.6
15809.8
15497.1
15184.2
14871.4
14558.5
14245.5
13932.5
13619.5
13306.5
12993.5
12680.4
12367.3
12054.2
11741.1
11428
11114.9
10801.7
10488.6
10175.5
9862.31
9549.17
9236.03
8922.89
8609.76
8296.64
7983.53
7670.43
7357.34
7044.28
6731.24
6418.23
6105.26
5792.34
5479.48
5166.69
4853.98
4538.94
4194.61
3792
3321.23
2770.13
2127.99
1388.84
294.11
24550.2
23920
23389.1
22892.8
22420
21976.7
21563.2
21178.3
20820.4
20488.2
20173.4
19863.4
19553
19242.2
18931.1
18619.7
18308.1
17996.2
17684.2
17372
17059.7
16747.3
16434.8
16122.2
15809.5
15496.8
15184
14871.1
14558.2
14245.3
13932.4
13619.4
13306.4
12993.3
12680.3
12367.2
12054.1
11741
11427.9
11114.8
10801.7
10488.5
10175.4
9862.28
9549.14
9236.01
8922.88
8609.75
8296.64
7983.53
7670.44
7357.36
7044.3
6731.27
6418.26
6105.3
5792.38
5479.52
5166.72
4854.01
4538.95
4194.59
3791.93
3321.02
2769.78
2127.99
1385.31
287.445
24513.9
23898.4
23372.2
22880.1
22410.4
21969.2
21557.1
21173.3
20816.2
20484.6
20170.2
19860.7
19550.6
19240.1
18929.2
18618.1
18306.6
17994.9
17683
17371
17058.8
16746.5
16434
16121.5
15808.9
15496.2
15183.5
14870.7
14557.9
14245
13932.1
13619.1
13306.1
12993.1
12680.1
12367
12054
11740.9
11427.8
11114.7
10801.6
10488.5
10175.3
9862.21
9549.08
9235.96
8922.84
8609.72
8296.61
7983.51
7670.42
7357.35
7044.29
6731.26
6418.26
6105.3
5792.37
5479.49
5166.68
4853.94
4538.83
4194.41
3791.63
3320.48
2768.91
2127.07
1380.11
276.51
24464
23868.6
23350
22863.5
22397.9
21959.3
21549.2
21166.7
20810.7
20479.8
20166.1
19857.1
19547.4
19237.3
18926.8
18615.8
18304.6
17993.2
17681.5
17369.6
17057.6
16745.4
16433.1
16120.6
15808.1
15495.5
15182.9
14870.1
14557.4
14244.5
13931.6
13618.7
13305.8
12992.8
12679.8
12366.8
12053.7
11740.7
11427.6
11114.5
10801.4
10488.3
10175.2
9862.12
9549
9235.89
8922.78
8609.67
8296.56
7983.47
7670.39
7357.32
7044.26
6731.23
6418.23
6105.25
5792.31
5479.42
5166.57
4853.77
4538.59
4194.06
3791.07
3319.52
2767.35
2124.78
1371.66
258.285
24402.1
23835.4
23326.5
22845.8
22384.5
21948.8
21540.7
21159.6
20804.6
20474.5
20161.4
19853
19543.8
19234.1
18923.9
18613.3
18302.4
17991.2
17679.7
17368
17056.1
16744.1
16431.9
16119.6
15807.2
15494.7
15182.1
14869.5
14556.8
14244
13931.2
13618.3
13305.4
12992.5
12679.5
12366.5
12053.5
11740.5
11427.4
11114.4
10801.3
10488.2
10175.1
9862.01
9548.91
9235.81
8922.71
8609.6
8296.51
7983.42
7670.34
7357.27
7044.22
6731.19
6418.18
6105.19
5792.23
5479.31
5166.41
4853.55
4538.28
4193.59
3790.33
3318.23
2765.18
2120.71
1356.05
224.191
24347.2
23817.1
23315.5
22837.3
22378.2
21943.9
21536.6
21156.1
20801.6
20471.8
20159
19850.8
19541.9
19232.4
18922.4
18611.9
18301.2
17990.1
17678.7
17367.1
17055.3
16743.4
16431.3
16119.1
15806.7
15494.3
15181.7
14869.1
14556.5
14243.7
13930.9
13618.1
13305.2
12992.3
12679.4
12366.4
12053.4
11740.4
11427.3
11114.3
10801.2
10488.1
10175
9861.96
9548.86
9235.76
8922.66
8609.57
8296.48
7983.39
7670.32
7357.26
7044.21
6731.18
6418.18
6105.2
5792.25
5479.33
5166.44
4853.57
4538.28
4193.54
3790.11
3317.64
2763.89
2116.04
1330.44
162.435
24484
23832.6
23341.9
22849.6
22383.7
21946.3
21537
21155.4
20800.3
20470.2
20157.3
19849
19540.1
19230.7
18920.8
18610.5
18299.8
17988.8
17677.6
17366.1
17054.5
16742.6
16430.6
16118.5
15806.2
15493.8
15181.3
14868.8
14556.1
14243.5
13930.7
13617.9
13305
12992.2
12679.2
12366.3
12053.3
11740.3
11427.3
11114.2
10801.1
10488.1
10175
9861.87
9548.76
9235.65
8922.53
8609.4
8296.27
7983.14
7670
7356.87
7043.74
6730.61
6417.48
6104.35
5791.23
5478.11
5164.99
4851.87
4536.3
4191.23
3787.44
3314.93
2762.38
2106.05
1387.09
288.927
24477.9
23820.2
23337.2
22845.9
22381
21944.3
21535.5
21154.2
20799.2
20469.3
20156.5
19848.4
19539.5
19230.2
18920.3
18610.1
18299.4
17988.5
17677.3
17365.9
17054.2
16742.4
16430.4
16118.3
15806
15493.7
15181.2
14868.7
14556.1
14243.4
13930.6
13617.8
13305
12992.1
12679.2
12366.2
12053.3
11740.2
11427.2
11114.2
10801.1
10488
10175
9861.85
9548.74
9235.63
8922.51
8609.38
8296.25
7983.12
7669.98
7356.85
7043.71
6730.58
6417.44
6104.31
5791.18
5478.05
5164.92
4851.78
4536.18
4191.08
3787.22
3314.59
2762.03
2103.93
1386.95
267.821
24483.4
23813.1
23334.8
22844.1
22379.6
21943.3
21534.7
21153.6
20798.8
20468.9
20156.2
19848.1
19539.3
19230
18920.1
18609.9
18299.3
17988.4
17677.2
17365.8
17054.1
16742.3
16430.3
16118.2
15806
15493.6
15181.2
14868.6
14556
14243.3
13930.6
13617.8
13305
12992.1
12679.2
12366.2
12053.2
11740.2
11427.2
11114.2
10801.1
10488
10174.9
9861.84
9548.73
9235.62
8922.5
8609.37
8296.24
7983.1
7669.97
7356.83
7043.69
6730.56
6417.42
6104.29
5791.15
5478.02
5164.88
4851.73
4536.12
4191.01
3787.12
3314.46
2761.97
2102.73
1389.99
279.961
24496
23813.8
23335
22844.4
22379.8
21943.4
21534.9
21153.7
20798.9
20469.1
20156.3
19848.2
19539.4
19230.1
18920.2
18610
18299.4
17988.5
17677.3
17365.8
17054.2
16742.4
16430.4
16118.3
15806
15493.6
15181.2
14868.6
14556
14243.3
13930.6
13617.8
13305
12992.1
12679.2
12366.2
12053.2
11740.2
11427.2
11114.2
10801.1
10488
10174.9
9861.84
9548.73
9235.62
8922.5
8609.37
8296.24
7983.1
7669.97
7356.83
7043.69
6730.55
6417.42
6104.29
5791.15
5478.02
5164.88
4851.74
4536.14
4191.04
3787.16
3314.57
2762.13
2103.09
1392.85
294.918
24511.6
23820
23337.3
22846.6
22381.2
21944.5
21535.8
21154.5
20799.6
20469.6
20156.8
19848.7
19539.8
19230.4
18920.6
18610.3
18299.6
17988.7
17677.5
17366
17054.3
16742.5
16430.5
16118.4
15806.1
15493.7
15181.3
14868.7
14556.1
14243.4
13930.7
13617.9
13305
12992.1
12679.2
12366.2
12053.3
11740.3
11427.2
11114.2
10801.1
10488
10175
9861.85
9548.74
9235.62
8922.5
8609.37
8296.24
7983.11
7669.97
7356.84
7043.7
6730.57
6417.43
6104.3
5791.18
5478.05
5164.93
4851.8
4536.22
4191.15
3787.33
3314.89
2762.44
2104.47
1394.62
304.358
24528.3
23829.7
23341.4
22850.1
22383.7
21946.4
21537.3
21155.8
20800.7
20470.6
20157.7
19849.4
19540.5
19231
18921.1
18610.7
18300.1
17989.1
17677.8
17366.3
17054.6
16742.7
16430.7
16118.6
15806.3
15493.9
15181.4
14868.8
14556.2
14243.5
13930.7
13617.9
13305.1
12992.2
12679.2
12366.3
12053.3
11740.3
11427.3
11114.2
10801.1
10488.1
10175
9861.87
9548.76
9235.64
8922.52
8609.39
8296.26
7983.12
7669.99
7356.85
7043.72
6730.59
6417.47
6104.35
5791.23
5478.12
5165.01
4851.91
4536.36
4191.33
3787.6
3315.34
2762.86
2106.41
1395.62
310.582
24544.6
23841.7
23346.7
22854.7
22387
21948.9
21539.4
21157.5
20802.1
20471.8
20158.7
19850.4
19541.3
19231.8
18921.8
18611.3
18300.6
17989.5
17678.2
17366.7
17055
16743
16431
16118.8
15806.5
15494.1
15181.6
14869
14556.3
14243.6
13930.8
13618
13305.2
12992.3
12679.3
12366.3
12053.4
11740.3
11427.3
11114.2
10801.2
10488.1
10175
9861.9
9548.78
9235.66
8922.54
8609.41
8296.28
7983.15
7670.01
7356.88
7043.76
6730.63
6417.52
6104.41
5791.31
5478.22
5165.14
4852.06
4536.56
4191.59
3787.95
3315.87
2763.35
2108.62
1396.07
314.993
24559.4
23854.5
23352.5
22859.7
22390.7
21951.8
21541.7
21159.4
20803.7
20473.2
20160
19851.4
19542.3
19232.6
18922.5
18612
18301.2
17990.1
17678.7
17367.1
17055.3
16743.4
16431.3
16119.1
15806.7
15494.3
15181.8
14869.2
14556.5
14243.8
13931
13618.1
13305.3
12992.3
12679.4
12366.4
12053.4
11740.4
11427.4
11114.3
10801.2
10488.1
10175
9861.93
9548.81
9235.69
8922.57
8609.44
8296.31
7983.18
7670.05
7356.93
7043.8
6730.69
6417.59
6104.49
5791.41
5478.34
5165.29
4852.25
4536.79
4191.88
3788.36
3316.45
2763.86
2110.87
1395.97
317.865
24571.3
23866.5
23358.1
22864.5
22394.4
21954.6
21543.9
21161.3
20805.3
20474.6
20161.2
19852.5
19543.3
19233.5
18923.3
18612.7
18301.8
17990.6
17679.2
17367.6
17055.7
16743.8
16431.6
16119.4
15807
15494.5
15182
14869.3
14556.7
14243.9
13931.1
13618.2
13305.4
12992.4
12679.5
12366.5
12053.5
11740.5
11427.4
11114.3
10801.3
10488.2
10175.1
9861.96
9548.84
9235.72
8922.6
8609.47
8296.34
7983.22
7670.09
7356.98
7043.86
6730.76
6417.67
6104.59
5791.53
5478.48
5165.46
4852.46
4537.05
4192.2
3788.78
3316.99
2764.34
2112.98
1395.4
319.348
24579.2
23876.5
23362.5
22868.4
22397.4
21956.9
21545.9
21162.9
20806.7
20475.8
20162.3
19853.5
19544.1
19234.3
18924
18613.3
18302.4
17991.1
17679.7
17368
17056.1
16744.1
16431.9
16119.6
15807.2
15494.7
15182.2
14869.5
14556.8
14244
13931.2
13618.4
13305.5
12992.5
12679.6
12366.6
12053.5
11740.5
11427.5
11114.4
10801.3
10488.2
10175.1
9861.99
9548.88
9235.76
8922.63
8609.51
8296.38
7983.26
7670.14
7357.03
7043.93
6730.84
6417.76
6104.69
5791.65
5478.63
5165.64
4852.67
4537.3
4192.5
3789.17
3317.47
2764.74
2114.83
1394.39
319.588
24581.7
23883.1
23364.6
22870.5
22399.3
21958.4
21547.1
21163.9
20807.6
20476.6
20163
19854.1
19544.7
19234.8
18924.5
18613.8
18302.8
17991.5
17680
17368.3
17056.4
16744.3
16432.1
16119.8
15807.4
15494.9
15182.3
14869.6
14556.9
14244.1
13931.3
13618.4
13305.5
12992.6
12679.6
12366.6
12053.6
11740.5
11427.5
11114.4
10801.3
10488.2
10175.1
9862.02
9548.91
9235.79
8922.66
8609.54
8296.42
7983.3
7670.19
7357.09
7043.99
6730.91
6417.85
6104.8
5791.77
5478.78
5165.81
4852.87
4537.52
4192.77
3789.5
3317.84
2765.01
2116.35
1392.99
318.663
24577.5
23885
23363.7
22870.3
22399.3
21958.5
21547.2
21164.1
20807.8
20476.8
20163.2
19854.3
19544.9
19235
18924.7
18614
18303
17991.7
17680.1
17368.4
17056.5
16744.4
16432.2
16119.9
15807.5
15495
15182.4
14869.7
14557
14244.2
13931.3
13618.5
13305.6
12992.6
12679.6
12366.6
12053.6
11740.6
11427.5
11114.4
10801.4
10488.3
10175.2
9862.04
9548.93
9235.81
8922.69
8609.57
8296.45
7983.34
7670.24
7357.14
7044.05
6730.98
6417.93
6104.9
5791.88
5478.9
5165.95
4853.03
4537.7
4192.96
3789.73
3318.05
2765.1
2117.47
1391.18
316.547
24565.2
23881.2
23358.9
22867.1
22397.1
21956.8
21546
21163.2
20807.1
20476.2
20162.7
19854
19544.6
19234.8
18924.5
18613.8
18302.8
17991.6
17680.1
17368.3
17056.4
16744.4
16432.2
16119.9
15807.5
15494.9
15182.3
14869.7
14556.9
14244.2
13931.3
13618.5
13305.5
12992.6
12679.6
12366.6
12053.6
11740.6
11427.5
11114.4
10801.3
10488.3
10175.2
9862.04
9548.93
9235.82
8922.7
8609.59
8296.48
7983.37
7670.27
7357.18
7044.11
6731.04
6418
6104.97
5791.97
5479
5166.05
4853.14
4537.81
4193.08
3789.83
3318.08
2764.95
2118.13
1388.87
313.05
24543.2
23870.8
23349.6
22860.5
22392.4
21953.3
21543.2
21161
20805.3
20474.8
20161.5
19853
19543.8
19234
18923.8
18613.3
18302.4
17991.2
17679.7
17368
17056.2
16744.1
16432
16119.7
15807.3
15494.8
15182.2
14869.5
14556.8
14244.1
13931.2
13618.4
13305.5
12992.5
12679.6
12366.6
12053.6
11740.5
11427.5
11114.4
10801.3
10488.2
10175.1
9862.03
9548.92
9235.81
8922.7
8609.59
8296.49
7983.39
7670.3
7357.21
7044.14
6731.08
6418.05
6105.03
5792.03
5479.05
5166.11
4853.19
4537.84
4193.08
3789.79
3317.9
2764.53
2118.24
1385.8
307.695
24510.5
23853.7
23336.2
22850.9
22385.5
21948.1
21539.2
21157.8
20802.7
20472.6
20159.7
19851.4
19542.4
19232.8
18922.8
18612.4
18301.6
17990.5
17679.1
17367.5
17055.7
16743.7
16431.6
16119.3
15807
15494.5
15182
14869.3
14556.6
14243.9
13931.1
13618.2
13305.3
12992.4
12679.5
12366.5
12053.5
11740.4
11427.4
11114.3
10801.3
10488.2
10175.1
9862
9548.9
9235.79
8922.69
8609.58
8296.48
7983.39
7670.3
7357.23
7044.16
6731.11
6418.07
6105.05
5792.05
5479.07
5166.12
4853.17
4537.8
4192.99
3789.61
3317.49
2763.77
2117.68
1381.51
299.638
24466.4
23831.3
23319.8
22839.3
22377.2
21941.9
21534.4
21154
20799.6
20470.1
20157.5
19849.5
19540.7
19231.4
18921.6
18611.3
18300.6
17989.6
17678.3
17366.8
17055.1
16743.1
16431.1
16118.9
15806.6
15494.1
15181.6
14869
14556.4
14243.6
13930.9
13618
13305.2
12992.3
12679.3
12366.4
12053.4
11740.3
11427.3
11114.3
10801.2
10488.1
10175
9861.95
9548.86
9235.76
8922.66
8609.56
8296.47
7983.38
7670.3
7357.22
7044.16
6731.11
6418.08
6105.06
5792.06
5479.07
5166.1
4853.13
4537.72
4192.83
3789.31
3316.88
2762.66
2116.42
1375.32
287.703
24412.6
23809.4
23305
22828.8
22369.9
21936.5
21530.1
21150.5
20796.7
20467.6
20155.3
19847.6
19539.1
19230
18920.3
18610.1
18299.6
17988.7
17677.5
17366.1
17054.4
16742.6
16430.6
16118.4
15806.2
15493.8
15181.3
14868.7
14556.1
14243.4
13930.7
13617.8
13305
12992.1
12679.2
12366.2
12053.2
11740.2
11427.2
11114.2
10801.1
10488.1
10175
9861.9
9548.81
9235.72
8922.63
8609.54
8296.45
7983.36
7670.28
7357.21
7044.16
6731.11
6418.08
6105.06
5792.05
5479.06
5166.07
4853.08
4537.62
4192.68
3789.02
3316.27
2761.61
2114.9
1365
265.592
24371.5
23810.2
23308.4
22831.5
22372.7
21938.8
21532
21152
20798
20468.6
20156.1
19848.2
19539.6
19230.3
18920.5
18610.3
18299.7
17988.8
17677.6
17366.1
17054.4
16742.6
16430.6
16118.4
15806.1
15493.8
15181.3
14868.7
14556.1
14243.4
13930.6
13617.8
13305
12992.1
12679.2
12366.2
12053.2
11740.2
11427.2
11114.2
10801.1
10488.1
10175
9861.89
9548.8
9235.71
8922.62
8609.52
8296.43
7983.35
7670.28
7357.21
7044.16
6731.13
6418.11
6105.12
5792.15
5479.2
5166.27
4853.35
4537.99
4193.15
3789.6
3316.94
2762.58
2115.06
1346.82
209.793
24522.7
23841.6
23348.7
22851.3
22383.6
21945.2
21535.5
21153.7
20798.6
20468.5
20155.7
19847.5
19538.7
19229.4
18919.6
18609.4
18298.8
17987.9
17676.8
17365.4
17053.8
16742
16430.1
16118
15805.7
15493.4
15181
14868.5
14555.9
14243.2
13930.5
13617.7
13304.9
12992
12679.1
12366.1
12053.2
11740.2
11427.2
11114.1
10801.1
10488
10174.9
9861.82
9548.71
9235.6
8922.48
8609.35
8296.22
7983.09
7669.95
7356.81
7043.67
6730.52
6417.38
6104.23
5791.07
5477.91
5164.74
4851.56
4535.9
4190.74
3786.8
3314.06
2761.7
2104.03
1388.05
320.344
24514.8
23827.6
23343.6
22847.4
22380.9
21943.2
21534
21152.6
20797.6
20467.8
20155
19846.9
19538.2
19228.9
18919.2
18609
18298.5
17987.7
17676.5
17365.2
17053.6
16741.8
16429.9
16117.8
15805.6
15493.3
15180.9
14868.4
14555.8
14243.1
13930.4
13617.6
13304.8
12991.9
12679
12366.1
12053.1
11740.1
11427.1
11114.1
10801
10488
10174.9
9861.79
9548.69
9235.58
8922.46
8609.33
8296.2
7983.06
7669.92
7356.78
7043.64
6730.49
6417.33
6104.18
5791.02
5477.85
5164.66
4851.46
4535.79
4190.6
3786.6
3313.75
2761.5
2102.07
1388.05
294.422
24519.7
23818.8
23340.6
22845
22379.2
21942
21533.2
21151.9
20797.1
20467.3
20154.7
19846.7
19538
19228.7
18919
18608.9
18298.4
17987.5
17676.4
17365.1
17053.5
16741.7
16429.8
16117.8
15805.6
15493.2
15180.8
14868.3
14555.7
14243.1
13930.4
13617.6
13304.8
12991.9
12679
12366.1
12053.1
11740.1
11427.1
11114.1
10801
10488
10174.9
9861.78
9548.68
9235.56
8922.44
8609.32
8296.18
7983.05
7669.91
7356.76
7043.61
6730.46
6417.31
6104.15
5790.98
5477.81
5164.62
4851.41
4535.73
4190.52
3786.5
3313.6
2761.49
2100.76
1390.87
301.448
24532.3
23817.6
23339.8
22844.5
22378.6
21941.7
21532.9
21151.8
20797
20467.3
20154.7
19846.6
19538
19228.7
18919
18608.9
18298.4
17987.5
17676.4
17365.1
17053.5
16741.7
16429.8
16117.8
15805.6
15493.2
15180.8
14868.3
14555.7
14243.1
13930.4
13617.6
13304.8
12991.9
12679
12366.1
12053.1
11740.1
11427.1
11114.1
10801
10488
10174.9
9861.78
9548.67
9235.56
8922.44
8609.31
8296.18
7983.04
7669.9
7356.75
7043.61
6730.46
6417.3
6104.14
5790.98
5477.8
5164.62
4851.41
4535.73
4190.53
3786.51
3313.66
2761.59
2100.72
1393.39
310.872
24547.8
23821.7
23340.6
22845.5
22379.1
21942
21533.2
21152.1
20797.3
20467.5
20154.9
19846.9
19538.2
19228.9
18919.2
18609
18298.5
17987.6
17676.5
17365.2
17053.6
16741.8
16429.9
16117.8
15805.6
15493.3
15180.9
14868.4
14555.8
14243.1
13930.4
13617.6
13304.8
12991.9
12679
12366.1
12053.1
11740.1
11427.1
11114.1
10801
10488
10174.9
9861.78
9548.68
9235.56
8922.44
8609.31
8296.18
7983.04
7669.9
7356.76
7043.61
6730.46
6417.31
6104.15
5790.99
5477.82
5164.65
4851.45
4535.79
4190.6
3786.61
3313.88
2761.74
2101.58
1394.91
315.716
24564.3
23829.4
23343
22847.7
22380.5
21943
21534
21152.7
20797.9
20468.1
20155.3
19847.3
19538.5
19229.2
18919.5
18609.3
18298.7
17987.9
17676.7
17365.3
17053.7
16742
16430
16117.9
15805.7
15493.4
15180.9
14868.4
14555.8
14243.2
13930.4
13617.7
13304.8
12992
12679.1
12366.1
12053.1
11740.2
11427.1
11114.1
10801
10488
10174.9
9861.79
9548.68
9235.57
8922.45
8609.32
8296.19
7983.05
7669.91
7356.77
7043.62
6730.48
6417.33
6104.18
5791.03
5477.87
5164.71
4851.53
4535.89
4190.74
3786.8
3314.23
2761.96
2102.98
1395.82
318.772
24580.5
23839.4
23346.6
22850.9
22382.6
21944.6
21535.3
21153.7
20798.7
20468.8
20156
19847.9
19539.1
19229.7
18919.9
18609.7
18299.1
17988.2
17677
17365.6
17054
16742.1
16430.2
16118.1
15805.8
15493.5
15181
14868.5
14555.9
14243.2
13930.5
13617.7
13304.9
12992
12679.1
12366.2
12053.2
11740.2
11427.2
11114.1
10801.1
10488
10174.9
9861.81
9548.7
9235.58
8922.46
8609.33
8296.2
7983.07
7669.93
7356.79
7043.65
6730.51
6417.37
6104.23
5791.09
5477.95
5164.81
4851.65
4536.05
4190.93
3787.07
3314.65
2762.21
2104.69
1396.29
321.164
24595
23850.4
23350.7
22854.6
22385.1
21946.4
21536.7
21154.9
20799.8
20469.7
20156.8
19848.5
19539.7
19230.3
18920.4
18610.1
18299.5
17988.5
17677.3
17365.9
17054.2
16742.4
16430.4
16118.3
15806
15493.6
15181.2
14868.6
14556
14243.3
13930.6
13617.8
13304.9
12992.1
12679.1
12366.2
12053.2
11740.2
11427.2
11114.1
10801.1
10488
10174.9
9861.83
9548.72
9235.6
8922.48
8609.36
8296.23
7983.09
7669.96
7356.83
7043.69
6730.56
6417.43
6104.3
5791.18
5478.05
5164.93
4851.81
4536.24
4191.17
3787.38
3315.11
2762.49
2106.51
1396.33
322.832
24606.6
23860.9
23354.7
22858.2
22387.7
21948.3
21538.2
21156.2
20800.8
20470.6
20157.6
19849.3
19540.3
19230.8
18920.9
18610.6
18299.9
17988.9
17677.6
17366.2
17054.5
16742.6
16430.6
16118.4
15806.2
15493.8
15181.3
14868.8
14556.1
14243.4
13930.7
13617.9
13305
12992.1
12679.2
12366.2
12053.3
11740.3
11427.2
11114.2
10801.1
10488
10175
9861.85
9548.74
9235.63
8922.51
8609.38
8296.25
7983.13
7670
7356.87
7043.74
6730.62
6417.5
6104.38
5791.28
5478.17
5165.08
4851.98
4536.44
4191.42
3787.71
3315.56
2762.75
2108.28
1395.96
323.691
24614.2
23869.6
23357.6
22861.1
22389.8
21949.9
21539.5
21157.2
20801.7
20471.4
20158.3
19849.9
19540.9
19231.3
18921.4
18611
18300.3
17989.2
17677.9
17366.4
17054.7
16742.8
16430.8
16118.6
15806.3
15493.9
15181.4
14868.9
14556.2
14243.5
13930.8
13617.9
13305.1
12992.2
12679.3
12366.3
12053.3
11740.3
11427.3
11114.2
10801.1
10488.1
10175
9861.88
9548.77
9235.65
8922.53
8609.41
8296.29
7983.16
7670.04
7356.92
7043.8
6730.68
6417.58
6104.48
5791.39
5478.3
5165.23
4852.16
4536.65
4191.67
3788.03
3315.96
2762.96
2109.88
1395.24
323.716
24616.6
23875.2
23358.7
22862.6
22390.9
21950.7
21540.2
21157.8
20802.2
20471.9
20158.7
19850.3
19541.3
19231.7
18921.7
18611.3
18300.5
17989.5
17678.2
17366.6
17054.9
16743
16431
16118.8
15806.5
15494
15181.5
14869
14556.3
14243.6
13930.8
13618
13305.1
12992.2
12679.3
12366.3
12053.3
11740.3
11427.3
11114.2
10801.2
10488.1
10175
9861.9
9548.79
9235.68
8922.56
8609.44
8296.32
7983.2
7670.08
7356.97
7043.86
6730.75
6417.66
6104.57
5791.5
5478.43
5165.38
4852.33
4536.85
4191.89
3788.3
3316.26
2763.06
2111.22
1394.17
322.863
24612.4
23876.7
23357.1
22862
22390.6
21950.5
21540.1
21157.8
20802.2
20471.9
20158.8
19850.4
19541.4
19231.8
18921.8
18611.4
18300.6
17989.6
17678.3
17366.7
17055
16743.1
16431
16118.8
15806.5
15494.1
15181.6
14869
14556.3
14243.6
13930.8
13618
13305.2
12992.2
12679.3
12366.3
12053.4
11740.3
11427.3
11114.2
10801.2
10488.1
10175
9861.91
9548.81
9235.7
8922.58
8609.47
8296.35
7983.24
7670.12
7357.02
7043.91
6730.82
6417.74
6104.66
5791.6
5478.55
5165.51
4852.48
4537
4192.06
3788.5
3316.44
2763.02
2112.23
1392.74
321.047
24600.2
23872.9
23352.1
22858.8
22388.5
21948.9
21538.9
21156.9
20801.6
20471.4
20158.4
19850.1
19541.1
19231.6
18921.6
18611.3
18300.5
17989.5
17678.2
17366.7
17055
16743
16431
16118.8
15806.5
15494.1
15181.6
14869
14556.3
14243.6
13930.8
13618
13305.1
12992.2
12679.3
12366.3
12053.3
11740.3
11427.3
11114.2
10801.2
10488.1
10175
9861.92
9548.81
9235.71
8922.6
8609.49
8296.38
7983.27
7670.16
7357.06
7043.97
6730.88
6417.8
6104.74
5791.69
5478.64
5165.61
4852.58
4537.11
4192.16
3788.59
3316.47
2762.79
2112.86
1390.88
318.104
24578.8
23863.3
23343.3
22852.8
22384.3
21945.8
21536.6
21155.1
20800.2
20470.2
20157.4
19849.3
19540.4
19231
18921.2
18610.9
18300.2
17989.2
17677.9
17366.5
17054.8
16742.9
16430.8
16118.7
15806.4
15494
15181.5
14868.9
14556.2
14243.5
13930.8
13617.9
13305.1
12992.2
12679.3
12366.3
12053.3
11740.3
11427.3
11114.2
10801.2
10488.1
10175
9861.91
9548.81
9235.71
8922.6
8609.5
8296.39
7983.29
7670.19
7357.09
7044.01
6730.93
6417.86
6104.8
5791.75
5478.71
5165.68
4852.65
4537.17
4192.2
3788.59
3316.34
2762.37
2113.06
1388.42
313.714
24546.9
23847.9
23331.1
22844.5
22378.5
21941.6
21533.4
21152.6
20798.2
20468.6
20156.1
19848.1
19539.5
19230.2
18920.4
18610.2
18299.6
17988.7
17677.5
17366.1
17054.4
16742.6
16430.6
16118.4
15806.2
15493.8
15181.3
14868.7
14556.1
14243.4
13930.7
13617.8
13305
12992.1
12679.2
12366.2
12053.3
11740.2
11427.2
11114.2
10801.1
10488.1
10175
9861.89
9548.8
9235.7
8922.6
8609.5
8296.4
7983.3
7670.2
7357.12
7044.04
6730.96
6417.9
6104.85
5791.8
5478.76
5165.72
4852.68
4537.18
4192.17
3788.5
3316.08
2761.74
2112.81
1385.05
307.379
24504
23828.4
23317
22835.1
22372.2
21937
21530
21150
20796.1
20466.9
20154.6
19846.9
19538.4
19229.3
18919.6
18609.5
18299
17988.2
17677
17365.6
17054
16742.2
16430.3
16118.1
15805.9
15493.5
15181.1
14868.6
14555.9
14243.3
13930.5
13617.7
13304.9
12992
12679.1
12366.2
12053.2
11740.2
11427.2
11114.1
10801.1
10488
10174.9
9861.86
9548.77
9235.68
8922.58
8609.49
8296.39
7983.3
7670.21
7357.13
7044.05
6730.99
6417.93
6104.88
5791.84
5478.8
5165.76
4852.71
4537.19
4192.14
3788.39
3315.74
2760.98
2112.26
1380.5
299.021
24451.2
23810.8
23305.3
22827.4
22367.3
21933.6
21527.4
21147.9
20794.4
20465.4
20153.4
19845.8
19537.4
19228.4
18918.9
18608.8
18298.4
17987.6
17676.5
17365.2
17053.6
16741.9
16429.9
16117.9
15805.6
15493.3
15180.9
14868.4
14555.8
14243.1
13930.4
13617.6
13304.8
12991.9
12679
12366.1
12053.1
11740.1
11427.1
11114.1
10801
10488
10174.9
9861.83
9548.74
9235.65
8922.56
8609.47
8296.38
7983.29
7670.21
7357.13
7044.06
6731
6417.95
6104.9
5791.87
5478.83
5165.8
4852.74
4537.21
4192.16
3788.36
3315.54
2760.54
2112.25
1373.9
286.039
24414
23820.8
23315.2
22835.2
22374
21939
21531.7
21151.3
20797.1
20467.6
20155.2
19847.2
19538.6
19229.4
18919.7
18609.5
18298.9
17988.1
17676.9
17365.5
17053.9
16742.1
16430.1
16118
15805.8
15493.4
15181
14868.4
14555.8
14243.2
13930.4
13617.6
13304.8
12991.9
12679
12366.1
12053.1
11740.1
11427.1
11114.1
10801
10488
10174.9
9861.83
9548.74
9235.65
8922.55
8609.46
8296.37
7983.28
7670.2
7357.13
7044.07
6731.03
6418
6104.99
5792
5479.03
5166.08
4853.14
4537.75
4192.9
3789.37
3316.88
2762.66
2115.35
1361.72
244.522
24560.2
23854.8
23359.1
22856.2
22386.1
21946.1
21535.6
21153.3
20797.9
20467.7
20154.8
19846.6
19537.8
19228.5
18918.7
18608.6
18298.1
17987.2
17676.1
17364.8
17053.3
16741.5
16429.6
16117.6
15805.4
15493.1
15180.7
14868.2
14555.6
14243
13930.3
13617.5
13304.7
12991.8
12679
12366
12053.1
11740.1
11427.1
11114
10801
10487.9
10174.8
9861.76
9548.66
9235.54
8922.42
8609.3
8296.16
7983.02
7669.88
7356.73
7043.57
6730.41
6417.24
6104.06
5790.87
5477.67
5164.45
4851.19
4535.46
4190.2
3786.14
3313.18
2761
2102.21
1387.33
339.99
24551.3
23839.8
23354
22852.1
22383.4
21944.3
21534.3
21152.3
20797.1
20467.1
20154.2
19846.1
19537.4
19228.1
18918.4
18608.3
18297.8
17987
17676
17364.6
17053.1
16741.4
16429.5
16117.5
15805.3
15493
15180.6
14868.1
14555.6
14242.9
13930.2
13617.5
13304.7
12991.8
12678.9
12366
12053
11740.1
11427
11114
10801
10487.9
10174.8
9861.74
9548.64
9235.52
8922.4
8609.28
8296.14
7983
7669.85
7356.7
7043.54
6730.37
6417.2
6104.02
5790.82
5477.61
5164.38
4851.11
4535.37
4190.09
3785.99
3312.91
2760.96
2100.56
1387.99
311.585
24555.8
23830
23350.8
22849.5
22381.6
21943.1
21533.4
21151.7
20796.6
20466.7
20153.9
19845.8
19537.2
19227.9
18918.3
18608.1
18297.7
17986.9
17675.8
17364.5
17053
16741.3
16429.4
16117.4
15805.2
15492.9
15180.5
14868.1
14555.5
14242.9
13930.2
13617.4
13304.6
12991.8
12678.9
12366
12053
11740
11427
11114
10801
10487.9
10174.8
9861.72
9548.62
9235.51
8922.39
8609.26
8296.12
7982.98
7669.83
7356.68
7043.52
6730.35
6417.17
6103.99
5790.79
5477.57
5164.34
4851.07
4535.32
4190.03
3785.9
3312.78
2761.07
2099.34
1391.08
315.709
24568.5
23827.9
23349.6
22848.5
22380.7
21942.5
21533
21151.4
20796.4
20466.5
20153.8
19845.8
19537.1
19227.9
18918.2
18608.1
18297.6
17986.9
17675.8
17364.5
17053
16741.3
16429.4
16117.4
15805.2
15492.9
15180.5
14868.1
14555.5
14242.9
13930.2
13617.4
13304.6
12991.8
12678.9
12366
12053
11740
11427
11114
10800.9
10487.9
10174.8
9861.72
9548.61
9235.5
8922.38
8609.25
8296.12
7982.97
7669.82
7356.67
7043.51
6730.34
6417.16
6103.98
5790.78
5477.56
5164.33
4851.06
4535.32
4190.03
3785.9
3312.84
2761.2
2099.17
1393.71
322
24584.5
23831.1
23349.9
22849
22380.7
21942.5
21533
21151.4
20796.4
20466.6
20153.9
19845.8
19537.2
19228
18918.3
18608.2
18297.7
17986.9
17675.9
17364.5
17053
16741.3
16429.4
16117.4
15805.2
15492.9
15180.5
14868.1
14555.5
14242.9
13930.2
13617.4
13304.6
12991.8
12678.9
12366
12053
11740
11427
11114
10800.9
10487.9
10174.8
9861.72
9548.61
9235.5
8922.38
8609.25
8296.11
7982.97
7669.82
7356.67
7043.51
6730.34
6417.17
6103.98
5790.79
5477.58
5164.35
4851.09
4535.36
4190.09
3785.98
3313.03
2761.33
2099.77
1395.34
324.406
24601.5
23837.9
23351.6
22850.6
22381.5
21943
21533.4
21151.7
20796.7
20466.8
20154.1
19846.1
19537.4
19228.1
18918.4
18608.3
18297.8
17987
17676
17364.6
17053.1
16741.4
16429.5
16117.4
15805.3
15493
15180.6
14868.1
14555.5
14242.9
13930.2
13617.4
13304.6
12991.8
12678.9
12366
12053
11740
11427
11114
10801
10487.9
10174.8
9861.72
9548.62
9235.5
8922.38
8609.25
8296.12
7982.98
7669.83
7356.68
7043.52
6730.35
6417.18
6104.01
5790.82
5477.62
5164.4
4851.16
4535.44
4190.2
3786.14
3313.33
2761.48
2100.86
1396.39
325.682
24618.2
23847.1
23354.5
22853.3
22383
21944.1
21534.2
21152.4
20797.3
20467.3
20154.5
19846.4
19537.7
19228.4
18918.7
18608.6
18298.1
17987.2
17676.1
17364.8
17053.2
16741.5
16429.6
16117.5
15805.4
15493.1
15180.7
14868.2
14555.6
14243
13930.2
13617.5
13304.7
12991.8
12678.9
12366
12053
11740.1
11427
11114
10801
10487.9
10174.8
9861.73
9548.63
9235.51
8922.39
8609.26
8296.13
7982.99
7669.84
7356.69
7043.54
6730.38
6417.22
6104.05
5790.87
5477.68
5164.48
4851.26
4535.57
4190.36
3786.35
3313.7
2761.66
2102.26
1397.01
326.727
24633.4
23857.4
23358
22856.4
22385
21945.4
21535.2
21153.2
20797.9
20467.9
20155
19846.9
19538.1
19228.8
18919
18608.9
18298.3
17987.5
17676.4
17365
17053.4
16741.7
16429.7
16117.7
15805.5
15493.2
15180.7
14868.2
14555.7
14243
13930.3
13617.5
13304.7
12991.9
12679
12366
12053.1
11740.1
11427.1
11114
10801
10487.9
10174.8
9861.74
9548.64
9235.53
8922.41
8609.28
8296.15
7983.01
7669.87
7356.72
7043.57
6730.42
6417.26
6104.11
5790.94
5477.77
5164.59
4851.39
4535.73
4190.56
3786.62
3314.11
2761.84
2103.79
1397.21
327.397
24645.6
23867.4
23361.4
22859.6
22387.1
21946.9
21536.3
21154.1
20798.7
20468.5
20155.6
19847.4
19538.5
19229.2
18919.4
18609.2
18298.6
17987.7
17676.6
17365.2
17053.6
16741.8
16429.9
16117.8
15805.6
15493.3
15180.8
14868.3
14555.7
14243.1
13930.4
13617.6
13304.8
12991.9
12679
12366.1
12053.1
11740.1
11427.1
11114.1
10801
10487.9
10174.9
9861.76
9548.66
9235.54
8922.43
8609.3
8296.17
7983.03
7669.9
7356.76
7043.61
6730.47
6417.33
6104.18
5791.03
5477.87
5164.71
4851.54
4535.91
4190.78
3786.9
3314.51
2762.01
2105.32
1397.04
327.574
24653.8
23875.7
23363.9
22862.1
22388.8
21948.1
21537.3
21154.8
20799.3
20469
20156.1
19847.8
19538.9
19229.6
18919.7
18609.5
18298.9
17988
17676.8
17365.4
17053.8
16742
16430
16117.9
15805.7
15493.4
15180.9
14868.4
14555.8
14243.1
13930.4
13617.6
13304.8
12991.9
12679
12366.1
12053.1
11740.1
11427.1
11114.1
10801
10488
10174.9
9861.78
9548.68
9235.57
8922.45
8609.32
8296.2
7983.07
7669.93
7356.8
7043.67
6730.53
6417.4
6104.26
5791.13
5477.99
5164.85
4851.7
4536.1
4190.99
3787.17
3314.88
2762.12
2106.73
1396.54
327.194
24656.8
23881.2
23364.7
22863.4
22389.7
21948.7
21537.8
21155.3
20799.7
20469.4
20156.4
19848.1
19539.2
19229.8
18919.9
18609.7
18299.1
17988.2
17677
17365.6
17053.9
16742.1
16430.2
16118
15805.8
15493.5
15181
14868.5
14555.9
14243.2
13930.5
13617.7
13304.8
12992
12679.1
12366.1
12053.1
11740.2
11427.1
11114.1
10801
10488
10174.9
9861.8
9548.7
9235.59
8922.47
8609.35
8296.23
7983.1
7669.97
7356.85
7043.72
6730.6
6417.47
6104.35
5791.23
5478.11
5164.98
4851.86
4536.27
4191.19
3787.41
3315.16
2762.16
2107.93
1395.74
326.173
24653.2
23882.7
23363
22862.8
22389.3
21948.4
21537.6
21155.2
20799.6
20469.4
20156.4
19848.1
19539.3
19229.9
18920
18609.8
18299.2
17988.2
17677.1
17365.6
17054
16742.2
16430.2
16118.1
15805.9
15493.5
15181.1
14868.5
14555.9
14243.2
13930.5
13617.7
13304.9
12992
12679.1
12366.1
12053.2
11740.2
11427.1
11114.1
10801.1
10488
10174.9
9861.81
9548.71
9235.6
8922.49
8609.38
8296.26
7983.14
7670.02
7356.9
7043.78
6730.66
6417.55
6104.44
5791.33
5478.22
5165.11
4851.99
4536.42
4191.35
3787.59
3315.35
2762.09
2108.87
1394.63
324.406
24641.7
23879.3
23358.1
22859.9
22387.3
21947
21536.6
21154.4
20799.1
20469
20156.1
19847.9
19539.1
19229.7
18919.9
18609.7
18299.1
17988.2
17677
17365.6
17054
16742.2
16430.2
16118.1
15805.8
15493.5
15181
14868.5
14555.9
14243.2
13930.5
13617.7
13304.9
12992
12679.1
12366.1
12053.2
11740.2
11427.1
11114.1
10801.1
10488
10174.9
9861.82
9548.72
9235.62
8922.51
8609.4
8296.28
7983.17
7670.05
7356.94
7043.83
6730.72
6417.62
6104.52
5791.42
5478.32
5165.22
4852.11
4536.54
4191.47
3787.71
3315.42
2761.88
2109.51
1393.16
321.75
24620.9
23870.3
23349.8
22854.6
22383.7
21944.3
21534.6
21153
20798
20468.1
20155.4
19847.3
19538.6
19229.3
18919.6
18609.4
18298.9
17988
17676.9
17365.5
17053.9
16742.1
16430.1
16118
15805.8
15493.4
15181
14868.5
14555.8
14243.2
13930.4
13617.7
13304.8
12992
12679
12366.1
12053.1
11740.1
11427.1
11114.1
10801
10488
10174.9
9861.81
9548.72
9235.62
8922.52
8609.41
8296.3
7983.19
7670.08
7356.98
7043.88
6730.78
6417.68
6104.59
5791.49
5478.4
5165.3
4852.2
4536.62
4191.53
3787.75
3315.38
2761.52
2109.82
1391.23
317.971
24589.6
23856.1
23338.5
22847.2
22378.8
21940.8
21532.1
21151
20796.5
20466.9
20154.4
19846.5
19537.9
19228.8
18919.1
18609
18298.5
17987.7
17676.6
17365.2
17053.6
16741.9
16429.9
16117.8
15805.6
15493.3
15180.9
14868.4
14555.8
14243.1
13930.4
13617.6
13304.8
12991.9
12679
12366.1
12053.1
11740.1
11427.1
11114.1
10801
10488
10174.9
9861.8
9548.71
9235.62
8922.52
8609.42
8296.31
7983.21
7670.11
7357.01
7043.91
6730.82
6417.73
6104.65
5791.56
5478.47
5165.38
4852.27
4536.68
4191.57
3787.76
3315.26
2761.05
2109.86
1388.6
312.716
24547.2
23838.4
23325.8
22839.3
22373.7
21937.4
21529.6
21149.2
20795.1
20465.8
20153.5
19845.8
19537.3
19228.2
18918.6
18608.6
18298.2
17987.4
17676.3
17365
17053.4
16741.7
16429.7
16117.7
15805.5
15493.2
15180.7
14868.2
14555.7
14243
13930.3
13617.5
13304.7
12991.8
12678.9
12366
12053.1
11740.1
11427.1
11114
10801
10487.9
10174.9
9861.79
9548.7
9235.61
8922.51
8609.41
8296.32
7983.22
7670.12
7357.03
7043.94
6730.86
6417.78
6104.7
5791.63
5478.55
5165.46
4852.36
4536.77
4191.65
3787.8
3315.16
2760.58
2109.81
1385.11
306.169
24494.2
23822.7
23315.4
22833
22370
21935
21527.9
21148
20794.1
20465
20152.8
19845.1
19536.8
19227.8
18918.2
18608.2
18297.8
17987.1
17676
17364.7
17053.2
16741.5
16429.6
16117.5
15805.3
15493
15180.6
14868.1
14555.5
14242.9
13930.2
13617.4
13304.6
12991.8
12678.9
12366
12053
11740
11427
11114
10801
10487.9
10174.8
9861.76
9548.68
9235.59
8922.5
8609.41
8296.31
7983.22
7670.13
7357.04
7043.96
6730.88
6417.81
6104.75
5791.68
5478.62
5165.54
4852.45
4536.88
4191.78
3787.94
3315.23
2760.49
2110.63
1380.51
297.846
24458.5
23837.8
23328.3
22843.5
22378.9
21942.1
21533.5
21152.4
20797.6
20467.8
20155.1
19847.1
19538.3
19229
18919.3
18609.1
18298.5
17987.6
17676.5
17365.1
17053.5
16741.7
16429.8
16117.7
15805.5
15493.2
15180.7
14868.2
14555.6
14243
13930.3
13617.5
13304.7
12991.8
12678.9
12366
12053
11740
11427
11114
10801
10487.9
10174.8
9861.76
9548.68
9235.59
8922.49
8609.4
8296.3
7983.21
7670.12
7357.04
7043.97
6730.91
6417.87
6104.84
5791.83
5478.84
5165.87
4852.91
4537.52
4192.66
3789.18
3316.92
2763.09
2115.32
1371.98
266.757
24595.8
23869.5
23372
22863.2
22390.7
21949
21537.4
21154.4
20798.5
20468
20154.9
19846.5
19537.6
19228.3
18918.5
18608.3
18297.8
17986.9
17675.9
17364.5
17053
16741.3
16429.4
16117.4
15805.2
15492.9
15180.5
14868
14555.5
14242.9
13930.2
13617.4
13304.6
12991.8
12678.9
12366
12053
11740
11427
11114
10800.9
10487.9
10174.8
9861.71
9548.61
9235.5
8922.38
8609.25
8296.11
7982.96
7669.81
7356.65
7043.48
6730.3
6417.1
6103.9
5790.68
5477.43
5164.16
4850.86
4535.06
4189.73
3785.57
3312.4
2760.45
2100.57
1386.3
354.02
24586.2
23853.9
23367
22859.2
22388.2
21947.4
21536.2
21153.6
20797.9
20467.5
20154.5
19846.2
19537.3
19228
18918.2
18608.1
18297.6
17986.8
17675.7
17364.4
17052.9
16741.2
16429.3
16117.3
15805.1
15492.8
15180.5
14868
14555.4
14242.8
13930.1
13617.4
13304.6
12991.7
12678.8
12365.9
12053
11740
11427
11114
10800.9
10487.9
10174.8
9861.69
9548.59
9235.48
8922.36
8609.22
8296.08
7982.94
7669.78
7356.62
7043.44
6730.26
6417.06
6103.86
5790.63
5477.38
5164.1
4850.79
4534.99
4189.64
3785.46
3312.18
2760.58
2099.22
1387.62
324.071
24590.6
23843.5
23363.8
22856.4
22386.3
21946.1
21535.3
21152.9
20797.4
20467.1
20154.2
19846
19537.2
19227.9
18918.1
18608
18297.5
17986.7
17675.6
17364.3
17052.8
16741.1
16429.2
16117.2
15805.1
15492.8
15180.4
14867.9
14555.4
14242.8
13930.1
13617.3
13304.5
12991.7
12678.8
12365.9
12053
11740
11427
11114
10800.9
10487.8
10174.8
9861.68
9548.58
9235.46
8922.34
8609.21
8296.07
7982.92
7669.76
7356.6
7043.42
6730.24
6417.04
6103.83
5790.6
5477.35
5164.07
4850.75
4534.95
4189.6
3785.41
3312.09
2760.81
2098.12
1391.06
326.248
24603.5
23840.8
23362.4
22855.2
22385.3
21945.4
21534.8
21152.6
20797.1
20466.9
20154
19845.8
19537.1
19227.8
18918
18607.9
18297.4
17986.6
17675.6
17364.3
17052.8
16741.1
16429.2
16117.2
15805
15492.8
15180.4
14867.9
14555.4
14242.8
13930.1
13617.3
13304.5
12991.7
12678.8
12365.9
12052.9
11740
11427
11113.9
10800.9
10487.8
10174.8
9861.67
9548.57
9235.46
8922.33
8609.2
8296.06
7982.91
7669.75
7356.59
7043.41
6730.22
6417.03
6103.82
5790.59
5477.34
5164.06
4850.75
4534.95
4189.61
3785.42
3312.15
2761.01
2097.9
1393.9
330.871
24619.7
23843.2
23362.4
22855.3
22385
21945.2
21534.7
21152.5
20797.1
20466.9
20154
19845.8
19537.1
19227.8
18918.1
18607.9
18297.5
17986.7
17675.6
17364.3
17052.8
16741.1
16429.2
16117.2
15805
15492.8
15180.4
14867.9
14555.4
14242.8
13930.1
13617.3
13304.5
12991.7
12678.8
12365.9
12052.9
11740
11427
11113.9
10800.9
10487.8
10174.8
9861.67
9548.57
9235.45
8922.33
8609.19
8296.05
7982.9
7669.75
7356.58
7043.41
6730.22
6417.03
6103.82
5790.6
5477.35
5164.08
4850.78
4534.99
4189.67
3785.49
3312.33
2761.17
2098.33
1395.74
331.921
24637.2
23849.4
23363.8
22856.6
22385.5
21945.5
21534.9
21152.6
20797.2
20467
20154.1
19846
19537.2
19227.9
18918.2
18608
18297.5
17986.7
17675.7
17364.4
17052.8
16741.1
16429.2
16117.2
15805.1
15492.8
15180.4
14867.9
14555.4
14242.8
13930.1
13617.3
13304.5
12991.7
12678.8
12365.9
12052.9
11740
11427
11113.9
10800.9
10487.8
10174.8
9861.67
9548.57
9235.45
8922.33
8609.2
8296.05
7982.91
7669.75
7356.59
7043.41
6730.23
6417.04
6103.84
5790.62
5477.39
5164.13
4850.84
4535.07
4189.77
3785.63
3312.61
2761.32
2099.2
1397
332.114
24654.5
23858
23366.4
22858.8
22386.6
21946.2
21535.4
21153
20797.5
20467.3
20154.4
19846.2
19537.4
19228.1
18918.3
18608.2
18297.7
17986.9
17675.8
17364.5
17052.9
16741.2
16429.3
16117.3
15805.1
15492.8
15180.5
14868
14555.4
14242.8
13930.1
13617.4
13304.6
12991.7
12678.8
12365.9
12053
11740
11427
11113.9
10800.9
10487.8
10174.8
9861.67
9548.57
9235.46
8922.33
8609.2
8296.06
7982.92
7669.76
7356.6
7043.43
6730.26
6417.07
6103.88
5790.67
5477.44
5164.2
4850.93
4535.18
4189.91
3785.81
3312.95
2761.46
2100.36
1397.82
332.251
24670.2
23867.8
23369.5
22861.7
22388.2
21947.2
21536.1
21153.6
20798
20467.7
20154.7
19846.5
19537.7
19228.3
18918.5
18608.4
18297.9
17987
17675.9
17364.6
17053
16741.3
16429.4
16117.4
15805.2
15492.9
15180.5
14868
14555.5
14242.8
13930.1
13617.4
13304.6
12991.7
12678.9
12365.9
12053
11740
11427
11114
10800.9
10487.9
10174.8
9861.68
9548.58
9235.47
8922.34
8609.21
8296.08
7982.93
7669.78
7356.62
7043.46
6730.29
6417.11
6103.93
5790.73
5477.52
5164.29
4851.04
4535.32
4190.08
3786.04
3313.33
2761.6
2101.66
1398.21
332.184
24683.1
23877.4
23372.6
22864.5
22389.9
21948.3
21536.9
21154.2
20798.5
20468.1
20155.1
19846.8
19538
19228.6
18918.8
18608.6
18298.1
17987.2
17676.1
17364.7
17053.2
16741.4
16429.5
16117.5
15805.3
15493
15180.6
14868.1
14555.5
14242.9
13930.2
13617.4
13304.6
12991.8
12678.9
12366
12053
11740
11427
11114
10800.9
10487.9
10174.8
9861.7
9548.59
9235.48
8922.36
8609.23
8296.1
7982.96
7669.81
7356.66
7043.5
6730.34
6417.17
6103.99
5790.81
5477.62
5164.41
4851.18
4535.49
4190.28
3786.28
3313.7
2761.72
2102.97
1398.24
331.818
24692
23885.5
23374.9
22866.9
22391.3
21949.3
21537.7
21154.8
20798.9
20468.5
20155.4
19847.1
19538.2
19228.8
18919
18608.8
18298.2
17987.4
17676.3
17364.9
17053.3
16741.6
16429.6
16117.6
15805.4
15493.1
15180.7
14868.2
14555.6
14242.9
13930.2
13617.5
13304.7
12991.8
12678.9
12366
12053
11740
11427
11114
10800.9
10487.9
10174.8
9861.71
9548.61
9235.5
8922.38
8609.25
8296.12
7982.98
7669.84
7356.7
7043.55
6730.39
6417.23
6104.07
5790.9
5477.72
5164.53
4851.32
4535.66
4190.47
3786.53
3314.05
2761.79
2104.21
1397.97
331.089
24695.6
23890.9
23375.6
22868.1
22392
21949.8
21538
21155.1
20799.2
20468.7
20155.6
19847.3
19538.4
19229
18919.2
18609
18298.4
17987.5
17676.4
17365
17053.4
16741.6
16429.7
16117.6
15805.4
15493.1
15180.7
14868.2
14555.6
14243
13930.3
13617.5
13304.7
12991.8
12678.9
12366
12053
11740
11427
11114
10801
10487.9
10174.8
9861.73
9548.63
9235.52
8922.4
8609.28
8296.15
7983.02
7669.88
7356.74
7043.6
6730.45
6417.31
6104.15
5791
5477.83
5164.66
4851.47
4535.82
4190.66
3786.75
3314.33
2761.8
2105.28
1397.41
329.908
24692.7
23892.5
23373.9
22867.6
22391.7
21949.5
21537.8
21154.9
20799.1
20468.7
20155.6
19847.3
19538.5
19229.1
18919.3
18609
18298.5
17987.6
17676.4
17365.1
17053.5
16741.7
16429.8
16117.7
15805.5
15493.2
15180.7
14868.2
14555.7
14243
13930.3
13617.5
13304.7
12991.8
12678.9
12366
12053
11740.1
11427
11114
10801
10487.9
10174.8
9861.74
9548.64
9235.53
8922.42
8609.3
8296.18
7983.05
7669.92
7356.79
7043.65
6730.52
6417.38
6104.24
5791.09
5477.94
5164.78
4851.61
4535.97
4190.81
3786.92
3314.53
2761.72
2106.15
1396.58
328.171
24681.7
23889.3
23369.2
22865
22389.9
21948.2
21536.9
21154.3
20798.6
20468.4
20155.4
19847.1
19538.3
19229
18919.2
18609
18298.4
17987.6
17676.4
17365.1
17053.5
16741.7
16429.8
16117.7
15805.5
15493.2
15180.7
14868.2
14555.7
14243
13930.3
13617.5
13304.7
12991.8
12678.9
12366
12053
11740.1
11427
11114
10801
10487.9
10174.8
9861.75
9548.65
9235.55
8922.44
8609.32
8296.2
7983.08
7669.96
7356.83
7043.71
6730.58
6417.45
6104.32
5791.19
5478.05
5164.89
4851.73
4536.09
4190.94
3787.05
3314.65
2761.53
2106.78
1395.45
325.759
24661.4
23880.9
23361.3
22860.1
22386.6
21945.9
21535.3
21153.1
20797.7
20467.7
20154.8
19846.7
19538
19228.7
18919
18608.8
18298.3
17987.4
17676.3
17365
17053.4
16741.6
16429.7
16117.6
15805.4
15493.1
15180.7
14868.2
14555.6
14243
13930.3
13617.5
13304.7
12991.8
12678.9
12366
12053
11740
11427
11114
10801
10487.9
10174.8
9861.75
9548.65
9235.55
8922.45
8609.34
8296.23
7983.11
7669.99
7356.88
7043.76
6730.64
6417.52
6104.4
5791.27
5478.14
5164.99
4851.83
4536.2
4191.04
3787.14
3314.68
2761.25
2107.17
1393.96
322.508
24630.5
23867.5
23350.6
22853.5
22382.3
21942.9
21533.2
21151.5
20796.6
20466.8
20154.1
19846.1
19537.5
19228.3
18918.6
18608.5
18298.1
17987.2
17676.2
17364.8
17053.3
16741.5
16429.6
16117.5
15805.3
15493
15180.6
14868.1
14555.6
14242.9
13930.2
13617.4
13304.6
12991.8
12678.9
12366
12053
11740
11427
11114
10800.9
10487.9
10174.8
9861.74
9548.65
9235.56
8922.45
8609.35
8296.24
7983.13
7670.02
7356.91
7043.8
6730.69
6417.58
6104.47
5791.35
5478.23
5165.09
4851.93
4536.3
4191.13
3787.21
3314.69
2760.93
2107.41
1391.94
318.163
24588.7
23851.1
23339
22846.7
22378.1
21940.2
21531.4
21150.3
20795.7
20466.1
20153.6
19845.8
19537.2
19228.1
18918.4
18608.3
18297.9
17987.1
17676
17364.7
17053.1
16741.4
16429.5
16117.4
15805.3
15493
15180.6
14868.1
14555.5
14242.9
13930.2
13617.4
13304.6
12991.7
12678.8
12365.9
12053
11740
11427
11114
10800.9
10487.9
10174.8
9861.73
9548.64
9235.55
8922.45
8609.35
8296.25
7983.14
7670.04
7356.94
7043.84
6730.74
6417.64
6104.54
5791.44
5478.33
5165.21
4852.07
4536.45
4191.28
3787.37
3314.77
2760.68
2107.73
1389.23
312.905
24535.5
23836.5
23329.1
22841.3
22375.3
21938.5
21530.3
21149.6
20795.2
20465.7
20153.3
19845.4
19536.9
19227.8
18918.2
18608.1
18297.7
17986.9
17675.9
17364.5
17053
16741.3
16429.4
16117.3
15805.2
15492.9
15180.5
14868
14555.4
14242.8
13930.1
13617.3
13304.5
12991.7
12678.8
12365.9
12052.9
11740
11427
11113.9
10800.9
10487.9
10174.8
9861.72
9548.63
9235.54
8922.45
8609.35
8296.25
7983.15
7670.05
7356.96
7043.86
6730.77
6417.69
6104.6
5791.52
5478.43
5165.33
4852.21
4536.61
4191.49
3787.62
3315.02
2760.78
2109.03
1385.86
307.259
24501
23855.3
23343.7
22853.5
22385.5
21946.6
21536.7
21154.6
20799.2
20468.9
20155.9
19847.6
19538.7
19229.2
18919.4
18609.1
18298.5
17987.6
17676.4
17365
17053.4
16741.6
16429.7
16117.6
15805.4
15493
15180.6
14868.1
14555.5
14242.9
13930.2
13617.4
13304.6
12991.7
12678.9
12365.9
12053
11740
11427
11114
10800.9
10487.9
10174.8
9861.71
9548.63
9235.53
8922.43
8609.33
8296.23
7983.13
7670.04
7356.95
7043.87
6730.8
6417.74
6104.7
5791.67
5478.66
5165.67
4852.7
4537.29
4192.43
3788.97
3316.89
2763.51
2114.6
1379.52
282.979
24628.9
23884.2
23386.1
22871.5
22396.7
21953.2
21540.3
21156.5
20800.1
20469.2
20155.7
19847.2
19538.1
19228.6
18918.7
18608.4
18297.9
17987
17675.9
17364.5
17053
16741.2
16429.3
16117.3
15805.1
15492.9
15180.5
14868
14555.4
14242.8
13930.1
13617.4
13304.6
12991.7
12678.8
12365.9
12053
11740
11427
11114
10800.9
10487.8
10174.8
9861.68
9548.58
9235.46
8922.34
8609.2
8296.06
7982.9
7669.74
7356.57
7043.38
6730.19
6416.98
6103.75
5790.5
5477.22
5163.91
4850.56
4534.72
4189.33
3785.1
3311.74
2760.11
2099.12
1385.33
365.301
24618.9
23868
23381.2
22867.4
22394.3
21951.6
21539.3
21155.8
20799.5
20468.7
20155.4
19846.9
19537.9
19228.4
18918.5
18608.3
18297.7
17986.9
17675.8
17364.4
17052.9
16741.2
16429.3
16117.2
15805.1
15492.8
15180.4
14867.9
14555.4
14242.8
13930.1
13617.3
13304.5
12991.7
12678.8
12365.9
12052.9
11740
11427
11113.9
10800.9
10487.8
10174.8
9861.66
9548.56
9235.44
8922.32
8609.18
8296.03
7982.88
7669.71
7356.54
7043.35
6730.15
6416.94
6103.71
5790.45
5477.17
5163.86
4850.51
4534.66
4189.27
3785.04
3311.57
2760.38
2098.01
1387.21
333.664
24623.3
23857.3
23378.1
22864.5
22392.5
21950.4
21538.5
21155.2
20799.1
20468.4
20155.2
19846.7
19537.7
19228.3
18918.4
18608.2
18297.6
17986.8
17675.7
17364.4
17052.8
16741.1
16429.2
16117.2
15805
15492.8
15180.4
14867.9
14555.4
14242.7
13930
13617.3
13304.5
12991.7
12678.8
12365.9
12052.9
11739.9
11426.9
11113.9
10800.9
10487.8
10174.7
9861.65
9548.55
9235.43
8922.3
8609.17
8296.02
7982.86
7669.7
7356.52
7043.33
6730.13
6416.92
6103.68
5790.43
5477.15
5163.84
4850.48
4534.64
4189.24
3785.02
3311.5
2760.73
2097.04
1390.99
334.539
24636.3
23854.1
23376.8
22863.1
22391.4
21949.7
21537.9
21154.9
20798.8
20468.2
20155
19846.6
19537.7
19228.2
18918.4
18608.2
18297.6
17986.8
17675.7
17364.3
17052.8
16741.1
16429.2
16117.2
15805
15492.7
15180.4
14867.9
14555.3
14242.7
13930
13617.3
13304.5
12991.7
12678.8
12365.9
12052.9
11739.9
11426.9
11113.9
10800.9
10487.8
10174.7
9861.64
9548.54
9235.42
8922.29
8609.16
8296.01
7982.85
7669.69
7356.51
7043.32
6730.12
6416.9
6103.67
5790.42
5477.14
5163.83
4850.48
4534.64
4189.26
3785.05
3311.57
2761.01
2096.8
1394.04
338.05
24652.8
23856.1
23376.7
22863.1
22390.9
21949.4
21537.7
21154.7
20798.7
20468.2
20155
19846.6
19537.6
19228.2
18918.4
18608.2
18297.6
17986.8
17675.7
17364.3
17052.8
16741.1
16429.2
16117.2
15805
15492.7
15180.4
14867.9
14555.3
14242.7
13930
13617.3
13304.5
12991.7
12678.8
12365.9
12052.9
11739.9
11426.9
11113.9
10800.9
10487.8
10174.7
9861.64
9548.53
9235.41
8922.29
8609.15
8296
7982.85
7669.68
7356.5
7043.32
6730.12
6416.9
6103.67
5790.43
5477.15
5163.85
4850.51
4534.69
4189.32
3785.12
3311.75
2761.23
2097.12
1396.11
338.204
24670.7
23861.7
23378
22864.2
22391.2
21949.5
21537.7
21154.7
20798.8
20468.2
20155
19846.6
19537.7
19228.3
18918.4
18608.2
18297.7
17986.8
17675.7
17364.4
17052.8
16741.1
16429.2
16117.2
15805
15492.7
15180.4
14867.9
14555.3
14242.7
13930
13617.3
13304.5
12991.7
12678.8
12365.9
12052.9
11739.9
11426.9
11113.9
10800.9
10487.8
10174.7
9861.63
9548.53
9235.41
8922.29
8609.15
8296
7982.85
7669.68
7356.51
7043.32
6730.13
6416.92
6103.69
5790.45
5477.19
5163.89
4850.57
4534.76
4189.42
3785.25
3312.02
2761.41
2097.82
1397.6
337.675
24688.5
23869.9
23380.4
22866.2
22392.1
21950
21538.1
21155
20799
20468.4
20155.2
19846.8
19537.8
19228.4
18918.5
18608.3
18297.8
17986.9
17675.8
17364.4
17052.9
16741.2
16429.3
16117.2
15805.1
15492.8
15180.4
14867.9
14555.4
14242.7
13930.1
13617.3
13304.5
12991.7
12678.8
12365.9
12052.9
11739.9
11426.9
11113.9
10800.9
10487.8
10174.7
9861.64
9548.53
9235.42
8922.29
8609.15
8296.01
7982.85
7669.69
7356.52
7043.34
6730.15
6416.94
6103.73
5790.49
5477.24
5163.96
4850.65
4534.87
4189.56
3785.42
3312.35
2761.56
2098.77
1398.64
337.183
24704.9
23879.3
23383.4
22868.9
22393.4
21950.8
21538.7
21155.4
20799.3
20468.6
20155.4
19847
19538
19228.6
18918.7
18608.5
18297.9
17987
17675.9
17364.5
17053
16741.2
16429.3
16117.3
15805.1
15492.8
15180.4
14868
14555.4
14242.8
13930.1
13617.3
13304.5
12991.7
12678.8
12365.9
12052.9
11740
11426.9
11113.9
10800.9
10487.8
10174.7
9861.64
9548.54
9235.42
8922.3
8609.16
8296.02
7982.87
7669.71
7356.54
7043.36
6730.18
6416.98
6103.77
5790.55
5477.31
5164.05
4850.76
4535
4189.72
3785.62
3312.71
2761.69
2099.87
1399.24
336.591
24718.4
23888.5
23386.4
22871.6
22394.9
21951.8
21539.3
21155.9
20799.7
20469
20155.7
19847.2
19538.2
19228.8
18918.9
18608.6
18298
17987.2
17676
17364.7
17053.1
16741.3
16429.4
16117.4
15805.2
15492.9
15180.5
14868
14555.4
14242.8
13930.1
13617.4
13304.6
12991.7
12678.8
12365.9
12052.9
11740
11427
11113.9
10800.9
10487.8
10174.7
9861.65
9548.55
9235.44
8922.31
8609.18
8296.04
7982.89
7669.73
7356.57
7043.4
6730.22
6417.03
6103.84
5790.63
5477.4
5164.16
4850.89
4535.15
4189.9
3785.85
3313.07
2761.79
2100.99
1399.48
335.829
24727.9
23896.4
23388.6
22873.9
22396.2
21952.6
21539.9
21156.3
20800
20469.2
20155.9
19847.4
19538.4
19228.9
18919
18608.8
18298.2
17987.3
17676.1
17364.8
17053.2
16741.4
16429.5
16117.4
15805.2
15492.9
15180.5
14868.1
14555.5
14242.8
13930.1
13617.4
13304.6
12991.7
12678.8
12365.9
12053
11740
11427
11113.9
10800.9
10487.8
10174.8
9861.67
9548.56
9235.45
8922.33
8609.2
8296.06
7982.92
7669.77
7356.61
7043.44
6730.27
6417.1
6103.91
5790.71
5477.5
5164.28
4851.03
4535.31
4190.09
3786.07
3313.41
2761.85
2102.06
1399.41
334.844
24732.2
23901.7
23389.3
22875.1
22396.8
21953
21540.2
21156.5
20800.2
20469.4
20156.1
19847.6
19538.6
19229.1
18919.2
18608.9
18298.3
17987.4
17676.2
17364.9
17053.3
16741.5
16429.6
16117.5
15805.3
15493
15180.6
14868.1
14555.5
14242.9
13930.2
13617.4
13304.6
12991.7
12678.9
12365.9
12053
11740
11427
11114
10800.9
10487.8
10174.8
9861.68
9548.58
9235.47
8922.35
8609.22
8296.09
7982.95
7669.8
7356.65
7043.5
6730.33
6417.17
6103.99
5790.81
5477.61
5164.4
4851.17
4535.47
4190.26
3786.27
3313.7
2761.85
2103.01
1399.08
333.554
24729.9
23903.3
23387.6
22874.7
22396.4
21952.7
21540
21156.4
20800.1
20469.4
20156.1
19847.6
19538.6
19229.1
18919.2
18609
18298.4
17987.5
17676.3
17364.9
17053.3
16741.6
16429.6
16117.5
15805.3
15493
15180.6
14868.1
14555.5
14242.9
13930.2
13617.4
13304.6
12991.8
12678.9
12365.9
12053
11740
11427
11114
10800.9
10487.9
10174.8
9861.69
9548.59
9235.48
8922.37
8609.24
8296.11
7982.98
7669.84
7356.7
7043.55
6730.4
6417.24
6104.08
5790.9
5477.72
5164.52
4851.3
4535.62
4190.42
3786.45
3313.92
2761.77
2103.79
1398.51
331.863
24719.5
23900.3
23383.1
22872.3
22394.7
21951.5
21539.1
21155.8
20799.7
20469.1
20155.9
19847.4
19538.5
19229
18919.2
18608.9
18298.3
17987.5
17676.3
17364.9
17053.3
16741.6
16429.6
16117.6
15805.4
15493
15180.6
14868.1
14555.5
14242.9
13930.2
13617.4
13304.6
12991.8
12678.9
12365.9
12053
11740
11427
11114
10800.9
10487.9
10174.8
9861.7
9548.6
9235.5
8922.38
8609.26
8296.14
7983.01
7669.88
7356.74
7043.6
6730.46
6417.31
6104.16
5791
5477.83
5164.64
4851.43
4535.76
4190.56
3786.59
3314.07
2761.62
2104.39
1397.68
329.672
24699.6
23892.2
23375.5
22867.8
22391.7
21949.4
21537.7
21154.8
20798.9
20468.5
20155.4
19847.1
19538.2
19228.9
18919
18608.8
18298.2
17987.4
17676.2
17364.9
17053.3
16741.5
16429.6
16117.5
15805.3
15493
15180.6
14868.1
14555.5
14242.9
13930.2
13617.4
13304.6
12991.7
12678.9
12365.9
12053
11740
11427
11114
10800.9
10487.9
10174.8
9861.7
9548.61
9235.51
8922.4
8609.28
8296.16
7983.04
7669.92
7356.79
7043.66
6730.52
6417.38
6104.24
5791.09
5477.93
5164.75
4851.55
4535.88
4190.68
3786.71
3314.17
2761.4
2104.83
1396.55
326.87
24669.1
23879.4
23365.2
22861.8
22387.8
21946.8
21535.9
21153.5
20798
20467.8
20154.9
19846.7
19537.9
19228.6
18918.8
18608.6
18298.1
17987.3
17676.1
17364.8
17053.2
16741.5
16429.5
16117.5
15805.3
15493
15180.6
14868.1
14555.5
14242.8
13930.1
13617.4
13304.6
12991.7
12678.8
12365.9
12053
11740
11427
11113.9
10800.9
10487.9
10174.8
9861.7
9548.61
9235.51
8922.41
8609.3
8296.18
7983.07
7669.95
7356.83
7043.7
6730.58
6417.45
6104.32
5791.18
5478.03
5164.87
4851.68
4536.01
4190.81
3786.84
3314.27
2761.18
2105.2
1395.01
323.282
24627.6
23864.1
23354.3
22855.7
22384.3
21944.7
21534.7
21152.7
20797.5
20467.5
20154.7
19846.6
19537.8
19228.5
18918.8
18608.6
18298
17987.2
17676.1
17364.7
17053.2
16741.4
16429.5
16117.4
15805.2
15492.9
15180.5
14868
14555.5
14242.8
13930.1
13617.4
13304.5
12991.7
12678.8
12365.9
12052.9
11740
11427
11113.9
10800.9
10487.8
10174.8
9861.69
9548.6
9235.51
8922.41
8609.3
8296.19
7983.08
7669.97
7356.86
7043.75
6730.63
6417.52
6104.41
5791.29
5478.16
5165.01
4851.85
4536.21
4191.03
3787.07
3314.49
2761.09
2105.77
1392.9
319.022
24574.3
23850.1
23344.4
22850.8
22381.9
21943.4
21533.9
21152.3
20797.2
20467.3
20154.5
19846.4
19537.7
19228.4
18918.7
18608.5
18298
17987.1
17676
17364.7
17053.1
16741.3
16429.4
16117.4
15805.2
15492.9
15180.5
14868
14555.4
14242.8
13930.1
13617.3
13304.5
12991.7
12678.8
12365.9
12052.9
11739.9
11426.9
11113.9
10800.9
10487.8
10174.8
9861.68
9548.6
9235.5
8922.41
8609.3
8296.2
7983.09
7669.98
7356.88
7043.78
6730.67
6417.57
6104.47
5791.37
5478.26
5165.15
4852.01
4536.4
4191.27
3787.39
3314.86
2761.27
2107.33
1390.33
315.153
24540.7
23871.7
23359.9
22864.3
22393.1
21952.1
21540.7
21157.6
20801.5
20470.7
20157.3
19848.7
19539.5
19229.9
18919.9
18609.5
18298.8
17987.8
17676.5
17365.1
17053.5
16741.6
16429.7
16117.6
15805.4
15493
15180.6
14868.1
14555.5
14242.9
13930.1
13617.4
13304.6
12991.7
12678.8
12365.9
12052.9
11740
11427
11113.9
10800.9
10487.8
10174.8
9861.68
9548.59
9235.49
8922.39
8609.28
8296.18
7983.07
7669.97
7356.87
7043.78
6730.69
6417.62
6104.56
5791.52
5478.5
5165.49
4852.5
4537.09
4192.23
3788.77
3316.8
2763.92
2113.4
1385.45
295.856
24659.2
23897.9
23400.3
22880.1
22403.4
21958.1
21544
21159.3
20802.2
20470.9
20157.1
19848.3
19539
19229.3
18919.3
18608.9
18298.2
17987.3
17676.1
17364.7
17053.1
16741.4
16429.4
16117.4
15805.2
15492.9
15180.5
14868
14555.5
14242.8
13930.1
13617.4
13304.6
12991.7
12678.8
12365.9
12053
11740
11427
11113.9
10800.9
10487.8
10174.8
9861.66
9548.55
9235.43
8922.3
8609.17
8296.01
7982.85
7669.68
7356.5
7043.3
6730.09
6416.87
6103.62
5790.34
5477.04
5163.7
4850.32
4534.44
4189.01
3784.75
3311.2
2759.94
2097.85
1384.55
375.672
24648.8
23881.3
23395.5
22875.9
22401
21956.6
21543
21158.7
20801.8
20470.6
20156.9
19848.1
19538.9
19229.2
18919.2
18608.8
18298.1
17987.2
17676
17364.7
17053.1
16741.3
16429.4
16117.3
15805.2
15492.9
15180.5
14868
14555.4
14242.8
13930.1
13617.3
13304.5
12991.7
12678.8
12365.9
12052.9
11740
11427
11113.9
10800.9
10487.8
10174.7
9861.64
9548.54
9235.42
8922.29
8609.15
8295.99
7982.83
7669.66
7356.47
7043.27
6730.06
6416.83
6103.58
5790.3
5477
5163.66
4850.28
4534.4
4188.96
3784.72
3311.05
2760.33
2096.93
1386.9
341.656
24653.2
23870.3
23392.7
22872.9
22399.2
21955.4
21542.2
21158.2
20801.4
20470.3
20156.7
19847.9
19538.7
19229.1
18919.1
18608.7
18298.1
17987.2
17676
17364.6
17053
16741.3
16429.3
16117.3
15805.1
15492.8
15180.4
14868
14555.4
14242.8
13930.1
13617.3
13304.5
12991.7
12678.8
12365.9
12052.9
11739.9
11426.9
11113.9
10800.9
10487.8
10174.7
9861.63
9548.52
9235.4
8922.27
8609.13
8295.98
7982.81
7669.64
7356.45
7043.25
6730.04
6416.81
6103.56
5790.28
5476.98
5163.64
4850.26
4534.38
4188.96
3784.72
3311
2760.78
2096.06
1390.95
341.436
24666.4
23866.8
23391.4
22871.5
22398.1
21954.6
21541.7
21157.8
20801.2
20470.1
20156.5
19847.9
19538.7
19229.1
18919.1
18608.7
18298.1
17987.1
17676
17364.6
17053
16741.2
16429.3
16117.3
15805.1
15492.8
15180.4
14867.9
14555.4
14242.8
13930.1
13617.3
13304.5
12991.7
12678.8
12365.9
12052.9
11739.9
11426.9
11113.9
10800.9
10487.8
10174.7
9861.62
9548.52
9235.4
8922.26
8609.12
8295.97
7982.8
7669.63
7356.44
7043.24
6730.03
6416.8
6103.55
5790.27
5476.97
5163.64
4850.27
4534.4
4188.99
3784.77
3311.08
2761.15
2095.81
1394.2
344.133
24683.1
23868.3
23391.5
22871.3
22397.6
21954.3
21541.4
21157.6
20801
20470
20156.5
19847.8
19538.6
19229
18919
18608.7
18298.1
17987.1
17676
17364.6
17053
16741.2
16429.3
16117.3
15805.1
15492.8
15180.4
14867.9
14555.4
14242.7
13930.1
13617.3
13304.5
12991.7
12678.8
12365.9
12052.9
11739.9
11426.9
11113.9
10800.9
10487.8
10174.7
9861.62
9548.51
9235.39
8922.26
8609.11
8295.96
7982.8
7669.62
7356.44
7043.24
6730.03
6416.8
6103.55
5790.28
5476.99
5163.66
4850.3
4534.44
4189.05
3784.85
3311.27
2761.44
2096.03
1396.49
343.619
24701.4
23873.5
23392.8
22872.3
22397.8
21954.3
21541.4
21157.6
20801
20470
20156.5
19847.8
19538.7
19229.1
18919.1
18608.7
18298.1
17987.2
17676
17364.6
17053
16741.3
16429.3
16117.3
15805.1
15492.8
15180.4
14867.9
14555.4
14242.8
13930.1
13617.3
13304.5
12991.7
12678.8
12365.9
12052.9
11739.9
11426.9
11113.9
10800.9
10487.8
10174.7
9861.62
9548.51
9235.39
8922.26
8609.11
8295.96
7982.8
7669.62
7356.44
7043.24
6730.03
6416.81
6103.57
5790.31
5477.02
5163.7
4850.35
4534.52
4189.15
3784.98
3311.53
2761.66
2096.59
1398.21
342.568
24719.8
23881.3
23395.3
22874.2
22398.5
21954.7
21541.7
21157.7
20801.1
20470.1
20156.6
19847.9
19538.8
19229.2
18919.2
18608.8
18298.2
17987.2
17676.1
17364.7
17053.1
16741.3
16429.4
16117.3
15805.1
15492.8
15180.4
14868
14555.4
14242.8
13930.1
13617.3
13304.5
12991.7
12678.8
12365.9
12052.9
11739.9
11426.9
11113.9
10800.9
10487.8
10174.7
9861.62
9548.51
9235.39
8922.26
8609.12
8295.96
7982.8
7669.63
7356.45
7043.26
6730.05
6416.83
6103.6
5790.35
5477.07
5163.77
4850.44
4534.62
4189.29
3785.14
3311.86
2761.85
2097.38
1399.46
341.619
24736.7
23890.3
23398.3
22876.8
22399.7
21955.5
21542.1
21158
20801.4
20470.3
20156.8
19848.1
19538.9
19229.3
18919.3
18608.9
18298.3
17987.3
17676.1
17364.7
17053.1
16741.4
16429.4
16117.4
15805.2
15492.9
15180.5
14868
14555.4
14242.8
13930.1
13617.3
13304.5
12991.7
12678.8
12365.9
12052.9
11739.9
11426.9
11113.9
10800.9
10487.8
10174.7
9861.62
9548.51
9235.39
8922.26
8609.12
8295.97
7982.82
7669.65
7356.47
7043.28
6730.08
6416.87
6103.65
5790.4
5477.14
5163.85
4850.54
4534.75
4189.45
3785.33
3312.21
2762
2098.29
1400.27
340.637
24750.9
23899.2
23401.2
22879.4
22401.1
21956.3
21542.7
21158.4
20801.7
20470.6
20157
19848.2
19539.1
19229.4
18919.4
18609
18298.4
17987.4
17676.2
17364.8
17053.2
16741.4
16429.5
16117.4
15805.2
15492.9
15180.5
14868
14555.5
14242.8
13930.1
13617.4
13304.6
12991.7
12678.8
12365.9
12052.9
11740
11426.9
11113.9
10800.9
10487.8
10174.7
9861.63
9548.52
9235.4
8922.28
8609.14
8295.99
7982.84
7669.67
7356.5
7043.32
6730.12
6416.92
6103.71
5790.47
5477.23
5163.96
4850.66
4534.9
4189.62
3785.54
3312.56
2762.1
2099.25
1400.71
339.579
24761.1
23906.9
23403.4
22881.7
22402.2
21957
21543.2
21158.8
20801.9
20470.8
20157.1
19848.4
19539.2
19229.6
18919.5
18609.2
18298.5
17987.5
17676.3
17364.9
17053.3
16741.5
16429.6
16117.5
15805.3
15493
15180.6
14868.1
14555.5
14242.8
13930.1
13617.4
13304.6
12991.7
12678.8
12365.9
12052.9
11740
11427
11113.9
10800.9
10487.8
10174.7
9861.64
9548.53
9235.42
8922.29
8609.16
8296.01
7982.86
7669.7
7356.53
7043.36
6730.18
6416.98
6103.78
5790.56
5477.32
5164.07
4850.8
4535.05
4189.8
3785.75
3312.89
2762.17
2100.17
1400.84
338.404
24765.9
23912.1
23404.2
22882.9
22402.8
21957.4
21543.4
21159
20802.1
20470.9
20157.3
19848.5
19539.3
19229.7
18919.6
18609.3
18298.6
17987.6
17676.4
17365
17053.4
16741.6
16429.6
16117.5
15805.3
15493
15180.6
14868.1
14555.5
14242.9
13930.2
13617.4
13304.6
12991.7
12678.8
12365.9
12053
11740
11427
11113.9
10800.9
10487.8
10174.7
9861.65
9548.55
9235.43
8922.31
8609.18
8296.04
7982.89
7669.74
7356.58
7043.41
6730.23
6417.05
6103.86
5790.65
5477.43
5164.19
4850.93
4535.21
4189.97
3785.95
3313.18
2762.17
2101
1400.72
337.035
24764.2
23913.7
23402.6
22882.7
22402.4
21957.1
21543.2
21158.8
20802
20470.9
20157.2
19848.5
19539.3
19229.7
18919.7
18609.3
18298.6
17987.7
17676.5
17365
17053.4
16741.6
16429.7
16117.6
15805.4
15493
15180.6
14868.1
14555.5
14242.9
13930.2
13617.4
13304.6
12991.7
12678.8
12365.9
12053
11740
11427
11113.9
10800.9
10487.8
10174.8
9861.66
9548.56
9235.45
8922.33
8609.2
8296.06
7982.92
7669.77
7356.62
7043.46
6730.3
6417.12
6103.94
5790.75
5477.54
5164.32
4851.07
4535.36
4190.14
3786.12
3313.42
2762.12
2101.7
1400.36
335.39
24754.3
23910.8
23398.3
22880.5
22400.8
21956
21542.5
21158.3
20801.6
20470.6
20157.1
19848.4
19539.3
19229.7
18919.7
18609.3
18298.6
17987.7
17676.5
17365.1
17053.4
16741.6
16429.7
16117.6
15805.4
15493.1
15180.6
14868.1
14555.5
14242.9
13930.2
13617.4
13304.6
12991.7
12678.9
12365.9
12053
11740
11427
11113.9
10800.9
10487.8
10174.8
9861.67
9548.57
9235.46
8922.34
8609.22
8296.09
7982.95
7669.81
7356.67
7043.52
6730.36
6417.2
6104.03
5790.85
5477.65
5164.44
4851.2
4535.5
4190.28
3786.27
3313.61
2762
2102.26
1399.78
333.385
24734.9
23902.9
23390.9
22876.3
22398
21954.1
21541.2
21157.4
20801
20470.1
20156.7
19848.2
19539.1
19229.5
18919.6
18609.2
18298.6
17987.7
17676.5
17365
17053.4
16741.6
16429.7
16117.6
15805.4
15493
15180.6
14868.1
14555.5
14242.9
13930.2
13617.4
13304.6
12991.7
12678.8
12365.9
12053
11740
11427
11113.9
10800.9
10487.8
10174.8
9861.68
9548.58
9235.47
8922.36
8609.24
8296.12
7982.99
7669.85
7356.71
7043.57
6730.43
6417.27
6104.11
5790.94
5477.76
5164.56
4851.34
4535.64
4190.43
3786.41
3313.76
2761.84
2102.71
1398.95
330.945
24704.6
23890.5
23380.9
22870.6
22394.4
21951.7
21539.6
21156.4
20800.3
20469.6
20156.4
19847.9
19538.9
19229.4
18919.4
18609.1
18298.5
17987.6
17676.4
17365
17053.4
16741.6
16429.6
16117.5
15805.3
15493
15180.6
14868.1
14555.5
14242.9
13930.2
13617.4
13304.6
12991.7
12678.8
12365.9
12052.9
11740
11427
11113.9
10800.9
10487.8
10174.8
9861.68
9548.58
9235.48
8922.37
8609.26
8296.14
7983.01
7669.89
7356.76
7043.62
6730.49
6417.35
6104.2
5791.04
5477.88
5164.69
4851.48
4535.8
4190.59
3786.58
3313.94
2761.7
2103.17
1397.78
327.96
24663.6
23876.1
23370.4
22865.3
22391.4
21950.1
21538.7
21155.9
20800
20469.5
20156.3
19847.9
19538.9
19229.4
18919.5
18609.2
18298.5
17987.6
17676.4
17365
17053.4
16741.6
16429.6
16117.5
15805.3
15493
15180.6
14868.1
14555.5
14242.8
13930.1
13617.4
13304.6
12991.7
12678.8
12365.9
12052.9
11740
11426.9
11113.9
10800.9
10487.8
10174.8
9861.67
9548.58
9235.48
8922.37
8609.26
8296.15
7983.03
7669.91
7356.79
7043.67
6730.54
6417.42
6104.29
5791.16
5478.01
5164.85
4851.68
4536.02
4190.84
3786.87
3314.26
2761.72
2103.91
1396.12
324.463
24610.1
23862.4
23360.3
22860.5
22389.1
21948.9
21538.1
21155.6
20799.9
20469.4
20156.3
19847.9
19538.9
19229.4
18919.5
18609.2
18298.5
17987.6
17676.4
17365
17053.3
16741.5
16429.6
16117.5
15805.3
15493
15180.5
14868
14555.5
14242.8
13930.1
13617.3
13304.5
12991.7
12678.8
12365.9
12052.9
11739.9
11426.9
11113.9
10800.9
10487.8
10174.7
9861.66
9548.57
9235.48
8922.37
8609.27
8296.15
7983.04
7669.93
7356.81
7043.7
6730.59
6417.48
6104.36
5791.25
5478.13
5165
4851.85
4536.24
4191.11
3787.22
3314.7
2761.9
2105.58
1394.09
321.804
24577.3
23886.2
23376.1
22874.9
22400.9
21958.1
21545.3
21161.2
20804.3
20473
20159.1
19850.2
19540.7
19230.9
18920.7
18610.1
18299.3
17988.2
17676.9
17365.4
17053.7
16741.8
16429.8
16117.7
15805.5
15493.1
15180.7
14868.1
14555.6
14242.9
13930.2
13617.4
13304.6
12991.7
12678.8
12365.9
12052.9
11740
11426.9
11113.9
10800.9
10487.8
10174.7
9861.65
9548.56
9235.46
8922.35
8609.24
8296.13
7983.02
7669.91
7356.8
7043.7
6730.6
6417.52
6104.45
5791.39
5478.35
5165.33
4852.33
4536.91
4192.05
3788.58
3316.66
2764.37
2111.91
1390.24
306.534
24686.7
23910.2
23414.2
22888.5
22410.2
21963.2
21548
21162.5
20804.8
20473
20158.9
19849.7
19540.2
19230.3
18920.1
18609.6
18298.8
17987.8
17676.5
17365.1
17053.4
16741.6
16429.7
16117.6
15805.4
15493
15180.6
14868.1
14555.5
14242.9
13930.2
13617.4
13304.6
12991.8
12678.9
12365.9
12053
11740
11427
11114
10800.9
10487.8
10174.7
9861.65
9548.54
9235.42
8922.28
8609.14
8295.98
7982.81
7669.63
7356.44
7043.24
6730.01
6416.77
6103.51
5790.22
5476.89
5163.53
4850.13
4534.22
4188.76
3784.48
3310.75
2759.9
2096.75
1383.99
386.344
24675.8
23893.2
23409.5
22884.2
22407.9
21961.7
21547.1
21161.9
20804.4
20472.7
20158.7
19849.6
19540.1
19230.2
18920
18609.5
18298.8
17987.7
17676.5
17365
17053.4
16741.6
16429.6
16117.5
15805.3
15493
15180.6
14868.1
14555.5
14242.9
13930.2
13617.4
13304.6
12991.7
12678.8
12365.9
12053
11740
11427
11113.9
10800.9
10487.8
10174.7
9861.64
9548.52
9235.4
8922.27
8609.12
8295.96
7982.79
7669.61
7356.42
7043.21
6729.98
6416.74
6103.47
5790.18
5476.86
5163.5
4850.09
4534.19
4188.72
3784.48
3310.62
2760.39
2095.99
1386.7
348.724
24680.3
23882
23406.9
22881.2
22406.2
21960.6
21546.4
21161.4
20804.1
20472.5
20158.5
19849.5
19540
19230.2
18920
18609.5
18298.7
17987.7
17676.4
17365
17053.3
16741.5
16429.6
16117.5
15805.3
15493
15180.6
14868.1
14555.5
14242.8
13930.1
13617.4
13304.6
12991.7
12678.8
12365.9
12052.9
11740
11427
11113.9
10800.9
10487.8
10174.7
9861.62
9548.51
9235.39
8922.25
8609.1
8295.95
7982.78
7669.59
7356.4
7043.19
6729.96
6416.72
6103.45
5790.16
5476.84
5163.48
4850.08
4534.18
4188.73
3784.51
3310.57
2760.93
2095.19
1390.99
347.404
24693.6
23878.2
23405.8
22879.7
22405.1
21959.9
21545.8
21161.1
20803.8
20472.3
20158.4
19849.4
19540
19230.1
18920
18609.5
18298.7
17987.7
17676.4
17365
17053.3
16741.5
16429.6
16117.5
15805.3
15493
15180.5
14868
14555.5
14242.8
13930.1
13617.4
13304.6
12991.7
12678.8
12365.9
12052.9
11740
11426.9
11113.9
10800.9
10487.8
10174.7
9861.62
9548.5
9235.38
8922.24
8609.09
8295.94
7982.76
7669.58
7356.39
7043.18
6729.95
6416.71
6103.44
5790.15
5476.84
5163.48
4850.09
4534.2
4188.77
3784.57
3310.66
2761.38
2094.92
1394.41
349.451
24710.5
23879.3
23406
22879.4
22404.6
21959.5
21545.5
21160.9
20803.7
20472.2
20158.3
19849.3
19539.9
19230.1
18920
18609.5
18298.7
17987.7
17676.4
17365
17053.3
16741.5
16429.6
16117.5
15805.3
15493
15180.5
14868
14555.5
14242.8
13930.1
13617.4
13304.6
12991.7
12678.8
12365.9
12052.9
11740
11426.9
11113.9
10800.9
10487.8
10174.7
9861.61
9548.5
9235.37
8922.24
8609.09
8295.93
7982.76
7669.58
7356.38
7043.17
6729.95
6416.71
6103.45
5790.16
5476.85
5163.51
4850.12
4534.25
4188.84
3784.66
3310.85
2761.74
2095.06
1396.9
348.391
24729.2
23884.1
23407.4
22880.3
22404.7
21959.5
21545.5
21160.8
20803.6
20472.2
20158.3
19849.3
19539.9
19230.1
18920
18609.5
18298.7
17987.7
17676.5
17365
17053.4
16741.5
16429.6
16117.5
15805.3
15493
15180.5
14868
14555.5
14242.8
13930.1
13617.4
13304.6
12991.7
12678.8
12365.9
12052.9
11739.9
11426.9
11113.9
10800.9
10487.8
10174.7
9861.61
9548.5
9235.37
8922.23
8609.09
8295.93
7982.76
7669.58
7356.38
7043.18
6729.96
6416.72
6103.46
5790.19
5476.88
5163.55
4850.18
4534.32
4188.95
3784.79
3311.11
2762.02
2095.49
1398.83
346.941
24748
23891.5
23409.9
22882.2
22405.3
21959.8
21545.6
21160.9
20803.7
20472.2
20158.4
19849.4
19540
19230.2
18920
18609.6
18298.8
17987.8
17676.5
17365
17053.4
16741.6
16429.6
16117.5
15805.3
15493
15180.6
14868.1
14555.5
14242.8
13930.1
13617.4
13304.6
12991.7
12678.8
12365.9
12052.9
11740
11426.9
11113.9
10800.9
10487.8
10174.7
9861.61
9548.5
9235.37
8922.23
8609.09
8295.93
7982.76
7669.58
7356.39
7043.19
6729.97
6416.74
6103.49
5790.23
5476.93
5163.61
4850.26
4534.43
4189.08
3784.96
3311.43
2762.25
2096.13
1400.28
345.653
24765.5
23900.2
23413
22884.7
22406.4
21960.5
21546
21161.2
20803.9
20472.4
20158.5
19849.5
19540.1
19230.3
18920.1
18609.6
18298.9
17987.8
17676.6
17365.1
17053.4
16741.6
16429.7
16117.6
15805.3
15493
15180.6
14868.1
14555.5
14242.9
13930.1
13617.4
13304.6
12991.7
12678.8
12365.9
12052.9
11740
11426.9
11113.9
10800.9
10487.8
10174.7
9861.61
9548.5
9235.38
8922.24
8609.1
8295.94
7982.77
7669.6
7356.41
7043.21
6730
6416.78
6103.54
5790.28
5477
5163.7
4850.37
4534.55
4189.24
3785.14
3311.77
2762.43
2096.89
1401.28
344.384
24780.3
23908.9
23416
22887.3
22407.7
21961.3
21546.5
21161.5
20804.1
20472.6
20158.6
19849.7
19540.2
19230.4
18920.2
18609.7
18299
17987.9
17676.6
17365.2
17053.5
16741.7
16429.7
16117.6
15805.4
15493
15180.6
14868.1
14555.5
14242.9
13930.2
13617.4
13304.6
12991.7
12678.8
12365.9
12053
11740
11427
11113.9
10800.9
10487.8
10174.7
9861.62
9548.51
9235.38
8922.25
8609.11
8295.95
7982.79
7669.62
7356.44
7043.25
6730.04
6416.83
6103.6
5790.35
5477.09
5163.8
4850.49
4534.7
4189.41
3785.34
3312.12
2762.56
2097.7
1401.9
343.109
24791
23916.3
23418.3
22889.6
22408.7
21962
21547
21161.8
20804.4
20472.8
20158.8
19849.8
19540.3
19230.5
18920.3
18609.8
18299.1
17988
17676.7
17365.2
17053.6
16741.7
16429.8
16117.7
15805.4
15493.1
15180.7
14868.1
14555.6
14242.9
13930.2
13617.4
13304.6
12991.7
12678.9
12365.9
12053
11740
11427
11113.9
10800.9
10487.8
10174.7
9861.63
9548.52
9235.4
8922.26
8609.12
8295.97
7982.82
7669.65
7356.47
7043.29
6730.09
6416.89
6103.67
5790.43
5477.18
5163.91
4850.62
4534.85
4189.59
3785.54
3312.45
2762.64
2098.49
1402.22
341.795
24796.5
23921.4
23419.2
22890.9
22409.3
21962.3
21547.2
21162
20804.5
20472.9
20158.9
19849.9
19540.4
19230.6
18920.4
18609.9
18299.1
17988.1
17676.8
17365.3
17053.6
16741.8
16429.8
16117.7
15805.5
15493.1
15180.7
14868.2
14555.6
14242.9
13930.2
13617.4
13304.6
12991.8
12678.9
12365.9
12053
11740
11427
11113.9
10800.9
10487.8
10174.7
9861.64
9548.53
9235.41
8922.28
8609.14
8296
7982.84
7669.68
7356.51
7043.34
6730.15
6416.95
6103.75
5790.53
5477.29
5164.03
4850.75
4535.01
4189.76
3785.73
3312.75
2762.66
2099.2
1402.28
340.374
24795.2
23922.9
23417.7
22890.7
22408.9
21962
21547
21161.8
20804.4
20472.8
20158.9
19849.9
19540.5
19230.6
18920.5
18610
18299.2
17988.1
17676.9
17365.4
17053.7
16741.8
16429.9
16117.7
15805.5
15493.2
15180.7
14868.2
14555.6
14242.9
13930.2
13617.4
13304.6
12991.8
12678.9
12365.9
12053
11740
11427
11113.9
10800.9
10487.8
10174.7
9861.65
9548.54
9235.42
8922.3
8609.17
8296.02
7982.88
7669.72
7356.56
7043.39
6730.21
6417.03
6103.83
5790.62
5477.4
5164.16
4850.89
4535.16
4189.93
3785.9
3313
2762.63
2099.82
1402.12
338.774
24785.8
23920.1
23413.5
22888.7
22407.4
21961
21546.3
21161.4
20804.1
20472.6
20158.7
19849.8
19540.4
19230.6
18920.5
18610
18299.2
17988.2
17676.9
17365.4
17053.7
16741.9
16429.9
16117.8
15805.5
15493.2
15180.7
14868.2
14555.6
14242.9
13930.2
13617.5
13304.6
12991.8
12678.9
12365.9
12053
11740
11427
11113.9
10800.9
10487.8
10174.7
9861.66
9548.55
9235.44
8922.32
8609.19
8296.05
7982.91
7669.76
7356.61
7043.45
6730.28
6417.1
6103.92
5790.72
5477.51
5164.28
4851.03
4535.31
4190.08
3786.06
3313.22
2762.54
2100.33
1401.74
336.924
24766.7
23912.5
23406.3
22884.8
22404.8
21959.3
21545.2
21160.6
20803.6
20472.2
20158.5
19849.6
19540.3
19230.5
18920.4
18609.9
18299.2
17988.1
17676.9
17365.4
17053.7
16741.9
16429.9
16117.8
15805.5
15493.2
15180.7
14868.2
14555.6
14242.9
13930.2
13617.4
13304.6
12991.8
12678.9
12365.9
12053
11740
11427
11113.9
10800.9
10487.8
10174.8
9861.66
9548.56
9235.45
8922.33
8609.21
8296.08
7982.94
7669.8
7356.65
7043.5
6730.35
6417.18
6104.01
5790.83
5477.63
5164.41
4851.18
4535.47
4190.24
3786.22
3313.41
2762.43
2100.78
1401.14
334.775
24736.6
23900.3
23396.5
22879.4
22401.3
21957.1
21543.8
21159.7
20802.9
20471.8
20158.2
19849.4
19540.1
19230.4
18920.3
18609.9
18299.1
17988.1
17676.9
17365.4
17053.7
16741.9
16429.9
16117.7
15805.5
15493.2
15180.7
14868.2
14555.6
14242.9
13930.2
13617.4
13304.6
12991.8
12678.9
12365.9
12053
11740
11427
11113.9
10800.9
10487.8
10174.8
9861.66
9548.57
9235.46
8922.35
8609.23
8296.1
7982.97
7669.84
7356.7
7043.56
6730.41
6417.26
6104.1
5790.93
5477.75
5164.55
4851.33
4535.64
4190.43
3786.41
3313.64
2762.35
2101.29
1400.26
332.27
24696.1
23886.7
23386.4
22874.6
22398.7
21955.8
21543.2
21159.4
20802.9
20471.9
20158.3
19849.5
19540.3
19230.6
18920.5
18610
18299.2
17988.2
17676.9
17365.4
17053.7
16741.9
16429.9
16117.7
15805.5
15493.2
15180.7
14868.2
14555.6
14242.9
13930.2
13617.4
13304.6
12991.7
12678.8
12365.9
12053
11740
11427
11113.9
10800.9
10487.8
10174.7
9861.66
9548.56
9235.46
8922.35
8609.23
8296.11
7982.99
7669.86
7356.73
7043.6
6730.47
6417.34
6104.2
5791.05
5477.9
5164.73
4851.54
4535.88
4190.71
3786.74
3314.04
2762.45
2102.15
1398.93
329.365
24642.5
23873
23375.8
22869.9
22396.4
21954.6
21542.6
21159.2
20802.8
20471.9
20158.3
19849.6
19540.3
19230.6
18920.5
18610
18299.2
17988.2
17676.9
17365.4
17053.7
16741.9
16429.9
16117.7
15805.5
15493.1
15180.7
14868.2
14555.6
14242.9
13930.2
13617.4
13304.6
12991.7
12678.8
12365.9
12052.9
11740
11426.9
11113.9
10800.9
10487.8
10174.7
9861.66
9548.56
9235.46
8922.35
8609.24
8296.12
7983
7669.88
7356.76
7043.64
6730.52
6417.4
6104.27
5791.15
5478.02
5164.88
4851.73
4536.11
4190.99
3787.09
3314.52
2762.61
2103.85
1397.26
327.521
24610.2
23898.7
23391.7
22885.1
22408.6
21964.1
21550
21164.9
20807.3
20475.4
20161.2
19851.9
19542.2
19232.1
18921.7
18611
18300
17988.8
17677.4
17365.8
17054.1
16742.1
16430.1
16117.9
15805.6
15493.3
15180.8
14868.3
14555.6
14243
13930.2
13617.5
13304.6
12991.8
12678.9
12365.9
12053
11740
11427
11113.9
10800.9
10487.8
10174.7
9861.64
9548.54
9235.44
8922.33
8609.21
8296.09
7982.97
7669.85
7356.74
7043.63
6730.53
6417.43
6104.35
5791.28
5478.23
5165.2
4852.19
4536.76
4191.9
3788.42
3316.48
2764.86
2110.32
1394.17
315.702
24711.2
23921.1
23427.2
22896.6
22417
21968.4
21552.1
21165.9
20807.5
20475.3
20160.8
19851.4
19541.6
19231.5
18921.1
18610.5
18299.6
17988.4
17677.1
17365.5
17053.8
16742
16430
16117.8
15805.6
15493.2
15180.8
14868.3
14555.7
14243
13930.3
13617.5
13304.7
12991.8
12678.9
12366
12053
11740
11427
11114
10800.9
10487.8
10174.8
9861.65
9548.54
9235.41
8922.27
8609.12
8295.96
7982.78
7669.6
7356.4
7043.18
6729.95
6416.69
6103.42
5790.11
5476.78
5163.4
4849.98
4534.05
4188.56
3784.29
3310.39
2759.96
2095.84
1383.66
398.105
24699.9
23903.7
23422.6
22892.1
22414.7
21966.9
21551.3
21165.3
20807.2
20475
20160.6
19851.3
19541.5
19231.4
18921.1
18610.4
18299.5
17988.4
17677
17365.5
17053.8
16741.9
16429.9
16117.8
15805.5
15493.2
15180.8
14868.2
14555.6
14243
13930.3
13617.5
13304.7
12991.8
12678.9
12366
12053
11740
11427
11114
10800.9
10487.8
10174.7
9861.64
9548.52
9235.39
8922.25
8609.1
8295.94
7982.76
7669.57
7356.37
7043.15
6729.92
6416.66
6103.38
5790.08
5476.74
5163.36
4849.94
4534.02
4188.53
3784.31
3310.25
2760.52
2095.18
1386.64
355.255
24704.5
23892.4
23420.2
22889
22413.1
21965.8
21550.6
21164.9
20806.9
20474.8
20160.5
19851.2
19541.4
19231.4
18921
18610.4
18299.5
17988.4
17677
17365.5
17053.8
16741.9
16429.9
16117.8
15805.5
15493.2
15180.7
14868.2
14555.6
14243
13930.2
13617.5
13304.6
12991.8
12678.9
12366
12053
11740
11427
11113.9
10800.9
10487.8
10174.7
9861.63
9548.51
9235.38
8922.24
8609.09
8295.92
7982.74
7669.55
7356.35
7043.13
6729.9
6416.64
6103.36
5790.06
5476.72
5163.35
4849.94
4534.02
4188.55
3784.36
3310.21
2761.14
2094.43
1391.12
352.706
24717.8
23888.4
23419.3
22887.4
22412
21965.1
21550
21164.5
20806.7
20474.7
20160.4
19851.1
19541.4
19231.4
18921
18610.4
18299.5
17988.3
17677
17365.5
17053.8
16741.9
16429.9
16117.8
15805.5
15493.2
15180.7
14868.2
14555.6
14242.9
13930.2
13617.5
13304.6
12991.8
12678.9
12365.9
12053
11740
11427
11113.9
10800.9
10487.8
10174.7
9861.62
9548.5
9235.37
8922.23
8609.08
8295.91
7982.73
7669.54
7356.34
7043.12
6729.89
6416.63
6103.36
5790.06
5476.72
5163.36
4849.95
4534.04
4188.59
3784.43
3310.3
2761.65
2094.13
1394.68
354.19
24735
23889.1
23419.6
22887.1
22411.4
21964.7
21549.7
21164.3
20806.5
20474.6
20160.3
19851
19541.4
19231.3
18921
18610.4
18299.5
17988.3
17677
17365.5
17053.8
16741.9
16429.9
16117.8
15805.5
15493.2
15180.7
14868.2
14555.6
14242.9
13930.2
13617.5
13304.6
12991.8
12678.9
12365.9
12053
11740
11427
11113.9
10800.9
10487.8
10174.7
9861.61
9548.49
9235.36
8922.22
8609.07
8295.9
7982.73
7669.54
7356.33
7043.12
6729.88
6416.63
6103.36
5790.06
5476.74
5163.38
4849.99
4534.09
4188.67
3784.54
3310.49
2762.08
2094.19
1397.34
352.658
24754
23893.5
23421.2
22887.9
22411.5
21964.6
21549.6
21164.2
20806.4
20474.5
20160.3
19851
19541.4
19231.4
18921
18610.4
18299.5
17988.4
17677
17365.5
17053.8
16741.9
16429.9
16117.8
15805.5
15493.2
15180.7
14868.2
14555.6
14242.9
13930.2
13617.5
13304.6
12991.8
12678.9
12365.9
12053
11740
11427
11113.9
10800.9
10487.8
10174.7
9861.61
9548.49
9235.36
8922.22
8609.07
8295.9
7982.73
7669.54
7356.34
7043.12
6729.89
6416.65
6103.38
5790.09
5476.77
5163.43
4850.05
4534.17
4188.78
3784.67
3310.75
2762.42
2094.52
1399.47
350.905
24773.2
23900.5
23423.9
22889.8
22412.1
21965
21549.8
21164.3
20806.5
20474.6
20160.3
19851.1
19541.4
19231.4
18921.1
18610.4
18299.5
17988.4
17677.1
17365.5
17053.8
16741.9
16429.9
16117.8
15805.5
15493.2
15180.7
14868.2
14555.6
14243
13930.2
13617.5
13304.6
12991.8
12678.9
12365.9
12053
11740
11427
11113.9
10800.9
10487.8
10174.7
9861.61
9548.49
9235.36
8922.22
8609.07
8295.9
7982.73
7669.54
7356.35
7043.14
6729.91
6416.67
6103.41
5790.13
5476.82
5163.49
4850.13
4534.28
4188.92
3784.83
3311.06
2762.7
2095.03
1401.09
349.369
24791.2
23908.9
23427.1
22892.2
22413.1
21965.6
21550.1
21164.5
20806.6
20474.7
20160.4
19851.2
19541.5
19231.5
18921.1
18610.5
18299.6
17988.5
17677.1
17365.6
17053.9
16742
16430
16117.8
15805.6
15493.2
15180.8
14868.2
14555.6
14243
13930.2
13617.5
13304.6
12991.8
12678.9
12365.9
12053
11740
11427
11113.9
10800.9
10487.8
10174.7
9861.61
9548.49
9235.37
8922.23
8609.07
8295.91
7982.74
7669.56
7356.36
7043.16
6729.94
6416.7
6103.45
5790.18
5476.89
5163.58
4850.23
4534.4
4189.08
3785.01
3311.4
2762.91
2095.66
1402.27
347.892
24806.4
23917.3
23430.2
22894.8
22414.3
21966.3
21550.6
21164.8
20806.8
20474.8
20160.6
19851.3
19541.6
19231.6
18921.2
18610.6
18299.7
17988.5
17677.2
17365.6
17053.9
16742
16430
16117.9
15805.6
15493.2
15180.8
14868.3
14555.7
14243
13930.3
13617.5
13304.7
12991.8
12678.9
12366
12053
11740
11427
11113.9
10800.9
10487.8
10174.7
9861.62
9548.5
9235.37
8922.23
8609.09
8295.93
7982.76
7669.58
7356.39
7043.19
6729.98
6416.75
6103.51
5790.25
5476.98
5163.67
4850.35
4534.55
4189.25
3785.21
3311.74
2763.07
2096.34
1403.06
346.461
24817.7
23924.5
23432.6
22897.1
22415.3
21967
21551
21165
20807
20475
20160.7
19851.4
19541.7
19231.7
18921.3
18610.7
18299.8
17988.6
17677.3
17365.7
17054
16742.1
16430.1
16117.9
15805.6
15493.3
15180.8
14868.3
14555.7
14243
13930.3
13617.5
13304.7
12991.8
12678.9
12366
12053
11740
11427
11113.9
10800.9
10487.8
10174.7
9861.62
9548.51
9235.38
8922.25
8609.1
8295.95
7982.78
7669.61
7356.43
7043.23
6730.03
6416.81
6103.58
5790.33
5477.07
5163.79
4850.48
4534.7
4189.43
3785.4
3312.07
2763.17
2097.01
1403.54
345.05
24823.6
23929.4
23433.5
22898.5
22415.8
21967.3
21551.2
21165.2
20807.1
20475.1
20160.8
19851.5
19541.8
19231.8
18921.4
18610.8
18299.8
17988.7
17677.3
17365.8
17054
16742.1
16430.1
16117.9
15805.7
15493.3
15180.8
14868.3
14555.7
14243
13930.3
13617.5
13304.7
12991.8
12678.9
12366
12053
11740
11427
11114
10800.9
10487.8
10174.7
9861.63
9548.52
9235.4
8922.26
8609.12
8295.97
7982.81
7669.64
7356.47
7043.28
6730.08
6416.88
6103.66
5790.43
5477.18
5163.91
4850.62
4534.85
4189.6
3785.59
3312.37
2763.22
2097.63
1403.76
343.598
24822.8
23930.9
23432.3
22898.4
22415.5
21967.1
21551
21165.1
20807.1
20475
20160.7
19851.5
19541.8
19231.8
18921.4
18610.8
18299.9
17988.7
17677.4
17365.8
17054.1
16742.2
16430.1
16118
15805.7
15493.3
15180.9
14868.3
14555.7
14243
13930.3
13617.5
13304.7
12991.8
12678.9
12366
12053
11740
11427
11114
10800.9
10487.8
10174.7
9861.64
9548.53
9235.41
8922.28
8609.14
8296
7982.84
7669.68
7356.51
7043.33
6730.15
6416.95
6103.74
5790.52
5477.29
5164.03
4850.76
4535.01
4189.77
3785.76
3312.63
2763.21
2098.17
1403.76
342.04
24813.8
23928.2
23428.2
22896.6
22414.1
21966.2
21550.4
21164.6
20806.8
20474.8
20160.6
19851.4
19541.8
19231.8
18921.4
18610.8
18299.9
17988.8
17677.4
17365.8
17054.1
16742.2
16430.2
16118
15805.7
15493.4
15180.9
14868.3
14555.7
14243.1
13930.3
13617.5
13304.7
12991.8
12678.9
12366
12053
11740
11427
11114
10800.9
10487.8
10174.8
9861.65
9548.54
9235.43
8922.3
8609.17
8296.02
7982.88
7669.72
7356.56
7043.39
6730.21
6417.03
6103.83
5790.63
5477.4
5164.16
4850.9
4535.17
4189.94
3785.93
3312.87
2763.16
2098.64
1403.55
340.321
24795.1
23920.7
23421.1
22892.9
22411.5
21964.6
21549.3
21164
20806.3
20474.5
20160.4
19851.3
19541.7
19231.7
18921.4
18610.8
18299.9
17988.8
17677.4
17365.9
17054.1
16742.2
16430.2
16118
15805.7
15493.4
15180.9
14868.3
14555.7
14243.1
13930.3
13617.5
13304.7
12991.8
12678.9
12366
12053
11740
11427
11114
10800.9
10487.8
10174.8
9861.66
9548.55
9235.44
8922.32
8609.19
8296.05
7982.91
7669.76
7356.61
7043.45
6730.28
6417.11
6103.93
5790.73
5477.53
5164.3
4851.05
4535.33
4190.11
3786.1
3313.1
2763.09
2099.08
1403.14
338.405
24765.1
23908.8
23411.3
22887.7
22408.2
21962.5
21548
21163.1
20805.8
20474.2
20160.2
19851.1
19541.6
19231.7
18921.4
18610.8
18299.9
17988.8
17677.4
17365.9
17054.1
16742.2
16430.2
16118
15805.7
15493.4
15180.9
14868.3
14555.7
14243
13930.3
13617.5
13304.7
12991.8
12678.9
12366
12053
11740
11427
11114
10800.9
10487.8
10174.8
9861.66
9548.56
9235.45
8922.33
8609.2
8296.07
7982.94
7669.8
7356.65
7043.5
6730.35
6417.19
6104.02
5790.84
5477.65
5164.44
4851.21
4535.51
4190.31
3786.31
3313.36
2763.05
2099.62
1402.46
336.28
24725
23895.8
23401.5
22883.3
22405.9
21961.4
21547.7
21163.1
20805.9
20474.4
20160.4
19851.4
19541.8
19231.9
18921.6
18610.9
18300
17988.9
17677.5
17365.9
17054.2
16742.3
16430.2
16118
15805.7
15493.4
15180.9
14868.3
14555.7
14243
13930.3
13617.5
13304.7
12991.8
12678.9
12366
12053
11740
11427
11113.9
10800.9
10487.8
10174.8
9861.66
9548.56
9235.45
8922.33
8609.21
8296.09
7982.96
7669.82
7356.69
7043.55
6730.41
6417.27
6104.12
5790.97
5477.8
5164.63
4851.44
4535.78
4190.61
3786.66
3313.82
2763.2
2100.56
1401.38
333.842
24671.3
23882.1
23390.5
22878.6
22403.5
21960.3
21547.1
21162.9
20805.9
20474.4
20160.5
19851.4
19541.9
19232
18921.6
18611
18300.1
17988.9
17677.5
17365.9
17054.2
16742.3
16430.2
16118
15805.7
15493.4
15180.9
14868.3
14555.7
14243
13930.3
13617.5
13304.7
12991.8
12678.9
12365.9
12053
11740
11427
11113.9
10800.9
10487.8
10174.7
9861.66
9548.56
9235.45
8922.34
8609.22
8296.1
7982.97
7669.84
7356.71
7043.59
6730.46
6417.33
6104.2
5791.06
5477.93
5164.78
4851.62
4536
4190.89
3787.01
3314.33
2763.33
2102.25
1399.94
332.547
24639.5
23909.4
23406.3
22894.4
22416.1
21970
21554.6
21168.7
20810.4
20478
20163.4
19853.7
19543.7
19233.4
18922.8
18611.9
18300.8
17989.5
17678
17366.3
17054.5
16742.5
16430.4
16118.2
15805.9
15493.5
15181
14868.4
14555.8
14243.1
13930.3
13617.5
13304.7
12991.8
12678.9
12366
12053
11740
11427
11113.9
10800.9
10487.8
10174.7
9861.64
9548.54
9235.42
8922.31
8609.19
8296.06
7982.94
7669.81
7356.69
7043.57
6730.46
6417.36
6104.27
5791.19
5478.13
5165.09
4852.07
4536.63
4191.77
3788.29
3316.28
2765.35
2108.78
1397.37
323.777
24732.5
23931.2
23439.1
22904.2
22423.4
21973.4
21556.2
21169.2
20810.3
20477.6
20162.8
19853.1
19543.1
19232.8
18922.2
18611.4
18300.4
17989.1
17677.7
17366.1
17054.3
16742.4
16430.3
16118.1
15805.8
15493.5
15181
14868.4
14555.8
14243.1
13930.4
13617.6
13304.8
12991.9
12679
12366
12053.1
11740.1
11427
11114
10800.9
10487.9
10174.8
9861.66
9548.54
9235.41
8922.26
8609.11
8295.94
7982.76
7669.57
7356.36
7043.14
6729.89
6416.63
6103.34
5790.03
5476.68
5163.29
4849.86
4533.91
4188.41
3784.14
3310.1
2760.03
2095.14
1383.44
409.205
24720.9
23913.3
23434.6
22899.6
22421.2
21972
21555.4
21168.7
20810
20477.4
20162.7
19853
19543
19232.7
18922.2
18611.4
18300.3
17989.1
17677.6
17366
17054.2
16742.3
16430.3
16118.1
15805.8
15493.4
15181
14868.4
14555.8
14243.1
13930.4
13617.6
13304.8
12991.9
12679
12366
12053
11740
11427
11114
10800.9
10487.8
10174.8
9861.64
9548.52
9235.39
8922.24
8609.09
8295.92
7982.74
7669.54
7356.33
7043.11
6729.86
6416.6
6103.31
5790
5476.65
5163.26
4849.83
4533.89
4188.39
3784.18
3309.97
2760.65
2094.56
1386.61
360.799
24725.5
23902
23432.4
22896.4
22419.6
21970.9
21554.7
21168.2
20809.7
20477.2
20162.5
19852.9
19543
19232.7
18922.1
18611.3
18300.3
17989.1
17677.6
17366
17054.2
16742.3
16430.2
16118.1
15805.8
15493.4
15180.9
14868.4
14555.8
14243.1
13930.4
13617.6
13304.7
12991.9
12679
12366
12053
11740
11427
11114
10800.9
10487.8
10174.7
9861.63
9548.51
9235.38
8922.23
8609.07
8295.9
7982.72
7669.52
7356.31
7043.09
6729.84
6416.58
6103.29
5789.98
5476.63
5163.25
4849.82
4533.89
4188.4
3784.25
3309.92
2761.33
2093.84
1391.22
357.154
24739
23897.7
23431.6
22894.7
22418.5
21970.1
21554.2
21167.9
20809.5
20477.1
20162.4
19852.8
19542.9
19232.7
18922.1
18611.3
18300.3
17989.1
17677.6
17366
17054.2
16742.3
16430.2
16118.1
15805.8
15493.4
15180.9
14868.4
14555.8
14243.1
13930.4
13617.6
13304.7
12991.9
12678.9
12366
12053
11740
11427
11114
10800.9
10487.8
10174.7
9861.63
9548.5
9235.37
8922.22
8609.06
8295.89
7982.71
7669.51
7356.3
7043.08
6729.83
6416.57
6103.29
5789.98
5476.63
5163.26
4849.84
4533.92
4188.46
3784.34
3310.01
2761.9
2093.52
1394.9
358.176
24756.2
23898.1
23432.1
22894.3
22417.9
21969.7
21553.8
21167.7
20809.3
20477
20162.4
19852.8
19542.9
19232.7
18922.1
18611.3
18300.3
17989.1
17677.6
17366
17054.2
16742.3
16430.2
16118.1
15805.8
15493.4
15180.9
14868.4
14555.8
14243.1
13930.3
13617.6
13304.7
12991.9
12678.9
12366
12053
11740
11427
11114
10800.9
10487.8
10174.7
9861.62
9548.5
9235.36
8922.22
8609.06
8295.89
7982.7
7669.51
7356.3
7043.07
6729.83
6416.57
6103.29
5789.99
5476.65
5163.28
4849.88
4533.97
4188.54
3784.45
3310.19
2762.38
2093.52
1397.7
356.27
24775.5
23902.2
23433.8
22895.1
22418
21969.6
21553.7
21167.6
20809.3
20476.9
20162.3
19852.8
19542.9
19232.7
18922.2
18611.4
18300.3
17989.1
17677.7
17366
17054.2
16742.3
16430.3
16118.1
15805.8
15493.4
15180.9
14868.4
14555.8
14243.1
13930.3
13617.6
13304.7
12991.8
12678.9
12366
12053
11740
11427
11114
10800.9
10487.8
10174.7
9861.62
9548.49
9235.36
8922.21
8609.05
8295.88
7982.7
7669.51
7356.3
7043.08
6729.84
6416.58
6103.31
5790.01
5476.68
5163.33
4849.94
4534.06
4188.65
3784.59
3310.45
2762.78
2093.76
1399.97
354.296
24795.1
23908.9
23436.6
22896.9
22418.5
21969.9
21553.8
21167.6
20809.3
20476.9
20162.4
19852.8
19542.9
19232.7
18922.2
18611.4
18300.4
17989.1
17677.7
17366.1
17054.3
16742.3
16430.3
16118.1
15805.8
15493.4
15180.9
14868.4
14555.8
14243.1
13930.4
13617.6
13304.7
12991.9
12678.9
12366
12053
11740
11427
11114
10800.9
10487.8
10174.7
9861.62
9548.49
9235.36
8922.21
8609.05
8295.89
7982.71
7669.51
7356.31
7043.09
6729.86
6416.61
6103.34
5790.05
5476.74
5163.39
4850.02
4534.16
4188.79
3784.75
3310.76
2763.09
2094.18
1401.74
352.577
24813.4
23917
23439.9
22899.3
22419.5
21970.5
21554.2
21167.8
20809.4
20477
20162.4
19852.9
19543
19232.8
18922.2
18611.5
18300.4
17989.2
17677.7
17366.1
17054.3
16742.4
16430.3
16118.1
15805.8
15493.4
15181
14868.4
14555.8
14243.1
13930.4
13617.6
13304.7
12991.9
12678.9
12366
12053
11740
11427
11114
10800.9
10487.8
10174.7
9861.62
9548.5
9235.36
8922.22
8609.06
8295.89
7982.72
7669.53
7356.33
7043.11
6729.89
6416.64
6103.38
5790.1
5476.8
5163.48
4850.12
4534.29
4188.95
3784.93
3311.09
2763.34
2094.7
1403.04
350.941
24829
23925.2
23443.1
22901.9
22420.7
21971.3
21554.6
21168.1
20809.6
20477.2
20162.5
19853
19543.1
19232.8
18922.3
18611.5
18300.5
17989.2
17677.8
17366.2
17054.4
16742.4
16430.4
16118.2
15805.9
15493.5
15181
14868.4
14555.8
14243.1
13930.4
13617.6
13304.7
12991.9
12679
12366
12053
11740
11427
11114
10800.9
10487.8
10174.7
9861.62
9548.5
9235.37
8922.23
8609.07
8295.91
7982.73
7669.55
7356.35
7043.15
6729.93
6416.69
6103.44
5790.17
5476.89
5163.58
4850.24
4534.43
4189.13
3785.12
3311.43
2763.52
2095.28
1403.97
349.389
24840.6
23932.3
23445.6
22904.2
22421.7
21971.9
21555
21168.3
20809.8
20477.3
20162.7
19853.1
19543.2
19232.9
18922.4
18611.6
18300.6
17989.3
17677.9
17366.2
17054.4
16742.5
16430.4
16118.2
15805.9
15493.5
15181
14868.5
14555.8
14243.1
13930.4
13617.6
13304.8
12991.9
12679
12366
12053
11740
11427
11114
10800.9
10487.8
10174.7
9861.63
9548.51
9235.38
8922.24
8609.09
8295.93
7982.76
7669.58
7356.39
7043.19
6729.97
6416.75
6103.51
5790.25
5476.98
5163.69
4850.37
4534.58
4189.3
3785.32
3311.76
2763.65
2095.86
1404.57
347.899
24846.9
23937.1
23446.6
22905.7
22422.2
21972.3
21555.2
21168.5
20809.9
20477.4
20162.7
19853.2
19543.2
19233
18922.5
18611.7
18300.6
17989.4
17677.9
17366.3
17054.5
16742.5
16430.4
16118.2
15805.9
15493.5
15181
14868.5
14555.8
14243.2
13930.4
13617.6
13304.8
12991.9
12679
12366
12053
11740
11427
11114
10800.9
10487.8
10174.7
9861.64
9548.52
9235.39
8922.25
8609.11
8295.95
7982.78
7669.61
7356.43
7043.23
6730.03
6416.82
6103.59
5790.35
5477.09
5163.81
4850.51
4534.74
4189.48
3785.5
3312.06
2763.71
2096.4
1404.91
346.417
24846.5
23938.6
23445.5
22905.7
22421.9
21972.1
21555
21168.4
20809.8
20477.4
20162.7
19853.2
19543.3
19233
18922.5
18611.7
18300.7
17989.4
17678
17366.3
17054.5
16742.6
16430.5
16118.3
15806
15493.6
15181.1
14868.5
14555.9
14243.2
13930.4
13617.6
13304.8
12991.9
12679
12366
12053.1
11740.1
11427
11114
10800.9
10487.8
10174.8
9861.65
9548.53
9235.41
8922.27
8609.13
8295.97
7982.81
7669.65
7356.47
7043.29
6730.09
6416.89
6103.67
5790.44
5477.2
5163.94
4850.65
4534.9
4189.66
3785.68
3312.33
2763.73
2096.89
1405.03
344.889
24837.8
23935.9
23441.5
22903.9
22420.5
21971.2
21554.4
21168
20809.6
20477.2
20162.6
19853.1
19543.2
19233
18922.5
18611.8
18300.7
17989.5
17678
17366.4
17054.6
16742.6
16430.5
16118.3
15806
15493.6
15181.1
14868.5
14555.9
14243.2
13930.4
13617.6
13304.8
12991.9
12679
12366
12053.1
11740.1
11427
11114
10800.9
10487.8
10174.8
9861.66
9548.54
9235.42
8922.29
8609.15
8296
7982.85
7669.69
7356.52
7043.34
6730.16
6416.97
6103.76
5790.55
5477.32
5164.07
4850.8
4535.06
4189.83
3785.85
3312.58
2763.71
2097.33
1404.95
343.269
24819.3
23928.5
23434.6
22900.4
22418.1
21969.7
21553.5
21167.4
20809.2
20476.9
20162.5
19853
19543.2
19233
18922.5
18611.8
18300.7
17989.5
17678
17366.4
17054.6
16742.6
16430.5
16118.3
15806
15493.6
15181.1
14868.5
14555.9
14243.2
13930.4
13617.6
13304.8
12991.9
12679
12366
12053.1
11740.1
11427
11114
10800.9
10487.9
10174.8
9861.66
9548.55
9235.43
8922.31
8609.17
8296.03
7982.88
7669.73
7356.57
7043.4
6730.23
6417.05
6103.86
5790.66
5477.44
5164.21
4850.96
4535.23
4190.01
3786.03
3312.84
2763.68
2097.76
1404.66
341.533
24789.5
23916.8
23424.8
22895.3
22414.8
21967.7
21552.3
21166.6
20808.7
20476.6
20162.3
19852.9
19543.1
19233
18922.5
18611.8
18300.8
17989.5
17678.1
17366.4
17054.6
16742.6
16430.5
16118.3
15806
15493.6
15181.1
14868.5
14555.9
14243.2
13930.4
13617.6
13304.8
12991.9
12679
12366
12053
11740
11427
11114
10800.9
10487.9
10174.8
9861.67
9548.56
9235.44
8922.32
8609.19
8296.05
7982.91
7669.77
7356.61
7043.46
6730.3
6417.13
6103.95
5790.77
5477.57
5164.36
4851.12
4535.42
4190.22
3786.25
3313.13
2763.67
2098.32
1404.13
339.699
24749.7
23904.3
23415.3
22891.3
22412.8
21966.9
21552
21166.7
20808.9
20476.9
20162.6
19853.2
19543.4
19233.2
18922.7
18612
18300.9
17989.6
17678.1
17366.5
17054.7
16742.7
16430.6
16118.4
15806
15493.6
15181.1
14868.5
14555.9
14243.2
13930.4
13617.6
13304.8
12991.9
12679
12366
12053
11740
11427
11114
10800.9
10487.8
10174.8
9861.67
9548.56
9235.45
8922.32
8609.2
8296.07
7982.93
7669.79
7356.65
7043.51
6730.36
6417.21
6104.06
5790.9
5477.73
5164.55
4851.35
4535.69
4190.54
3786.61
3313.62
2763.85
2099.32
1403.21
337.628
24695.9
23890.7
23403.8
22886.7
22410.3
21965.7
21551.5
21166.5
20808.9
20477
20162.7
19853.3
19543.5
19233.4
18922.9
18612
18301
17989.7
17678.2
17366.5
17054.7
16742.7
16430.6
16118.4
15806
15493.6
15181.1
14868.5
14555.9
14243.2
13930.4
13617.6
13304.8
12991.9
12679
12366
12053
11740
11427
11114
10800.9
10487.8
10174.8
9861.66
9548.56
9235.45
8922.33
8609.2
8296.08
7982.95
7669.81
7356.68
7043.54
6730.41
6417.27
6104.14
5791
5477.85
5164.7
4851.54
4535.92
4190.82
3786.96
3314.14
2763.94
2100.98
1401.91
336.691
24664.4
23919.2
23419.5
22902.9
22423
21975.5
21559.1
21172.3
20813.5
20480.6
20165.6
19855.6
19545.3
19234.8
18924
18612.9
18301.7
17990.3
17678.7
17366.9
17055
16742.9
16430.8
16118.5
15806.2
15493.7
15181.2
14868.6
14555.9
14243.2
13930.5
13617.6
13304.8
12991.9
12679
12366
12053
11740
11427
11114
10800.9
10487.8
10174.7
9861.64
9548.54
9235.42
8922.3
8609.17
8296.04
7982.91
7669.78
7356.65
7043.53
6730.41
6417.3
6104.2
5791.11
5478.04
5164.99
4851.97
4536.52
4191.66
3788.18
3316.08
2765.75
2107.51
1399.65
330.375
24750.9
23941.5
23449.9
22911.6
22429.7
21978.4
21560.3
21172.6
20813.2
20480
20164.9
19854.9
19544.6
19234.1
18923.4
18612.4
18301.2
17989.9
17678.3
17366.6
17054.8
16742.8
16430.7
16118.5
15806.1
15493.7
15181.2
14868.6
14556
14243.3
13930.5
13617.7
13304.9
12992
12679.1
12366.1
12053.1
11740.1
11427.1
11114
10801
10487.9
10174.8
9861.67
9548.55
9235.41
8922.26
8609.1
8295.92
7982.74
7669.54
7356.33
7043.1
6729.85
6416.58
6103.28
5789.96
5476.6
5163.2
4849.76
4533.81
4188.29
3784.03
3309.89
2760.04
2094.72
1382.94
413.053
24739.1
23923.5
23445.4
22906.9
22427.5
21976.9
21559.5
21172.1
20812.9
20479.9
20164.8
19854.8
19544.6
19234.1
18923.4
18612.4
18301.2
17989.9
17678.3
17366.6
17054.8
16742.8
16430.7
16118.4
15806.1
15493.7
15181.2
14868.6
14556
14243.3
13930.5
13617.7
13304.9
12992
12679
12366.1
12053.1
11740.1
11427.1
11114
10801
10487.9
10174.8
9861.66
9548.53
9235.39
8922.24
8609.08
8295.9
7982.72
7669.52
7356.3
7043.07
6729.82
6416.55
6103.25
5789.93
5476.57
5163.17
4849.73
4533.78
4188.27
3784.08
3309.76
2760.7
2094.23
1386.28
363.708
24743.7
23912.2
23443.3
22903.7
22425.9
21975.8
21558.8
21171.7
20812.6
20479.7
20164.7
19854.7
19544.5
19234.1
18923.3
18612.4
18301.2
17989.8
17678.3
17366.6
17054.7
16742.8
16430.6
16118.4
15806.1
15493.7
15181.2
14868.6
14556
14243.3
13930.5
13617.7
13304.8
12992
12679
12366.1
12053.1
11740.1
11427.1
11114
10800.9
10487.9
10174.8
9861.65
9548.52
9235.38
8922.23
8609.07
8295.89
7982.7
7669.5
7356.28
7043.05
6729.8
6416.53
6103.23
5789.91
5476.56
5163.16
4849.73
4533.79
4188.29
3784.16
3309.72
2761.41
2093.56
1390.98
360.044
24757.1
23907.8
23442.6
22902
22424.8
21975.1
21558.3
21171.3
20812.4
20479.5
20164.6
19854.7
19544.5
19234
18923.3
18612.4
18301.2
17989.8
17678.3
17366.6
17054.7
16742.8
16430.6
16118.4
15806.1
15493.7
15181.2
14868.6
14555.9
14243.2
13930.5
13617.7
13304.8
12991.9
12679
12366.1
12053.1
11740.1
11427.1
11114
10800.9
10487.9
10174.8
9861.64
9548.51
9235.37
8922.22
8609.06
8295.88
7982.69
7669.49
7356.27
7043.04
6729.79
6416.52
6103.23
5789.91
5476.56
5163.17
4849.75
4533.82
4188.35
3784.25
3309.81
2762.02
2093.24
1394.72
360.883
24774.4
23908
23443.1
22901.5
22424.2
21974.7
21557.9
21171.1
20812.2
20479.4
20164.5
19854.6
19544.5
19234
18923.3
18612.4
18301.2
17989.9
17678.3
17366.6
17054.7
16742.8
16430.6
16118.4
15806.1
15493.7
15181.2
14868.6
14555.9
14243.2
13930.5
13617.7
13304.8
12991.9
12679
12366.1
12053.1
11740.1
11427
11114
10800.9
10487.8
10174.7
9861.63
9548.51
9235.37
8922.21
8609.05
8295.87
7982.68
7669.48
7356.27
7043.04
6729.79
6416.52
6103.23
5789.92
5476.58
5163.2
4849.79
4533.88
4188.43
3784.38
3310
2762.54
2093.22
1397.6
358.763
24793.8
23912
23444.9
22902.3
22424.3
21974.6
21557.8
21171
20812.1
20479.4
20164.5
19854.6
19544.5
19234
18923.3
18612.4
18301.2
17989.9
17678.3
17366.6
17054.8
16742.8
16430.7
16118.4
15806.1
15493.7
15181.2
14868.6
14555.9
14243.2
13930.5
13617.7
13304.8
12991.9
12679
12366.1
12053.1
11740.1
11427
11114
10800.9
10487.8
10174.7
9861.63
9548.5
9235.36
8922.21
8609.05
8295.87
7982.68
7669.48
7356.27
7043.04
6729.8
6416.53
6103.25
5789.94
5476.61
5163.25
4849.85
4533.96
4188.55
3784.52
3310.25
2762.97
2093.42
1399.95
356.624
24813.5
23918.6
23447.7
22904
22424.8
21974.9
21557.9
21171
20812.2
20479.4
20164.5
19854.7
19544.5
19234.1
18923.4
18612.4
18301.3
17989.9
17678.4
17366.7
17054.8
16742.8
16430.7
16118.4
15806.1
15493.7
15181.2
14868.6
14556
14243.2
13930.5
13617.7
13304.8
12991.9
12679
12366.1
12053.1
11740.1
11427
11114
10800.9
10487.8
10174.7
9861.63
9548.5
9235.36
8922.21
8609.05
8295.87
7982.69
7669.49
7356.28
7043.05
6729.81
6416.56
6103.28
5789.98
5476.66
5163.31
4849.93
4534.07
4188.69
3784.69
3310.56
2763.31
2093.78
1401.8
354.746
24832
23926.6
23451.1
22906.4
22425.8
21975.5
21558.2
21171.2
20812.3
20479.5
20164.5
19854.7
19544.6
19234.1
18923.4
18612.5
18301.3
17990
17678.4
17366.7
17054.8
16742.8
16430.7
16118.5
15806.1
15493.7
15181.2
14868.6
14556
14243.3
13930.5
13617.7
13304.8
12991.9
12679
12366.1
12053.1
11740.1
11427
11114
10800.9
10487.8
10174.7
9861.63
9548.5
9235.36
8922.21
8609.05
8295.88
7982.7
7669.5
7356.3
7043.08
6729.84
6416.59
6103.33
5790.04
5476.73
5163.4
4850.04
4534.19
4188.86
3784.87
3310.89
2763.58
2094.25
1403.18
352.966
24847.9
23934.7
23454.4
22909
22426.9
21976.2
21558.6
21171.4
20812.4
20479.6
20164.6
19854.8
19544.6
19234.2
18923.5
18612.6
18301.4
17990
17678.5
17366.7
17054.9
16742.9
16430.7
16118.5
15806.2
15493.7
15181.2
14868.6
14556
14243.3
13930.5
13617.7
13304.8
12992
12679
12366.1
12053.1
11740.1
11427.1
11114
10800.9
10487.8
10174.7
9861.63
9548.51
9235.37
8922.22
8609.06
8295.89
7982.71
7669.52
7356.32
7043.11
6729.88
6416.64
6103.38
5790.11
5476.81
5163.5
4850.16
4534.34
4189.03
3785.06
3311.23
2763.78
2094.76
1404.18
351.295
24859.8
23941.8
23457
22911.4
22427.9
21976.9
21559
21171.7
20812.6
20479.7
20164.7
19854.9
19544.7
19234.3
18923.6
18612.6
18301.4
17990.1
17678.5
17366.8
17054.9
16742.9
16430.8
16118.5
15806.2
15493.8
15181.2
14868.7
14556
14243.3
13930.5
13617.7
13304.9
12992
12679
12366.1
12053.1
11740.1
11427.1
11114
10800.9
10487.9
10174.8
9861.64
9548.52
9235.38
8922.23
8609.08
8295.91
7982.73
7669.55
7356.35
7043.15
6729.93
6416.7
6103.45
5790.19
5476.91
5163.61
4850.29
4534.49
4189.21
3785.25
3311.55
2763.93
2095.29
1404.85
349.717
24866.3
23946.6
23458.1
22912.8
22428.4
21977.2
21559.2
21171.8
20812.7
20479.8
20164.8
19854.9
19544.8
19234.3
18923.6
18612.7
18301.5
17990.1
17678.6
17366.9
17055
16743
16430.8
16118.6
15806.2
15493.8
15181.3
14868.7
14556
14243.3
13930.5
13617.7
13304.9
12992
12679
12366.1
12053.1
11740.1
11427.1
11114
10800.9
10487.9
10174.8
9861.65
9548.53
9235.39
8922.25
8609.1
8295.93
7982.76
7669.58
7356.39
7043.19
6729.98
6416.76
6103.53
5790.28
5477.01
5163.73
4850.42
4534.65
4189.39
3785.43
3311.86
2764.01
2095.78
1405.26
348.19
24866.1
23948.1
23457
22912.9
22428.1
21977
21559.1
21171.7
20812.6
20479.8
20164.8
19855
19544.8
19234.4
18923.7
18612.7
18301.6
17990.2
17678.6
17366.9
17055
16743
16430.9
16118.6
15806.3
15493.8
15181.3
14868.7
14556
14243.3
13930.6
13617.7
13304.9
12992
12679.1
12366.1
12053.1
11740.1
11427.1
11114
10800.9
10487.9
10174.8
9861.66
9548.54
9235.41
8922.27
8609.12
8295.96
7982.79
7669.62
7356.44
7043.25
6730.05
6416.84
6103.61
5790.38
5477.13
5163.86
4850.57
4534.81
4189.57
3785.61
3312.13
2764.05
2096.24
1405.45
346.667
24857.6
23945.4
23453.2
22911.3
22426.8
21976.2
21558.5
21171.4
20812.4
20479.6
20164.7
19854.9
19544.8
19234.4
18923.7
18612.8
18301.6
17990.2
17678.7
17366.9
17055.1
16743
16430.9
16118.6
15806.3
15493.8
15181.3
14868.7
14556.1
14243.3
13930.6
13617.7
13304.9
12992
12679.1
12366.1
12053.1
11740.1
11427.1
11114
10801
10487.9
10174.8
9861.67
9548.55
9235.42
8922.28
8609.14
8295.99
7982.83
7669.66
7356.49
7043.31
6730.12
6416.92
6103.71
5790.48
5477.25
5163.99
4850.72
4534.97
4189.74
3785.79
3312.39
2764.05
2096.66
1405.44
345.111
24839.4
23938.2
23446.4
22907.9
22424.4
21974.8
21557.6
21170.8
20812.1
20479.4
20164.6
19854.9
19544.8
19234.4
18923.7
18612.8
18301.6
17990.3
17678.7
17367
17055.1
16743.1
16430.9
16118.7
15806.3
15493.9
15181.3
14868.7
14556.1
14243.3
13930.6
13617.7
13304.9
12992
12679.1
12366.1
12053.1
11740.1
11427.1
11114
10801
10487.9
10174.8
9861.67
9548.56
9235.43
8922.3
8609.16
8296.01
7982.86
7669.7
7356.54
7043.36
6730.19
6417
6103.8
5790.6
5477.37
5164.14
4850.88
4535.15
4189.94
3785.98
3312.66
2764.04
2097.1
1405.22
343.507
24809.7
23926.6
23436.7
22902.9
22421.3
21972.9
21556.5
21170.1
20811.6
20479.2
20164.5
19854.8
19544.8
19234.4
18923.8
18612.8
18301.7
17990.3
17678.7
17367
17055.1
16743.1
16430.9
16118.7
15806.3
15493.9
15181.3
14868.7
14556.1
14243.3
13930.6
13617.7
13304.9
12992
12679.1
12366.1
12053.1
11740.1
11427.1
11114
10801
10487.9
10174.8
9861.68
9548.57
9235.44
8922.32
8609.18
8296.04
7982.89
7669.74
7356.58
7043.42
6730.25
6417.08
6103.9
5790.71
5477.51
5164.29
4851.05
4535.35
4190.15
3786.21
3312.97
2764.06
2097.67
1404.78
341.892
24770.2
23914.5
23427.3
22899.2
22419.4
21972.2
21556.4
21170.3
20812
20479.5
20164.8
19855.1
19545.1
19234.7
18924
18613
18301.9
17990.4
17678.9
17367.1
17055.2
16743.1
16431
16118.7
15806.3
15493.9
15181.3
14868.7
14556.1
14243.3
13930.6
13617.7
13304.9
12992
12679
12366.1
12053.1
11740.1
11427.1
11114
10800.9
10487.9
10174.8
9861.68
9548.57
9235.45
8922.32
8609.19
8296.05
7982.91
7669.77
7356.62
7043.47
6730.32
6417.16
6104
5790.84
5477.67
5164.48
4851.29
4535.62
4190.48
3786.58
3313.49
2764.26
2098.72
1403.96
340.116
24716.4
23900.9
23415.7
22894.5
22416.9
21971
21555.9
21170.1
20812
20479.6
20165
19855.3
19545.2
19234.8
18924.1
18613.1
18301.9
17990.5
17678.9
17367.1
17055.2
16743.2
16431
16118.7
15806.3
15493.9
15181.3
14868.7
14556.1
14243.3
13930.6
13617.7
13304.9
12992
12679
12366.1
12053.1
11740.1
11427.1
11114
10800.9
10487.9
10174.8
9861.67
9548.57
9235.45
8922.32
8609.19
8296.06
7982.93
7669.79
7356.65
7043.51
6730.37
6417.23
6104.08
5790.94
5477.79
5164.64
4851.47
4535.85
4190.76
3786.92
3314.02
2764.34
2100.36
1402.72
339.385
24685.3
23929.9
23431.3
22911.1
22429.7
21980.9
21563.5
21176
20816.5
20483.2
20167.8
19857.5
19547
19236.2
18925.2
18614
18302.6
17991.1
17679.4
17367.5
17055.5
16743.4
16431.2
16118.9
15806.5
15494
15181.4
14868.8
14556.1
14243.4
13930.6
13617.8
13304.9
12992
12679.1
12366.1
12053.1
11740.1
11427.1
11114
10800.9
10487.9
10174.8
9861.65
9548.54
9235.42
8922.29
8609.16
8296.02
7982.89
7669.75
7356.62
7043.49
6730.36
6417.24
6104.14
5791.04
5477.97
5164.91
4851.88
4536.43
4191.56
3788.08
3315.91
2765.97
2106.78
1400.58
334.327
24767.8
23952.3
23460.2
22919.1
22436
21983.5
21564.5
21176.1
20816.2
20482.6
20167.1
19856.8
19546.3
19235.6
18924.6
18613.5
18302.2
17990.7
17679.1
17367.3
17055.4
16743.3
16431.1
16118.8
15806.5
15494
15181.5
14868.9
14556.2
14243.5
13930.7
13617.9
13305
12992.1
12679.2
12366.2
12053.2
11740.2
11427.1
11114.1
10801
10487.9
10174.8
9861.69
9548.56
9235.41
8922.26
8609.09
8295.92
7982.72
7669.52
7356.3
7043.06
6729.81
6416.53
6103.23
5789.9
5476.53
5163.13
4849.67
4533.71
4188.19
3783.93
3309.74
2760.02
2094.48
1382.39
413.425
24755.9
23934.3
23455.7
22914.4
22433.8
21982.1
21563.7
21175.7
20815.9
20482.5
20167
19856.8
19546.3
19235.6
18924.6
18613.5
18302.2
17990.7
17679.1
17367.3
17055.3
16743.3
16431.1
16118.8
15806.5
15494
15181.5
14868.8
14556.2
14243.4
13930.7
13617.8
13305
12992.1
12679.1
12366.2
12053.2
11740.2
11427.1
11114.1
10801
10487.9
10174.8
9861.67
9548.54
9235.4
8922.24
8609.08
8295.9
7982.7
7669.5
7356.27
7043.04
6729.78
6416.5
6103.2
5789.87
5476.5
5163.1
4849.65
4533.69
4188.17
3783.99
3309.62
2760.7
2094.06
1385.86
365.383
24760.4
23922.9
23453.6
22911.1
22432.3
21981
21563.1
21175.2
20815.6
20482.3
20166.9
19856.7
19546.3
19235.6
18924.6
18613.5
18302.2
17990.7
17679.1
17367.3
17055.3
16743.3
16431.1
16118.8
15806.4
15494
15181.4
14868.8
14556.2
14243.4
13930.7
13617.8
13305
12992.1
12679.1
12366.2
12053.2
11740.2
11427.1
11114.1
10801
10487.9
10174.8
9861.66
9548.53
9235.39
8922.23
8609.06
8295.88
7982.69
7669.48
7356.26
7043.02
6729.76
6416.48
6103.18
5789.85
5476.49
5163.09
4849.65
4533.7
4188.2
3784.08
3309.58
2761.43
2093.44
1390.63
362.148
24773.8
23918.4
23453
22909.4
22431.2
21980.2
21562.5
21174.9
20815.4
20482.2
20166.8
19856.7
19546.2
19235.5
18924.6
18613.5
18302.2
17990.7
17679.1
17367.3
17055.3
16743.3
16431.1
16118.8
15806.4
15494
15181.4
14868.8
14556.2
14243.4
13930.7
13617.8
13305
12992.1
12679.1
12366.2
12053.2
11740.1
11427.1
11114
10801
10487.9
10174.8
9861.66
9548.52
9235.38
8922.22
8609.05
8295.87
7982.68
7669.47
7356.25
7043.01
6729.75
6416.48
6103.18
5789.85
5476.49
5163.1
4849.67
4533.74
4188.26
3784.18
3309.68
2762.07
2093.15
1394.4
362.939
24791.1
23918.6
23453.5
22908.9
22430.6
21979.8
21562.2
21174.7
20815.3
20482.1
20166.8
19856.6
19546.2
19235.5
18924.6
18613.5
18302.2
17990.7
17679.1
17367.3
17055.3
16743.3
16431.1
16118.8
15806.4
15494
15181.4
14868.8
14556.2
14243.4
13930.6
13617.8
13305
12992.1
12679.1
12366.2
12053.2
11740.1
11427.1
11114
10801
10487.9
10174.8
9861.65
9548.52
9235.37
8922.21
8609.04
8295.86
7982.67
7669.46
7356.24
7043
6729.75
6416.48
6103.18
5789.86
5476.51
5163.13
4849.71
4533.8
4188.35
3784.31
3309.86
2762.61
2093.13
1397.33
360.717
24810.5
23922.5
23455.4
22909.6
22430.6
21979.7
21562.1
21174.6
20815.2
20482
20166.7
19856.6
19546.2
19235.5
18924.7
18613.5
18302.2
17990.8
17679.1
17367.3
17055.4
16743.3
16431.1
16118.8
15806.4
15494
15181.4
14868.8
14556.2
14243.4
13930.6
13617.8
13305
12992.1
12679.1
12366.1
12053.2
11740.1
11427.1
11114
10801
10487.9
10174.8
9861.65
9548.51
9235.37
8922.21
8609.04
8295.86
7982.67
7669.46
7356.24
7043.01
6729.76
6416.49
6103.2
5789.89
5476.55
5163.18
4849.77
4533.88
4188.47
3784.46
3310.12
2763.06
2093.31
1399.73
358.467
24830.3
23929.1
23458.2
22911.4
22431.1
21980
21562.2
21174.6
20815.2
20482
20166.7
19856.6
19546.2
19235.6
18924.7
18613.6
18302.3
17990.8
17679.1
17367.3
17055.4
16743.3
16431.1
16118.8
15806.5
15494
15181.4
14868.8
14556.2
14243.4
13930.6
13617.8
13305
12992.1
12679.1
12366.1
12053.2
11740.1
11427.1
11114
10801
10487.9
10174.8
9861.64
9548.51
9235.37
8922.21
8609.04
8295.86
7982.67
7669.47
7356.25
7043.02
6729.78
6416.51
6103.23
5789.93
5476.6
5163.24
4849.86
4533.99
4188.61
3784.63
3310.43
2763.43
2093.64
1401.62
356.464
24848.9
23937
23461.6
22913.8
22432.1
21980.6
21562.5
21174.8
20815.3
20482.1
20166.8
19856.7
19546.3
19235.6
18924.7
18613.6
18302.3
17990.8
17679.2
17367.4
17055.4
16743.3
16431.1
16118.9
15806.5
15494
15181.5
14868.8
14556.2
14243.4
13930.7
13617.8
13305
12992.1
12679.1
12366.2
12053.2
11740.1
11427.1
11114
10801
10487.9
10174.8
9861.65
9548.51
9235.37
8922.21
8609.05
8295.87
7982.68
7669.48
7356.27
7043.04
6729.8
6416.55
6103.27
5789.98
5476.67
5163.33
4849.96
4534.12
4188.78
3784.81
3310.76
2763.71
2094.07
1403.05
354.561
24864.9
23945.2
23465
22916.4
22433.2
21981.3
21562.8
21175
20815.4
20482.2
20166.9
19856.7
19546.3
19235.7
18924.8
18613.7
18302.4
17990.9
17679.2
17367.4
17055.5
16743.4
16431.2
16118.9
15806.5
15494
15181.5
14868.9
14556.2
14243.5
13930.7
13617.8
13305
12992.1
12679.1
12366.2
12053.2
11740.1
11427.1
11114
10801
10487.9
10174.8
9861.65
9548.52
9235.38
8922.22
8609.06
8295.88
7982.7
7669.5
7356.29
7043.07
6729.84
6416.59
6103.33
5790.05
5476.75
5163.43
4850.08
4534.26
4188.95
3785
3311.09
2763.93
2094.54
1404.09
352.781
24877
23952.2
23467.6
22918.7
22434.2
21981.9
21563.2
21175.2
20815.6
20482.3
20167
19856.8
19546.4
19235.7
18924.9
18613.7
18302.4
17990.9
17679.3
17367.5
17055.5
16743.4
16431.2
16118.9
15806.5
15494.1
15181.5
14868.9
14556.2
14243.5
13930.7
13617.8
13305
12992.1
12679.1
12366.2
12053.2
11740.1
11427.1
11114
10801
10487.9
10174.8
9861.66
9548.53
9235.39
8922.23
8609.07
8295.9
7982.72
7669.53
7356.33
7043.11
6729.89
6416.65
6103.4
5790.13
5476.85
5163.54
4850.21
4534.41
4189.13
3785.19
3311.42
2764.08
2095.03
1404.81
351.12
24883.7
23957.1
23468.8
22920.2
22434.7
21982.3
21563.4
21175.4
20815.7
20482.4
20167
19856.9
19546.5
19235.8
18924.9
18613.8
18302.5
17991
17679.3
17367.5
17055.5
16743.5
16431.3
16119
15806.6
15494.1
15181.5
14868.9
14556.2
14243.5
13930.7
13617.9
13305
12992.1
12679.1
12366.2
12053.2
11740.2
11427.1
11114.1
10801
10487.9
10174.8
9861.66
9548.54
9235.4
8922.25
8609.09
8295.92
7982.75
7669.56
7356.37
7043.16
6729.95
6416.72
6103.48
5790.22
5476.95
5163.66
4850.35
4534.57
4189.31
3785.38
3311.72
2764.18
2095.5
1405.26
349.544
24883.7
23958.7
23467.8
22920.4
22434.5
21982.2
21563.3
21175.3
20815.7
20482.4
20167
19856.9
19546.5
19235.9
18925
18613.9
18302.5
17991
17679.4
17367.6
17055.6
16743.5
16431.3
16119
15806.6
15494.1
15181.6
14868.9
14556.2
14243.5
13930.7
13617.9
13305
12992.1
12679.1
12366.2
12053.2
11740.2
11427.1
11114.1
10801
10487.9
10174.8
9861.67
9548.55
9235.41
8922.27
8609.11
8295.95
7982.78
7669.6
7356.41
7043.21
6730.01
6416.79
6103.56
5790.32
5477.07
5163.79
4850.5
4534.73
4189.49
3785.56
3312.01
2764.23
2095.94
1405.49
348.016
24875.4
23956.1
23464
22918.8
22433.2
21981.4
21562.8
21175
20815.4
20482.2
20167
19856.9
19546.5
19235.9
18925
18613.9
18302.6
17991.1
17679.4
17367.6
17055.6
16743.5
16431.3
16119
15806.6
15494.1
15181.6
14868.9
14556.3
14243.5
13930.7
13617.9
13305
12992.1
12679.1
12366.2
12053.2
11740.2
11427.1
11114.1
10801
10487.9
10174.8
9861.68
9548.56
9235.43
8922.28
8609.13
8295.98
7982.81
7669.64
7356.46
7043.27
6730.08
6416.87
6103.66
5790.43
5477.19
5163.93
4850.65
4534.9
4189.68
3785.74
3312.27
2764.25
2096.35
1405.52
346.507
24857.3
23949
23457.3
22915.5
22430.9
21980
21562
21174.4
20815.1
20482.1
20166.9
19856.9
19546.5
19235.9
18925
18614
18302.6
17991.1
17679.5
17367.6
17055.7
16743.6
16431.4
16119.1
15806.6
15494.2
15181.6
14869
14556.3
14243.5
13930.7
13617.9
13305
12992.1
12679.1
12366.2
12053.2
11740.2
11427.1
11114.1
10801
10487.9
10174.8
9861.69
9548.57
9235.44
8922.3
8609.16
8296
7982.84
7669.68
7356.51
7043.33
6730.15
6416.96
6103.75
5790.54
5477.32
5164.08
4850.82
4535.09
4189.88
3785.94
3312.56
2764.26
2096.8
1405.35
345.008
24827.7
23937.6
23447.7
22910.7
22427.8
21978.2
21560.9
21173.8
20814.8
20481.9
20166.8
19856.8
19546.5
19235.9
18925.1
18614
18302.7
17991.2
17679.5
17367.7
17055.7
16743.6
16431.4
16119.1
15806.7
15494.2
15181.6
14869
14556.3
14243.5
13930.7
13617.9
13305
12992.1
12679.1
12366.2
12053.2
11740.2
11427.1
11114.1
10801
10487.9
10174.8
9861.7
9548.58
9235.45
8922.32
8609.17
8296.03
7982.88
7669.72
7356.56
7043.39
6730.22
6417.04
6103.85
5790.66
5477.45
5164.23
4850.99
4535.29
4190.1
3786.17
3312.88
2764.3
2097.4
1404.96
343.564
24788.4
23925.8
23438.5
22907.1
22426.1
21977.6
21560.9
21174.1
20815.1
20482.3
20167.2
19857.2
19546.9
19236.2
18925.4
18614.2
18302.9
17991.3
17679.6
17367.8
17055.8
16743.7
16431.4
16119.1
15806.7
15494.2
15181.6
14869
14556.3
14243.5
13930.7
13617.9
13305
12992.1
12679.1
12366.2
12053.2
11740.2
11427.1
11114.1
10801
10487.9
10174.8
9861.69
9548.58
9235.45
8922.32
8609.18
8296.04
7982.9
7669.75
7356.59
7043.44
6730.28
6417.12
6103.96
5790.79
5477.61
5164.43
4851.23
4535.57
4190.43
3786.55
3313.41
2764.52
2098.47
1404.2
342.026
24734.8
23912.2
23426.8
22902.5
22423.6
21976.5
21560.4
21173.9
20815.2
20482.4
20167.4
19857.4
19547
19236.4
18925.5
18614.3
18303
17991.4
17679.7
17367.8
17055.8
16743.7
16431.5
16119.1
15806.7
15494.2
15181.6
14869
14556.3
14243.5
13930.7
13617.9
13305
12992.1
12679.1
12366.2
12053.2
11740.1
11427.1
11114.1
10801
10487.9
10174.8
9861.69
9548.58
9235.45
8922.32
8609.19
8296.05
7982.91
7669.77
7356.62
7043.48
6730.33
6417.18
6104.04
5790.89
5477.74
5164.58
4851.42
4535.8
4190.7
3786.88
3313.95
2764.58
2100.11
1403
341.44
24704
23941.4
23442.3
22919.2
22436.4
21986.3
21568
21179.7
20819.7
20485.9
20170.2
19859.6
19548.8
19237.8
18926.6
18615.2
18303.7
17992
17680.1
17368.2
17056.1
16743.9
16431.6
16119.3
15806.8
15494.3
15181.7
14869
14556.3
14243.6
13930.7
13617.9
13305
12992.1
12679.1
12366.2
12053.2
11740.1
11427.1
11114
10801
10487.9
10174.8
9861.67
9548.55
9235.42
8922.29
8609.15
8296.01
7982.87
7669.73
7356.59
7043.45
6730.32
6417.2
6104.08
5790.98
5477.9
5164.84
4851.8
4536.34
4191.47
3787.99
3315.77
2766.07
2106.36
1400.84
336.923
24783.6
23963.2
23470.2
22926.7
22442.4
21988.7
21568.9
21179.9
20819.4
20485.4
20169.5
19858.9
19548.1
19237.2
18926
18614.7
18303.3
17991.7
17679.9
17368
17056
16743.9
16431.6
16119.3
15806.9
15494.3
15181.8
14869.1
14556.4
14243.7
13930.9
13618
13305.1
12992.2
12679.3
12366.3
12053.3
11740.2
11427.2
11114.1
10801
10487.9
10174.8
9861.71
9548.57
9235.43
8922.27
8609.09
8295.91
7982.71
7669.5
7356.28
7043.04
6729.78
6416.49
6103.19
5789.85
5476.48
5163.06
4849.61
4533.64
4188.11
3783.86
3309.63
2759.99
2094.35
1381.95
413.384
24771.7
23945
23465.8
22922
22440.3
21987.3
21568.1
21179.4
20819.1
20485.2
20169.4
19858.9
19548.1
19237.2
18926.1
18614.8
18303.3
17991.7
17679.9
17368
17056
16743.8
16431.6
16119.3
15806.8
15494.3
15181.8
14869.1
14556.4
14243.7
13930.9
13618
13305.1
12992.2
12679.2
12366.3
12053.3
11740.2
11427.2
11114.1
10801
10487.9
10174.8
9861.7
9548.56
9235.41
8922.25
8609.08
8295.89
7982.69
7669.48
7356.25
7043.01
6729.75
6416.46
6103.15
5789.82
5476.44
5163.04
4849.58
4533.62
4188.1
3783.92
3309.51
2760.69
2093.98
1385.52
366.763
24776.3
23933.6
23463.7
22918.7
22438.7
21986.2
21567.5
21179
20818.8
20485.1
20169.3
19858.8
19548.1
19237.2
18926.1
18614.8
18303.3
17991.7
17679.9
17368
17056
16743.8
16431.6
16119.3
15806.8
15494.3
15181.7
14869.1
14556.4
14243.6
13930.8
13618
13305.1
12992.2
12679.2
12366.3
12053.3
11740.2
11427.2
11114.1
10801
10487.9
10174.8
9861.69
9548.55
9235.4
8922.24
8609.06
8295.88
7982.68
7669.46
7356.24
7042.99
6729.73
6416.44
6103.14
5789.8
5476.43
5163.03
4849.58
4533.63
4188.12
3784.01
3309.48
2761.44
2093.4
1390.32
363.946
24789.6
23929.1
23463.1
22916.9
22437.6
21985.5
21567
21178.6
20818.6
20484.9
20169.3
19858.8
19548.1
19237.2
18926.1
18614.8
18303.3
17991.7
17679.9
17368
17056
16743.8
16431.6
16119.3
15806.8
15494.3
15181.7
14869.1
14556.4
14243.6
13930.8
13618
13305.1
12992.2
12679.2
12366.3
12053.2
11740.2
11427.2
11114.1
10801
10487.9
10174.8
9861.68
9548.54
9235.39
8922.23
8609.05
8295.87
7982.67
7669.45
7356.23
7042.98
6729.72
6416.44
6103.13
5789.8
5476.44
5163.04
4849.6
4533.67
4188.18
3784.12
3309.58
2762.09
2093.13
1394.12
364.73
24806.8
23929.3
23463.6
22916.4
22437
21985
21566.6
21178.4
20818.5
20484.8
20169.2
19858.7
19548.1
19237.2
18926.1
18614.8
18303.3
17991.7
17679.9
17368
17056
16743.8
16431.6
16119.3
15806.8
15494.3
15181.7
14869.1
14556.4
14243.6
13930.8
13618
13305.1
12992.2
12679.2
12366.2
12053.2
11740.2
11427.2
11114.1
10801
10487.9
10174.8
9861.67
9548.54
9235.38
8922.22
8609.05
8295.86
7982.66
7669.45
7356.22
7042.98
6729.72
6416.44
6103.14
5789.81
5476.46
5163.07
4849.65
4533.73
4188.28
3784.26
3309.77
2762.65
2093.12
1397.08
362.47
24826.3
23933.2
23465.5
22917.1
22437
21985
21566.5
21178.3
20818.4
20484.8
20169.2
19858.7
19548.1
19237.2
18926.1
18614.8
18303.3
17991.7
17679.9
17368
17056
16743.9
16431.6
16119.3
15806.8
15494.3
15181.7
14869.1
14556.4
14243.6
13930.8
13618
13305.1
12992.2
12679.2
12366.2
12053.2
11740.2
11427.2
11114.1
10801
10487.9
10174.8
9861.67
9548.53
9235.38
8922.22
8609.04
8295.86
7982.66
7669.45
7356.22
7042.98
6729.73
6416.45
6103.16
5789.84
5476.49
5163.12
4849.71
4533.82
4188.4
3784.41
3310.03
2763.12
2093.29
1399.52
360.159
24846.1
23939.7
23468.4
22918.9
22437.6
21985.2
21566.6
21178.3
20818.4
20484.8
20169.2
19858.7
19548.1
19237.2
18926.1
18614.8
18303.4
17991.7
17680
17368.1
17056
16743.9
16431.6
16119.3
15806.8
15494.3
15181.7
14869.1
14556.4
14243.6
13930.8
13618
13305.1
12992.2
12679.2
12366.2
12053.2
11740.2
11427.2
11114.1
10801
10487.9
10174.8
9861.67
9548.53
9235.38
8922.22
8609.04
8295.86
7982.66
7669.45
7356.23
7042.99
6729.74
6416.47
6103.19
5789.88
5476.54
5163.19
4849.8
4533.93
4188.55
3784.58
3310.34
2763.5
2093.6
1401.45
358.071
24864.8
23947.6
23471.8
22921.3
22438.5
21985.8
21566.8
21178.5
20818.5
20484.8
20169.2
19858.8
19548.1
19237.2
18926.1
18614.9
18303.4
17991.8
17680
17368.1
17056.1
16743.9
16431.7
16119.3
15806.9
15494.4
15181.8
14869.1
14556.4
14243.6
13930.8
13618
13305.1
12992.2
12679.2
12366.2
12053.2
11740.2
11427.2
11114.1
10801
10487.9
10174.8
9861.67
9548.53
9235.38
8922.22
8609.05
8295.86
7982.67
7669.46
7356.25
7043.02
6729.77
6416.51
6103.23
5789.93
5476.61
5163.27
4849.9
4534.06
4188.71
3784.77
3310.67
2763.8
2094
1402.91
356.076
24880.9
23955.8
23475.2
22923.9
22439.6
21986.5
21567.2
21178.7
20818.6
20484.9
20169.3
19858.8
19548.2
19237.3
18926.2
18614.9
18303.5
17991.8
17680.1
17368.1
17056.1
16743.9
16431.7
16119.3
15806.9
15494.4
15181.8
14869.1
14556.4
14243.7
13930.8
13618
13305.1
12992.2
12679.2
12366.3
12053.2
11740.2
11427.2
11114.1
10801
10487.9
10174.8
9861.67
9548.54
9235.39
8922.23
8609.06
8295.88
7982.69
7669.48
7356.27
7043.05
6729.81
6416.56
6103.29
5790
5476.7
5163.37
4850.02
4534.2
4188.89
3784.96
3311
2764.03
2094.45
1403.99
354.213
24893.1
23962.9
23477.9
22926.2
22440.6
21987.2
21567.6
21178.9
20818.8
20485
20169.4
19858.9
19548.2
19237.4
18926.3
18615
18303.5
17991.9
17680.1
17368.2
17056.1
16744
16431.7
16119.4
15806.9
15494.4
15181.8
14869.2
14556.4
14243.7
13930.9
13618
13305.1
12992.2
12679.2
12366.3
12053.2
11740.2
11427.2
11114.1
10801
10487.9
10174.8
9861.68
9548.54
9235.4
8922.24
8609.07
8295.89
7982.71
7669.51
7356.3
7043.09
6729.86
6416.61
6103.36
5790.08
5476.79
5163.48
4850.15
4534.35
4189.07
3785.15
3311.33
2764.19
2094.91
1404.74
352.487
24900
23967.8
23479.1
22927.8
22441.2
21987.5
21567.8
21179.1
20818.9
20485.1
20169.4
19859
19548.3
19237.4
18926.3
18615
18303.6
17991.9
17680.2
17368.2
17056.2
16744
16431.8
16119.4
15807
15494.4
15181.8
14869.2
14556.5
14243.7
13930.9
13618
13305.1
12992.2
12679.2
12366.3
12053.3
11740.2
11427.2
11114.1
10801
10487.9
10174.8
9861.69
9548.55
9235.41
8922.25
8609.09
8295.92
7982.73
7669.54
7356.34
7043.13
6729.91
6416.68
6103.43
5790.17
5476.9
5163.61
4850.29
4534.51
4189.26
3785.34
3311.64
2764.3
2095.36
1405.22
350.872
24900.1
23969.4
23478.2
22928
22440.9
21987.4
21567.7
21179
20818.8
20485.1
20169.4
19859
19548.3
19237.5
18926.4
18615.1
18303.6
17992
17680.2
17368.3
17056.2
16744.1
16431.8
16119.4
15807
15494.5
15181.9
14869.2
14556.5
14243.7
13930.9
13618
13305.1
12992.2
12679.3
12366.3
12053.3
11740.2
11427.2
11114.1
10801
10487.9
10174.8
9861.7
9548.56
9235.42
8922.27
8609.11
8295.94
7982.77
7669.58
7356.39
7043.19
6729.98
6416.75
6103.52
5790.27
5477.01
5163.74
4850.44
4534.68
4189.44
3785.52
3311.92
2764.36
2095.79
1405.49
349.342
24891.9
23967
23474.5
22926.5
22439.7
21986.7
21567.2
21178.7
20818.7
20485
20169.4
19859
19548.4
19237.5
18926.4
18615.1
18303.7
17992
17680.3
17368.3
17056.3
16744.1
16431.8
16119.5
15807
15494.5
15181.9
14869.2
14556.5
14243.7
13930.9
13618
13305.1
12992.2
12679.3
12366.3
12053.3
11740.2
11427.2
11114.1
10801
10487.9
10174.8
9861.71
9548.58
9235.44
8922.29
8609.13
8295.97
7982.8
7669.62
7356.44
7043.25
6730.04
6416.83
6103.61
5790.38
5477.14
5163.88
4850.6
4534.85
4189.63
3785.71
3312.2
2764.4
2096.2
1405.55
347.874
24873.9
23960
23467.8
22923.3
22437.5
21985.4
21566.4
21178.2
20818.4
20484.9
20169.3
19859
19548.4
19237.5
18926.5
18615.2
18303.7
17992.1
17680.3
17368.4
17056.3
16744.2
16431.9
16119.5
15807
15494.5
15181.9
14869.2
14556.5
14243.7
13930.9
13618
13305.1
12992.2
12679.3
12366.3
12053.3
11740.2
11427.2
11114.1
10801
10487.9
10174.8
9861.71
9548.59
9235.45
8922.31
8609.15
8296
7982.83
7669.66
7356.49
7043.31
6730.12
6416.92
6103.71
5790.5
5477.27
5164.03
4850.76
4535.04
4189.83
3785.91
3312.49
2764.43
2096.66
1405.42
346.464
24844.5
23948.7
23458.3
22918.5
22434.4
21983.6
21565.4
21177.6
20818
20484.7
20169.3
19859
19548.4
19237.6
18926.5
18615.3
18303.8
17992.2
17680.4
17368.4
17056.4
16744.2
16431.9
16119.5
15807.1
15494.5
15181.9
14869.2
14556.5
14243.7
13930.9
13618
13305.1
12992.2
12679.3
12366.3
12053.3
11740.2
11427.2
11114.1
10801
10487.9
10174.8
9861.72
9548.59
9235.46
8922.32
8609.17
8296.02
7982.86
7669.7
7356.54
7043.36
6730.19
6417
6103.81
5790.61
5477.41
5164.18
4850.94
4535.24
4190.06
3786.15
3312.83
2764.48
2097.27
1405.07
345.161
24805.4
23937.1
23449.2
22915.1
22432.8
21983.1
21565.5
21178
20818.5
20485.2
20169.7
19859.4
19548.8
19237.9
18926.8
18615.5
18304
17992.3
17680.5
17368.5
17056.5
16744.3
16432
16119.6
15807.1
15494.5
15181.9
14869.2
14556.5
14243.7
13930.9
13618
13305.1
12992.2
12679.3
12366.3
12053.3
11740.2
11427.2
11114.1
10801
10487.9
10174.8
9861.72
9548.59
9235.46
8922.33
8609.18
8296.04
7982.88
7669.73
7356.57
7043.41
6730.25
6417.08
6103.91
5790.74
5477.56
5164.38
4851.18
4535.52
4190.39
3786.53
3313.36
2764.7
2098.36
1404.35
343.812
24751.9
23923.6
23437.5
22910.6
22430.3
21982
21565
21177.8
20818.5
20485.3
20169.9
19859.6
19549
19238.1
18927
18615.6
18304.1
17992.4
17680.6
17368.6
17056.5
16744.3
16432
16119.6
15807.1
15494.6
15181.9
14869.3
14556.5
14243.7
13930.9
13618
13305.1
12992.2
12679.2
12366.3
12053.3
11740.2
11427.2
11114.1
10801
10487.9
10174.8
9861.72
9548.59
9235.46
8922.33
8609.19
8296.05
7982.9
7669.75
7356.6
7043.45
6730.3
6417.15
6104
5790.84
5477.69
5164.53
4851.37
4535.75
4190.66
3786.86
3313.9
2764.76
2099.99
1403.16
343.352
24721.3
23953
23452.9
22927.3
22443.1
21991.9
21572.6
21183.6
20823
20488.8
20172.7
19861.8
19550.7
19239.4
18928
18616.5
18304.8
17992.9
17681
17368.9
17056.7
16744.5
16432.1
16119.7
15807.2
15494.6
15182
14869.3
14556.6
14243.8
13930.9
13618.1
13305.2
12992.2
12679.3
12366.3
12053.3
11740.2
11427.2
11114.1
10801
10487.9
10174.8
9861.69
9548.57
9235.43
8922.29
8609.15
8296
7982.86
7669.71
7356.56
7043.42
6730.28
6417.15
6104.04
5790.93
5477.84
5164.77
4851.72
4536.26
4191.39
3787.91
3315.65
2766.1
2106.08
1400.89
339.087
24798.7
23973.9
23480
22934.3
22448.9
21994.1
21573.4
21183.7
20822.7
20488.3
20172
19861.1
19550.1
19238.9
18927.5
18616.1
18304.4
17992.7
17680.8
17368.8
17056.7
16744.5
16432.2
16119.8
15807.3
15494.7
15182.1
14869.4
14556.7
14243.9
13931.1
13618.2
13305.3
12992.4
12679.4
12366.4
12053.4
11740.3
11427.3
11114.2
10801.1
10488
10174.9
9861.74
9548.6
9235.44
8922.28
8609.1
8295.91
7982.71
7669.49
7356.26
7043.02
6729.75
6416.46
6103.15
5789.81
5476.43
5163.01
4849.55
4533.58
4188.05
3783.8
3309.55
2759.97
2094.3
1381.62
413.445
24786.7
23955.7
23475.6
22929.6
22446.7
21992.7
21572.6
21183.2
20822.4
20488.1
20172
19861.1
19550.1
19238.9
18927.6
18616.1
18304.5
17992.7
17680.8
17368.8
17056.7
16744.5
16432.1
16119.7
15807.3
15494.7
15182.1
14869.4
14556.7
14243.9
13931.1
13618.2
13305.3
12992.3
12679.4
12366.4
12053.4
11740.3
11427.3
11114.2
10801.1
10488
10174.9
9861.73
9548.58
9235.43
8922.26
8609.08
8295.89
7982.69
7669.47
7356.24
7042.99
6729.72
6416.43
6103.12
5789.77
5476.4
5162.98
4849.53
4533.57
4188.04
3783.87
3309.44
2760.68
2093.96
1385.25
367.978
24791.2
23944.2
23473.5
22926.3
22445.2
21991.6
21572
21182.8
20822.2
20488
20171.9
19861.1
19550.1
19238.9
18927.6
18616.1
18304.5
17992.7
17680.8
17368.8
17056.7
16744.5
16432.1
16119.7
15807.3
15494.7
15182.1
14869.4
14556.7
14243.9
13931
13618.2
13305.3
12992.3
12679.4
12366.4
12053.3
11740.3
11427.2
11114.2
10801.1
10488
10174.8
9861.72
9548.57
9235.42
8922.25
8609.07
8295.88
7982.67
7669.45
7356.22
7042.97
6729.7
6416.41
6103.1
5789.76
5476.39
5162.98
4849.53
4533.58
4188.06
3783.96
3309.41
2761.44
2093.42
1390.07
365.516
24804.5
23939.7
23472.9
22924.5
22444.1
21990.8
21571.5
21182.5
20822
20487.8
20171.8
19861
19550
19238.9
18927.6
18616.1
18304.5
17992.7
17680.8
17368.8
17056.7
16744.5
16432.1
16119.7
15807.3
15494.7
15182.1
14869.4
14556.7
14243.9
13931
13618.2
13305.3
12992.3
12679.4
12366.4
12053.3
11740.3
11427.2
11114.2
10801.1
10488
10174.8
9861.71
9548.56
9235.41
8922.24
8609.06
8295.87
7982.66
7669.44
7356.21
7042.96
6729.69
6416.41
6103.09
5789.76
5476.39
5162.99
4849.55
4533.61
4188.13
3784.08
3309.51
2762.11
2093.17
1393.89
366.318
24821.8
23939.8
23473.4
22924
22443.5
21990.4
21571.1
21182.3
20821.8
20487.7
20171.7
19861
19550
19238.9
18927.6
18616.1
18304.5
17992.7
17680.8
17368.8
17056.7
16744.5
16432.2
16119.7
15807.3
15494.7
15182.1
14869.4
14556.7
14243.9
13931
13618.2
13305.3
12992.3
12679.4
12366.4
12053.3
11740.3
11427.2
11114.2
10801.1
10488
10174.8
9861.7
9548.56
9235.4
8922.23
8609.05
8295.86
7982.65
7669.44
7356.2
7042.96
6729.69
6416.41
6103.1
5789.77
5476.41
5163.02
4849.6
4533.68
4188.23
3784.22
3309.71
2762.68
2093.16
1396.87
364.057
24841.2
23943.7
23475.3
22924.7
22443.5
21990.3
21571
21182.1
20821.7
20487.7
20171.7
19861
19550
19238.9
18927.6
18616.1
18304.5
17992.7
17680.9
17368.8
17056.7
16744.5
16432.2
16119.8
15807.3
15494.7
15182.1
14869.4
14556.7
14243.9
13931
13618.2
13305.3
12992.3
12679.3
12366.4
12053.3
11740.3
11427.2
11114.2
10801.1
10488
10174.8
9861.7
9548.55
9235.4
8922.23
8609.05
8295.85
7982.65
7669.43
7356.2
7042.96
6729.7
6416.42
6103.12
5789.8
5476.45
5163.07
4849.66
4533.77
4188.35
3784.37
3309.97
2763.17
2093.33
1399.33
361.72
24861.1
23950.2
23478.2
22926.4
22444
21990.6
21571.1
21182.2
20821.7
20487.7
20171.7
19861
19550
19238.9
18927.6
18616.2
18304.5
17992.8
17680.9
17368.9
17056.7
16744.5
16432.2
16119.8
15807.3
15494.7
15182.1
14869.4
14556.7
14243.9
13931
13618.2
13305.3
12992.3
12679.3
12366.4
12053.3
11740.3
11427.2
11114.2
10801.1
10488
10174.8
9861.7
9548.55
9235.39
8922.23
8609.05
8295.86
7982.65
7669.44
7356.21
7042.97
6729.72
6416.44
6103.15
5789.84
5476.5
5163.14
4849.75
4533.88
4188.5
3784.55
3310.28
2763.56
2093.63
1401.29
359.579
24879.8
23958.2
23481.6
22928.8
22444.9
21991.1
21571.3
21182.3
20821.8
20487.7
20171.7
19861
19550.1
19239
18927.7
18616.2
18304.6
17992.8
17680.9
17368.9
17056.8
16744.5
16432.2
16119.8
15807.3
15494.7
15182.1
14869.4
14556.7
14243.9
13931
13618.2
13305.3
12992.3
12679.4
12366.4
12053.3
11740.3
11427.2
11114.2
10801.1
10488
10174.8
9861.7
9548.55
9235.4
8922.23
8609.05
8295.86
7982.66
7669.45
7356.23
7042.99
6729.74
6416.48
6103.19
5789.89
5476.57
5163.22
4849.85
4534.01
4188.67
3784.74
3310.61
2763.87
2094.01
1402.78
357.522
24896
23966.3
23485.1
22931.5
22446
21991.8
21571.7
21182.5
20821.9
20487.8
20171.8
19861.1
19550.1
19239
18927.7
18616.2
18304.6
17992.9
17681
17368.9
17056.8
16744.6
16432.2
16119.8
15807.3
15494.8
15182.1
14869.4
14556.7
14243.9
13931.1
13618.2
13305.3
12992.3
12679.4
12366.4
12053.3
11740.3
11427.2
11114.2
10801.1
10488
10174.8
9861.7
9548.56
9235.4
8922.24
8609.06
8295.88
7982.68
7669.47
7356.25
7043.02
6729.78
6416.52
6103.25
5789.96
5476.65
5163.32
4849.97
4534.15
4188.85
3784.93
3310.95
2764.11
2094.44
1403.89
355.599
24908.3
23973.4
23487.8
22933.8
22447.1
21992.5
21572.1
21182.8
20822.1
20487.9
20171.9
19861.1
19550.2
19239.1
18927.8
18616.3
18304.7
17992.9
17681
17369
17056.8
16744.6
16432.3
16119.8
15807.3
15494.8
15182.1
14869.4
14556.7
14243.9
13931.1
13618.2
13305.3
12992.3
12679.4
12366.4
12053.3
11740.3
11427.2
11114.2
10801.1
10488
10174.8
9861.71
9548.56
9235.41
8922.25
8609.07
8295.89
7982.7
7669.5
7356.29
7043.06
6729.83
6416.58
6103.32
5790.04
5476.75
5163.44
4850.11
4534.31
4189.03
3785.12
3311.27
2764.28
2094.88
1404.67
353.825
24915.3
23978.4
23489
22935.4
22447.6
21992.9
21572.3
21182.9
20822.2
20488
20172
19861.2
19550.3
19239.1
18927.8
18616.4
18304.7
17993
17681.1
17369
17056.9
16744.6
16432.3
16119.9
15807.4
15494.8
15182.2
14869.5
14556.7
14243.9
13931.1
13618.2
13305.3
12992.3
12679.4
12366.4
12053.3
11740.3
11427.2
11114.2
10801.1
10488
10174.8
9861.71
9548.57
9235.42
8922.26
8609.09
8295.91
7982.73
7669.53
7356.33
7043.11
6729.89
6416.65
6103.4
5790.13
5476.86
5163.56
4850.25
4534.47
4189.21
3785.31
3311.58
2764.4
2095.31
1405.18
352.184
24915.5
23980.1
23488.2
22935.6
22447.4
21992.8
21572.2
21182.9
20822.2
20488
20172
19861.2
19550.3
19239.2
18927.9
18616.4
18304.8
17993
17681.1
17369.1
17056.9
16744.7
16432.3
16119.9
15807.4
15494.8
15182.2
14869.5
14556.7
14243.9
13931.1
13618.2
13305.3
12992.3
12679.4
12366.4
12053.4
11740.3
11427.2
11114.2
10801.1
10488
10174.9
9861.72
9548.59
9235.44
8922.28
8609.11
8295.94
7982.76
7669.57
7356.37
7043.17
6729.95
6416.72
6103.49
5790.24
5476.97
5163.69
4850.4
4534.63
4189.4
3785.5
3311.87
2764.47
2095.73
1405.47
350.656
24907.4
23977.7
23484.5
22934.2
22446.2
21992.1
21571.8
21182.6
20822
20487.9
20171.9
19861.2
19550.3
19239.2
18927.9
18616.5
18304.9
17993.1
17681.2
17369.1
17057
16744.7
16432.4
16120
15807.4
15494.9
15182.2
14869.5
14556.7
14243.9
13931.1
13618.2
13305.3
12992.4
12679.4
12366.4
12053.4
11740.3
11427.3
11114.2
10801.1
10488
10174.9
9861.73
9548.6
9235.45
8922.3
8609.14
8295.97
7982.79
7669.61
7356.42
7043.22
6730.02
6416.8
6103.58
5790.34
5477.1
5163.83
4850.55
4534.81
4189.59
3785.69
3312.15
2764.51
2096.15
1405.57
349.226
24889.6
23970.9
23478
22931.1
22444.1
21990.8
21571
21182.1
20821.8
20487.8
20171.9
19861.3
19550.4
19239.3
18928
18616.5
18304.9
17993.2
17681.2
17369.2
17057
16744.8
16432.4
16120
15807.5
15494.9
15182.2
14869.5
14556.8
14244
13931.1
13618.2
13305.3
12992.4
12679.4
12366.4
12053.4
11740.3
11427.3
11114.2
10801.1
10488
10174.9
9861.74
9548.61
9235.46
8922.31
8609.16
8296
7982.83
7669.65
7356.47
7043.28
6730.09
6416.89
6103.68
5790.46
5477.23
5163.98
4850.72
4535
4189.8
3785.9
3312.45
2764.56
2096.61
1405.47
347.894
24860.3
23959.6
23468.5
22926.4
22441.1
21989.1
21570
21181.6
20821.4
20487.7
20171.9
19861.3
19550.4
19239.4
18928.1
18616.6
18305
17993.2
17681.3
17369.3
17057.1
16744.8
16432.5
16120
15807.5
15494.9
15182.2
14869.5
14556.8
14244
13931.1
13618.2
13305.3
12992.4
12679.4
12366.4
12053.4
11740.3
11427.3
11114.2
10801.1
10488
10174.9
9861.75
9548.62
9235.48
8922.33
8609.18
8296.02
7982.86
7669.69
7356.52
7043.34
6730.16
6416.97
6103.78
5790.58
5477.37
5164.14
4850.9
4535.2
4190.03
3786.14
3312.8
2764.62
2097.23
1405.14
346.706
24821.3
23948.2
23459.5
22923.1
22439.5
21988.7
21570.2
21182
20821.9
20488.2
20172.3
19861.7
19550.8
19239.7
18928.4
18616.9
18305.2
17993.4
17681.4
17369.4
17057.2
16744.9
16432.5
16120.1
15807.5
15494.9
15182.3
14869.5
14556.8
14244
13931.1
13618.2
13305.3
12992.4
12679.4
12366.4
12053.4
11740.3
11427.2
11114.2
10801.1
10488
10174.9
9861.75
9548.62
9235.48
8922.34
8609.19
8296.03
7982.88
7669.72
7356.55
7043.39
6730.22
6417.05
6103.88
5790.7
5477.52
5164.34
4851.14
4535.48
4190.36
3786.51
3313.33
2764.84
2098.33
1404.44
345.505
24768
23934.8
23447.8
22918.6
22437.1
21987.6
21569.8
21181.9
20822
20488.3
20172.5
19861.9
19551
19239.9
18928.5
18617
18305.3
17993.5
17681.5
17369.4
17057.2
16744.9
16432.6
16120.1
15807.5
15494.9
15182.3
14869.6
14556.8
14244
13931.1
13618.2
13305.3
12992.4
12679.4
12366.4
12053.3
11740.3
11427.2
11114.2
10801.1
10488
10174.9
9861.75
9548.62
9235.48
8922.34
8609.19
8296.04
7982.89
7669.74
7356.58
7043.43
6730.27
6417.12
6103.96
5790.81
5477.65
5164.49
4851.32
4535.71
4190.63
3786.84
3313.87
2764.88
2099.95
1403.27
345.154
24737.4
23964.3
23463.1
22935.3
22449.8
21997.4
21577.3
21187.6
20826.5
20491.8
20175.3
19864.1
19552.7
19241.2
18929.6
18617.8
18306
17994
17681.9
17369.7
17057.5
16745.1
16432.7
16120.2
15807.6
15495
15182.3
14869.6
14556.8
14244
13931.1
13618.2
13305.3
12992.4
12679.4
12366.4
12053.3
11740.3
11427.2
11114.2
10801.1
10488
10174.8
9861.72
9548.59
9235.45
8922.3
8609.15
8296
7982.85
7669.69
7356.54
7043.39
6730.25
6417.12
6103.99
5790.88
5477.79
5164.71
4851.66
4536.19
4191.31
3787.83
3315.55
2766.1
2105.88
1400.86
340.98
24812.9
23984.5
23489.5
22941.9
22455.3
21999.5
21578
21187.6
20826.1
20491.2
20174.7
19863.4
19552.1
19240.7
18929.1
18617.5
18305.7
17993.8
17681.8
17369.7
17057.4
16745.1
16432.8
16120.3
15807.7
15495.1
15182.5
14869.7
14557
14244.2
13931.3
13618.4
13305.5
12992.5
12679.5
12366.5
12053.5
11740.4
11427.3
11114.3
10801.2
10488
10174.9
9861.77
9548.62
9235.46
8922.29
8609.11
8295.91
7982.71
7669.49
7356.25
7043
6729.73
6416.44
6103.12
5789.77
5476.39
5162.97
4849.51
4533.54
4188.01
3783.76
3309.51
2759.96
2094.31
1381.39
413.59
24800.9
23966.3
23485.1
22937.2
22453.2
21998.1
21577.2
21187.2
20825.8
20491.1
20174.6
19863.4
19552.1
19240.7
18929.2
18617.5
18305.7
17993.8
17681.8
17369.7
17057.4
16745.1
16432.7
16120.3
15807.7
15495.1
15182.5
14869.7
14557
14244.1
13931.3
13618.4
13305.5
12992.5
12679.5
12366.5
12053.5
11740.4
11427.3
11114.2
10801.1
10488
10174.9
9861.76
9548.61
9235.45
8922.27
8609.09
8295.89
7982.69
7669.46
7356.23
7042.97
6729.7
6416.41
6103.09
5789.74
5476.36
5162.94
4849.49
4533.52
4187.99
3783.83
3309.39
2760.68
2094
1385.04
369.052
24805.4
23954.7
23483
22933.8
22451.6
21997
21576.6
21186.8
20825.6
20491
20174.5
19863.4
19552.1
19240.7
18929.2
18617.5
18305.7
17993.8
17681.8
17369.7
17057.4
16745.1
16432.7
16120.3
15807.7
15495.1
15182.4
14869.7
14556.9
14244.1
13931.3
13618.4
13305.4
12992.5
12679.5
12366.5
12053.5
11740.4
11427.3
11114.2
10801.1
10488
10174.9
9861.75
9548.6
9235.44
8922.26
8609.08
8295.88
7982.67
7669.45
7356.21
7042.95
6729.68
6416.39
6103.07
5789.73
5476.35
5162.94
4849.49
4533.53
4188.02
3783.93
3309.37
2761.45
2093.48
1389.86
366.892
24818.7
23950.1
23482.4
22932
22450.5
21996.2
21576.1
21186.5
20825.4
20490.8
20174.4
19863.3
19552.1
19240.7
18929.2
18617.5
18305.7
17993.8
17681.8
17369.7
17057.5
16745.1
16432.7
16120.3
15807.7
15495.1
15182.4
14869.7
14556.9
14244.1
13931.3
13618.4
13305.4
12992.5
12679.5
12366.5
12053.4
11740.4
11427.3
11114.2
10801.1
10488
10174.9
9861.74
9548.59
9235.43
8922.25
8609.07
8295.87
7982.66
7669.44
7356.2
7042.94
6729.67
6416.38
6103.07
5789.72
5476.35
5162.95
4849.51
4533.57
4188.09
3784.05
3309.48
2762.13
2093.25
1393.68
367.726
24835.9
23950.2
23483
22931.5
22449.9
21995.8
21575.7
21186.2
20825.2
20490.7
20174.4
19863.3
19552.1
19240.7
18929.2
18617.5
18305.7
17993.8
17681.8
17369.7
17057.5
16745.1
16432.7
16120.3
15807.7
15495.1
15182.4
14869.7
14556.9
14244.1
13931.3
13618.4
13305.4
12992.5
12679.5
12366.5
12053.4
11740.4
11427.3
11114.2
10801.1
10488
10174.9
9861.74
9548.59
9235.42
8922.25
8609.06
8295.86
7982.65
7669.43
7356.19
7042.94
6729.67
6416.38
6103.07
5789.74
5476.37
5162.98
4849.56
4533.64
4188.19
3784.19
3309.68
2762.71
2093.25
1396.67
365.483
24855.3
23954.1
23484.8
22932.2
22449.9
21995.7
21575.6
21186.1
20825.1
20490.7
20174.3
19863.3
19552.1
19240.7
18929.2
18617.5
18305.8
17993.9
17681.8
17369.7
17057.5
16745.2
16432.8
16120.3
15807.7
15495.1
15182.4
14869.7
14556.9
14244.1
13931.3
13618.4
13305.4
12992.5
12679.5
12366.5
12053.4
11740.4
11427.3
11114.2
10801.1
10488
10174.9
9861.73
9548.58
9235.42
8922.24
8609.06
8295.86
7982.65
7669.43
7356.19
7042.94
6729.68
6416.39
6103.09
5789.76
5476.41
5163.03
4849.62
4533.73
4188.32
3784.35
3309.94
2763.2
2093.42
1399.15
363.141
24875.2
23960.6
23487.7
22933.9
22450.4
21996
21575.7
21186.1
20825.1
20490.7
20174.3
19863.3
19552.1
19240.7
18929.2
18617.6
18305.8
17993.9
17681.9
17369.7
17057.5
16745.2
16432.8
16120.3
15807.7
15495.1
15182.5
14869.7
14556.9
14244.1
13931.3
13618.4
13305.4
12992.5
12679.5
12366.5
12053.4
11740.4
11427.3
11114.2
10801.1
10488
10174.9
9861.73
9548.58
9235.42
8922.24
8609.06
8295.86
7982.65
7669.43
7356.2
7042.96
6729.69
6416.42
6103.12
5789.8
5476.46
5163.1
4849.71
4533.84
4188.47
3784.53
3310.25
2763.61
2093.71
1401.13
360.97
24894
23968.5
23491.2
22936.3
22451.4
21996.5
21575.9
21186.3
20825.2
20490.7
20174.4
19863.3
19552.1
19240.8
18929.3
18617.6
18305.8
17993.9
17681.9
17369.8
17057.5
16745.2
16432.8
16120.3
15807.8
15495.1
15182.5
14869.7
14557
14244.1
13931.3
13618.4
13305.4
12992.5
12679.5
12366.5
12053.4
11740.4
11427.3
11114.2
10801.1
10488
10174.9
9861.73
9548.58
9235.42
8922.24
8609.06
8295.87
7982.66
7669.45
7356.22
7042.98
6729.72
6416.45
6103.17
5789.86
5476.53
5163.19
4849.82
4533.97
4188.63
3784.71
3310.58
2763.93
2094.08
1402.65
358.872
24910.2
23976.7
23494.6
22939
22452.5
21997.2
21576.3
21186.5
20825.3
20490.8
20174.4
19863.4
19552.2
19240.8
18929.3
18617.7
18305.9
17994
17681.9
17369.8
17057.6
16745.2
16432.8
16120.3
15807.8
15495.2
15182.5
14869.8
14557
14244.1
13931.3
13618.4
13305.4
12992.5
12679.5
12366.5
12053.4
11740.4
11427.3
11114.2
10801.1
10488
10174.9
9861.74
9548.58
9235.42
8922.25
8609.07
8295.88
7982.68
7669.46
7356.24
7043.01
6729.76
6416.5
6103.22
5789.93
5476.62
5163.29
4849.94
4534.11
4188.81
3784.91
3310.92
2764.17
2094.49
1403.78
356.907
24922.6
23983.8
23497.4
22941.4
22453.5
21997.9
21576.7
21186.7
20825.5
20490.9
20174.5
19863.5
19552.2
19240.9
18929.4
18617.7
18305.9
17994
17682
17369.8
17057.6
16745.3
16432.9
16120.4
15807.8
15495.2
15182.5
14869.8
14557
14244.2
13931.3
13618.4
13305.5
12992.5
12679.5
12366.5
12053.4
11740.4
11427.3
11114.2
10801.1
10488
10174.9
9861.74
9548.59
9235.43
8922.26
8609.08
8295.9
7982.7
7669.49
7356.27
7043.05
6729.81
6416.56
6103.29
5790.01
5476.71
5163.4
4850.07
4534.27
4189
3785.1
3311.25
2764.35
2094.92
1404.59
355.099
24929.7
23988.9
23498.7
22943
22454.1
21998.3
21576.9
21186.8
20825.6
20491
20174.6
19863.5
19552.3
19240.9
18929.4
18617.8
18306
17994.1
17682
17369.9
17057.7
16745.3
16432.9
16120.4
15807.8
15495.2
15182.5
14869.8
14557
14244.2
13931.3
13618.4
13305.5
12992.5
12679.5
12366.5
12053.5
11740.4
11427.3
11114.2
10801.1
10488
10174.9
9861.75
9548.6
9235.44
8922.28
8609.1
8295.92
7982.72
7669.52
7356.31
7043.09
6729.86
6416.62
6103.37
5790.1
5476.82
5163.53
4850.21
4534.43
4189.18
3785.29
3311.56
2764.48
2095.34
1405.12
353.439
24930
23990.6
23497.8
22943.2
22453.9
21998.2
21576.9
21186.8
20825.6
20491
20174.6
19863.6
19552.4
19241
18929.5
18617.8
18306
17994.1
17682.1
17369.9
17057.7
16745.4
16432.9
16120.4
15807.9
15495.2
15182.6
14869.8
14557
14244.2
13931.3
13618.4
13305.5
12992.5
12679.5
12366.5
12053.5
11740.4
11427.3
11114.2
10801.1
10488
10174.9
9861.76
9548.61
9235.46
8922.29
8609.12
8295.94
7982.76
7669.56
7356.36
7043.15
6729.93
6416.7
6103.46
5790.2
5476.94
5163.66
4850.36
4534.6
4189.37
3785.48
3311.85
2764.56
2095.75
1405.44
351.916
24922
23988.3
23494.3
22941.9
22452.7
21997.6
21576.4
21186.6
20825.4
20490.9
20174.6
19863.6
19552.4
19241
18929.5
18617.9
18306.1
17994.2
17682.1
17370
17057.8
16745.4
16433
16120.5
15807.9
15495.3
15182.6
14869.8
14557
14244.2
13931.3
13618.4
13305.5
12992.5
12679.5
12366.5
12053.5
11740.4
11427.3
11114.2
10801.1
10488
10174.9
9861.77
9548.62
9235.47
8922.31
8609.14
8295.97
7982.79
7669.6
7356.41
7043.21
6730
6416.78
6103.55
5790.31
5477.06
5163.8
4850.52
4534.78
4189.56
3785.67
3312.14
2764.61
2096.17
1405.56
350.521
24904.3
23981.6
23487.8
22938.8
22450.6
21996.3
21575.7
21186.2
20825.2
20490.8
20174.6
19863.6
19552.5
19241.1
18929.6
18618
18306.2
17994.3
17682.2
17370.1
17057.8
16745.5
16433
16120.5
15807.9
15495.3
15182.6
14869.8
14557
14244.2
13931.3
13618.4
13305.5
12992.5
12679.5
12366.5
12053.5
11740.4
11427.3
11114.2
10801.1
10488
10174.9
9861.78
9548.63
9235.48
8922.33
8609.17
8296
7982.82
7669.64
7356.46
7043.27
6730.07
6416.86
6103.65
5790.43
5477.2
5163.95
4850.69
4534.97
4189.78
3785.89
3312.44
2764.66
2096.64
1405.48
349.253
24875.1
23970.4
23478.4
22934.2
22447.7
21994.7
21574.8
21185.6
20824.9
20490.7
20174.6
19863.6
19552.5
19241.2
18929.7
18618.1
18306.3
17994.3
17682.3
17370.1
17057.9
16745.5
16433.1
16120.5
15808
15495.3
15182.6
14869.9
14557.1
14244.2
13931.3
13618.4
13305.5
12992.5
12679.5
12366.5
12053.5
11740.4
11427.3
11114.2
10801.1
10488
10174.9
9861.78
9548.64
9235.5
8922.34
8609.19
8296.02
7982.85
7669.68
7356.51
7043.32
6730.14
6416.95
6103.75
5790.55
5477.33
5164.11
4850.87
4535.17
4190.01
3786.13
3312.79
2764.73
2097.27
1405.17
348.161
24836.3
23959.1
23469.5
22931
22446.2
21994.3
21574.9
21186
20825.5
20491.2
20175.1
19864.1
19552.9
19241.6
18930
18618.3
18306.5
17994.5
17682.4
17370.2
17058
16745.6
16433.1
16120.6
15808
15495.3
15182.6
14869.9
14557.1
14244.2
13931.3
13618.4
13305.5
12992.5
12679.5
12366.5
12053.5
11740.4
11427.3
11114.2
10801.1
10488
10174.9
9861.78
9548.64
9235.5
8922.35
8609.19
8296.04
7982.87
7669.71
7356.54
7043.37
6730.2
6417.03
6103.85
5790.67
5477.49
5164.3
4851.1
4535.45
4190.33
3786.51
3313.32
2764.95
2098.37
1404.49
347.072
24783.1
23945.8
23457.8
22926.5
22443.8
21993.2
21574.5
21186
20825.6
20491.4
20175.3
19864.3
19553.1
19241.8
18930.2
18618.5
18306.6
17994.6
17682.5
17370.3
17058
16745.6
16433.2
16120.6
15808
15495.4
15182.6
14869.9
14557.1
14244.2
13931.3
13618.4
13305.5
12992.5
12679.5
12366.5
12053.5
11740.4
11427.3
11114.2
10801.1
10488
10174.9
9861.78
9548.64
9235.5
8922.35
8609.2
8296.05
7982.89
7669.73
7356.57
7043.41
6730.25
6417.09
6103.93
5790.77
5477.61
5164.45
4851.29
4535.67
4190.6
3786.82
3313.85
2764.98
2099.98
1403.32
346.807
24752.5
23975.4
23472.9
22943.2
22456.5
22003
21582
21191.7
20830
20494.9
20178
19866.4
19554.8
19243
18931.2
18619.2
18307.2
17995.1
17682.9
17370.6
17058.2
16745.8
16433.3
16120.7
15808.1
15495.4
15182.7
14869.9
14557.1
14244.2
13931.4
13618.4
13305.5
12992.5
12679.5
12366.5
12053.4
11740.4
11427.3
11114.2
10801.1
10488
10174.9
9861.75
9548.61
9235.47
8922.31
8609.16
8296
7982.84
7669.68
7356.53
7043.37
6730.23
6417.09
6103.96
5790.84
5477.74
5164.66
4851.61
4536.13
4191.25
3787.76
3315.47
2766.07
2105.74
1400.75
342.615
24826.3
23994.9
23498.7
22949.5
22461.7
22004.9
21582.7
21191.6
20829.6
20494.3
20177.4
19865.8
19554.2
19242.6
18930.8
18618.9
18307
17994.9
17682.8
17370.6
17058.2
16745.9
16433.4
16120.8
15808.2
15495.6
15182.9
14870.1
14557.3
14244.4
13931.5
13618.6
13305.7
12992.7
12679.7
12366.6
12053.6
11740.5
11427.4
11114.3
10801.2
10488.1
10175
9861.81
9548.65
9235.49
8922.31
8609.12
8295.92
7982.71
7669.49
7356.25
7042.99
6729.72
6416.42
6103.1
5789.75
5476.37
5162.95
4849.48
4533.51
4187.98
3783.74
3309.49
2759.97
2094.38
1381.23
413.802
24814.4
23976.5
23494.3
22944.7
22459.6
22003.5
21581.9
21191.2
20829.3
20494.2
20177.3
19865.8
19554.3
19242.6
18930.8
18619
18307
17995
17682.8
17370.6
17058.3
16745.9
16433.4
16120.8
15808.2
15495.6
15182.8
14870.1
14557.3
14244.4
13931.5
13618.6
13305.6
12992.7
12679.7
12366.6
12053.6
11740.5
11427.4
11114.3
10801.2
10488.1
10174.9
9861.8
9548.64
9235.47
8922.29
8609.1
8295.9
7982.69
7669.46
7356.22
7042.96
6729.68
6416.39
6103.07
5789.72
5476.33
5162.92
4849.45
4533.49
4187.97
3783.81
3309.38
2760.69
2094.09
1384.88
370.022
24818.9
23964.9
23492.2
22941.3
22458
22002.4
21581.2
21190.8
20829.1
20494
20177.2
19865.8
19554.2
19242.6
18930.8
18619
18307
17995
17682.8
17370.6
17058.3
16745.9
16433.4
16120.8
15808.2
15495.6
15182.8
14870.1
14557.3
14244.4
13931.5
13618.6
13305.6
12992.7
12679.6
12366.6
12053.6
11740.5
11427.4
11114.3
10801.2
10488.1
10174.9
9861.79
9548.63
9235.46
8922.28
8609.09
8295.89
7982.67
7669.44
7356.2
7042.94
6729.67
6416.37
6103.05
5789.7
5476.32
5162.91
4849.46
4533.5
4187.99
3783.91
3309.36
2761.46
2093.58
1389.69
368.118
24832.1
23960.3
23491.6
22939.5
22456.9
22001.6
21580.7
21190.5
20828.9
20493.9
20177.2
19865.8
19554.2
19242.6
18930.9
18619
18307
17995
17682.8
17370.6
17058.3
16745.9
16433.4
16120.8
15808.2
15495.6
15182.8
14870.1
14557.3
14244.4
13931.5
13618.6
13305.6
12992.7
12679.6
12366.6
12053.6
11740.5
11427.4
11114.3
10801.2
10488.1
10174.9
9861.78
9548.62
9235.45
8922.27
8609.08
8295.88
7982.66
7669.43
7356.19
7042.93
6729.66
6416.36
6103.04
5789.7
5476.33
5162.92
4849.48
4533.54
4188.06
3784.03
3309.46
2762.14
2093.37
1393.5
368.986
24849.3
23960.4
23492.2
22939
22456.3
22001.2
21580.4
21190.2
20828.7
20493.8
20177.1
19865.7
19554.2
19242.6
18930.9
18619
18307.1
17995
17682.8
17370.6
17058.3
16745.9
16433.4
16120.8
15808.2
15495.6
15182.8
14870.1
14557.3
14244.4
13931.5
13618.6
13305.6
12992.6
12679.6
12366.6
12053.6
11740.5
11427.4
11114.3
10801.2
10488.1
10174.9
9861.78
9548.62
9235.45
8922.27
8609.07
8295.87
7982.65
7669.43
7356.19
7042.93
6729.65
6416.36
6103.05
5789.71
5476.35
5162.95
4849.53
4533.61
4188.16
3784.17
3309.66
2762.74
2093.38
1396.5
366.769
24868.7
23964.2
23494
22939.7
22456.3
22001.1
21580.2
21190.1
20828.6
20493.7
20177.1
19865.7
19554.2
19242.6
18930.9
18619
18307.1
17995
17682.9
17370.6
17058.3
16745.9
16433.4
16120.8
15808.2
15495.6
15182.8
14870.1
14557.3
14244.4
13931.5
13618.6
13305.6
12992.6
12679.6
12366.6
12053.6
11740.5
11427.4
11114.3
10801.2
10488.1
10174.9
9861.77
9548.61
9235.44
8922.26
8609.07
8295.87
7982.65
7669.43
7356.19
7042.93
6729.66
6416.37
6103.07
5789.74
5476.38
5163
4849.59
4533.7
4188.29
3784.34
3309.93
2763.24
2093.55
1398.99
364.435
24888.6
23970.7
23496.9
22941.4
22456.8
22001.4
21580.3
21190.1
20828.6
20493.7
20177.1
19865.7
19554.2
19242.6
18930.9
18619.1
18307.1
17995
17682.9
17370.6
17058.3
16745.9
16433.4
16120.9
15808.2
15495.6
15182.9
14870.1
14557.3
14244.4
13931.5
13618.6
13305.6
12992.6
12679.6
12366.6
12053.6
11740.5
11427.4
11114.3
10801.2
10488.1
10174.9
9861.77
9548.61
9235.44
8922.26
8609.07
8295.87
7982.65
7669.43
7356.19
7042.94
6729.68
6416.4
6103.1
5789.78
5476.44
5163.07
4849.68
4533.81
4188.44
3784.52
3310.24
2763.65
2093.83
1400.98
362.25
24907.4
23978.7
23500.4
22943.8
22457.7
22001.9
21580.6
21190.3
20828.7
20493.8
20177.1
19865.7
19554.3
19242.7
18930.9
18619.1
18307.1
17995.1
17682.9
17370.7
17058.3
16745.9
16433.4
16120.9
15808.3
15495.6
15182.9
14870.1
14557.3
14244.4
13931.5
13618.6
13305.6
12992.6
12679.6
12366.6
12053.6
11740.5
11427.4
11114.3
10801.2
10488.1
10174.9
9861.77
9548.61
9235.44
8922.26
8609.07
8295.87
7982.66
7669.44
7356.21
7042.97
6729.71
6416.43
6103.14
5789.83
5476.51
5163.16
4849.79
4533.94
4188.61
3784.7
3310.57
2763.98
2094.19
1402.52
360.127
24923.7
23986.8
23503.9
22946.4
22458.9
22002.6
21580.9
21190.5
20828.8
20493.9
20177.2
19865.8
19554.3
19242.7
18931
18619.1
18307.2
17995.1
17683
17370.7
17058.4
16746
16433.5
16120.9
15808.3
15495.6
15182.9
14870.1
14557.3
14244.4
13931.5
13618.6
13305.6
12992.7
12679.6
12366.6
12053.6
11740.5
11427.4
11114.3
10801.2
10488.1
10174.9
9861.77
9548.62
9235.45
8922.27
8609.08
8295.89
7982.68
7669.46
7356.23
7043
6729.74
6416.48
6103.2
5789.9
5476.59
5163.26
4849.91
4534.09
4188.79
3784.9
3310.91
2764.23
2094.59
1403.67
358.133
24936.1
23994
23506.6
22948.9
22459.9
22003.3
21581.3
21190.7
20829
20494
20177.2
19865.9
19554.4
19242.8
18931
18619.2
18307.2
17995.2
17683
17370.8
17058.4
16746
16433.5
16120.9
15808.3
15495.6
15182.9
14870.1
14557.3
14244.4
13931.5
13618.6
13305.6
12992.7
12679.6
12366.6
12053.6
11740.5
11427.4
11114.3
10801.2
10488.1
10174.9
9861.78
9548.62
9235.46
8922.28
8609.1
8295.9
7982.7
7669.49
7356.27
7043.04
6729.79
6416.54
6103.27
5789.99
5476.69
5163.37
4850.04
4534.25
4188.98
3785.09
3311.24
2764.41
2095.01
1404.49
356.3
24943.2
23999.1
23508
22950.5
22460.5
22003.7
21581.6
21190.8
20829.1
20494
20177.3
19865.9
19554.4
19242.8
18931.1
18619.3
18307.3
17995.2
17683.1
17370.8
17058.5
16746
16433.5
16121
15808.3
15495.7
15182.9
14870.1
14557.3
14244.4
13931.5
13618.6
13305.7
12992.7
12679.7
12366.6
12053.6
11740.5
11427.4
11114.3
10801.2
10488.1
10174.9
9861.79
9548.63
9235.47
8922.29
8609.11
8295.92
7982.73
7669.52
7356.31
7043.08
6729.85
6416.6
6103.35
5790.08
5476.8
5163.5
4850.19
4534.41
4189.16
3785.29
3311.55
2764.54
2095.42
1405.05
354.629
24943.6
24000.9
23507.2
22950.8
22460.3
22003.7
21581.5
21190.8
20829.1
20494.1
20177.3
19866
19554.5
19242.9
18931.2
18619.3
18307.4
17995.3
17683.1
17370.9
17058.5
16746.1
16433.6
16121
15808.4
15495.7
15182.9
14870.2
14557.3
14244.5
13931.6
13618.6
13305.7
12992.7
12679.7
12366.6
12053.6
11740.5
11427.4
11114.3
10801.2
10488.1
10174.9
9861.8
9548.64
9235.48
8922.31
8609.13
8295.95
7982.76
7669.56
7356.35
7043.14
6729.91
6416.68
6103.43
5790.18
5476.91
5163.63
4850.34
4534.58
4189.35
3785.48
3311.85
2764.63
2095.82
1405.38
353.112
24935.7
23998.7
23503.7
22949.5
22459.2
22003
21581.1
21190.6
20828.9
20494
20177.3
19866
19554.5
19242.9
18931.2
18619.4
18307.4
17995.4
17683.2
17370.9
17058.6
16746.1
16433.6
16121
15808.4
15495.7
15183
14870.2
14557.3
14244.5
13931.6
13618.6
13305.7
12992.7
12679.7
12366.6
12053.6
11740.5
11427.4
11114.3
10801.2
10488.1
10174.9
9861.81
9548.65
9235.5
8922.33
8609.16
8295.98
7982.79
7669.6
7356.4
7043.19
6729.98
6416.76
6103.53
5790.29
5477.04
5163.77
4850.5
4534.75
4189.55
3785.67
3312.14
2764.69
2096.24
1405.52
351.746
24918.1
23992
23497.2
22946.5
22457.1
22001.9
21580.4
21190.2
20828.8
20493.9
20177.3
19866
19554.6
19243
18931.3
18619.5
18307.5
17995.4
17683.3
17371
17058.6
16746.2
16433.7
16121.1
15808.4
15495.7
15183
14870.2
14557.4
14244.5
13931.6
13618.6
13305.7
12992.7
12679.7
12366.6
12053.6
11740.5
11427.4
11114.3
10801.2
10488.1
10175
9861.81
9548.67
9235.51
8922.35
8609.18
8296
7982.82
7669.64
7356.45
7043.25
6730.05
6416.84
6103.63
5790.4
5477.17
5163.93
4850.67
4534.95
4189.76
3785.89
3312.44
2764.75
2096.72
1405.46
350.533
24889
23981
23487.9
22941.9
22454.3
22000.2
21579.5
21189.7
20828.5
20493.8
20177.3
19866.1
19554.7
19243.1
18931.4
18619.6
18307.6
17995.5
17683.3
17371.1
17058.7
16746.2
16433.7
16121.1
15808.5
15495.8
15183
14870.2
14557.4
14244.5
13931.6
13618.6
13305.7
12992.7
12679.7
12366.6
12053.6
11740.5
11427.4
11114.3
10801.2
10488.1
10175
9861.82
9548.67
9235.52
8922.36
8609.2
8296.03
7982.86
7669.68
7356.5
7043.31
6730.12
6416.93
6103.73
5790.52
5477.31
5164.09
4850.85
4535.16
4189.99
3786.13
3312.79
2764.83
2097.36
1405.17
349.517
24850.3
23969.8
23479
22938.8
22452.8
21999.9
21579.7
21190.2
20829
20494.4
20177.8
19866.6
19555.1
19243.5
18931.7
18619.8
18307.8
17995.7
17683.5
17371.2
17058.8
16746.3
16433.8
16121.2
15808.5
15495.8
15183
14870.2
14557.4
14244.5
13931.6
13618.6
13305.7
12992.7
12679.7
12366.6
12053.6
11740.5
11427.4
11114.3
10801.2
10488.1
10175
9861.82
9548.67
9235.52
8922.37
8609.21
8296.04
7982.88
7669.71
7356.53
7043.36
6730.18
6417.01
6103.83
5790.65
5477.46
5164.27
4851.08
4535.43
4190.32
3786.5
3313.32
2765.04
2098.45
1404.49
348.511
24797.2
23956.5
23467.3
22934.4
22450.4
21998.9
21579.3
21190.1
20829.2
20494.6
20178.1
19866.8
19555.3
19243.7
18931.9
18620
18308
17995.8
17683.6
17371.3
17058.8
16746.4
16433.8
16121.2
15808.5
15495.8
15183
14870.2
14557.4
14244.5
13931.6
13618.6
13305.7
12992.7
12679.7
12366.6
12053.6
11740.5
11427.4
11114.3
10801.2
10488.1
10175
9861.82
9548.68
9235.53
8922.37
8609.21
8296.05
7982.89
7669.73
7356.56
7043.4
6730.23
6417.07
6103.91
5790.75
5477.59
5164.42
4851.26
4535.65
4190.58
3786.81
3313.84
2765.06
2100.05
1403.32
348.31
24766.6
23986.1
23482.4
22951
22463.1
22008.6
21586.7
21195.8
20833.5
20498
20180.7
19868.9
19556.9
19244.9
18932.9
18620.7
18308.5
17996.3
17683.9
17371.5
17059
16746.5
16433.9
16121.3
15808.6
15495.9
15183.1
14870.3
14557.4
14244.5
13931.6
13618.6
13305.7
12992.7
12679.7
12366.6
12053.6
11740.5
11427.4
11114.3
10801.2
10488.1
10174.9
9861.79
9548.64
9235.49
8922.33
8609.17
8296.01
7982.84
7669.68
7356.52
7043.36
6730.21
6417.06
6103.93
5790.81
5477.7
5164.62
4851.56
4536.08
4191.2
3787.71
3315.4
2766.04
2105.66
1400.6
344.032
24839.1
24004.9
23507.6
22956.9
22468.1
22010.3
21587.3
21195.7
20833.1
20497.4
20180.1
19868.3
19556.4
19244.5
18932.5
18620.5
18308.4
17996.1
17683.9
17371.5
17059.1
16746.6
16434.1
16121.4
15808.8
15496
15183.3
14870.5
14557.6
14244.7
13931.8
13618.8
13305.9
12992.9
12679.8
12366.8
12053.7
11740.6
11427.5
11114.4
10801.3
10488.2
10175
9861.85
9548.69
9235.52
8922.33
8609.14
8295.93
7982.72
7669.49
7356.24
7042.98
6729.71
6416.41
6103.08
5789.73
5476.35
5162.93
4849.46
4533.5
4187.96
3783.74
3309.49
2759.99
2094.48
1381.13
414.06
24827.1
23986.5
23503.2
22952
22465.9
22008.9
21586.5
21195.2
20832.9
20497.3
20180.1
19868.3
19556.4
19244.5
18932.6
18620.5
18308.4
17996.2
17683.9
17371.5
17059.1
16746.6
16434
16121.4
15808.8
15496
15183.3
14870.5
14557.6
14244.7
13931.8
13618.8
13305.8
12992.8
12679.8
12366.8
12053.7
11740.6
11427.5
11114.4
10801.3
10488.1
10175
9861.84
9548.68
9235.5
8922.32
8609.12
8295.91
7982.7
7669.46
7356.22
7042.96
6729.68
6416.37
6103.05
5789.7
5476.32
5162.9
4849.44
4533.47
4187.95
3783.8
3309.38
2760.71
2094.2
1384.76
370.909
24831.6
23974.9
23501.1
22948.7
22464.4
22007.8
21585.9
21194.8
20832.6
20497.2
20180
19868.3
19556.4
19244.5
18932.6
18620.5
18308.4
17996.2
17683.9
17371.5
17059.1
16746.6
16434
16121.4
15808.8
15496
15183.3
14870.4
14557.6
14244.7
13931.8
13618.8
13305.8
12992.8
12679.8
12366.8
12053.7
11740.6
11427.5
11114.4
10801.3
10488.1
10175
9861.83
9548.67
9235.49
8922.31
8609.11
8295.9
7982.68
7669.45
7356.2
7042.94
6729.66
6416.36
6103.03
5789.68
5476.3
5162.89
4849.44
4533.49
4187.98
3783.9
3309.36
2761.48
2093.71
1389.55
369.223
24844.9
23970.2
23500.5
22946.9
22463.3
22007
21585.4
21194.5
20832.4
20497
20179.9
19868.2
19556.4
19244.6
18932.6
18620.5
18308.4
17996.2
17683.9
17371.5
17059.1
16746.6
16434.1
16121.4
15808.8
15496
15183.3
14870.4
14557.6
14244.7
13931.8
13618.8
13305.8
12992.8
12679.8
12366.8
12053.7
11740.6
11427.5
11114.4
10801.3
10488.1
10175
9861.83
9548.66
9235.48
8922.3
8609.1
8295.89
7982.67
7669.44
7356.19
7042.93
6729.65
6416.35
6103.03
5789.68
5476.31
5162.9
4849.46
4533.52
4188.05
3784.03
3309.47
2762.17
2093.51
1393.35
370.123
24862.1
23970.3
23501.1
22946.3
22462.7
22006.6
21585
21194.3
20832.2
20496.9
20179.9
19868.2
19556.4
19244.6
18932.6
18620.6
18308.4
17996.2
17683.9
17371.6
17059.1
16746.6
16434.1
16121.4
15808.8
15496
15183.3
14870.4
14557.6
14244.7
13931.8
13618.8
13305.8
12992.8
12679.8
12366.7
12053.7
11740.6
11427.5
11114.4
10801.3
10488.1
10175
9861.82
9548.65
9235.48
8922.29
8609.09
8295.88
7982.66
7669.43
7356.18
7042.92
6729.64
6416.35
6103.03
5789.69
5476.33
5162.93
4849.51
4533.59
4188.15
3784.17
3309.67
2762.77
2093.53
1396.34
367.935
24881.4
23974.1
23503
22947
22462.6
22006.5
21584.9
21194.1
20832.2
20496.9
20179.8
19868.2
19556.4
19244.6
18932.6
18620.6
18308.4
17996.2
17683.9
17371.6
17059.1
16746.6
16434.1
16121.4
15808.8
15496
15183.3
14870.4
14557.6
14244.7
13931.8
13618.8
13305.8
12992.8
12679.8
12366.7
12053.7
11740.6
11427.5
11114.4
10801.3
10488.1
10175
9861.82
9548.65
9235.47
8922.28
8609.09
8295.88
7982.66
7669.43
7356.18
7042.93
6729.65
6416.36
6103.05
5789.72
5476.36
5162.98
4849.58
4533.68
4188.28
3784.33
3309.94
2763.27
2093.7
1398.84
365.616
24901.3
23980.6
23505.9
22948.7
22463.1
22006.8
21584.9
21194.1
20832.1
20496.9
20179.8
19868.2
19556.4
19244.6
18932.6
18620.6
18308.5
17996.3
17684
17371.6
17059.2
16746.7
16434.1
16121.5
15808.8
15496
15183.3
14870.4
14557.6
14244.7
13931.8
13618.8
13305.8
12992.8
12679.8
12366.7
12053.7
11740.6
11427.5
11114.4
10801.3
10488.1
10175
9861.82
9548.65
9235.47
8922.28
8609.09
8295.88
7982.66
7669.43
7356.19
7042.94
6729.67
6416.38
6103.08
5789.76
5476.42
5163.05
4849.66
4533.8
4188.43
3784.51
3310.25
2763.69
2093.98
1400.84
363.429
24920.1
23988.5
23509.3
22951.1
22464.1
22007.3
21585.2
21194.3
20832.2
20496.9
20179.9
19868.2
19556.5
19244.6
18932.7
18620.6
18308.5
17996.3
17684
17371.6
17059.2
16746.7
16434.1
16121.5
15808.8
15496.1
15183.3
14870.5
14557.6
14244.7
13931.8
13618.8
13305.8
12992.8
12679.8
12366.7
12053.7
11740.6
11427.5
11114.4
10801.3
10488.1
10175
9861.82
9548.65
9235.47
8922.29
8609.09
8295.89
7982.67
7669.44
7356.21
7042.96
6729.7
6416.42
6103.13
5789.82
5476.49
5163.14
4849.77
4533.93
4188.6
3784.71
3310.58
2764.02
2094.33
1402.39
361.291
24936.5
23996.7
23512.8
22953.8
22465.2
22008
21585.6
21194.5
20832.4
20497
20179.9
19868.3
19556.5
19244.7
18932.7
18620.7
18308.6
17996.3
17684
17371.7
17059.2
16746.7
16434.1
16121.5
15808.8
15496.1
15183.3
14870.5
14557.6
14244.7
13931.8
13618.8
13305.8
12992.8
12679.8
12366.7
12053.7
11740.6
11427.5
11114.4
10801.3
10488.1
10175
9861.82
9548.65
9235.48
8922.29
8609.1
8295.9
7982.68
7669.46
7356.23
7042.99
6729.73
6416.47
6103.18
5789.89
5476.57
5163.24
4849.89
4534.07
4188.78
3784.9
3310.92
2764.28
2094.73
1403.55
359.279
24948.9
24004
23515.6
22956.2
22466.2
22008.7
21586
21194.7
20832.5
20497.1
20180
19868.3
19556.6
19244.7
18932.8
18620.7
18308.6
17996.4
17684.1
17371.7
17059.3
16746.8
16434.2
16121.5
15808.8
15496.1
15183.3
14870.5
14557.6
14244.7
13931.8
13618.8
13305.8
12992.8
12679.8
12366.8
12053.7
11740.6
11427.5
11114.4
10801.3
10488.1
10175
9861.82
9548.66
9235.49
8922.3
8609.11
8295.91
7982.71
7669.49
7356.26
7043.03
6729.78
6416.52
6103.25
5789.97
5476.67
5163.36
4850.03
4534.23
4188.97
3785.1
3311.25
2764.47
2095.13
1404.39
357.431
24956.1
24009
23517
22957.9
22466.8
22009.1
21586.2
21194.9
20832.6
20497.2
20180.1
19868.4
19556.6
19244.8
18932.8
18620.8
18308.7
17996.4
17684.1
17371.8
17059.3
16746.8
16434.2
16121.6
15808.9
15496.1
15183.3
14870.5
14557.6
14244.7
13931.8
13618.8
13305.9
12992.8
12679.8
12366.8
12053.7
11740.6
11427.5
11114.4
10801.3
10488.1
10175
9861.83
9548.67
9235.5
8922.32
8609.13
8295.94
7982.73
7669.52
7356.3
7043.07
6729.84
6416.59
6103.33
5790.06
5476.78
5163.48
4850.17
4534.4
4189.16
3785.29
3311.56
2764.6
2095.54
1404.97
355.752
24956.6
24010.9
23516.2
22958.2
22466.7
22009.1
21586.2
21194.9
20832.6
20497.2
20180.1
19868.4
19556.7
19244.8
18932.9
18620.9
18308.7
17996.5
17684.2
17371.8
17059.4
16746.8
16434.3
16121.6
15808.9
15496.2
15183.4
14870.5
14557.7
14244.8
13931.8
13618.9
13305.9
12992.8
12679.8
12366.8
12053.7
11740.6
11427.5
11114.4
10801.3
10488.1
10175
9861.84
9548.68
9235.51
8922.33
8609.15
8295.96
7982.76
7669.56
7356.35
7043.13
6729.9
6416.66
6103.42
5790.16
5476.89
5163.61
4850.32
4534.57
4189.35
3785.48
3311.86
2764.7
2095.94
1405.32
354.243
24948.7
24008.8
23512.7
22956.9
22465.6
22008.5
21585.8
21194.7
20832.5
20497.2
20180.1
19868.5
19556.7
19244.9
18933
18620.9
18308.8
17996.6
17684.3
17371.9
17059.4
16746.9
16434.3
16121.6
15808.9
15496.2
15183.4
14870.5
14557.7
14244.8
13931.8
13618.9
13305.9
12992.9
12679.8
12366.8
12053.7
11740.6
11427.5
11114.4
10801.3
10488.1
10175
9861.85
9548.69
9235.52
8922.35
8609.17
8295.99
7982.8
7669.6
7356.4
7043.19
6729.97
6416.75
6103.51
5790.27
5477.02
5163.76
4850.48
4534.74
4189.54
3785.68
3312.15
2764.77
2096.36
1405.47
352.903
24931.2
24002.2
23506.4
22954
22463.6
22007.3
21585.1
21194.3
20832.3
20497.1
20180.1
19868.5
19556.8
19245
18933.1
18621
18308.9
17996.7
17684.3
17371.9
17059.5
16746.9
16434.3
16121.7
15809
15496.2
15183.4
14870.6
14557.7
14244.8
13931.8
13618.9
13305.9
12992.9
12679.8
12366.8
12053.7
11740.6
11427.5
11114.4
10801.3
10488.1
10175
9861.86
9548.7
9235.54
8922.37
8609.2
8296.02
7982.83
7669.64
7356.45
7043.25
6730.04
6416.83
6103.61
5790.39
5477.15
5163.91
4850.65
4534.94
4189.76
3785.9
3312.46
2764.83
2096.84
1405.42
351.735
24902.2
23991.2
23497.1
22949.5
22460.7
22005.8
21584.3
21193.8
20832.1
20497
20180.1
19868.6
19556.9
19245.1
18933.2
18621.1
18309
17996.8
17684.4
17372
17059.5
16747
16434.4
16121.7
15809
15496.2
15183.4
14870.6
14557.7
14244.8
13931.8
13618.9
13305.9
12992.9
12679.8
12366.8
12053.7
11740.6
11427.5
11114.4
10801.3
10488.2
10175
9861.86
9548.71
9235.55
8922.39
8609.22
8296.04
7982.86
7669.68
7356.49
7043.3
6730.11
6416.91
6103.71
5790.5
5477.29
5164.07
4850.84
4535.14
4189.99
3786.14
3312.81
2764.91
2097.48
1405.14
350.778
24863.6
23980.1
23488.3
22946.4
22459.3
22005.5
21584.5
21194.3
20832.7
20497.6
20180.7
19869.1
19557.3
19245.5
18933.5
18621.4
18309.2
17996.9
17684.6
17372.1
17059.6
16747.1
16434.5
16121.8
15809
15496.3
15183.5
14870.6
14557.7
14244.8
13931.9
13618.9
13305.9
12992.9
12679.8
12366.8
12053.7
11740.6
11427.5
11114.4
10801.3
10488.1
10175
9861.86
9548.71
9235.55
8922.39
8609.22
8296.05
7982.88
7669.71
7356.53
7043.35
6730.17
6416.99
6103.81
5790.63
5477.44
5164.25
4851.06
4535.41
4190.31
3786.51
3313.33
2765.11
2098.57
1404.46
349.831
24810.6
23966.9
23476.6
22942
22456.9
22004.4
21584.1
21194.3
20832.8
20497.8
20180.9
19869.3
19557.6
19245.7
18933.7
18621.6
18309.4
17997.1
17684.7
17372.2
17059.7
16747.1
16434.5
16121.8
15809.1
15496.3
15183.5
14870.6
14557.7
14244.8
13931.9
13618.9
13305.9
12992.9
12679.8
12366.8
12053.7
11740.6
11427.5
11114.4
10801.3
10488.1
10175
9861.86
9548.71
9235.56
8922.39
8609.23
8296.06
7982.9
7669.73
7356.56
7043.39
6730.22
6417.05
6103.89
5790.73
5477.56
5164.4
4851.24
4535.63
4190.56
3786.81
3313.85
2765.12
2100.15
1403.29
349.678
24779.9
23996.5
23491.6
22958.6
22469.5
22014.1
21591.5
21199.9
20837.1
20501.1
20183.5
19871.4
19559.2
19246.9
18934.6
18622.3
18309.9
17997.5
17685
17372.5
17059.9
16747.3
16434.6
16121.9
15809.1
15496.3
15183.5
14870.6
14557.7
14244.8
13931.9
13618.9
13305.9
12992.9
12679.8
12366.8
12053.7
11740.6
11427.5
11114.4
10801.3
10488.1
10175
9861.83
9548.68
9235.52
8922.35
8609.19
8296.02
7982.85
7669.68
7356.51
7043.35
6730.19
6417.04
6103.9
5790.78
5477.67
5164.58
4851.52
4536.04
4191.15
3787.66
3315.35
2766.01
2105.62
1400.44
345.274
24851.3
24014.6
23516.3
22964.1
22474.3
22015.7
21592
21199.7
20836.7
20500.6
20183
19870.8
19558.7
19246.5
18934.3
18622.1
18309.8
17997.4
17685
17372.5
17060
16747.4
16434.8
16122.1
15809.3
15496.5
15183.7
14870.9
14558
14245
13932.1
13619.1
13306.1
12993
12680
12366.9
12053.8
11740.7
11427.6
11114.5
10801.4
10488.2
10175.1
9861.9
9548.73
9235.55
8922.36
8609.16
8295.95
7982.73
7669.5
7356.25
7042.98
6729.7
6416.4
6103.08
5789.72
5476.34
5162.92
4849.45
4533.49
4187.96
3783.74
3309.51
2760.03
2094.62
1381.08
414.343
24839.3
23996.2
23511.9
22959.3
22472.2
22014.3
21591.2
21199.3
20836.4
20500.5
20182.9
19870.8
19558.7
19246.5
18934.3
18622.1
18309.8
17997.4
17685
17372.5
17060
16747.4
16434.7
16122.1
15809.3
15496.5
15183.7
14870.8
14557.9
14245
13932.1
13619.1
13306.1
12993
12680
12366.9
12053.8
11740.7
11427.6
11114.5
10801.4
10488.2
10175.1
9861.89
9548.72
9235.54
8922.34
8609.14
8295.93
7982.71
7669.47
7356.22
7042.95
6729.67
6416.37
6103.04
5789.69
5476.3
5162.88
4849.43
4533.47
4187.95
3783.81
3309.39
2760.74
2094.34
1384.68
371.723
24843.8
23984.5
23509.8
22955.9
22470.6
22013.2
21590.5
21198.9
20836.2
20500.3
20182.8
19870.8
19558.7
19246.5
18934.4
18622.1
18309.8
17997.4
17685
17372.5
17060
16747.4
16434.8
16122.1
15809.3
15496.5
15183.7
14870.8
14557.9
14245
13932.1
13619.1
13306.1
12993
12680
12366.9
12053.8
11740.7
11427.6
11114.5
10801.3
10488.2
10175
9861.88
9548.71
9235.53
8922.33
8609.13
8295.92
7982.69
7669.45
7356.2
7042.94
6729.65
6416.35
6103.02
5789.67
5476.29
5162.88
4849.43
4533.48
4187.98
3783.91
3309.38
2761.51
2093.86
1389.45
370.225
24857
23979.8
23509.2
22954.1
22469.5
22012.4
21590
21198.6
20836
20500.2
20182.8
19870.7
19558.7
19246.5
18934.4
18622.1
18309.8
17997.5
17685
17372.5
17060
16747.4
16434.8
16122.1
15809.3
15496.5
15183.7
14870.8
14557.9
14245
13932
13619.1
13306.1
12993
12680
12366.9
12053.8
11740.7
11427.6
11114.5
10801.3
10488.2
10175
9861.88
9548.7
9235.52
8922.32
8609.12
8295.9
7982.68
7669.44
7356.19
7042.92
6729.64
6416.34
6103.02
5789.67
5476.29
5162.89
4849.45
4533.52
4188.04
3784.03
3309.49
2762.2
2093.66
1393.23
371.155
24874.2
23979.9
23509.7
22953.5
22468.9
22011.9
21589.7
21198.3
20835.8
20500.1
20182.7
19870.7
19558.7
19246.6
18934.4
18622.1
18309.8
17997.5
17685
17372.6
17060
16747.4
16434.8
16122.1
15809.3
15496.5
15183.7
14870.8
14557.9
14245
13932
13619.1
13306.1
12993
12680
12366.9
12053.8
11740.7
11427.6
11114.5
10801.3
10488.2
10175
9861.87
9548.69
9235.51
8922.32
8609.11
8295.9
7982.67
7669.43
7356.18
7042.92
6729.64
6416.34
6103.02
5789.68
5476.31
5162.92
4849.5
4533.58
4188.14
3784.18
3309.69
2762.8
2093.69
1396.21
368.996
24893.5
23983.7
23511.6
22954.2
22468.9
22011.8
21589.5
21198.2
20835.7
20500
20182.6
19870.7
19558.7
19246.6
18934.4
18622.2
18309.9
17997.5
17685.1
17372.6
17060
16747.4
16434.8
16122.1
15809.3
15496.5
15183.7
14870.8
14557.9
14245
13932
13619.1
13306
12993
12680
12366.9
12053.8
11740.7
11427.6
11114.5
10801.3
10488.2
10175
9861.87
9548.69
9235.51
8922.31
8609.11
8295.89
7982.67
7669.43
7356.19
7042.92
6729.65
6416.35
6103.04
5789.71
5476.35
5162.97
4849.56
4533.67
4188.27
3784.34
3309.96
2763.31
2093.86
1398.71
366.697
24913.4
23990.2
23514.5
22955.9
22469.4
22012.1
21589.6
21198.2
20835.7
20500
20182.6
19870.7
19558.7
19246.6
18934.4
18622.2
18309.9
17997.5
17685.1
17372.6
17060.1
16747.4
16434.8
16122.1
15809.3
15496.5
15183.7
14870.8
14557.9
14245
13932
13619.1
13306
12993
12680
12366.9
12053.8
11740.7
11427.6
11114.5
10801.3
10488.2
10175
9861.86
9548.69
9235.5
8922.31
8609.11
8295.89
7982.67
7669.44
7356.19
7042.94
6729.66
6416.38
6103.07
5789.75
5476.41
5163.04
4849.65
4533.79
4188.43
3784.52
3310.27
2763.73
2094.14
1400.72
364.514
24932.2
23998.1
23518
22958.3
22470.3
22012.7
21589.8
21198.3
20835.8
20500.1
20182.7
19870.7
19558.7
19246.6
18934.4
18622.2
18309.9
17997.6
17685.1
17372.6
17060.1
16747.5
16434.8
16122.1
15809.4
15496.6
15183.7
14870.9
14557.9
14245
13932
13619.1
13306.1
12993
12680
12366.9
12053.8
11740.7
11427.6
11114.5
10801.3
10488.2
10175
9861.86
9548.69
9235.51
8922.31
8609.11
8295.9
7982.68
7669.45
7356.21
7042.96
6729.69
6416.41
6103.12
5789.8
5476.47
5163.13
4849.76
4533.92
4188.6
3784.71
3310.61
2764.06
2094.49
1402.27
362.371
24948.6
24006.3
23521.4
22961
22471.4
22013.4
21590.2
21198.5
20835.9
20500.1
20182.7
19870.8
19558.7
19246.7
18934.5
18622.3
18310
17997.6
17685.2
17372.7
17060.1
16747.5
16434.8
16122.1
15809.4
15496.6
15183.7
14870.9
14558
14245
13932.1
13619.1
13306.1
12993
12680
12366.9
12053.8
11740.7
11427.6
11114.5
10801.3
10488.2
10175
9861.87
9548.69
9235.51
8922.32
8609.12
8295.91
7982.69
7669.47
7356.23
7042.99
6729.73
6416.46
6103.17
5789.87
5476.56
5163.23
4849.88
4534.07
4188.78
3784.91
3310.94
2764.33
2094.88
1403.44
360.349
24961
24013.6
23524.2
22963.4
22472.4
22014
21590.6
21198.8
20836.1
20500.2
20182.8
19870.8
19558.8
19246.7
18934.5
18622.3
18310
17997.6
17685.2
17372.7
17060.2
16747.5
16434.9
16122.2
15809.4
15496.6
15183.8
14870.9
14558
14245
13932.1
13619.1
13306.1
12993
12680
12366.9
12053.8
11740.7
11427.6
11114.5
10801.3
10488.2
10175
9861.87
9548.7
9235.52
8922.33
8609.13
8295.93
7982.72
7669.49
7356.26
7043.03
6729.78
6416.51
6103.24
5789.96
5476.66
5163.34
4850.02
4534.22
4188.97
3785.11
3311.27
2764.52
2095.28
1404.3
358.492
24968.3
24018.7
23525.6
22965.1
22473.1
22014.5
21590.8
21198.9
20836.2
20500.3
20182.9
19870.9
19558.9
19246.8
18934.6
18622.4
18310.1
17997.7
17685.3
17372.8
17060.2
16747.6
16434.9
16122.2
15809.4
15496.6
15183.8
14870.9
14558
14245
13932.1
13619.1
13306.1
12993
12680
12366.9
12053.8
11740.7
11427.6
11114.5
10801.3
10488.2
10175
9861.88
9548.71
9235.53
8922.34
8609.15
8295.95
7982.74
7669.53
7356.3
7043.07
6729.83
6416.58
6103.32
5790.05
5476.76
5163.47
4850.16
4534.39
4189.16
3785.3
3311.58
2764.66
2095.68
1404.88
356.81
24968.8
24020.6
23524.9
22965.5
22473
22014.5
21590.8
21198.9
20836.2
20500.4
20182.9
19871
19558.9
19246.8
18934.7
18622.4
18310.1
17997.8
17685.3
17372.8
17060.3
16747.6
16435
16122.2
15809.5
15496.7
15183.8
14870.9
14558
14245.1
13932.1
13619.1
13306.1
12993
12680
12366.9
12053.8
11740.7
11427.6
11114.5
10801.3
10488.2
10175
9861.89
9548.72
9235.54
8922.36
8609.17
8295.98
7982.77
7669.56
7356.35
7043.13
6729.9
6416.66
6103.41
5790.15
5476.88
5163.6
4850.31
4534.56
4189.35
3785.5
3311.88
2764.76
2096.08
1405.25
355.309
24961
24018.5
23521.5
22964.2
22471.9
22013.9
21590.5
21198.7
20836.1
20500.3
20182.9
19871
19559
19246.9
18934.7
18622.5
18310.2
17997.8
17685.4
17372.9
17060.3
16747.7
16435
16122.3
15809.5
15496.7
15183.8
14870.9
14558
14245.1
13932.1
13619.1
13306.1
12993
12680
12366.9
12053.8
11740.7
11427.6
11114.5
10801.4
10488.2
10175.1
9861.9
9548.73
9235.56
8922.38
8609.19
8296
7982.81
7669.6
7356.4
7043.18
6729.96
6416.74
6103.5
5790.26
5477.01
5163.75
4850.47
4534.74
4189.55
3785.7
3312.18
2764.83
2096.5
1405.41
353.99
24943.6
24012
23515.2
22961.3
22469.9
22012.8
21589.8
21198.4
20835.9
20500.3
20183
19871.1
19559.1
19247
18934.9
18622.6
18310.3
17997.9
17685.5
17372.9
17060.4
16747.7
16435
16122.3
15809.5
15496.7
15183.9
14871
14558
14245.1
13932.1
13619.1
13306.1
12993.1
12680
12366.9
12053.8
11740.7
11427.6
11114.5
10801.4
10488.2
10175.1
9861.91
9548.74
9235.57
8922.4
8609.22
8296.03
7982.84
7669.65
7356.45
7043.24
6730.03
6416.82
6103.6
5790.38
5477.14
5163.9
4850.65
4534.93
4189.76
3785.91
3312.49
2764.9
2096.98
1405.37
352.858
24914.6
24001
23505.9
22956.9
22467.1
22011.2
21589
21198
20835.7
20500.2
20183
19871.1
19559.2
19247.1
18935
18622.7
18310.4
17998
17685.6
17373
17060.4
16747.8
16435.1
16122.4
15809.6
15496.7
15183.9
14871
14558.1
14245.1
13932.1
13619.1
13306.1
12993.1
12680
12366.9
12053.8
11740.7
11427.6
11114.5
10801.4
10488.2
10175.1
9861.91
9548.75
9235.58
8922.41
8609.24
8296.05
7982.87
7669.69
7356.5
7043.3
6730.11
6416.91
6103.7
5790.49
5477.28
5164.06
4850.83
4535.14
4189.99
3786.16
3312.84
2764.98
2097.63
1405.1
351.948
24876.1
23990
23497.1
22953.8
22465.7
22011
21589.2
21198.4
20836.3
20500.8
20183.5
19871.6
19559.6
19247.5
18935.3
18623
18310.6
17998.2
17685.7
17373.2
17060.5
16747.9
16435.2
16122.4
15809.6
15496.8
15183.9
14871
14558.1
14245.1
13932.1
13619.1
13306.1
12993.1
12680
12366.9
12053.8
11740.7
11427.6
11114.5
10801.4
10488.2
10175.1
9861.91
9548.75
9235.59
8922.42
8609.24
8296.07
7982.89
7669.71
7356.53
7043.35
6730.16
6416.98
6103.8
5790.61
5477.43
5164.24
4851.05
4535.4
4190.3
3786.51
3313.35
2765.17
2098.7
1404.42
351.042
24823.1
23976.8
23485.5
22949.5
22463.3
22009.9
21588.9
21198.4
20836.4
20501
20183.8
19871.9
19559.9
19247.7
18935.5
18623.2
18310.8
17998.3
17685.8
17373.2
17060.6
16747.9
16435.2
16122.4
15809.6
15496.8
15183.9
14871
14558.1
14245.1
13932.1
13619.1
13306.1
12993.1
12680
12366.9
12053.8
11740.7
11427.6
11114.5
10801.4
10488.2
10175.1
9861.91
9548.75
9235.59
8922.42
8609.25
8296.08
7982.91
7669.73
7356.56
7043.38
6730.21
6417.04
6103.87
5790.71
5477.55
5164.39
4851.22
4535.62
4190.56
3786.81
3313.86
2765.17
2100.27
1403.24
350.919
24792.4
24006.5
23500.4
22966.1
22475.9
22019.6
21596.2
21204
20840.7
20504.3
20186.4
19873.9
19561.4
19248.9
18936.4
18623.9
18311.3
17998.7
17686.1
17373.5
17060.8
16748.1
16435.3
16122.5
15809.7
15496.8
15183.9
14871
14558.1
14245.1
13932.1
13619.1
13306.1
12993
12680
12366.9
12053.8
11740.7
11427.6
11114.5
10801.3
10488.2
10175
9861.88
9548.72
9235.55
8922.38
8609.21
8296.03
7982.86
7669.68
7356.51
7043.34
6730.18
6417.03
6103.88
5790.76
5477.65
5164.56
4851.49
4536.01
4191.12
3787.63
3315.3
2765.99
2105.61
1400.27
346.37
24862.8
24024
23524.6
22971.2
22480.5
22021
21596.6
21203.8
20840.2
20503.8
20185.8
19873.4
19560.9
19248.5
18936.1
18623.7
18311.2
17998.7
17686.1
17373.5
17060.9
16748.2
16435.5
16122.7
15809.9
15497.1
15184.2
14871.3
14558.3
14245.3
13932.4
13619.3
13306.3
12993.2
12680.2
12367.1
12054
11740.9
11427.7
11114.6
10801.4
10488.3
10175.1
9861.95
9548.78
9235.59
8922.39
8609.19
8295.97
7982.74
7669.51
7356.25
7042.99
6729.7
6416.4
6103.07
5789.72
5476.33
5162.91
4849.45
4533.49
4187.97
3783.76
3309.54
2760.07
2094.77
1381.06
414.637
24850.8
24005.5
23520.2
22966.3
22478.3
22019.5
21595.8
21203.3
20840
20503.6
20185.7
19873.3
19561
19248.6
18936.2
18623.7
18311.2
17998.7
17686.2
17373.5
17060.9
16748.2
16435.5
16122.7
15809.9
15497
15184.2
14871.2
14558.3
14245.3
13932.3
13619.3
13306.3
12993.2
12680.2
12367.1
12054
11740.9
11427.7
11114.6
10801.4
10488.3
10175.1
9861.94
9548.76
9235.57
8922.38
8609.17
8295.95
7982.72
7669.48
7356.23
7042.96
6729.67
6416.37
6103.04
5789.68
5476.3
5162.88
4849.42
4533.47
4187.95
3783.82
3309.43
2760.78
2094.5
1384.64
372.472
24855.3
23993.8
23518.1
22963
22476.7
22018.4
21595.1
21202.9
20839.8
20503.5
20185.7
19873.3
19561
19248.6
18936.2
18623.7
18311.3
17998.7
17686.2
17373.6
17060.9
16748.2
16435.5
16122.7
15809.9
15497
15184.2
14871.2
14558.3
14245.3
13932.3
13619.3
13306.3
12993.2
12680.2
12367.1
12054
11740.8
11427.7
11114.6
10801.4
10488.3
10175.1
9861.93
9548.75
9235.56
8922.36
8609.15
8295.94
7982.71
7669.46
7356.21
7042.94
6729.65
6416.35
6103.02
5789.67
5476.29
5162.87
4849.42
4533.48
4187.98
3783.92
3309.41
2761.55
2094.03
1389.37
371.138
24868.5
23989.1
23517.5
22961.1
22475.6
22017.7
21594.6
21202.6
20839.5
20503.4
20185.6
19873.3
19560.9
19248.6
18936.2
18623.7
18311.3
17998.7
17686.2
17373.6
17060.9
16748.2
16435.5
16122.7
15809.9
15497
15184.2
14871.2
14558.3
14245.3
13932.3
13619.3
13306.3
12993.2
12680.1
12367.1
12054
11740.8
11427.7
11114.6
10801.4
10488.3
10175.1
9861.93
9548.75
9235.55
8922.35
8609.14
8295.92
7982.69
7669.45
7356.2
7042.93
6729.64
6416.34
6103.01
5789.66
5476.29
5162.88
4849.45
4533.52
4188.05
3784.05
3309.52
2762.24
2093.83
1393.13
372.095
24885.6
23989.1
23518.1
22960.6
22475
22017.2
21594.3
21202.3
20839.4
20503.3
20185.5
19873.2
19560.9
19248.6
18936.2
18623.8
18311.3
17998.8
17686.2
17373.6
17060.9
16748.2
16435.5
16122.7
15809.9
15497
15184.2
14871.2
14558.3
14245.3
13932.3
13619.3
13306.3
12993.2
12680.1
12367.1
12054
11740.8
11427.7
11114.6
10801.4
10488.3
10175.1
9861.92
9548.74
9235.55
8922.35
8609.14
8295.92
7982.69
7669.44
7356.19
7042.92
6729.64
6416.34
6103.02
5789.68
5476.31
5162.92
4849.49
4533.58
4188.15
3784.19
3309.72
2762.84
2093.86
1396.1
369.965
24905
23992.9
23519.9
22961.2
22475
22017.1
21594.1
21202.2
20839.3
20503.2
20185.5
19873.2
19560.9
19248.6
18936.2
18623.8
18311.3
17998.8
17686.2
17373.6
17060.9
16748.2
16435.5
16122.7
15809.9
15497
15184.2
14871.2
14558.3
14245.3
13932.3
13619.3
13306.3
12993.2
12680.1
12367.1
12054
11740.8
11427.7
11114.6
10801.4
10488.3
10175.1
9861.92
9548.73
9235.54
8922.34
8609.13
8295.91
7982.68
7669.44
7356.19
7042.93
6729.65
6416.35
6103.04
5789.7
5476.35
5162.97
4849.56
4533.67
4188.28
3784.36
3309.99
2763.35
2094.04
1398.59
367.688
24924.9
23999.4
23522.8
22963
22475.5
22017.4
21594.2
21202.2
20839.3
20503.2
20185.5
19873.2
19560.9
19248.6
18936.2
18623.8
18311.3
17998.8
17686.2
17373.6
17061
16748.3
16435.5
16122.7
15809.9
15497.1
15184.2
14871.2
14558.3
14245.3
13932.3
13619.3
13306.3
12993.2
12680.1
12367.1
12053.9
11740.8
11427.7
11114.6
10801.4
10488.3
10175.1
9861.92
9548.73
9235.54
8922.34
8609.13
8295.91
7982.69
7669.45
7356.2
7042.94
6729.66
6416.37
6103.07
5789.74
5476.4
5163.04
4849.65
4533.79
4188.43
3784.54
3310.3
2763.77
2094.32
1400.6
365.514
24943.7
24007.4
23526.3
22965.4
22476.4
22017.9
21594.4
21202.4
20839.3
20503.2
20185.5
19873.3
19561
19248.6
18936.3
18623.8
18311.4
17998.8
17686.3
17373.7
17061
16748.3
16435.5
16122.8
15809.9
15497.1
15184.2
14871.3
14558.3
14245.3
13932.3
13619.3
13306.3
12993.2
12680.1
12367.1
12053.9
11740.8
11427.7
11114.6
10801.4
10488.3
10175.1
9861.92
9548.73
9235.54
8922.34
8609.14
8295.92
7982.69
7669.46
7356.21
7042.96
6729.69
6416.41
6103.11
5789.8
5476.47
5163.12
4849.76
4533.92
4188.61
3784.73
3310.64
2764.11
2094.66
1402.16
363.372
24960.1
24015.6
23529.8
22968
22477.5
22018.6
21594.8
21202.6
20839.5
20503.3
20185.6
19873.3
19561
19248.7
18936.3
18623.9
18311.4
17998.9
17686.3
17373.7
17061
16748.3
16435.6
16122.8
15810
15497.1
15184.2
14871.3
14558.3
14245.3
13932.3
13619.3
13306.3
12993.2
12680.1
12367.1
12054
11740.8
11427.7
11114.6
10801.4
10488.3
10175.1
9861.92
9548.74
9235.55
8922.35
8609.14
8295.93
7982.71
7669.48
7356.24
7042.99
6729.73
6416.45
6103.17
5789.87
5476.55
5163.22
4849.88
4534.07
4188.79
3784.93
3310.98
2764.38
2095.04
1403.34
361.346
24972.6
24022.9
23532.6
22970.5
22478.6
22019.3
21595.2
21202.8
20839.6
20503.4
20185.7
19873.4
19561.1
19248.7
18936.4
18623.9
18311.5
17998.9
17686.4
17373.7
17061.1
16748.4
16435.6
16122.8
15810
15497.1
15184.2
14871.3
14558.3
14245.4
13932.4
13619.3
13306.3
12993.2
12680.2
12367.1
12054
11740.8
11427.7
11114.6
10801.4
10488.3
10175.1
9861.92
9548.74
9235.56
8922.36
8609.16
8295.95
7982.73
7669.5
7356.27
7043.03
6729.77
6416.51
6103.24
5789.95
5476.65
5163.34
4850.02
4534.23
4188.98
3785.13
3311.3
2764.57
2095.44
1404.2
359.484
24979.8
24028
23534
22972.2
22479.2
22019.8
21595.5
21203
20839.7
20503.5
20185.7
19873.4
19561.1
19248.8
18936.4
18624
18311.5
17999
17686.4
17373.8
17061.1
16748.4
16435.6
16122.8
15810
15497.1
15184.2
14871.3
14558.4
14245.4
13932.4
13619.3
13306.3
12993.2
12680.2
12367.1
12054
11740.8
11427.7
11114.6
10801.4
10488.3
10175.1
9861.93
9548.75
9235.57
8922.37
8609.17
8295.97
7982.76
7669.54
7356.31
7043.07
6729.83
6416.58
6103.31
5790.04
5476.76
5163.46
4850.16
4534.39
4189.17
3785.32
3311.62
2764.72
2095.84
1404.8
357.802
24980.4
24030
23533.3
22972.6
22479.1
22019.8
21595.5
21203
20839.8
20503.5
20185.8
19873.5
19561.2
19248.9
18936.5
18624.1
18311.6
17999.1
17686.5
17373.8
17061.2
16748.4
16435.7
16122.9
15810
15497.2
15184.3
14871.3
14558.4
14245.4
13932.4
13619.3
13306.3
12993.2
12680.2
12367.1
12054
11740.8
11427.7
11114.6
10801.4
10488.3
10175.1
9861.94
9548.76
9235.58
8922.39
8609.19
8295.99
7982.79
7669.57
7356.35
7043.13
6729.89
6416.65
6103.4
5790.14
5476.88
5163.6
4850.31
4534.56
4189.36
3785.52
3311.92
2764.82
2096.24
1405.17
356.309
24972.7
24027.9
23529.9
22971.4
22478
22019.2
21595.1
21202.8
20839.7
20503.5
20185.8
19873.6
19561.3
19248.9
18936.6
18624.1
18311.7
17999.1
17686.5
17373.9
17061.2
16748.5
16435.7
16122.9
15810.1
15497.2
15184.3
14871.3
14558.4
14245.4
13932.4
13619.4
13306.3
12993.2
12680.2
12367.1
12054
11740.8
11427.7
11114.6
10801.4
10488.3
10175.1
9861.95
9548.78
9235.59
8922.41
8609.22
8296.02
7982.82
7669.61
7356.4
7043.19
6729.96
6416.73
6103.5
5790.25
5477
5163.74
4850.47
4534.74
4189.56
3785.72
3312.21
2764.9
2096.66
1405.35
355.009
24955.3
24021.4
23523.6
22968.5
22476.1
22018.1
21594.5
21202.5
20839.5
20503.5
20185.8
19873.6
19561.4
19249.1
18936.7
18624.3
18311.8
17999.2
17686.6
17374
17061.3
16748.6
16435.8
16123
15810.1
15497.2
15184.3
14871.4
14558.4
14245.4
13932.4
13619.4
13306.3
12993.3
12680.2
12367.1
12054
11740.9
11427.7
11114.6
10801.4
10488.3
10175.1
9861.96
9548.79
9235.61
8922.43
8609.24
8296.05
7982.85
7669.65
7356.45
7043.24
6730.03
6416.82
6103.6
5790.37
5477.13
5163.89
4850.64
4534.94
4189.77
3785.94
3312.53
2764.97
2097.14
1405.32
353.906
24926.4
24010.5
23514.4
22964.1
22473.3
22016.6
21593.7
21202
20839.3
20503.4
20185.9
19873.7
19561.5
19249.2
18936.8
18624.4
18311.9
17999.3
17686.7
17374.1
17061.4
16748.6
16435.8
16123
15810.1
15497.3
15184.3
14871.4
14558.4
14245.4
13932.4
13619.4
13306.3
12993.3
12680.2
12367.1
12054
11740.9
11427.7
11114.6
10801.4
10488.3
10175.1
9861.97
9548.8
9235.62
8922.44
8609.26
8296.07
7982.88
7669.69
7356.5
7043.3
6730.1
6416.9
6103.7
5790.49
5477.27
5164.05
4850.82
4535.14
4190
3786.18
3312.88
2765.05
2097.79
1405.05
353.031
24887.9
23999.6
23505.7
22961.1
22472
22016.4
21593.9
21202.5
20839.9
20504
20186.4
19874.2
19561.9
19249.6
18937.1
18624.6
18312.1
17999.5
17686.9
17374.2
17061.5
16748.7
16435.9
16123.1
15810.2
15497.3
15184.4
14871.4
14558.4
14245.4
13932.4
13619.4
13306.3
12993.3
12680.2
12367.1
12054
11740.9
11427.7
11114.6
10801.4
10488.3
10175.1
9861.96
9548.8
9235.62
8922.45
8609.27
8296.09
7982.9
7669.72
7356.53
7043.35
6730.16
6416.98
6103.79
5790.6
5477.42
5164.23
4851.04
4535.4
4190.31
3786.53
3313.38
2765.23
2098.85
1404.36
352.15
24835
23986.5
23494
22956.7
22469.6
22015.3
21593.6
21202.5
20840.1
20504.2
20186.7
19874.5
19562.2
19249.8
18937.3
18624.8
18312.3
17999.6
17687
17374.3
17061.5
16748.8
16435.9
16123.1
15810.2
15497.3
15184.4
14871.4
14558.4
14245.4
13932.4
13619.4
13306.3
12993.3
12680.2
12367.1
12054
11740.8
11427.7
11114.6
10801.4
10488.3
10175.1
9861.96
9548.8
9235.63
8922.45
8609.27
8296.1
7982.92
7669.74
7356.56
7043.38
6730.21
6417.04
6103.87
5790.7
5477.53
5164.37
4851.21
4535.61
4190.55
3786.82
3313.88
2765.22
2100.4
1403.18
352.046
24804.2
24016.1
23508.8
22973.2
22482.1
22024.9
21600.9
21208.1
20844.3
20507.5
20189.2
19876.5
19563.7
19251
18938.2
18625.5
18312.8
18000
17687.3
17374.5
17061.7
16748.9
16436
16123.2
15810.3
15497.3
15184.4
14871.4
14558.4
14245.4
13932.4
13619.4
13306.3
12993.2
12680.2
12367.1
12054
11740.8
11427.7
11114.6
10801.4
10488.3
10175.1
9861.93
9548.76
9235.59
8922.41
8609.23
8296.05
7982.87
7669.69
7356.51
7043.34
6730.17
6417.02
6103.87
5790.74
5477.63
5164.53
4851.47
4535.98
4191.09
3787.6
3315.27
2765.96
2105.62
1400.11
347.343
24873.7
24033
23532.7
22978.1
22486.5
22026.2
21601.2
21207.8
20843.8
20506.9
20188.6
19875.9
19563.2
19250.6
18938
18625.3
18312.7
18000
17687.3
17374.6
17061.8
16749
16436.2
16123.4
15810.5
15497.6
15184.6
14871.7
14558.7
14245.7
13932.7
13619.6
13306.5
12993.5
12680.4
12367.2
12054.1
11741
11427.8
11114.7
10801.5
10488.4
10175.2
9862.01
9548.82
9235.63
8922.43
8609.21
8295.99
7982.76
7669.52
7356.27
7043
6729.71
6416.4
6103.08
5789.72
5476.34
5162.92
4849.46
4533.5
4187.99
3783.79
3309.59
2760.13
2094.94
1381.07
414.932
24861.7
24014.5
23528.2
22973.2
22484.3
22024.7
21600.3
21207.3
20843.5
20506.8
20188.6
19875.9
19563.3
19250.6
18938
18625.4
18312.7
18000
17687.3
17374.6
17061.8
16749
16436.2
16123.4
15810.5
15497.6
15184.6
14871.7
14558.7
14245.7
13932.6
13619.6
13306.5
12993.4
12680.3
12367.2
12054.1
11741
11427.8
11114.7
10801.5
10488.4
10175.2
9862
9548.81
9235.61
8922.41
8609.2
8295.97
7982.74
7669.49
7356.24
7042.97
6729.68
6416.37
6103.04
5789.69
5476.3
5162.88
4849.43
4533.48
4187.97
3783.85
3309.47
2760.83
2094.67
1384.61
373.16
24866.2
24002.7
23526.2
22969.8
22482.7
22023.6
21599.7
21206.9
20843.3
20506.7
20188.5
19875.9
19563.2
19250.6
18938
18625.4
18312.7
18000
17687.3
17374.6
17061.8
16749
16436.2
16123.4
15810.5
15497.6
15184.6
14871.7
14558.7
14245.7
13932.6
13619.6
13306.5
12993.4
12680.3
12367.2
12054.1
11741
11427.8
11114.7
10801.5
10488.3
10175.2
9861.99
9548.8
9235.6
8922.4
8609.18
8295.96
7982.72
7669.48
7356.22
7042.95
6729.66
6416.35
6103.02
5789.67
5476.29
5162.88
4849.43
4533.49
4188
3783.95
3309.45
2761.6
2094.2
1389.31
371.97
24879.4
23998
23525.5
22968
22481.6
22022.9
21599.2
21206.6
20843.1
20506.5
20188.4
19875.8
19563.2
19250.6
18938
18625.4
18312.7
18000.1
17687.4
17374.6
17061.9
16749.1
16436.2
16123.4
15810.5
15497.6
15184.6
14871.7
14558.7
14245.7
13932.6
13619.6
13306.5
12993.4
12680.3
12367.2
12054.1
11741
11427.8
11114.7
10801.5
10488.3
10175.2
9861.98
9548.79
9235.59
8922.39
8609.17
8295.95
7982.71
7669.47
7356.21
7042.94
6729.65
6416.34
6103.01
5789.67
5476.29
5162.89
4849.45
4533.53
4188.06
3784.07
3309.56
2762.28
2094.01
1393.05
372.953
24896.6
23998
23526.1
22967.4
22481
22022.4
21598.8
21206.3
20842.9
20506.4
20188.4
19875.8
19563.2
19250.6
18938
18625.4
18312.8
18000.1
17687.4
17374.6
17061.9
16749.1
16436.2
16123.4
15810.5
15497.6
15184.6
14871.7
14558.7
14245.7
13932.6
13619.6
13306.5
12993.4
12680.3
12367.2
12054.1
11741
11427.8
11114.7
10801.5
10488.3
10175.2
9861.98
9548.79
9235.59
8922.38
8609.16
8295.94
7982.7
7669.46
7356.2
7042.93
6729.64
6416.34
6103.02
5789.68
5476.31
5162.92
4849.5
4533.59
4188.16
3784.21
3309.76
2762.88
2094.04
1396.01
370.85
24915.9
24001.8
23527.9
22968.1
22480.9
22022.3
21598.6
21206.2
20842.8
20506.4
20188.3
19875.8
19563.2
19250.6
18938
18625.4
18312.8
18000.1
17687.4
17374.7
17061.9
16749.1
16436.3
16123.4
15810.5
15497.6
15184.6
14871.7
14558.7
14245.7
13932.6
13619.6
13306.5
12993.4
12680.3
12367.2
12054.1
11741
11427.8
11114.7
10801.5
10488.3
10175.2
9861.97
9548.78
9235.58
8922.38
8609.16
8295.93
7982.7
7669.46
7356.2
7042.93
6729.65
6416.35
6103.04
5789.7
5476.35
5162.97
4849.57
4533.68
4188.29
3784.38
3310.03
2763.39
2094.21
1398.49
368.596
24935.8
24008.3
23530.8
22969.8
22481.4
22022.6
21598.7
21206.2
20842.8
20506.3
20188.3
19875.8
19563.2
19250.7
18938.1
18625.5
18312.8
18000.1
17687.4
17374.7
17061.9
16749.1
16436.3
16123.4
15810.5
15497.6
15184.6
14871.7
14558.7
14245.7
13932.6
13619.6
13306.5
12993.4
12680.3
12367.2
12054.1
11741
11427.8
11114.7
10801.5
10488.3
10175.2
9861.97
9548.78
9235.58
8922.37
8609.16
8295.94
7982.7
7669.46
7356.21
7042.94
6729.67
6416.37
6103.07
5789.74
5476.4
5163.04
4849.65
4533.8
4188.45
3784.56
3310.35
2763.82
2094.49
1400.49
366.435
24954.6
24016.3
23534.3
22972.2
22482.3
22023.1
21599
21206.4
20842.9
20506.4
20188.3
19875.8
19563.3
19250.7
18938.1
18625.5
18312.8
18000.2
17687.5
17374.7
17061.9
16749.1
16436.3
16123.4
15810.5
15497.6
15184.7
14871.7
14558.7
14245.7
13932.6
13619.6
13306.5
12993.4
12680.3
12367.2
12054.1
11741
11427.8
11114.7
10801.5
10488.3
10175.2
9861.97
9548.78
9235.58
8922.38
8609.16
8295.94
7982.71
7669.47
7356.22
7042.96
6729.69
6416.41
6103.11
5789.8
5476.47
5163.12
4849.76
4533.93
4188.62
3784.76
3310.68
2764.16
2094.84
1402.06
364.297
24971
24024.5
23537.8
22974.9
22483.5
22023.8
21599.3
21206.6
20843
20506.5
20188.4
19875.9
19563.3
19250.7
18938.1
18625.5
18312.9
18000.2
17687.5
17374.7
17062
16749.2
16436.3
16123.4
15810.5
15497.6
15184.7
14871.7
14558.7
14245.7
13932.6
13619.6
13306.5
12993.4
12680.3
12367.2
12054.1
11741
11427.8
11114.7
10801.5
10488.3
10175.2
9861.98
9548.78
9235.59
8922.38
8609.17
8295.95
7982.73
7669.49
7356.25
7042.99
6729.73
6416.46
6103.17
5789.87
5476.55
5163.23
4849.88
4534.08
4188.8
3784.95
3311.02
2764.43
2095.22
1403.24
362.272
24983.5
24031.8
23540.6
22977.3
22484.5
22024.5
21599.7
21206.8
20843.2
20506.6
20188.5
19875.9
19563.4
19250.8
18938.2
18625.6
18312.9
18000.2
17687.5
17374.8
17062
16749.2
16436.3
16123.5
15810.6
15497.6
15184.7
14871.7
14558.7
14245.7
13932.7
13619.6
13306.5
12993.4
12680.3
12367.2
12054.1
11741
11427.8
11114.7
10801.5
10488.3
10175.2
9861.98
9548.79
9235.6
8922.39
8609.18
8295.97
7982.75
7669.52
7356.28
7043.03
6729.78
6416.51
6103.24
5789.95
5476.65
5163.34
4850.02
4534.23
4188.99
3785.15
3311.35
2764.63
2095.61
1404.11
360.41
24990.8
24037
23542
22979
22485.2
22025
21600
21207
20843.3
20506.7
20188.6
19876
19563.4
19250.9
18938.3
18625.6
18313
18000.3
17687.6
17374.8
17062.1
16749.2
16436.4
16123.5
15810.6
15497.7
15184.7
14871.7
14558.7
14245.7
13932.7
13619.6
13306.5
12993.4
12680.3
12367.2
12054.1
11741
11427.8
11114.7
10801.5
10488.3
10175.2
9861.99
9548.8
9235.61
8922.41
8609.2
8295.99
7982.77
7669.55
7356.32
7043.08
6729.83
6416.58
6103.31
5790.04
5476.76
5163.47
4850.16
4534.4
4189.18
3785.35
3311.66
2764.77
2096.01
1404.72
358.73
24991.4
24039
23541.3
22979.5
22485.1
22025
21600
21207
20843.3
20506.7
20188.6
19876.1
19563.5
19250.9
18938.3
18625.7
18313.1
18000.4
17687.6
17374.9
17062.1
16749.3
16436.4
16123.5
15810.6
15497.7
15184.7
14871.7
14558.7
14245.7
13932.7
13619.6
13306.5
12993.4
12680.3
12367.2
12054.1
11741
11427.8
11114.7
10801.5
10488.4
10175.2
9862
9548.81
9235.62
8922.42
8609.22
8296.02
7982.8
7669.59
7356.36
7043.13
6729.9
6416.65
6103.4
5790.14
5476.88
5163.6
4850.32
4534.57
4189.37
3785.54
3311.96
2764.88
2096.4
1405.1
357.245
24983.7
24036.9
23538
22978.3
22484.1
22024.4
21599.7
21206.8
20843.2
20506.7
20188.7
19876.1
19563.6
19251
18938.4
18625.8
18313.1
18000.4
17687.7
17375
17062.2
16749.3
16436.5
16123.6
15810.7
15497.7
15184.8
14871.8
14558.8
14245.7
13932.7
13619.6
13306.5
12993.5
12680.4
12367.2
12054.1
11741
11427.8
11114.7
10801.5
10488.4
10175.2
9862.01
9548.82
9235.64
8922.44
8609.24
8296.04
7982.84
7669.63
7356.41
7043.19
6729.96
6416.73
6103.5
5790.25
5477
5163.74
4850.48
4534.75
4189.57
3785.74
3312.26
2764.96
2096.82
1405.28
355.96
24966.4
24030.5
23531.7
22975.5
22482.1
22023.4
21599.1
21206.5
20843.1
20506.7
20188.7
19876.2
19563.7
19251.1
18938.5
18625.9
18313.2
18000.5
17687.8
17375
17062.2
16749.4
16436.5
16123.6
15810.7
15497.8
15184.8
14871.8
14558.8
14245.7
13932.7
13619.6
13306.6
12993.5
12680.4
12367.2
12054.1
11741
11427.8
11114.7
10801.5
10488.4
10175.2
9862.02
9548.83
9235.65
8922.46
8609.27
8296.07
7982.87
7669.67
7356.46
7043.25
6730.03
6416.82
6103.59
5790.37
5477.13
5163.89
4850.65
4534.94
4189.78
3785.96
3312.57
2765.03
2097.31
1405.26
354.88
24937.5
24019.7
23522.6
22971.1
22479.4
22021.9
21598.3
21206.1
20842.9
20506.6
20188.7
19876.3
19563.8
19251.2
18938.7
18626
18313.4
18000.6
17687.9
17375.1
17062.3
16749.5
16436.6
16123.7
15810.7
15497.8
15184.8
14871.8
14558.8
14245.8
13932.7
13619.6
13306.6
12993.5
12680.4
12367.2
12054.1
11741
11427.8
11114.7
10801.5
10488.4
10175.2
9862.02
9548.84
9235.66
8922.48
8609.29
8296.09
7982.9
7669.7
7356.51
7043.31
6730.1
6416.9
6103.69
5790.48
5477.27
5164.05
4850.83
4535.15
4190.01
3786.2
3312.92
2765.11
2097.95
1404.99
354.031
24899.1
24008.7
23513.8
22968.1
22478
22021.6
21598.5
21206.6
20843.5
20507.2
20189.3
19876.8
19564.2
19251.6
18939
18626.3
18313.6
18000.8
17688.1
17375.2
17062.4
16749.5
16436.6
16123.7
15810.8
15497.8
15184.8
14871.8
14558.8
14245.8
13932.7
13619.6
13306.6
12993.5
12680.4
12367.2
12054.1
11741
11427.8
11114.7
10801.5
10488.4
10175.2
9862.02
9548.84
9235.66
8922.48
8609.29
8296.11
7982.92
7669.73
7356.54
7043.35
6730.16
6416.97
6103.79
5790.6
5477.41
5164.23
4851.04
4535.4
4190.31
3786.54
3313.41
2765.28
2099
1404.29
353.165
24846.2
23995.7
23502.2
22963.7
22475.7
22020.6
21598.2
21206.6
20843.7
20507.5
20189.6
19877.1
19564.5
19251.9
18939.2
18626.5
18313.7
18001
17688.2
17375.3
17062.5
16749.6
16436.7
16123.8
15810.8
15497.8
15184.9
14871.8
14558.8
14245.8
13932.7
13619.6
13306.6
12993.5
12680.4
12367.2
12054.1
11741
11427.8
11114.7
10801.5
10488.4
10175.2
9862.02
9548.84
9235.67
8922.48
8609.3
8296.12
7982.93
7669.75
7356.57
7043.39
6730.21
6417.03
6103.86
5790.69
5477.53
5164.37
4851.21
4535.61
4190.56
3786.83
3313.9
2765.26
2100.53
1403.11
353.069
24815.3
24025.2
23517
22980.2
22488.1
22030.2
21605.4
21212.1
20847.9
20510.7
20192.1
19879
19566
19253
18940.1
18627.1
18314.2
18001.3
17688.4
17375.5
17062.6
16749.7
16436.8
16123.8
15810.8
15497.9
15184.9
14871.8
14558.8
14245.8
13932.7
13619.6
13306.6
12993.5
12680.3
12367.2
12054.1
11741
11427.8
11114.7
10801.5
10488.3
10175.2
9861.99
9548.81
9235.63
8922.44
8609.25
8296.07
7982.88
7669.7
7356.52
7043.34
6730.17
6417.01
6103.86
5790.73
5477.61
5164.52
4851.45
4535.96
4191.07
3787.58
3315.26
2765.94
2105.65
1399.96
348.211
24884.1
24041.6
23540.4
22984.8
22492.3
22031.3
21605.6
21211.7
20847.3
20510.1
20191.5
19878.5
19565.5
19252.6
18939.8
18627
18314.2
18001.3
17688.5
17375.6
17062.8
16749.9
16437
16124.1
15811.1
15498.1
15185.1
14872.1
14559.1
14246
13933
13619.9
13306.8
12993.7
12680.5
12367.4
12054.3
11741.1
11428
11114.8
10801.6
10488.4
10175.3
9862.07
9548.87
9235.67
8922.46
8609.25
8296.02
7982.78
7669.54
7356.28
7043.01
6729.72
6416.41
6103.08
5789.73
5476.35
5162.93
4849.47
4533.52
4188.01
3783.82
3309.64
2760.19
2095.12
1381.09
415.22
24872.1
24023.1
23536
22979.9
22490.1
22029.8
21604.8
21211.3
20847.1
20509.9
20191.4
19878.4
19565.5
19252.7
18939.8
18627
18314.2
18001.4
17688.5
17375.7
17062.8
16749.9
16437
16124
15811.1
15498.1
15185.1
14872.1
14559.1
14246
13932.9
13619.9
13306.8
12993.7
12680.5
12367.4
12054.3
11741.1
11428
11114.8
10801.6
10488.4
10175.3
9862.06
9548.86
9235.66
8922.45
8609.23
8296
7982.76
7669.51
7356.25
7042.98
6729.69
6416.38
6103.05
5789.69
5476.31
5162.89
4849.44
4533.5
4187.99
3783.88
3309.52
2760.89
2094.84
1384.61
373.792
24876.6
24011.3
23533.9
22976.5
22488.5
22028.7
21604.2
21210.9
20846.8
20509.8
20191.3
19878.4
19565.5
19252.7
18939.9
18627
18314.2
18001.4
17688.5
17375.7
17062.8
16749.9
16437
16124
15811.1
15498.1
15185.1
14872.1
14559.1
14246
13932.9
13619.9
13306.8
12993.7
12680.5
12367.4
12054.3
11741.1
11427.9
11114.8
10801.6
10488.4
10175.2
9862.05
9548.85
9235.65
8922.43
8609.21
8295.98
7982.74
7669.49
7356.23
7042.96
6729.67
6416.36
6103.03
5789.67
5476.29
5162.88
4849.44
4533.5
4188.02
3783.98
3309.5
2761.65
2094.37
1389.28
372.731
24889.8
24006.6
23533.2
22974.6
22487.4
22027.9
21603.6
21210.5
20846.6
20509.7
20191.3
19878.4
19565.5
19252.7
18939.9
18627
18314.2
18001.4
17688.5
17375.7
17062.8
16749.9
16437
16124.1
15811.1
15498.1
15185.1
14872.1
14559.1
14246
13932.9
13619.9
13306.8
12993.6
12680.5
12367.4
12054.3
11741.1
11427.9
11114.8
10801.6
10488.4
10175.2
9862.04
9548.84
9235.64
8922.42
8609.2
8295.97
7982.73
7669.48
7356.22
7042.95
6729.66
6416.35
6103.02
5789.67
5476.3
5162.9
4849.46
4533.54
4188.08
3784.1
3309.61
2762.33
2094.19
1392.98
373.737
24906.9
24006.6
23533.8
22974
22486.8
22027.5
21603.3
21210.3
20846.4
20509.6
20191.2
19878.3
19565.5
19252.7
18939.9
18627.1
18314.2
18001.4
17688.6
17375.7
17062.8
16749.9
16437
16124.1
15811.1
15498.1
15185.1
14872.1
14559.1
14246
13932.9
13619.9
13306.8
12993.6
12680.5
12367.4
12054.2
11741.1
11427.9
11114.8
10801.6
10488.4
10175.2
9862.04
9548.84
9235.63
8922.42
8609.19
8295.96
7982.72
7669.47
7356.21
7042.94
6729.65
6416.35
6103.02
5789.68
5476.32
5162.93
4849.51
4533.61
4188.18
3784.24
3309.81
2762.93
2094.22
1395.93
371.661
24926.3
24010.4
23535.6
22974.7
22486.7
22027.4
21603.1
21210.2
20846.3
20509.5
20191.2
19878.3
19565.5
19252.7
18939.9
18627.1
18314.3
18001.4
17688.6
17375.7
17062.8
16749.9
16437
16124.1
15811.1
15498.1
15185.1
14872.1
14559.1
14246
13932.9
13619.9
13306.8
12993.6
12680.5
12367.4
12054.2
11741.1
11427.9
11114.8
10801.6
10488.4
10175.2
9862.03
9548.83
9235.63
8922.41
8609.19
8295.96
7982.72
7669.47
7356.21
7042.94
6729.66
6416.36
6103.04
5789.71
5476.35
5162.97
4849.58
4533.7
4188.31
3784.41
3310.08
2763.44
2094.4
1398.4
369.429
24946.2
24016.9
23538.5
22976.4
22487.2
22027.6
21603.2
21210.2
20846.3
20509.5
20191.1
19878.3
19565.5
19252.7
18939.9
18627.1
18314.3
18001.5
17688.6
17375.7
17062.9
16750
16437
16124.1
15811.1
15498.1
15185.1
14872.1
14559.1
14246
13932.9
13619.9
13306.8
12993.6
12680.5
12367.4
12054.2
11741.1
11427.9
11114.8
10801.6
10488.4
10175.2
9862.03
9548.83
9235.62
8922.41
8609.19
8295.96
7982.72
7669.48
7356.22
7042.95
6729.67
6416.38
6103.07
5789.75
5476.4
5163.04
4849.66
4533.81
4188.47
3784.59
3310.39
2763.86
2094.67
1400.4
367.282
24965
24024.8
23542
22978.8
22488.1
22028.2
21603.4
21210.3
20846.4
20509.5
20191.2
19878.3
19565.5
19252.7
18939.9
18627.1
18314.3
18001.5
17688.6
17375.8
17062.9
16750
16437.1
16124.1
15811.1
15498.1
15185.1
14872.1
14559.1
14246
13932.9
13619.9
13306.8
12993.6
12680.5
12367.4
12054.2
11741.1
11427.9
11114.8
10801.6
10488.4
10175.2
9862.03
9548.83
9235.63
8922.41
8609.19
8295.97
7982.73
7669.49
7356.24
7042.97
6729.7
6416.41
6103.12
5789.8
5476.47
5163.13
4849.77
4533.94
4188.64
3784.78
3310.73
2764.21
2095.02
1401.96
365.153
24981.3
24033.1
23545.5
22981.5
22489.3
22028.9
21603.8
21210.5
20846.5
20509.6
20191.2
19878.4
19565.6
19252.8
18940
18627.2
18314.4
18001.5
17688.7
17375.8
17062.9
16750
16437.1
16124.1
15811.2
15498.2
15185.2
14872.1
14559.1
14246
13932.9
13619.9
13306.8
12993.6
12680.5
12367.4
12054.2
11741.1
11427.9
11114.8
10801.6
10488.4
10175.2
9862.03
9548.84
9235.63
8922.42
8609.2
8295.98
7982.75
7669.51
7356.26
7043
6729.74
6416.46
6103.17
5789.87
5476.56
5163.23
4849.89
4534.09
4188.82
3784.98
3311.06
2764.48
2095.39
1403.15
363.132
24993.9
24040.4
23548.3
22984
22490.3
22029.6
21604.2
21210.7
20846.7
20509.7
20191.3
19878.5
19565.6
19252.8
18940
18627.2
18314.4
18001.6
17688.7
17375.9
17063
16750
16437.1
16124.2
15811.2
15498.2
15185.2
14872.1
14559.1
14246
13933
13619.9
13306.8
12993.7
12680.5
12367.4
12054.2
11741.1
11427.9
11114.8
10801.6
10488.4
10175.2
9862.04
9548.84
9235.64
8922.43
8609.21
8295.99
7982.77
7669.53
7356.29
7043.04
6729.78
6416.52
6103.24
5789.95
5476.66
5163.35
4850.03
4534.25
4189.01
3785.18
3311.39
2764.68
2095.79
1404.03
361.272
25001.2
24045.6
23549.7
22985.7
22491
22030
21604.5
21210.9
20846.8
20509.8
20191.4
19878.5
19565.7
19252.9
18940.1
18627.3
18314.5
18001.6
17688.8
17375.9
17063
16750.1
16437.1
16124.2
15811.2
15498.2
15185.2
14872.2
14559.1
14246
13933
13619.9
13306.8
12993.7
12680.5
12367.4
12054.3
11741.1
11427.9
11114.8
10801.6
10488.4
10175.2
9862.05
9548.85
9235.65
8922.44
8609.23
8296.01
7982.79
7669.56
7356.33
7043.09
6729.84
6416.58
6103.32
5790.04
5476.76
5163.47
4850.17
4534.41
4189.2
3785.38
3311.71
2764.83
2096.18
1404.64
359.596
25001.8
24047.6
23549.1
22986.1
22490.9
22030.1
21604.5
21211
20846.8
20509.9
20191.5
19878.6
19565.8
19253
18940.2
18627.4
18314.5
18001.7
17688.8
17376
17063.1
16750.1
16437.2
16124.2
15811.2
15498.2
15185.2
14872.2
14559.1
14246.1
13933
13619.9
13306.8
12993.7
12680.5
12367.4
12054.3
11741.1
11427.9
11114.8
10801.6
10488.4
10175.2
9862.06
9548.86
9235.66
8922.46
8609.25
8296.04
7982.82
7669.6
7356.37
7043.14
6729.9
6416.66
6103.41
5790.15
5476.88
5163.61
4850.32
4534.59
4189.39
3785.57
3312.01
2764.94
2096.57
1405.02
358.118
24994.2
24045.6
23545.7
22985
22489.9
22029.5
21604.2
21210.8
20846.8
20509.9
20191.5
19878.7
19565.9
19253.1
18940.3
18627.4
18314.6
18001.8
17688.9
17376
17063.1
16750.2
16437.2
16124.3
15811.3
15498.3
15185.2
14872.2
14559.1
14246.1
13933
13619.9
13306.8
12993.7
12680.5
12367.4
12054.3
11741.1
11428
11114.8
10801.6
10488.4
10175.3
9862.07
9548.87
9235.68
8922.48
8609.27
8296.07
7982.86
7669.64
7356.42
7043.2
6729.97
6416.74
6103.5
5790.26
5477
5163.75
4850.48
4534.76
4189.59
3785.77
3312.3
2765.02
2096.99
1405.21
356.846
24976.9
24039.2
23539.5
22982.2
22488
22028.5
21603.6
21210.5
20846.7
20509.9
20191.5
19878.8
19566
19253.2
18940.4
18627.6
18314.7
18001.9
17689
17376.1
17063.2
16750.2
16437.3
16124.3
15811.3
15498.3
15185.3
14872.2
14559.2
14246.1
13933
13619.9
13306.8
12993.7
12680.5
12367.4
12054.3
11741.1
11428
11114.8
10801.6
10488.4
10175.3
9862.07
9548.89
9235.69
8922.5
8609.3
8296.09
7982.89
7669.68
7356.47
7043.26
6730.04
6416.82
6103.6
5790.37
5477.14
5163.9
4850.65
4534.96
4189.8
3785.99
3312.61
2765.09
2097.48
1405.19
355.784
24948.1
24028.4
23530.4
22977.8
22485.3
22027
21602.8
21210.1
20846.5
20509.8
20191.6
19878.9
19566.1
19253.3
18940.5
18627.7
18314.8
18002
17689.1
17376.2
17063.3
16750.3
16437.3
16124.4
15811.4
15498.3
15185.3
14872.2
14559.2
14246.1
13933
13619.9
13306.8
12993.7
12680.6
12367.4
12054.3
11741.1
11428
11114.8
10801.6
10488.4
10175.3
9862.08
9548.89
9235.7
8922.51
8609.32
8296.12
7982.92
7669.72
7356.52
7043.31
6730.11
6416.9
6103.69
5790.48
5477.27
5164.05
4850.83
4535.16
4190.03
3786.23
3312.96
2765.17
2098.12
1404.93
354.954
24909.7
24017.5
23521.7
22974.8
22484
22026.8
21603.1
21210.6
20847.1
20510.4
20192.2
19879.4
19566.6
19253.7
18940.9
18628
18315.1
18002.2
17689.3
17376.3
17063.4
16750.4
16437.4
16124.4
15811.4
15498.4
15185.3
14872.3
14559.2
14246.1
13933
13619.9
13306.8
12993.7
12680.6
12367.4
12054.3
11741.1
11428
11114.8
10801.6
10488.4
10175.3
9862.08
9548.89
9235.71
8922.52
8609.32
8296.13
7982.94
7669.74
7356.55
7043.36
6730.17
6416.98
6103.79
5790.6
5477.41
5164.23
4851.04
4535.41
4190.32
3786.56
3313.45
2765.33
2099.15
1404.23
354.091
24856.9
24004.4
23510.1
22970.5
22481.6
22025.8
21602.7
21210.6
20847.2
20510.6
20192.4
19879.6
19566.8
19253.9
18941.1
18628.1
18315.2
18002.3
17689.4
17376.4
17063.4
16750.5
16437.5
16124.4
15811.4
15498.4
15185.3
14872.3
14559.2
14246.1
13933
13619.9
13306.8
12993.7
12680.5
12367.4
12054.3
11741.1
11428
11114.8
10801.6
10488.4
10175.3
9862.08
9548.89
9235.71
8922.52
8609.33
8296.14
7982.95
7669.76
7356.58
7043.39
6730.21
6417.03
6103.86
5790.69
5477.53
5164.37
4851.21
4535.61
4190.56
3786.84
3313.93
2765.3
2100.67
1403.04
353.996
24825.8
24034
23524.7
22986.9
22494
22035.3
21609.9
21216
20851.4
20513.9
20194.9
19881.6
19568.3
19255.1
18941.9
18628.8
18315.7
18002.7
17689.6
17376.6
17063.6
16750.6
16437.5
16124.5
15811.5
15498.4
15185.3
14872.3
14559.2
14246.1
13933
13619.9
13306.8
12993.7
12680.5
12367.4
12054.2
11741.1
11427.9
11114.8
10801.6
10488.4
10175.2
9862.05
9548.86
9235.67
8922.48
8609.28
8296.09
7982.9
7669.71
7356.53
7043.35
6730.17
6417.01
6103.86
5790.72
5477.6
5164.51
4851.44
4535.95
4191.06
3787.57
3315.24
2765.93
2105.7
1399.82
348.988
24893.9
24049.9
23547.8
22991.2
22498
22036.2
21610
21215.6
20850.8
20513.2
20194.3
19881
19567.8
19254.7
18941.6
18628.6
18315.6
18002.7
17689.7
17376.7
17063.7
16750.8
16437.8
16124.7
15811.7
15498.7
15185.6
14872.5
14559.5
14246.4
13933.3
13620.2
13307
12993.9
12680.7
12367.6
12054.4
11741.3
11428.1
11114.9
10801.7
10488.5
10175.3
9862.13
9548.93
9235.72
8922.5
8609.28
8296.05
7982.81
7669.56
7356.3
7043.02
6729.73
6416.42
6103.1
5789.74
5476.36
5162.95
4849.49
4533.55
4188.04
3783.86
3309.7
2760.26
2095.3
1381.14
415.498
24881.9
24031.3
23543.4
22986.3
22495.8
22034.8
21609.2
21215.2
20850.5
20513.1
20194.2
19881
19567.8
19254.7
18941.7
18628.7
18315.7
18002.7
17689.7
17376.7
17063.8
16750.8
16437.8
16124.7
15811.7
15498.7
15185.6
14872.5
14559.5
14246.4
13933.3
13620.1
13307
12993.9
12680.7
12367.6
12054.4
11741.2
11428.1
11114.9
10801.7
10488.5
10175.3
9862.12
9548.91
9235.7
8922.49
8609.26
8296.03
7982.78
7669.53
7356.27
7042.99
6729.7
6416.39
6103.06
5789.7
5476.32
5162.91
4849.46
4533.52
4188.02
3783.92
3309.58
2760.95
2095.02
1384.62
374.37
24886.4
24019.5
23541.3
22982.9
22494.2
22033.7
21608.5
21214.8
20850.3
20512.9
20194.1
19880.9
19567.8
19254.7
18941.7
18628.7
18315.7
18002.7
17689.7
17376.7
17063.8
16750.8
16437.8
16124.7
15811.7
15498.7
15185.6
14872.5
14559.5
14246.4
13933.3
13620.1
13307
12993.9
12680.7
12367.6
12054.4
11741.2
11428.1
11114.9
10801.7
10488.5
10175.3
9862.11
9548.9
9235.69
8922.47
8609.25
8296.01
7982.77
7669.51
7356.25
7042.97
6729.68
6416.37
6103.04
5789.69
5476.31
5162.9
4849.46
4533.52
4188.05
3784.02
3309.56
2761.71
2094.55
1389.25
373.425
24899.6
24014.8
23540.6
22981
22493
22032.9
21608
21214.4
20850.1
20512.8
20194.1
19880.9
19567.8
19254.7
18941.7
18628.7
18315.7
18002.7
17689.7
17376.8
17063.8
16750.8
16437.8
16124.7
15811.7
15498.7
15185.6
14872.5
14559.5
14246.4
13933.2
13620.1
13307
12993.9
12680.7
12367.6
12054.4
11741.2
11428.1
11114.9
10801.7
10488.5
10175.3
9862.1
9548.9
9235.68
8922.46
8609.24
8296
7982.76
7669.5
7356.24
7042.96
6729.67
6416.36
6103.03
5789.68
5476.31
5162.91
4849.48
4533.56
4188.11
3784.13
3309.66
2762.39
2094.37
1392.94
374.454
24916.8
24014.8
23541.2
22980.4
22492.4
22032.4
21607.6
21214.2
20849.9
20512.7
20194
19880.9
19567.8
19254.7
18941.7
18628.7
18315.7
18002.7
17689.8
17376.8
17063.8
16750.8
16437.8
16124.7
15811.7
15498.7
15185.6
14872.5
14559.4
14246.4
13933.2
13620.1
13307
12993.9
12680.7
12367.6
12054.4
11741.2
11428.1
11114.9
10801.7
10488.5
10175.3
9862.1
9548.89
9235.68
8922.46
8609.23
8295.99
7982.75
7669.49
7356.23
7042.95
6729.66
6416.36
6103.03
5789.69
5476.33
5162.94
4849.52
4533.62
4188.21
3784.28
3309.87
2762.98
2094.4
1395.86
372.403
24936.1
24018.6
23543
22981.1
22492.4
22032.3
21607.5
21214
20849.8
20512.6
20194
19880.8
19567.8
19254.7
18941.7
18628.7
18315.8
18002.8
17689.8
17376.8
17063.8
16750.8
16437.8
16124.8
15811.7
15498.7
15185.6
14872.5
14559.5
14246.4
13933.2
13620.1
13307
12993.9
12680.7
12367.6
12054.4
11741.2
11428.1
11114.9
10801.7
10488.5
10175.3
9862.1
9548.89
9235.67
8922.45
8609.22
8295.99
7982.74
7669.49
7356.23
7042.96
6729.67
6416.37
6103.05
5789.72
5476.36
5162.99
4849.59
4533.72
4188.34
3784.44
3310.14
2763.49
2094.58
1398.33
370.194
24956
24025
23545.9
22982.8
22492.8
22032.6
21607.5
21214
20849.8
20512.6
20193.9
19880.8
19567.8
19254.8
18941.8
18628.8
18315.8
18002.8
17689.8
17376.8
17063.8
16750.8
16437.8
16124.8
15811.7
15498.7
15185.6
14872.5
14559.5
14246.4
13933.2
13620.1
13307
12993.9
12680.7
12367.6
12054.4
11741.2
11428.1
11114.9
10801.7
10488.5
10175.3
9862.09
9548.89
9235.67
8922.45
8609.22
8295.99
7982.75
7669.5
7356.24
7042.97
6729.69
6416.39
6103.08
5789.76
5476.41
5163.06
4849.68
4533.83
4188.49
3784.63
3310.45
2763.91
2094.85
1400.32
368.063
24974.8
24033
23549.4
22985.2
22493.8
22033.1
21607.8
21214.2
20849.8
20512.6
20194
19880.9
19567.8
19254.8
18941.8
18628.8
18315.8
18002.8
17689.8
17376.8
17063.9
16750.8
16437.8
16124.8
15811.8
15498.7
15185.6
14872.6
14559.5
14246.4
13933.3
13620.1
13307
12993.9
12680.7
12367.6
12054.4
11741.2
11428.1
11114.9
10801.7
10488.5
10175.3
9862.09
9548.89
9235.67
8922.45
8609.23
8295.99
7982.75
7669.51
7356.25
7042.99
6729.71
6416.42
6103.12
5789.81
5476.48
5163.14
4849.79
4533.96
4188.66
3784.82
3310.78
2764.26
2095.2
1401.88
365.943
24991.2
24041.2
23552.9
22987.9
22494.9
22033.8
21608.2
21214.4
20850
20512.7
20194
19880.9
19567.9
19254.8
18941.8
18628.8
18315.8
18002.9
17689.9
17376.9
17063.9
16750.9
16437.8
16124.8
15811.8
15498.7
15185.6
14872.6
14559.5
14246.4
13933.3
13620.1
13307
12993.9
12680.7
12367.6
12054.4
11741.2
11428.1
11114.9
10801.7
10488.5
10175.3
9862.1
9548.89
9235.68
8922.46
8609.24
8296
7982.77
7669.53
7356.28
7043.02
6729.75
6416.47
6103.18
5789.88
5476.57
5163.24
4849.91
4534.11
4188.84
3785.02
3311.12
2764.53
2095.57
1403.07
363.928
25003.7
24048.6
23555.7
22990.4
22496
22034.5
21608.6
21214.6
20850.1
20512.8
20194.1
19881
19567.9
19254.9
18941.9
18628.9
18315.9
18002.9
17689.9
17376.9
17063.9
16750.9
16437.9
16124.8
15811.8
15498.7
15185.7
14872.6
14559.5
14246.4
13933.3
13620.1
13307
12993.9
12680.7
12367.6
12054.4
11741.2
11428.1
11114.9
10801.7
10488.5
10175.3
9862.1
9548.89
9235.68
8922.47
8609.25
8296.02
7982.79
7669.55
7356.31
7043.05
6729.79
6416.53
6103.25
5789.96
5476.66
5163.36
4850.04
4534.27
4189.03
3785.22
3311.44
2764.73
2095.96
1403.95
362.073
25011
24053.8
23557.1
22992.1
22496.6
22035
21608.8
21214.8
20850.3
20512.9
20194.2
19881.1
19568
19255
18941.9
18628.9
18316
18003
17690
17377
17064
16750.9
16437.9
16124.9
15811.8
15498.8
15185.7
14872.6
14559.5
14246.4
13933.3
13620.2
13307
12993.9
12680.7
12367.6
12054.4
11741.2
11428.1
11114.9
10801.7
10488.5
10175.3
9862.11
9548.9
9235.7
8922.48
8609.26
8296.04
7982.82
7669.58
7356.34
7043.1
6729.85
6416.59
6103.33
5790.05
5476.77
5163.48
4850.19
4534.43
4189.22
3785.41
3311.76
2764.89
2096.35
1404.56
360.401
25011.7
24055.8
23556.5
22992.6
22496.6
22035
21608.9
21214.8
20850.3
20513
20194.3
19881.1
19568.1
19255
18942
18629
18316
18003
17690
17377
17064
16751
16438
16124.9
15811.9
15498.8
15185.7
14872.6
14559.5
14246.4
13933.3
13620.2
13307
12993.9
12680.7
12367.6
12054.4
11741.2
11428.1
11114.9
10801.7
10488.5
10175.3
9862.12
9548.92
9235.71
8922.5
8609.28
8296.07
7982.85
7669.62
7356.39
7043.15
6729.91
6416.67
6103.41
5790.15
5476.89
5163.62
4850.34
4534.6
4189.42
3785.61
3312.06
2764.99
2096.75
1404.95
358.931
25004.1
24053.9
23553.2
22991.4
22495.6
22034.5
21608.5
21214.7
20850.2
20513
20194.3
19881.2
19568.1
19255.1
18942.1
18629.1
18316.1
18003.1
17690.1
17377.1
17064.1
16751
16438
16125
15811.9
15498.8
15185.7
14872.6
14559.5
14246.4
13933.3
13620.2
13307
12993.9
12680.7
12367.6
12054.4
11741.2
11428.1
11114.9
10801.7
10488.5
10175.3
9862.13
9548.93
9235.72
8922.52
8609.31
8296.09
7982.88
7669.66
7356.44
7043.21
6729.98
6416.74
6103.51
5790.26
5477.01
5163.76
4850.5
4534.78
4189.62
3785.81
3312.36
2765.08
2097.16
1405.15
357.67
24986.8
24047.5
23547
22988.6
22493.7
22033.5
21608
21214.4
20850.1
20513
20194.4
19881.3
19568.3
19255.2
18942.2
18629.2
18316.2
18003.2
17690.2
17377.2
17064.1
16751.1
16438.1
16125
15811.9
15498.9
15185.8
14872.7
14559.6
14246.4
13933.3
13620.2
13307
12993.9
12680.7
12367.6
12054.4
11741.2
11428.1
11114.9
10801.7
10488.5
10175.3
9862.14
9548.94
9235.74
8922.53
8609.33
8296.12
7982.91
7669.7
7356.49
7043.27
6730.05
6416.83
6103.6
5790.38
5477.14
5163.91
4850.67
4534.97
4189.83
3786.02
3312.66
2765.15
2097.64
1405.13
356.62
24958.1
24036.7
23537.9
22984.3
22491
22032
21607.2
21214
20850
20513
20194.4
19881.4
19568.4
19255.4
18942.4
18629.4
18316.3
18003.3
17690.3
17377.3
17064.2
16751.2
16438.1
16125
15812
15498.9
15185.8
14872.7
14559.6
14246.5
13933.3
13620.2
13307.1
12993.9
12680.7
12367.6
12054.4
11741.3
11428.1
11114.9
10801.7
10488.5
10175.3
9862.14
9548.95
9235.75
8922.55
8609.35
8296.15
7982.94
7669.74
7356.53
7043.32
6730.12
6416.91
6103.7
5790.49
5477.28
5164.06
4850.84
4535.17
4190.05
3786.26
3313.01
2765.22
2098.28
1404.87
355.803
24919.7
24025.9
23529.2
22981.4
22489.7
22031.8
21607.5
21214.5
20850.6
20513.6
20195
19881.9
19568.8
19255.8
18942.7
18629.6
18316.6
18003.5
17690.5
17377.4
17064.3
16751.3
16438.2
16125.1
15812
15498.9
15185.8
14872.7
14559.6
14246.5
13933.3
13620.2
13307.1
12993.9
12680.7
12367.6
12054.4
11741.2
11428.1
11114.9
10801.7
10488.5
10175.3
9862.14
9548.95
9235.75
8922.55
8609.36
8296.16
7982.96
7669.76
7356.56
7043.37
6730.17
6416.98
6103.79
5790.6
5477.42
5164.23
4851.05
4535.42
4190.34
3786.59
3313.49
2765.38
2099.3
1404.16
354.938
24866.9
24012.8
23517.6
22977
22487.3
22030.8
21607.2
21214.5
20850.7
20513.8
20195.2
19882.2
19569.1
19256
18942.9
18629.8
18316.7
18003.6
17690.6
17377.5
17064.4
16751.3
16438.2
16125.1
15812
15498.9
15185.8
14872.7
14559.6
14246.5
13933.3
13620.2
13307.1
12993.9
12680.7
12367.6
12054.4
11741.2
11428.1
11114.9
10801.7
10488.5
10175.3
9862.14
9548.95
9235.75
8922.56
8609.36
8296.17
7982.97
7669.78
7356.59
7043.4
6730.22
6417.04
6103.86
5790.69
5477.53
5164.37
4851.21
4535.61
4190.57
3786.86
3313.96
2765.34
2100.8
1402.98
354.838
24835.7
24042.3
23532.2
22993.4
22499.6
22040.2
21614.3
21219.9
20854.9
20517
20197.7
19884.1
19570.6
19257.1
18943.8
18630.5
18317.2
18004
17690.8
17377.7
17064.5
16751.4
16438.3
16125.2
15812.1
15499
15185.8
14872.7
14559.6
14246.5
13933.3
13620.2
13307
12993.9
12680.7
12367.6
12054.4
11741.2
11428.1
11114.9
10801.7
10488.5
10175.3
9862.11
9548.91
9235.71
8922.52
8609.32
8296.12
7982.92
7669.73
7356.54
7043.35
6730.18
6417.01
6103.86
5790.72
5477.6
5164.5
4851.43
4535.95
4191.05
3787.56
3315.24
2765.93
2105.75
1399.7
349.685
24903.3
24057.8
23554.9
22997.4
22503.4
22041.1
21614.3
21219.4
20854.2
20516.2
20197
19883.5
19570.1
19256.7
18943.5
18630.3
18317.1
18004
17690.9
17377.8
17064.7
16751.6
16438.5
16125.4
15812.3
15499.2
15186.1
14873
14559.9
14246.7
13933.6
13620.4
13307.3
12994.1
12680.9
12367.8
12054.6
11741.4
11428.2
11115
10801.8
10488.6
10175.4
9862.2
9548.98
9235.77
8922.54
8609.32
8296.08
7982.83
7669.58
7356.32
7043.04
6729.75
6416.44
6103.11
5789.76
5476.38
5162.97
4849.52
4533.58
4188.08
3783.91
3309.77
2760.34
2095.48
1381.19
415.761
24891.2
24039.2
23550.5
22992.5
22501.2
22039.6
21613.4
21218.9
20853.9
20516.1
20197
19883.5
19570.1
19256.8
18943.5
18630.3
18317.2
18004
17690.9
17377.8
17064.7
16751.6
16438.5
16125.4
15812.3
15499.2
15186.1
14873
14559.9
14246.7
13933.6
13620.4
13307.3
12994.1
12680.9
12367.8
12054.6
11741.4
11428.2
11115
10801.8
10488.6
10175.4
9862.18
9548.97
9235.75
8922.53
8609.3
8296.06
7982.81
7669.55
7356.29
7043.01
6729.72
6416.4
6103.07
5789.72
5476.34
5162.93
4849.48
4533.55
4188.06
3783.96
3309.64
2761.02
2095.19
1384.64
374.899
24895.7
24027.4
23548.4
22989.1
22499.6
22038.5
21612.8
21218.5
20853.7
20516
20196.9
19883.4
19570.1
19256.8
18943.5
18630.3
18317.2
18004
17690.9
17377.8
17064.7
16751.6
16438.5
16125.4
15812.3
15499.2
15186.1
14873
14559.9
14246.7
13933.6
13620.4
13307.3
12994.1
12680.9
12367.7
12054.6
11741.4
11428.2
11115
10801.8
10488.6
10175.4
9862.18
9548.96
9235.74
8922.51
8609.28
8296.04
7982.79
7669.54
7356.27
7042.99
6729.7
6416.38
6103.05
5789.7
5476.32
5162.92
4849.48
4533.55
4188.08
3784.06
3309.62
2761.77
2094.73
1389.24
374.059
24908.9
24022.7
23547.7
22987.2
22498.5
22037.7
21612.2
21218.2
20853.4
20515.8
20196.8
19883.4
19570.1
19256.8
18943.5
18630.4
18317.2
18004.1
17690.9
17377.8
17064.7
16751.6
16438.5
16125.4
15812.3
15499.2
15186.1
14873
14559.8
14246.7
13933.6
13620.4
13307.3
12994.1
12680.9
12367.7
12054.6
11741.4
11428.2
11115
10801.8
10488.6
10175.4
9862.17
9548.95
9235.73
8922.51
8609.27
8296.03
7982.78
7669.52
7356.26
7042.98
6729.68
6416.37
6103.05
5789.7
5476.32
5162.93
4849.5
4533.59
4188.14
3784.18
3309.72
2762.44
2094.54
1392.9
375.111
24926.1
24022.6
23548.3
22986.6
22497.9
22037.2
21611.9
21217.9
20853.3
20515.7
20196.8
19883.4
19570
19256.8
18943.6
18630.4
18317.2
18004.1
17691
17377.9
17064.7
16751.6
16438.5
16125.4
15812.3
15499.2
15186.1
14873
14559.8
14246.7
13933.6
13620.4
13307.3
12994.1
12680.9
12367.7
12054.6
11741.4
11428.2
11115
10801.8
10488.6
10175.4
9862.16
9548.95
9235.73
8922.5
8609.26
8296.02
7982.77
7669.52
7356.25
7042.97
6729.68
6416.37
6103.05
5789.7
5476.34
5162.95
4849.54
4533.65
4188.24
3784.32
3309.93
2763.04
2094.58
1395.81
373.083
24945.4
24026.4
23550.1
22987.3
22497.8
22037.1
21611.7
21217.8
20853.2
20515.7
20196.7
19883.3
19570
19256.8
18943.6
18630.4
18317.2
18004.1
17691
17377.9
17064.8
16751.7
16438.6
16125.5
15812.3
15499.2
15186.1
14873
14559.8
14246.7
13933.6
13620.4
13307.3
12994.1
12680.9
12367.7
12054.6
11741.4
11428.2
11115
10801.8
10488.6
10175.4
9862.16
9548.94
9235.72
8922.49
8609.26
8296.02
7982.77
7669.51
7356.25
7042.97
6729.68
6416.38
6103.06
5789.73
5476.38
5163
4849.61
4533.74
4188.37
3784.48
3310.19
2763.54
2094.75
1398.26
370.895
24965.3
24032.9
23553
22989
22498.3
22037.3
21611.8
21217.8
20853.2
20515.6
20196.7
19883.3
19570
19256.8
18943.6
18630.4
18317.3
18004.1
17691
17377.9
17064.8
16751.7
16438.6
16125.5
15812.4
15499.2
15186.1
14873
14559.9
14246.7
13933.6
13620.4
13307.3
12994.1
12680.9
12367.7
12054.6
11741.4
11428.2
11115
10801.8
10488.6
10175.4
9862.16
9548.94
9235.72
8922.49
8609.26
8296.02
7982.77
7669.52
7356.26
7042.98
6729.7
6416.4
6103.09
5789.77
5476.43
5163.07
4849.7
4533.85
4188.52
3784.66
3310.5
2763.97
2095.03
1400.25
368.78
24984.1
24040.8
23556.4
22991.4
22499.2
22037.9
21612
21217.9
20853.2
20515.7
20196.7
19883.4
19570.1
19256.8
18943.6
18630.4
18317.3
18004.2
17691
17377.9
17064.8
16751.7
16438.6
16125.5
15812.4
15499.3
15186.1
14873
14559.9
14246.7
13933.6
13620.4
13307.3
12994.1
12680.9
12367.7
12054.6
11741.4
11428.2
11115
10801.8
10488.6
10175.4
9862.16
9548.94
9235.72
8922.49
8609.26
8296.02
7982.78
7669.53
7356.27
7043
6729.72
6416.44
6103.14
5789.82
5476.5
5163.16
4849.8
4533.98
4188.69
3784.86
3310.84
2764.31
2095.37
1401.8
366.673
25000.5
24049.1
23559.9
22994.1
22500.3
22038.6
21612.4
21218.2
20853.4
20515.8
20196.8
19883.4
19570.1
19256.9
18943.7
18630.5
18317.3
18004.2
17691.1
17378
17064.8
16751.7
16438.6
16125.5
15812.4
15499.3
15186.1
14873
14559.9
14246.7
13933.6
13620.4
13307.3
12994.1
12680.9
12367.7
12054.6
11741.4
11428.2
11115
10801.8
10488.6
10175.4
9862.16
9548.94
9235.72
8922.5
8609.27
8296.03
7982.79
7669.55
7356.29
7043.03
6729.76
6416.48
6103.19
5789.89
5476.58
5163.26
4849.93
4534.13
4188.87
3785.05
3311.17
2764.58
2095.74
1402.99
364.665
25013
24056.4
23562.8
22996.5
22501.4
22039.3
21612.8
21218.4
20853.5
20515.9
20196.9
19883.5
19570.2
19256.9
18943.7
18630.5
18317.4
18004.2
17691.1
17378
17064.9
16751.8
16438.7
16125.5
15812.4
15499.3
15186.2
14873
14559.9
14246.7
13933.6
13620.4
13307.3
12994.1
12680.9
12367.7
12054.6
11741.4
11428.2
11115
10801.8
10488.6
10175.4
9862.16
9548.95
9235.73
8922.51
8609.28
8296.05
7982.81
7669.57
7356.32
7043.07
6729.81
6416.54
6103.26
5789.97
5476.68
5163.37
4850.06
4534.29
4189.06
3785.25
3311.5
2764.79
2096.13
1403.87
362.815
25020.4
24061.6
23564.2
22998.3
22502.1
22039.8
21613.1
21218.6
20853.6
20516
20197
19883.6
19570.2
19257
18943.8
18630.6
18317.4
18004.3
17691.2
17378
17064.9
16751.8
16438.7
16125.6
15812.4
15499.3
15186.2
14873
14559.9
14246.8
13933.6
13620.4
13307.3
12994.1
12680.9
12367.7
12054.6
11741.4
11428.2
11115
10801.8
10488.6
10175.4
9862.17
9548.96
9235.74
8922.52
8609.3
8296.07
7982.84
7669.6
7356.36
7043.12
6729.86
6416.6
6103.34
5790.06
5476.78
5163.5
4850.2
4534.45
4189.25
3785.45
3311.81
2764.94
2096.52
1404.49
361.15
25021
24063.7
23563.6
22998.8
22502
22039.8
21613.1
21218.6
20853.7
20516
20197
19883.6
19570.3
19257.1
18943.9
18630.7
18317.5
18004.4
17691.2
17378.1
17065
16751.9
16438.7
16125.6
15812.5
15499.3
15186.2
14873.1
14559.9
14246.8
13933.6
13620.4
13307.3
12994.1
12680.9
12367.8
12054.6
11741.4
11428.2
11115
10801.8
10488.6
10175.4
9862.18
9548.97
9235.76
8922.54
8609.32
8296.1
7982.87
7669.64
7356.41
7043.17
6729.93
6416.68
6103.42
5790.16
5476.9
5163.63
4850.35
4534.62
4189.44
3785.65
3312.11
2765.05
2096.91
1404.89
359.686
25013.5
24061.8
23560.3
22997.6
22501
22039.3
21612.8
21218.5
20853.6
20516
20197.1
19883.7
19570.4
19257.2
18943.9
18630.8
18317.6
18004.4
17691.3
17378.2
17065
16751.9
16438.8
16125.7
15812.5
15499.4
15186.2
14873.1
14559.9
14246.8
13933.6
13620.5
13307.3
12994.1
12680.9
12367.8
12054.6
11741.4
11428.2
11115
10801.8
10488.6
10175.4
9862.19
9548.98
9235.77
8922.56
8609.34
8296.12
7982.9
7669.68
7356.45
7043.22
6729.99
6416.76
6103.52
5790.27
5477.02
5163.77
4850.51
4534.8
4189.64
3785.84
3312.41
2765.13
2097.33
1405.08
358.433
24996.2
24055.4
23554.1
22994.9
22499.2
22038.3
21612.3
21218.2
20853.5
20516
20197.1
19883.8
19570.5
19257.3
18944.1
18630.9
18317.7
18004.5
17691.4
17378.3
17065.1
16752
16438.8
16125.7
15812.6
15499.4
15186.3
14873.1
14560
14246.8
13933.6
13620.5
13307.3
12994.1
12680.9
12367.8
12054.6
11741.4
11428.2
11115
10801.8
10488.6
10175.4
9862.2
9548.99
9235.78
8922.57
8609.36
8296.15
7982.94
7669.72
7356.5
7043.28
6730.06
6416.84
6103.61
5790.39
5477.15
5163.92
4850.68
4534.99
4189.85
3786.06
3312.72
2765.21
2097.81
1405.07
357.393
24967.5
24044.7
23545
22990.6
22496.5
22036.8
21611.5
21217.8
20853.4
20516
20197.2
19883.9
19570.7
19257.4
18944.2
18631
18317.8
18004.7
17691.5
17378.3
17065.2
16752
16438.9
16125.7
15812.6
15499.4
15186.3
14873.1
14560
14246.8
13933.6
13620.5
13307.3
12994.1
12680.9
12367.8
12054.6
11741.4
11428.2
11115
10801.8
10488.6
10175.4
9862.21
9549
9235.8
8922.59
8609.38
8296.17
7982.97
7669.76
7356.55
7043.34
6730.13
6416.92
6103.71
5790.5
5477.29
5164.07
4850.86
4535.19
4190.07
3786.29
3313.06
2765.28
2098.44
1404.81
356.583
24929.2
24033.8
23536.4
22987.6
22495.2
22036.6
21611.8
21218.3
20854
20516.6
20197.8
19884.4
19571.1
19257.8
18944.5
18631.3
18318.1
18004.9
17691.7
17378.5
17065.3
16752.1
16439
16125.8
15812.6
15499.5
15186.3
14873.2
14560
14246.8
13933.7
13620.5
13307.3
12994.1
12680.9
12367.8
12054.6
11741.4
11428.2
11115
10801.8
10488.6
10175.4
9862.2
9549
9235.8
8922.59
8609.39
8296.19
7982.98
7669.78
7356.58
7043.38
6730.18
6416.99
6103.8
5790.61
5477.42
5164.24
4851.06
4535.43
4190.36
3786.62
3313.53
2765.43
2099.45
1404.1
355.711
24876.4
24020.8
23524.7
22983.3
22492.8
22035.7
21611.5
21218.3
20854.1
20516.9
20198
19884.7
19571.4
19258
18944.7
18631.5
18318.2
18005
17691.8
17378.6
17065.4
16752.2
16439
16125.8
15812.7
15499.5
15186.3
14873.2
14560
14246.8
13933.7
13620.5
13307.3
12994.1
12680.9
12367.8
12054.6
11741.4
11428.2
11115
10801.8
10488.6
10175.4
9862.2
9549
9235.8
8922.6
8609.4
8296.2
7983
7669.8
7356.6
7043.41
6730.23
6417.04
6103.87
5790.7
5477.53
5164.37
4851.22
4535.62
4190.59
3786.88
3313.99
2765.38
2100.93
1402.92
355.601
24845.1
24050.3
23539.3
22999.6
22505.1
22045.1
21618.6
21223.7
20858.3
20520
20200.5
19886.6
19572.8
19259.1
18945.6
18632.1
18318.7
18005.3
17692
17378.7
17065.5
16752.3
16439.1
16125.9
15812.7
15499.5
15186.3
14873.2
14560
14246.8
13933.6
13620.5
13307.3
12994.1
12680.9
12367.7
12054.6
11741.4
11428.2
11115
10801.8
10488.6
10175.4
9862.17
9548.97
9235.76
8922.56
8609.35
8296.15
7982.94
7669.75
7356.55
7043.36
6730.19
6417.02
6103.86
5790.72
5477.6
5164.5
4851.43
4535.95
4191.05
3787.56
3315.25
2765.93
2105.81
1399.6
350.312
24912.1
24065.3
23561.7
23003.3
22508.7
22045.7
21618.4
21223.1
20857.5
20519.2
20199.7
19885.9
19572.3
19258.7
18945.3
18631.9
18318.6
18005.3
17692.1
17378.9
17065.7
16752.5
16439.3
16126.1
15813
15499.8
15186.6
14873.4
14560.3
14247.1
13933.9
13620.7
13307.5
12994.3
12681.1
12367.9
12054.7
11741.5
11428.3
11115.1
10801.9
10488.7
10175.5
9862.26
9549.04
9235.82
8922.59
8609.35
8296.11
7982.86
7669.61
7356.34
7043.06
6729.77
6416.46
6103.13
5789.78
5476.4
5162.99
4849.54
4533.61
4188.12
3783.96
3309.84
2760.42
2095.66
1381.26
416.01
24900.1
24046.7
23557.3
22998.4
22506.5
22044.2
21617.6
21222.6
20857.2
20519.1
20199.7
19885.9
19572.3
19258.8
18945.3
18631.9
18318.6
18005.4
17692.1
17378.9
17065.7
16752.5
16439.3
16126.1
15813
15499.8
15186.6
14873.4
14560.3
14247.1
13933.9
13620.7
13307.5
12994.3
12681.1
12367.9
12054.7
11741.5
11428.3
11115.1
10801.9
10488.7
10175.5
9862.25
9549.03
9235.8
8922.57
8609.33
8296.09
7982.84
7669.58
7356.31
7043.03
6729.74
6416.42
6103.09
5789.74
5476.36
5162.95
4849.51
4533.58
4188.1
3784.01
3309.71
2761.09
2095.36
1384.67
375.382
24904.5
24034.9
23555.1
22995
22504.9
22043.1
21616.9
21222.2
20857
20519
20199.6
19885.9
19572.3
19258.8
18945.3
18632
18318.7
18005.4
17692.1
17378.9
17065.7
16752.5
16439.3
16126.1
15813
15499.8
15186.6
14873.4
14560.2
14247.1
13933.9
13620.7
13307.5
12994.3
12681.1
12367.9
12054.7
11741.5
11428.3
11115.1
10801.9
10488.7
10175.5
9862.24
9549.02
9235.79
8922.56
8609.32
8296.07
7982.82
7669.56
7356.29
7043.01
6729.71
6416.4
6103.07
5789.72
5476.34
5162.94
4849.5
4533.58
4188.11
3784.1
3309.69
2761.84
2094.9
1389.24
374.638
24917.8
24030.1
23554.5
22993.1
22503.7
22042.3
21616.4
21221.9
20856.8
20518.8
20199.5
19885.9
19572.3
19258.8
18945.4
18632
18318.7
18005.4
17692.1
17378.9
17065.7
16752.5
16439.3
16126.1
15813
15499.8
15186.6
14873.4
14560.2
14247.1
13933.9
13620.7
13307.5
12994.3
12681.1
12367.9
12054.7
11741.5
11428.3
11115.1
10801.9
10488.7
10175.5
9862.23
9549.01
9235.78
8922.55
8609.31
8296.06
7982.81
7669.55
7356.28
7043
6729.7
6416.39
6103.06
5789.71
5476.34
5162.95
4849.52
4533.62
4188.18
3784.22
3309.79
2762.51
2094.72
1392.88
375.711
24934.9
24030.1
23555
22992.5
22503.1
22041.8
21616
21221.6
20856.6
20518.7
20199.5
19885.8
19572.3
19258.8
18945.4
18632
18318.7
18005.4
17692.2
17378.9
17065.7
16752.5
16439.3
16126.1
15813
15499.8
15186.6
14873.4
14560.2
14247.1
13933.9
13620.7
13307.5
12994.3
12681.1
12367.9
12054.7
11741.5
11428.3
11115.1
10801.9
10488.7
10175.4
9862.23
9549
9235.78
8922.54
8609.3
8296.05
7982.8
7669.54
7356.27
7042.99
6729.7
6416.39
6103.06
5789.72
5476.36
5162.98
4849.57
4533.68
4188.27
3784.36
3309.99
2763.09
2094.75
1395.77
373.705
24954.3
24033.8
23556.8
22993.2
22503
22041.7
21615.8
21221.5
20856.5
20518.6
20199.4
19885.8
19572.3
19258.8
18945.4
18632
18318.7
18005.4
17692.2
17378.9
17065.7
16752.5
16439.3
16126.1
15813
15499.8
15186.6
14873.4
14560.2
14247.1
13933.9
13620.7
13307.5
12994.3
12681.1
12367.9
12054.7
11741.5
11428.3
11115.1
10801.9
10488.7
10175.4
9862.22
9549
9235.77
8922.54
8609.3
8296.05
7982.8
7669.54
7356.27
7042.99
6729.7
6416.4
6103.08
5789.75
5476.39
5163.02
4849.63
4533.77
4188.4
3784.52
3310.25
2763.6
2094.92
1398.21
371.539
24974.1
24040.3
23559.7
22994.9
22503.5
22042
21615.9
21221.5
20856.5
20518.6
20199.4
19885.8
19572.3
19258.8
18945.4
18632
18318.7
18005.5
17692.2
17379
17065.8
16752.5
16439.4
16126.2
15813
15499.8
15186.6
14873.4
14560.3
14247.1
13933.9
13620.7
13307.5
12994.3
12681.1
12367.9
12054.7
11741.5
11428.3
11115.1
10801.9
10488.7
10175.4
9862.22
9549
9235.77
8922.53
8609.29
8296.05
7982.8
7669.54
7356.28
7043
6729.72
6416.42
6103.11
5789.79
5476.45
5163.09
4849.72
4533.88
4188.55
3784.7
3310.56
2764.02
2095.2
1400.19
369.44
24992.9
24048.3
23563.2
22997.3
22504.4
22042.5
21616.1
21221.6
20856.5
20518.7
20199.4
19885.8
19572.3
19258.8
18945.4
18632.1
18318.8
18005.5
17692.2
17379
17065.8
16752.6
16439.4
16126.2
15813
15499.8
15186.6
14873.4
14560.3
14247.1
13933.9
13620.7
13307.5
12994.3
12681.1
12367.9
12054.7
11741.5
11428.3
11115.1
10801.9
10488.7
10175.4
9862.22
9549
9235.77
8922.54
8609.3
8296.06
7982.81
7669.55
7356.29
7043.02
6729.74
6416.45
6103.15
5789.84
5476.51
5163.18
4849.83
4534.01
4188.72
3784.9
3310.89
2764.36
2095.54
1401.74
367.345
25009.3
24056.5
23566.7
23000
22505.6
22043.2
21616.5
21221.8
20856.7
20518.7
20199.5
19885.9
19572.3
19258.9
18945.5
18632.1
18318.8
18005.5
17692.3
17379
17065.8
16752.6
16439.4
16126.2
15813
15499.8
15186.6
14873.5
14560.3
14247.1
13933.9
13620.7
13307.5
12994.3
12681.1
12367.9
12054.7
11741.5
11428.3
11115.1
10801.9
10488.7
10175.4
9862.22
9549
9235.77
8922.54
8609.31
8296.07
7982.82
7669.57
7356.31
7043.05
6729.78
6416.5
6103.21
5789.91
5476.6
5163.28
4849.95
4534.16
4188.9
3785.09
3311.23
2764.64
2095.91
1402.93
365.346
25021.9
24063.9
23569.5
23002.5
22506.6
22043.9
21616.9
21222.1
20856.8
20518.8
20199.6
19885.9
19572.4
19258.9
18945.5
18632.2
18318.8
18005.6
17692.3
17379.1
17065.8
16752.6
16439.4
16126.2
15813
15499.8
15186.7
14873.5
14560.3
14247.1
13933.9
13620.7
13307.5
12994.3
12681.1
12367.9
12054.7
11741.5
11428.3
11115.1
10801.9
10488.7
10175.4
9862.23
9549.01
9235.78
8922.55
8609.32
8296.08
7982.84
7669.6
7356.34
7043.09
6729.82
6416.55
6103.27
5789.99
5476.69
5163.39
4850.08
4534.31
4189.09
3785.29
3311.56
2764.84
2096.3
1403.81
363.503
25029.2
24069.1
23571
23004.2
22507.3
22044.4
21617.2
21222.3
20856.9
20518.9
20199.7
19886
19572.5
19259
18945.6
18632.2
18318.9
18005.6
17692.4
17379.1
17065.9
16752.7
16439.5
16126.3
15813.1
15499.9
15186.7
14873.5
14560.3
14247.1
13933.9
13620.7
13307.5
12994.3
12681.1
12367.9
12054.7
11741.5
11428.3
11115.1
10801.9
10488.7
10175.5
9862.24
9549.02
9235.79
8922.57
8609.34
8296.1
7982.87
7669.63
7356.38
7043.13
6729.88
6416.62
6103.35
5790.08
5476.8
5163.52
4850.22
4534.48
4189.28
3785.49
3311.87
2765
2096.69
1404.43
361.843
25029.9
24071.2
23570.4
23004.7
22507.3
22044.5
21617.2
21222.3
20857
20519
20199.7
19886.1
19572.5
19259.1
18945.7
18632.3
18319
18005.7
17692.4
17379.2
17065.9
16752.7
16439.5
16126.3
15813.1
15499.9
15186.7
14873.5
14560.3
14247.1
13933.9
13620.7
13307.5
12994.3
12681.1
12367.9
12054.7
11741.5
11428.3
11115.1
10801.9
10488.7
10175.5
9862.25
9549.03
9235.81
8922.58
8609.36
8296.13
7982.9
7669.66
7356.43
7043.18
6729.94
6416.69
6103.44
5790.18
5476.92
5163.65
4850.37
4534.65
4189.47
3785.69
3312.17
2765.11
2097.08
1404.83
360.385
25022.4
24069.3
23567.1
23003.6
22506.3
22044
21616.9
21222.2
20856.9
20519
20199.8
19886.2
19572.6
19259.2
18945.8
18632.4
18319.1
18005.8
17692.5
17379.2
17066
16752.8
16439.6
16126.3
15813.1
15499.9
15186.7
14873.5
14560.3
14247.1
13933.9
13620.7
13307.5
12994.3
12681.1
12367.9
12054.7
11741.5
11428.3
11115.1
10801.9
10488.7
10175.5
9862.26
9549.04
9235.82
8922.6
8609.38
8296.15
7982.93
7669.7
7356.47
7043.24
6730.01
6416.77
6103.53
5790.29
5477.04
5163.79
4850.53
4534.82
4189.67
3785.88
3312.46
2765.19
2097.49
1405.03
359.14
25005.1
24063
23560.9
23000.8
22504.4
22043
21616.4
21221.9
20856.9
20519
20199.8
19886.3
19572.7
19259.3
18945.9
18632.5
18319.2
18005.9
17692.6
17379.3
17066.1
16752.8
16439.6
16126.4
15813.2
15500
15186.8
14873.6
14560.4
14247.2
13934
13620.8
13307.6
12994.3
12681.1
12367.9
12054.7
11741.5
11428.3
11115.1
10801.9
10488.7
10175.5
9862.26
9549.05
9235.83
8922.62
8609.4
8296.18
7982.96
7669.74
7356.52
7043.3
6730.08
6416.85
6103.63
5790.4
5477.17
5163.94
4850.7
4535.01
4189.88
3786.1
3312.77
2765.26
2097.97
1405.02
358.106
24976.4
24052.3
23551.8
22996.6
22501.7
22041.5
21615.6
21221.5
20856.7
20519
20199.9
19886.4
19572.9
19259.4
18946
18632.7
18319.3
18006
17692.7
17379.4
17066.2
16752.9
16439.7
16126.4
15813.2
15500
15186.8
14873.6
14560.4
14247.2
13934
13620.8
13307.6
12994.4
12681.1
12367.9
12054.7
11741.5
11428.3
11115.1
10801.9
10488.7
10175.5
9862.27
9549.06
9235.84
8922.63
8609.42
8296.2
7982.99
7669.78
7356.57
7043.35
6730.14
6416.93
6103.72
5790.51
5477.3
5164.09
4850.87
4535.21
4190.1
3786.33
3313.1
2765.33
2098.6
1404.76
357.3
24938.1
24041.4
23543.2
22993.6
22500.5
22041.3
21615.9
21222
20857.3
20519.6
20200.5
19886.9
19573.3
19259.8
18946.4
18632.9
18319.5
18006.2
17692.9
17379.5
17066.3
16753
16439.7
16126.5
15813.3
15500
15186.8
14873.6
14560.4
14247.2
13934
13620.8
13307.6
12994.4
12681.1
12367.9
12054.7
11741.5
11428.3
11115.1
10801.9
10488.7
10175.5
9862.27
9549.06
9235.85
8922.64
8609.43
8296.22
7983.01
7669.8
7356.6
7043.39
6730.2
6417
6103.81
5790.62
5477.43
5164.25
4851.07
4535.45
4190.38
3786.64
3313.57
2765.48
2099.59
1404.04
356.417
24885.3
24028.4
23531.6
22989.3
22498.1
22040.3
21615.6
21222
20857.5
20519.9
20200.7
19887.2
19573.6
19260.1
18946.6
18633.1
18319.7
18006.3
17693
17379.6
17066.3
16753.1
16439.8
16126.5
15813.3
15500.1
15186.8
14873.6
14560.4
14247.2
13934
13620.8
13307.6
12994.4
12681.1
12367.9
12054.7
11741.5
11428.3
11115.1
10801.9
10488.7
10175.5
9862.27
9549.06
9235.85
8922.64
8609.43
8296.23
7983.02
7669.82
7356.62
7043.43
6730.24
6417.05
6103.88
5790.71
5477.54
5164.38
4851.23
4535.64
4190.6
3786.9
3314.03
2765.42
2101.06
1402.86
356.293
24853.9
24057.9
23546.1
23005.6
22510.4
22049.7
21622.7
21227.4
20861.6
20523
20203.2
19889
19575
19261.1
18947.4
18633.7
18320.2
18006.6
17693.2
17379.8
17066.5
16753.1
16439.8
16126.6
15813.3
15500.1
15186.8
14873.6
14560.4
14247.2
13934
13620.8
13307.5
12994.3
12681.1
12367.9
12054.7
11741.5
11428.3
11115.1
10801.9
10488.7
10175.5
9862.24
9549.02
9235.81
8922.6
8609.39
8296.18
7982.97
7669.77
7356.57
7043.38
6730.2
6417.03
6103.87
5790.73
5477.6
5164.51
4851.43
4535.95
4191.06
3787.57
3315.26
2765.94
2105.88
1399.51
350.875
24920.5
24072.5
23568.2
23009
22513.7
22050.2
21622.4
21226.7
20860.7
20522.1
20202.4
19888.3
19574.5
19260.7
18947.1
18633.5
18320.1
18006.6
17693.3
17379.9
17066.6
16753.3
16440.1
16126.8
15813.6
15500.3
15187.1
14873.9
14560.7
14247.4
13934.2
13621
13307.8
12994.6
12681.3
12368.1
12054.9
11741.7
11428.5
11115.2
10802
10488.8
10175.6
9862.33
9549.1
9235.87
8922.63
8609.39
8296.15
7982.89
7669.63
7356.36
7043.08
6729.79
6416.48
6103.15
5789.8
5476.42
5163.02
4849.58
4533.64
4188.16
3784.01
3309.91
2760.5
2095.84
1381.32
416.241
24908.4
24053.8
23563.7
23004.1
22511.5
22048.7
21621.6
21226.2
20860.4
20522
20202.3
19888.3
19574.5
19260.7
18947.1
18633.6
18320.1
18006.7
17693.3
17379.9
17066.6
16753.3
16440.1
16126.8
15813.6
15500.3
15187.1
14873.9
14560.7
14247.4
13934.2
13621
13307.8
12994.6
12681.3
12368.1
12054.9
11741.7
11428.4
11115.2
10802
10488.8
10175.5
9862.32
9549.09
9235.85
8922.61
8609.37
8296.12
7982.87
7669.61
7356.33
7043.05
6729.76
6416.44
6103.11
5789.76
5476.38
5162.98
4849.54
4533.61
4188.14
3784.06
3309.78
2761.16
2095.53
1384.71
375.822
24912.9
24042
23561.6
23000.7
22509.9
22047.6
21620.9
21225.8
20860.2
20521.9
20202.2
19888.3
19574.5
19260.7
18947.1
18633.6
18320.1
18006.7
17693.3
17380
17066.6
16753.3
16440.1
16126.8
15813.6
15500.3
15187.1
14873.9
14560.6
14247.4
13934.2
13621
13307.8
12994.6
12681.3
12368.1
12054.9
11741.7
11428.4
11115.2
10802
10488.8
10175.5
9862.31
9549.08
9235.84
8922.6
8609.36
8296.11
7982.85
7669.59
7356.32
7043.03
6729.73
6416.42
6103.09
5789.74
5476.36
5162.96
4849.53
4533.61
4188.15
3784.15
3309.75
2761.9
2095.07
1389.25
375.165
24926.1
24037.2
23560.9
22998.8
22508.8
22046.8
21620.4
21225.4
20860
20521.7
20202.2
19888.2
19574.4
19260.7
18947.1
18633.6
18320.1
18006.7
17693.3
17380
17066.7
16753.4
16440.1
16126.8
15813.6
15500.3
15187.1
14873.9
14560.6
14247.4
13934.2
13621
13307.8
12994.5
12681.3
12368.1
12054.9
11741.7
11428.4
11115.2
10802
10488.8
10175.5
9862.3
9549.07
9235.83
8922.59
8609.35
8296.1
7982.84
7669.58
7356.3
7043.02
6729.72
6416.41
6103.08
5789.73
5476.36
5162.97
4849.55
4533.65
4188.22
3784.27
3309.85
2762.57
2094.88
1392.86
376.259
24943.3
24037.2
23561.5
22998.2
22508.1
22046.3
21620
21225.2
20859.8
20521.6
20202.1
19888.2
19574.4
19260.7
18947.1
18633.6
18320.1
18006.7
17693.3
17380
17066.7
16753.4
16440.1
16126.8
15813.6
15500.3
15187.1
14873.9
14560.6
14247.4
13934.2
13621
13307.8
12994.5
12681.3
12368.1
12054.9
11741.7
11428.4
11115.2
10802
10488.8
10175.5
9862.29
9549.06
9235.83
8922.59
8609.34
8296.09
7982.83
7669.57
7356.29
7043.01
6729.72
6416.41
6103.08
5789.74
5476.38
5163
4849.59
4533.71
4188.31
3784.41
3310.05
2763.15
2094.91
1395.74
374.274
24962.6
24040.9
23563.3
22998.8
22508.1
22046.2
21619.8
21225
20859.7
20521.5
20202
19888.2
19574.4
19260.7
18947.2
18633.6
18320.2
18006.7
17693.4
17380
17066.7
16753.4
16440.1
16126.8
15813.6
15500.3
15187.1
14873.9
14560.6
14247.4
13934.2
13621
13307.8
12994.5
12681.3
12368.1
12054.9
11741.6
11428.4
11115.2
10802
10488.7
10175.5
9862.29
9549.06
9235.82
8922.58
8609.33
8296.08
7982.83
7669.56
7356.29
7043.01
6729.72
6416.42
6103.1
5789.77
5476.42
5163.05
4849.66
4533.8
4188.44
3784.57
3310.32
2763.66
2095.09
1398.16
372.129
24982.5
24047.4
23566.1
23000.5
22508.5
22046.4
21619.9
21225
20859.7
20521.5
20202
19888.2
19574.4
19260.8
18947.2
18633.6
18320.2
18006.8
17693.4
17380
17066.7
16753.4
16440.1
16126.9
15813.6
15500.4
15187.1
14873.9
14560.7
14247.4
13934.2
13621
13307.8
12994.5
12681.3
12368.1
12054.9
11741.6
11428.4
11115.2
10802
10488.7
10175.5
9862.29
9549.06
9235.82
8922.58
8609.33
8296.08
7982.83
7669.57
7356.3
7043.02
6729.74
6416.44
6103.13
5789.8
5476.47
5163.11
4849.75
4533.91
4188.59
3784.75
3310.62
2764.08
2095.37
1400.13
370.046
25001.3
24055.4
23569.6
23002.9
22509.4
22047
21620.1
21225.2
20859.7
20521.6
20202.1
19888.2
19574.4
19260.8
18947.2
18633.7
18320.2
18006.8
17693.4
17380.1
17066.7
16753.4
16440.1
16126.9
15813.6
15500.4
15187.1
14873.9
14560.7
14247.4
13934.2
13621
13307.8
12994.5
12681.3
12368.1
12054.9
11741.6
11428.4
11115.2
10802
10488.7
10175.5
9862.29
9549.06
9235.82
8922.58
8609.34
8296.09
7982.84
7669.58
7356.31
7043.04
6729.76
6416.47
6103.17
5789.86
5476.53
5163.2
4849.85
4534.04
4188.76
3784.94
3310.95
2764.42
2095.7
1401.68
367.963
25017.6
24063.6
23573.1
23005.6
22510.6
22047.7
21620.5
21225.4
20859.9
20521.6
20202.1
19888.3
19574.5
19260.8
18947.2
18633.7
18320.2
18006.8
17693.4
17380.1
17066.8
16753.5
16440.2
16126.9
15813.6
15500.4
15187.1
14873.9
14560.7
14247.4
13934.2
13621
13307.8
12994.5
12681.3
12368.1
12054.9
11741.7
11428.4
11115.2
10802
10488.7
10175.5
9862.29
9549.06
9235.82
8922.59
8609.35
8296.1
7982.85
7669.6
7356.34
7043.07
6729.8
6416.51
6103.22
5789.92
5476.62
5163.3
4849.97
4534.18
4188.94
3785.14
3311.29
2764.69
2096.08
1402.86
365.974
25030.2
24070.9
23575.9
23008.1
22511.6
22048.4
21620.9
21225.6
20860
20521.7
20202.2
19888.3
19574.6
19260.9
18947.3
18633.8
18320.3
18006.9
17693.5
17380.1
17066.8
16753.5
16440.2
16126.9
15813.7
15500.4
15187.2
14873.9
14560.7
14247.5
13934.2
13621
13307.8
12994.6
12681.3
12368.1
12054.9
11741.7
11428.4
11115.2
10802
10488.8
10175.5
9862.3
9549.06
9235.83
8922.6
8609.36
8296.11
7982.87
7669.62
7356.37
7043.11
6729.84
6416.57
6103.29
5790
5476.71
5163.41
4850.11
4534.34
4189.13
3785.33
3311.61
2764.9
2096.46
1403.75
364.139
25037.6
24076.2
23577.4
23009.9
22512.3
22048.9
21621.2
21225.8
20860.1
20521.8
20202.3
19888.4
19574.6
19261
18947.4
18633.8
18320.4
18006.9
17693.5
17380.2
17066.8
16753.5
16440.2
16127
15813.7
15500.4
15187.2
14873.9
14560.7
14247.5
13934.2
13621
13307.8
12994.6
12681.3
12368.1
12054.9
11741.7
11428.4
11115.2
10802
10488.8
10175.5
9862.3
9549.07
9235.84
8922.61
8609.37
8296.14
7982.9
7669.65
7356.4
7043.15
6729.9
6416.63
6103.37
5790.1
5476.82
5163.54
4850.25
4534.51
4189.32
3785.53
3311.93
2765.05
2096.85
1404.37
362.484
25038.3
24078.3
23576.8
23010.4
22512.3
22049
21621.2
21225.9
20860.2
20521.9
20202.4
19888.5
19574.7
19261
18947.4
18633.9
18320.4
18007
17693.6
17380.2
17066.9
16753.6
16440.3
16127
15813.7
15500.5
15187.2
14874
14560.7
14247.5
13934.2
13621
13307.8
12994.6
12681.3
12368.1
12054.9
11741.7
11428.4
11115.2
10802
10488.8
10175.5
9862.31
9549.08
9235.86
8922.63
8609.39
8296.16
7982.93
7669.69
7356.45
7043.2
6729.96
6416.71
6103.45
5790.19
5476.93
5163.67
4850.4
4534.68
4189.51
3785.73
3312.22
2765.16
2097.24
1404.77
361.032
25030.7
24076.4
23573.5
23009.3
22511.3
22048.5
21620.9
21225.7
20860.2
20521.9
20202.4
19888.5
19574.8
19261.1
18947.5
18634
18320.5
18007.1
17693.7
17380.3
17067
16753.6
16440.3
16127
15813.8
15500.5
15187.2
14874
14560.7
14247.5
13934.3
13621
13307.8
12994.6
12681.3
12368.1
12054.9
11741.7
11428.4
11115.2
10802
10488.8
10175.5
9862.32
9549.1
9235.87
8922.64
8609.42
8296.19
7982.96
7669.73
7356.49
7043.26
6730.02
6416.78
6103.54
5790.3
5477.05
5163.81
4850.55
4534.85
4189.7
3785.92
3312.52
2765.25
2097.65
1404.97
359.792
25013.5
24070.1
23567.4
23006.5
22509.5
22047.5
21620.4
21225.5
20860.1
20521.9
20202.5
19888.7
19574.9
19261.3
18947.7
18634.1
18320.6
18007.2
17693.8
17380.4
17067
16753.7
16440.4
16127.1
15813.8
15500.5
15187.3
14874
14560.8
14247.5
13934.3
13621
13307.8
12994.6
12681.3
12368.1
12054.9
11741.7
11428.4
11115.2
10802
10488.8
10175.6
9862.33
9549.11
9235.88
8922.66
8609.44
8296.21
7982.99
7669.77
7356.54
7043.32
6730.09
6416.87
6103.64
5790.41
5477.18
5163.95
4850.72
4535.04
4189.91
3786.13
3312.82
2765.32
2098.12
1404.96
358.762
24984.9
24059.4
23558.3
23002.3
22506.8
22046
21619.6
21225.1
20859.9
20521.9
20202.6
19888.8
19575.1
19261.4
18947.8
18634.3
18320.8
18007.3
17693.9
17380.5
17067.1
16753.8
16440.4
16127.1
15813.8
15500.6
15187.3
14874
14560.8
14247.5
13934.3
13621
13307.8
12994.6
12681.4
12368.1
12054.9
11741.7
11428.4
11115.2
10802
10488.8
10175.6
9862.34
9549.12
9235.89
8922.68
8609.46
8296.24
7983.02
7669.8
7356.59
7043.37
6730.16
6416.95
6103.73
5790.52
5477.31
5164.1
4850.89
4535.23
4190.13
3786.36
3313.15
2765.39
2098.74
1404.7
357.956
24946.5
24048.6
23549.7
22999.3
22505.5
22045.8
21619.9
21225.6
20860.5
20522.5
20203.1
19889.3
19575.5
19261.8
18948.1
18634.5
18321
18007.5
17694
17380.6
17067.2
16753.8
16440.5
16127.2
15813.9
15500.6
15187.3
14874
14560.8
14247.5
13934.3
13621
13307.8
12994.6
12681.4
12368.1
12054.9
11741.7
11428.4
11115.2
10802
10488.8
10175.6
9862.34
9549.12
9235.9
8922.68
8609.46
8296.25
7983.03
7669.82
7356.62
7043.41
6730.21
6417.01
6103.82
5790.63
5477.44
5164.26
4851.09
4535.46
4190.4
3786.67
3313.61
2765.52
2099.73
1403.99
357.06
24893.7
24035.6
23538.1
22995
22503.2
22044.8
21619.6
21225.6
20860.7
20522.8
20203.4
19889.6
19575.8
19262
18948.3
18634.7
18321.1
18007.6
17694.1
17380.7
17067.3
16753.9
16440.6
16127.2
15813.9
15500.6
15187.3
14874.1
14560.8
14247.5
13934.3
13621.1
13307.8
12994.6
12681.4
12368.1
12054.9
11741.7
11428.4
11115.2
10802
10488.8
10175.6
9862.34
9549.12
9235.9
8922.68
8609.47
8296.26
7983.05
7669.84
7356.64
7043.44
6730.25
6417.07
6103.89
5790.72
5477.55
5164.39
4851.24
4535.65
4190.62
3786.93
3314.06
2765.46
2101.19
1402.81
356.92
24862.3
24065
23552.5
23011.3
22515.4
22054.2
21626.7
21231
20864.8
20525.9
20205.8
19891.4
19577.2
19263.1
18949.2
18635.3
18321.6
18007.9
17694.4
17380.9
17067.4
16754
16440.6
16127.3
15813.9
15500.6
15187.3
14874.1
14560.8
14247.5
13934.3
13621
13307.8
12994.6
12681.3
12368.1
12054.9
11741.7
11428.4
11115.2
10802
10488.8
10175.5
9862.3
9549.08
9235.86
8922.64
8609.42
8296.21
7983
7669.79
7356.59
7043.39
6730.21
6417.04
6103.88
5790.73
5477.61
5164.51
4851.44
4535.96
4191.07
3787.58
3315.27
2765.96
2105.95
1399.43
351.382
24928.3
24079.2
23574.3
23014.5
22518.6
22054.5
21626.2
21230.1
20863.8
20525
20205
19890.7
19576.6
19262.6
18948.8
18635.1
18321.5
18007.9
17694.4
17381
17067.6
16754.2
16440.8
16127.5
15814.2
15500.9
15187.6
14874.3
14561.1
14247.8
13934.5
13621.3
13308
12994.8
12681.5
12368.3
12055.1
11741.8
11428.6
11115.3
10802.1
10488.9
10175.6
9862.4
9549.16
9235.92
8922.68
8609.43
8296.18
7982.92
7669.66
7356.39
7043.11
6729.81
6416.5
6103.17
5789.82
5476.45
5163.05
4849.61
4533.68
4188.21
3784.07
3309.98
2760.58
2096.01
1381.4
416.455
24916.3
24060.6
23569.8
23009.5
22516.3
22053
21625.4
21229.7
20863.5
20524.8
20204.9
19890.7
19576.6
19262.7
18948.8
18635.1
18321.5
18007.9
17694.4
17381
17067.6
16754.2
16440.8
16127.5
15814.2
15500.9
15187.6
14874.3
14561
14247.8
13934.5
13621.3
13308
12994.8
12681.5
12368.3
12055
11741.8
11428.6
11115.3
10802.1
10488.9
10175.6
9862.38
9549.15
9235.9
8922.66
8609.41
8296.16
7982.9
7669.63
7356.36
7043.08
6729.78
6416.47
6103.13
5789.78
5476.41
5163.01
4849.57
4533.65
4188.18
3784.11
3309.85
2761.24
2095.7
1384.75
376.222
24920.7
24048.7
23567.7
23006.1
22514.7
22051.9
21624.7
21229.2
20863.3
20524.7
20204.8
19890.6
19576.6
19262.7
18948.9
18635.1
18321.5
18008
17694.5
17381
17067.6
16754.2
16440.8
16127.5
15814.2
15500.9
15187.6
14874.3
14561
14247.8
13934.5
13621.3
13308
12994.8
12681.5
12368.3
12055
11741.8
11428.6
11115.3
10802.1
10488.9
10175.6
9862.38
9549.14
9235.89
8922.65
8609.4
8296.14
7982.88
7669.62
7356.34
7043.05
6729.76
6416.44
6103.11
5789.76
5476.39
5162.99
4849.56
4533.65
4188.2
3784.2
3309.82
2761.97
2095.23
1389.27
375.646
24934
24043.9
23567
23004.2
22513.6
22051.1
21624.2
21228.9
20863.1
20524.5
20204.7
19890.6
19576.6
19262.7
18948.9
18635.2
18321.5
18008
17694.5
17381
17067.6
16754.2
16440.8
16127.5
15814.2
15500.9
15187.6
14874.3
14561
14247.8
13934.5
13621.3
13308
12994.8
12681.5
12368.3
12055
11741.8
11428.6
11115.3
10802.1
10488.8
10175.6
9862.37
9549.13
9235.89
8922.64
8609.39
8296.13
7982.87
7669.6
7356.33
7043.04
6729.74
6416.43
6103.1
5789.76
5476.39
5163
4849.58
4533.68
4188.26
3784.31
3309.92
2762.63
2095.04
1392.86
376.759
24951.1
24043.9
23567.6
23003.6
22512.9
22050.6
21623.8
21228.6
20862.9
20524.4
20204.7
19890.5
19576.5
19262.7
18948.9
18635.2
18321.6
18008
17694.5
17381
17067.6
16754.2
16440.9
16127.5
15814.2
15500.9
15187.6
14874.3
14561
14247.8
13934.5
13621.3
13308
12994.8
12681.5
12368.3
12055
11741.8
11428.6
11115.3
10802.1
10488.8
10175.6
9862.36
9549.12
9235.88
8922.63
8609.38
8296.12
7982.86
7669.6
7356.32
7043.03
6729.74
6416.43
6103.1
5789.76
5476.4
5163.02
4849.62
4533.74
4188.35
3784.45
3310.12
2763.21
2095.07
1395.71
374.795
24970.5
24047.6
23569.4
23004.2
22512.9
22050.5
21623.6
21228.5
20862.8
20524.3
20204.6
19890.5
19576.5
19262.7
18948.9
18635.2
18321.6
18008
17694.5
17381
17067.6
16754.2
16440.9
16127.5
15814.2
15500.9
15187.6
14874.3
14561
14247.8
13934.5
13621.3
13308
12994.8
12681.5
12368.3
12055
11741.8
11428.6
11115.3
10802.1
10488.8
10175.6
9862.36
9549.12
9235.87
8922.63
8609.37
8296.12
7982.86
7669.59
7356.32
7043.03
6729.74
6416.44
6103.12
5789.79
5476.44
5163.07
4849.69
4533.83
4188.48
3784.61
3310.38
2763.71
2095.25
1398.12
372.669
24990.3
24054.1
23572.2
23005.9
22513.3
22050.7
21623.7
21228.5
20862.8
20524.3
20204.6
19890.5
19576.5
19262.7
18948.9
18635.2
18321.6
18008
17694.5
17381.1
17067.6
16754.2
16440.9
16127.5
15814.2
15500.9
15187.6
14874.3
14561
14247.8
13934.5
13621.3
13308
12994.8
12681.5
12368.3
12055
11741.8
11428.6
11115.3
10802.1
10488.8
10175.6
9862.35
9549.11
9235.87
8922.62
8609.37
8296.12
7982.86
7669.59
7356.32
7043.04
6729.76
6416.46
6103.15
5789.82
5476.49
5163.14
4849.77
4533.94
4188.63
3784.79
3310.69
2764.13
2095.52
1400.09
370.602
25009.1
24062.1
23575.7
23008.3
22514.3
22051.3
21623.9
21228.6
20862.8
20524.4
20204.6
19890.5
19576.6
19262.7
18948.9
18635.2
18321.6
18008.1
17694.6
17381.1
17067.7
16754.3
16440.9
16127.6
15814.2
15500.9
15187.6
14874.3
14561.1
14247.8
13934.5
13621.3
13308
12994.8
12681.5
12368.3
12055
11741.8
11428.6
11115.3
10802.1
10488.8
10175.6
9862.35
9549.11
9235.87
8922.63
8609.38
8296.12
7982.87
7669.6
7356.34
7043.06
6729.78
6416.49
6103.19
5789.88
5476.56
5163.22
4849.88
4534.07
4188.79
3784.98
3311.01
2764.47
2095.86
1401.63
368.532
25025.5
24070.3
23579.2
23011
22515.4
22052
21624.3
21228.8
20862.9
20524.4
20204.7
19890.6
19576.6
19262.7
18949
18635.3
18321.7
18008.1
17694.6
17381.1
17067.7
16754.3
16440.9
16127.6
15814.2
15500.9
15187.6
14874.3
14561.1
14247.8
13934.5
13621.3
13308
12994.8
12681.5
12368.3
12055
11741.8
11428.6
11115.3
10802.1
10488.8
10175.6
9862.36
9549.12
9235.88
8922.63
8609.38
8296.13
7982.88
7669.62
7356.36
7043.09
6729.82
6416.53
6103.24
5789.94
5476.64
5163.32
4850
4534.22
4188.97
3785.18
3311.35
2764.74
2096.23
1402.81
366.553
25038.1
24077.7
23582
23013.5
22516.5
22052.7
21624.7
21229.1
20863.1
20524.6
20204.8
19890.6
19576.7
19262.8
18949
18635.3
18321.7
18008.1
17694.6
17381.2
17067.7
16754.3
16441
16127.6
15814.3
15501
15187.7
14874.4
14561.1
14247.8
13934.5
13621.3
13308
12994.8
12681.5
12368.3
12055
11741.8
11428.6
11115.3
10802.1
10488.8
10175.6
9862.36
9549.12
9235.88
8922.64
8609.4
8296.15
7982.9
7669.65
7356.39
7043.13
6729.86
6416.59
6103.31
5790.02
5476.73
5163.43
4850.13
4534.37
4189.16
3785.38
3311.67
2764.95
2096.61
1403.69
364.725
25045.5
24082.9
23583.5
23015.3
22517.1
22053.2
21625
21229.3
20863.2
20524.7
20204.8
19890.7
19576.7
19262.9
18949.1
18635.4
18321.8
18008.2
17694.7
17381.2
17067.8
16754.4
16441
16127.6
15814.3
15501
15187.7
14874.4
14561.1
14247.8
13934.6
13621.3
13308
12994.8
12681.5
12368.3
12055
11741.8
11428.6
11115.3
10802.1
10488.8
10175.6
9862.37
9549.13
9235.89
8922.65
8609.41
8296.17
7982.93
7669.68
7356.43
7043.17
6729.92
6416.65
6103.39
5790.11
5476.84
5163.56
4850.27
4534.53
4189.35
3785.57
3311.98
2765.1
2097
1404.31
363.076
25046.2
24085.1
23582.9
23015.8
22517.1
22053.2
21625
21229.3
20863.3
20524.7
20204.9
19890.8
19576.8
19262.9
18949.2
18635.5
18321.8
18008.3
17694.8
17381.3
17067.8
16754.4
16441
16127.7
15814.3
15501
15187.7
14874.4
14561.1
14247.8
13934.6
13621.3
13308
12994.8
12681.5
12368.3
12055
11741.8
11428.6
11115.3
10802.1
10488.8
10175.6
9862.38
9549.14
9235.91
8922.67
8609.43
8296.19
7982.96
7669.71
7356.47
7043.22
6729.98
6416.72
6103.47
5790.21
5476.95
5163.69
4850.42
4534.7
4189.54
3785.77
3312.28
2765.22
2097.39
1404.72
361.629
25038.6
24083.2
23579.7
23014.7
22516.2
22052.7
21624.8
21229.2
20863.3
20524.7
20205
19890.9
19576.9
19263
18949.3
18635.6
18321.9
18008.4
17694.8
17381.3
17067.9
16754.5
16441.1
16127.7
15814.4
15501
15187.7
14874.4
14561.1
14247.8
13934.6
13621.3
13308
12994.8
12681.5
12368.3
12055.1
11741.8
11428.6
11115.3
10802.1
10488.9
10175.6
9862.39
9549.15
9235.92
8922.69
8609.45
8296.22
7982.99
7669.75
7356.52
7043.28
6730.04
6416.8
6103.56
5790.32
5477.07
5163.83
4850.58
4534.88
4189.73
3785.96
3312.57
2765.3
2097.8
1404.92
360.393
25021.5
24076.9
23573.5
23012
22514.3
22051.8
21624.2
21228.9
20863.2
20524.8
20205.1
19891
19577
19263.2
18949.4
18635.7
18322.1
18008.5
17694.9
17381.4
17068
16754.5
16441.1
16127.8
15814.4
15501.1
15187.8
14874.4
14561.1
14247.9
13934.6
13621.3
13308.1
12994.8
12681.5
12368.3
12055.1
11741.8
11428.6
11115.3
10802.1
10488.9
10175.6
9862.4
9549.17
9235.93
8922.7
8609.48
8296.25
7983.02
7669.79
7356.56
7043.34
6730.11
6416.88
6103.66
5790.43
5477.2
5163.97
4850.74
4535.06
4189.94
3786.17
3312.87
2765.37
2098.27
1404.91
359.365
24992.8
24066.2
23564.5
23007.7
22511.6
22050.3
21623.5
21228.5
20863
20524.8
20205.1
19891.1
19577.2
19263.3
18949.5
18635.8
18322.2
18008.6
17695
17381.5
17068
16754.6
16441.2
16127.8
15814.5
15501.1
15187.8
14874.5
14561.2
14247.9
13934.6
13621.3
13308.1
12994.8
12681.6
12368.3
12055.1
11741.8
11428.6
11115.3
10802.1
10488.9
10175.6
9862.4
9549.17
9235.95
8922.72
8609.49
8296.27
7983.05
7669.83
7356.61
7043.39
6730.17
6416.96
6103.75
5790.54
5477.33
5164.12
4850.91
4535.26
4190.16
3786.4
3313.2
2765.44
2098.89
1404.66
358.557
24954.5
24055.4
23555.8
23004.8
22510.4
22050.1
21623.8
21229.1
20863.6
20525.4
20205.7
19891.6
19577.6
19263.7
18949.9
18636.1
18322.4
18008.8
17695.2
17381.6
17068.2
16754.7
16441.3
16127.9
15814.5
15501.1
15187.8
14874.5
14561.2
14247.9
13934.6
13621.3
13308.1
12994.8
12681.6
12368.3
12055.1
11741.8
11428.6
11115.3
10802.1
10488.9
10175.6
9862.4
9549.17
9235.95
8922.72
8609.5
8296.28
7983.06
7669.85
7356.64
7043.43
6730.23
6417.03
6103.83
5790.64
5477.46
5164.28
4851.1
4535.49
4190.42
3786.7
3313.65
2765.56
2099.86
1403.94
357.645
24901.6
24042.4
23544.2
23000.5
22508
22049.1
21623.5
21229.1
20863.8
20525.6
20206
19891.9
19577.9
19264
18950.1
18636.3
18322.6
18008.9
17695.3
17381.7
17068.2
16754.8
16441.3
16127.9
15814.5
15501.2
15187.8
14874.5
14561.2
14247.9
13934.6
13621.3
13308.1
12994.8
12681.6
12368.3
12055.1
11741.8
11428.6
11115.3
10802.1
10488.9
10175.6
9862.4
9549.18
9235.95
8922.73
8609.51
8296.29
7983.08
7669.87
7356.66
7043.46
6730.27
6417.08
6103.9
5790.73
5477.56
5164.41
4851.26
4535.67
4190.64
3786.96
3314.1
2765.5
2101.3
1402.77
357.489
24870.1
24071.8
23558.6
23016.7
22520.2
22058.5
21630.5
21234.4
20867.9
20528.7
20208.4
19893.7
19579.3
19265
18950.9
18636.9
18323
18009.2
17695.5
17381.9
17068.3
16754.8
16441.4
16127.9
15814.5
15501.2
15187.8
14874.5
14561.2
14247.9
13934.6
13621.3
13308.1
12994.8
12681.5
12368.3
12055
11741.8
11428.6
11115.3
10802.1
10488.8
10175.6
9862.37
9549.14
9235.91
8922.69
8609.46
8296.24
7983.02
7669.81
7356.61
7043.41
6730.22
6417.05
6103.89
5790.74
5477.62
5164.52
4851.45
4535.97
4191.08
3787.59
3315.29
2765.97
2106.02
1399.37
351.838
24935.7
24085.6
23580.1
23019.6
22523.2
22058.6
21629.9
21233.4
20866.8
20527.7
20207.4
19892.9
19578.6
19264.5
18950.5
18636.6
18322.9
18009.2
17695.6
17382
17068.5
16755
16441.6
16128.2
15814.8
15501.4
15188.1
14874.8
14561.4
14248.1
13934.8
13621.6
13308.3
12995
12681.7
12368.5
12055.2
11742
11428.7
11115.5
10802.2
10489
10175.7
9862.46
9549.22
9235.97
8922.72
8609.47
8296.22
7982.96
7669.69
7356.42
7043.13
6729.84
6416.53
6103.2
5789.85
5476.48
5163.08
4849.64
4533.72
4188.25
3784.12
3310.05
2760.66
2096.17
1381.47
416.651
24923.7
24067
23575.6
23014.7
22520.9
22057.1
21629.1
21233
20866.5
20527.5
20207.4
19892.9
19578.6
19264.5
18950.5
18636.7
18322.9
18009.2
17695.6
17382
17068.5
16755
16441.6
16128.2
15814.8
15501.4
15188.1
14874.8
14561.4
14248.1
13934.8
13621.6
13308.3
12995
12681.7
12368.5
12055.2
11741.9
11428.7
11115.4
10802.2
10488.9
10175.7
9862.45
9549.21
9235.96
8922.71
8609.45
8296.2
7982.93
7669.66
7356.39
7043.1
6729.8
6416.49
6103.16
5789.81
5476.44
5163.04
4849.6
4533.69
4188.22
3784.17
3309.92
2761.31
2095.85
1384.8
376.586
24928.1
24055.1
23573.5
23011.2
22519.3
22056
21628.4
21232.5
20866.3
20527.4
20207.3
19892.9
19578.6
19264.5
18950.5
18636.7
18322.9
18009.2
17695.6
17382
17068.5
16755
16441.6
16128.2
15814.8
15501.4
15188.1
14874.7
14561.4
14248.1
13934.8
13621.5
13308.3
12995
12681.7
12368.5
12055.2
11741.9
11428.7
11115.4
10802.2
10488.9
10175.7
9862.44
9549.2
9235.95
8922.69
8609.44
8296.18
7982.92
7669.65
7356.37
7043.08
6729.78
6416.47
6103.14
5789.79
5476.42
5163.02
4849.6
4533.69
4188.24
3784.25
3309.89
2762.04
2095.38
1389.29
376.082
24941.4
24050.3
23572.8
23009.3
22518.2
22055.2
21627.9
21232.2
20866
20527.3
20207.2
19892.8
19578.6
19264.5
18950.6
18636.7
18322.9
18009.2
17695.6
17382
17068.5
16755
16441.6
16128.2
15814.8
15501.4
15188.1
14874.7
14561.4
14248.1
13934.8
13621.5
13308.3
12995
12681.7
12368.5
12055.2
11741.9
11428.7
11115.4
10802.2
10488.9
10175.7
9862.43
9549.19
9235.94
8922.69
8609.43
8296.17
7982.9
7669.63
7356.35
7043.07
6729.77
6416.45
6103.13
5789.78
5476.41
5163.03
4849.61
4533.72
4188.3
3784.36
3309.99
2762.7
2095.2
1392.85
377.214
24958.5
24050.2
23573.4
23008.7
22517.5
22054.7
21627.5
21231.9
20865.9
20527.1
20207.1
19892.8
19578.6
19264.5
18950.6
18636.7
18322.9
18009.2
17695.6
17382
17068.5
16755
16441.6
16128.2
15814.8
15501.4
15188.1
14874.7
14561.4
14248.1
13934.8
13621.5
13308.3
12995
12681.7
12368.5
12055.2
11741.9
11428.7
11115.4
10802.2
10488.9
10175.7
9862.43
9549.18
9235.93
8922.68
8609.42
8296.16
7982.89
7669.62
7356.35
7043.06
6729.76
6416.45
6103.13
5789.79
5476.43
5163.05
4849.65
4533.78
4188.39
3784.5
3310.18
2763.27
2095.23
1395.7
375.269
24977.9
24054
23575.2
23009.3
22517.4
22054.6
21627.3
21231.8
20865.8
20527.1
20207.1
19892.8
19578.6
19264.5
18950.6
18636.7
18323
18009.3
17695.6
17382.1
17068.5
16755.1
16441.6
16128.2
15814.8
15501.4
15188.1
14874.8
14561.4
14248.1
13934.8
13621.5
13308.3
12995
12681.7
12368.5
12055.2
11741.9
11428.7
11115.4
10802.2
10488.9
10175.7
9862.42
9549.18
9235.93
8922.67
8609.41
8296.15
7982.89
7669.62
7356.34
7043.06
6729.76
6416.46
6103.14
5789.81
5476.46
5163.1
4849.72
4533.86
4188.52
3784.66
3310.44
2763.77
2095.4
1398.09
373.163
24997.7
24060.4
23578
23011
22517.9
22054.8
21627.3
21231.8
20865.7
20527
20207.1
19892.8
19578.6
19264.5
18950.6
18636.7
18323
18009.3
17695.7
17382.1
17068.6
16755.1
16441.6
16128.2
15814.8
15501.4
15188.1
14874.8
14561.4
14248.1
13934.8
13621.5
13308.3
12995
12681.7
12368.5
12055.2
11741.9
11428.7
11115.4
10802.2
10488.9
10175.7
9862.42
9549.17
9235.92
8922.67
8609.41
8296.15
7982.89
7669.62
7356.35
7043.07
6729.78
6416.48
6103.17
5789.85
5476.51
5163.16
4849.8
4533.97
4188.67
3784.84
3310.75
2764.19
2095.67
1400.05
371.112
25016.6
24068.4
23581.5
23013.5
22518.8
22055.3
21627.6
21231.9
20865.8
20527.1
20207.1
19892.8
19578.6
19264.6
18950.6
18636.8
18323
18009.3
17695.7
17382.1
17068.6
16755.1
16441.6
16128.2
15814.8
15501.5
15188.1
14874.8
14561.4
14248.1
13934.8
13621.5
13308.3
12995
12681.7
12368.5
12055.2
11741.9
11428.7
11115.4
10802.2
10488.9
10175.7
9862.42
9549.17
9235.92
8922.67
8609.42
8296.16
7982.9
7669.63
7356.36
7043.09
6729.8
6416.51
6103.21
5789.9
5476.58
5163.25
4849.91
4534.1
4188.83
3785.03
3311.07
2764.53
2096.01
1401.58
369.054
25032.9
24076.7
23585
23016.2
22520
22056.1
21628
21232.1
20865.9
20527.1
20207.1
19892.8
19578.6
19264.6
18950.7
18636.8
18323
18009.4
17695.7
17382.1
17068.6
16755.1
16441.7
16128.2
15814.8
15501.5
15188.1
14874.8
14561.5
14248.1
13934.8
13621.6
13308.3
12995
12681.7
12368.5
12055.2
11741.9
11428.7
11115.4
10802.2
10488.9
10175.7
9862.42
9549.18
9235.93
8922.68
8609.42
8296.17
7982.91
7669.65
7356.39
7043.12
6729.84
6416.55
6103.26
5789.97
5476.66
5163.35
4850.03
4534.25
4189.01
3785.22
3311.4
2764.8
2096.38
1402.76
367.085
25045.5
24084
23587.8
23018.6
22521
22056.8
21628.4
21232.4
20866.1
20527.3
20207.2
19892.9
19578.7
19264.7
18950.7
18636.9
18323.1
18009.4
17695.8
17382.2
17068.7
16755.2
16441.7
16128.3
15814.9
15501.5
15188.1
14874.8
14561.5
14248.2
13934.9
13621.6
13308.3
12995
12681.7
12368.5
12055.2
11741.9
11428.7
11115.4
10802.2
10488.9
10175.7
9862.43
9549.18
9235.93
8922.69
8609.44
8296.18
7982.93
7669.67
7356.42
7043.15
6729.88
6416.61
6103.33
5790.04
5476.75
5163.46
4850.16
4534.4
4189.2
3785.42
3311.73
2765
2096.76
1403.64
365.264
25052.9
24089.3
23589.3
23020.4
22521.7
22057.3
21628.7
21232.5
20866.2
20527.4
20207.3
19893
19578.8
19264.7
18950.8
18636.9
18323.2
18009.5
17695.8
17382.2
17068.7
16755.2
16441.7
16128.3
15814.9
15501.5
15188.2
14874.8
14561.5
14248.2
13934.9
13621.6
13308.3
12995
12681.7
12368.5
12055.2
11741.9
11428.7
11115.4
10802.2
10488.9
10175.7
9862.44
9549.19
9235.95
8922.7
8609.45
8296.2
7982.96
7669.71
7356.45
7043.2
6729.94
6416.67
6103.41
5790.13
5476.86
5163.58
4850.3
4534.56
4189.38
3785.61
3312.04
2765.16
2097.14
1404.27
363.622
25053.6
24091.4
23588.7
23020.9
22521.7
22057.3
21628.7
21232.6
20866.3
20527.4
20207.4
19893.1
19578.9
19264.8
18950.9
18637
18323.2
18009.5
17695.9
17382.3
17068.7
16755.2
16441.8
16128.3
15814.9
15501.5
15188.2
14874.8
14561.5
14248.2
13934.9
13621.6
13308.3
12995
12681.7
12368.5
12055.2
11741.9
11428.7
11115.4
10802.2
10488.9
10175.7
9862.44
9549.2
9235.96
8922.72
8609.47
8296.23
7982.99
7669.74
7356.49
7043.25
6730
6416.74
6103.49
5790.23
5476.97
5163.71
4850.45
4534.73
4189.57
3785.81
3312.34
2765.27
2097.53
1404.67
362.179
25046.1
24089.5
23585.5
23019.8
22520.7
22056.8
21628.4
21232.5
20866.2
20527.4
20207.4
19893.1
19579
19264.9
18951
18637.1
18323.3
18009.6
17696
17382.4
17068.8
16755.3
16441.8
16128.4
15815
15501.6
15188.2
14874.9
14561.5
14248.2
13934.9
13621.6
13308.3
12995
12681.7
12368.5
12055.2
11741.9
11428.7
11115.4
10802.2
10488.9
10175.7
9862.45
9549.21
9235.97
8922.73
8609.49
8296.26
7983.02
7669.78
7356.54
7043.3
6730.06
6416.82
6103.58
5790.34
5477.09
5163.85
4850.6
4534.91
4189.77
3786
3312.63
2765.35
2097.94
1404.87
360.946
25028.9
24083.3
23579.3
23017.1
22518.9
22055.9
21627.9
21232.2
20866.2
20527.5
20207.5
19893.2
19579.1
19265
18951.1
18637.2
18323.4
18009.7
17696.1
17382.4
17068.9
16755.4
16441.9
16128.4
15815
15501.6
15188.2
14874.9
14561.5
14248.2
13934.9
13621.6
13308.3
12995
12681.7
12368.5
12055.2
11742
11428.7
11115.4
10802.2
10488.9
10175.7
9862.46
9549.22
9235.99
8922.75
8609.51
8296.28
7983.05
7669.82
7356.59
7043.36
6730.13
6416.9
6103.67
5790.45
5477.22
5163.99
4850.77
4535.09
4189.97
3786.21
3312.93
2765.42
2098.41
1404.87
359.919
25000.2
24072.6
23570.3
23012.9
22516.2
22054.4
21627.1
21231.9
20866
20527.5
20207.6
19893.4
19579.2
19265.2
18951.2
18637.4
18323.6
18009.8
17696.2
17382.5
17069
16755.4
16441.9
16128.5
15815.1
15501.6
15188.3
14874.9
14561.6
14248.2
13934.9
13621.6
13308.3
12995
12681.8
12368.5
12055.2
11742
11428.7
11115.4
10802.2
10489
10175.7
9862.47
9549.23
9236
8922.76
8609.53
8296.3
7983.08
7669.85
7356.63
7043.41
6730.19
6416.98
6103.77
5790.55
5477.35
5164.14
4850.93
4535.28
4190.18
3786.44
3313.25
2765.48
2099.02
1404.61
359.107
24961.9
24061.8
23561.6
23009.9
22515
22054.2
21627.5
21232.4
20866.6
20528.1
20208.2
19893.9
19579.7
19265.6
18951.6
18637.6
18323.8
18010
17696.3
17382.7
17069.1
16755.5
16442
16128.5
15815.1
15501.7
15188.3
14874.9
14561.6
14248.2
13934.9
13621.6
13308.3
12995
12681.8
12368.5
12055.2
11742
11428.7
11115.4
10802.2
10489
10175.7
9862.47
9549.23
9236
8922.77
8609.54
8296.31
7983.09
7669.87
7356.66
7043.45
6730.24
6417.04
6103.85
5790.66
5477.48
5164.3
4851.12
4535.51
4190.45
3786.74
3313.7
2765.61
2099.98
1403.89
358.178
24909.1
24048.8
23550
23005.6
22512.6
22053.3
21627.1
21232.4
20866.8
20528.3
20208.4
19894.1
19579.9
19265.8
18951.8
18637.8
18324
18010.2
17696.4
17382.8
17069.1
16755.6
16442.1
16128.6
15815.1
15501.7
15188.3
14874.9
14561.6
14248.2
13934.9
13621.6
13308.3
12995
12681.8
12368.5
12055.2
11742
11428.7
11115.4
10802.2
10488.9
10175.7
9862.47
9549.23
9236
8922.77
8609.55
8296.32
7983.11
7669.89
7356.68
7043.48
6730.29
6417.1
6103.92
5790.74
5477.58
5164.42
4851.27
4535.69
4190.67
3786.99
3314.14
2765.54
2101.41
1402.73
358.004
24877.4
24078.2
23564.4
23021.8
22524.8
22062.5
21634.2
21237.7
20870.8
20531.4
20210.8
19896
19581.3
19266.9
18952.6
18638.4
18324.4
18010.5
17696.7
17382.9
17069.3
16755.7
16442.1
16128.6
15815.1
15501.7
15188.3
14874.9
14561.6
14248.2
13934.9
13621.6
13308.3
12995
12681.7
12368.5
12055.2
11741.9
11428.7
11115.4
10802.2
10488.9
10175.7
9862.44
9549.2
9235.96
8922.73
8609.5
8296.27
7983.05
7669.84
7356.63
7043.43
6730.24
6417.06
6103.9
5790.76
5477.63
5164.53
4851.46
4535.98
4191.09
3787.61
3315.31
2765.99
2106.09
1399.31
352.248
24942.7
24091.7
23585.6
23024.5
22527.5
22062.5
21633.4
21236.6
20869.7
20530.3
20209.8
19895.1
19580.6
19266.3
18952.1
18638.1
18324.2
18010.4
17696.7
17383
17069.4
16755.8
16442.3
16128.8
15815.4
15502
15188.6
14875.2
14561.8
14248.5
13935.2
13621.8
13308.5
12995.2
12681.9
12368.6
12055.4
11742.1
11428.8
11115.6
10802.3
10489
10175.8
9862.53
9549.28
9236.02
8922.77
8609.51
8296.25
7982.99
7669.72
7356.44
7043.16
6729.86
6416.55
6103.22
5789.87
5476.51
5163.11
4849.68
4533.76
4188.3
3784.18
3310.12
2760.73
2096.32
1381.55
416.83
24930.6
24073
23581.1
23019.5
22525.3
22061
21632.6
21236.1
20869.4
20530.1
20209.7
19895.1
19580.6
19266.3
18952.2
18638.1
18324.2
18010.4
17696.7
17383
17069.4
16755.8
16442.3
16128.8
15815.4
15502
15188.6
14875.2
14561.8
14248.5
13935.1
13621.8
13308.5
12995.2
12681.9
12368.6
12055.4
11742.1
11428.8
11115.6
10802.3
10489
10175.8
9862.52
9549.27
9236.01
8922.75
8609.49
8296.23
7982.97
7669.69
7356.41
7043.13
6729.83
6416.51
6103.18
5789.83
5476.46
5163.07
4849.64
4533.73
4188.27
3784.22
3309.99
2761.38
2096
1384.84
376.914
24935.1
24061.1
23579
23016.1
22523.7
22059.9
21631.9
21235.7
20869.1
20530
20209.7
19895
19580.6
19266.3
18952.2
18638.2
18324.2
18010.4
17696.7
17383
17069.4
16755.8
16442.3
16128.8
15815.4
15502
15188.6
14875.2
14561.8
14248.5
13935.1
13621.8
13308.5
12995.2
12681.9
12368.6
12055.4
11742.1
11428.8
11115.5
10802.3
10489
10175.8
9862.51
9549.25
9236
8922.74
8609.48
8296.22
7982.95
7669.67
7356.39
7043.1
6729.8
6416.49
6103.16
5789.81
5476.44
5163.05
4849.63
4533.73
4188.28
3784.3
3309.96
2762.11
2095.53
1389.31
376.479
24948.3
24056.3
23578.3
23014.2
22522.5
22059.1
21631.4
21235.3
20868.9
20529.9
20209.6
19895
19580.6
19266.3
18952.2
18638.2
18324.3
18010.4
17696.7
17383
17069.4
16755.8
16442.3
16128.8
15815.4
15502
15188.6
14875.2
14561.8
14248.5
13935.1
13621.8
13308.5
12995.2
12681.9
12368.6
12055.4
11742.1
11428.8
11115.5
10802.3
10489
10175.8
9862.5
9549.25
9235.99
8922.73
8609.47
8296.2
7982.93
7669.66
7356.38
7043.09
6729.79
6416.48
6103.15
5789.81
5476.44
5163.06
4849.65
4533.76
4188.34
3784.41
3310.05
2762.76
2095.34
1392.86
377.629
24965.5
24056.2
23578.8
23013.6
22521.9
22058.6
21631
21235.1
20868.7
20529.7
20209.5
19895
19580.6
19266.3
18952.2
18638.2
18324.3
18010.5
17696.7
17383
17069.4
16755.8
16442.3
16128.8
15815.4
15502
15188.6
14875.2
14561.8
14248.5
13935.1
13621.8
13308.5
12995.2
12681.9
12368.6
12055.3
11742.1
11428.8
11115.5
10802.3
10489
10175.8
9862.49
9549.24
9235.98
8922.72
8609.46
8296.19
7982.93
7669.65
7356.37
7043.08
6729.78
6416.47
6103.15
5789.81
5476.46
5163.08
4849.69
4533.81
4188.43
3784.55
3310.24
2763.33
2095.37
1395.68
375.702
24984.8
24059.9
23580.6
23014.2
22521.8
22058.4
21630.8
21234.9
20868.6
20529.6
20209.4
19894.9
19580.6
19266.3
18952.2
18638.2
18324.3
18010.5
17696.7
17383.1
17069.4
16755.9
16442.3
16128.8
15815.4
15502
15188.6
14875.2
14561.8
14248.5
13935.1
13621.8
13308.5
12995.2
12681.9
12368.6
12055.3
11742.1
11428.8
11115.5
10802.3
10489
10175.7
9862.49
9549.23
9235.98
8922.72
8609.45
8296.19
7982.92
7669.65
7356.37
7043.08
6729.79
6416.48
6103.16
5789.83
5476.49
5163.13
4849.75
4533.9
4188.56
3784.71
3310.5
2763.83
2095.54
1398.07
373.613
25004.7
24066.4
23583.5
23015.9
22522.3
22058.7
21630.8
21234.9
20868.6
20529.6
20209.4
19894.9
19580.6
19266.3
18952.2
18638.2
18324.3
18010.5
17696.8
17383.1
17069.5
16755.9
16442.3
16128.9
15815.4
15502
15188.6
14875.2
14561.8
14248.5
13935.1
13621.8
13308.5
12995.2
12681.9
12368.6
12055.3
11742.1
11428.8
11115.5
10802.3
10489
10175.7
9862.49
9549.23
9235.97
8922.72
8609.45
8296.19
7982.92
7669.65
7356.38
7043.09
6729.8
6416.5
6103.19
5789.87
5476.54
5163.19
4849.83
4534.01
4188.7
3784.88
3310.81
2764.24
2095.81
1400.01
371.577
25023.5
24074.4
23586.9
23018.3
22523.2
22059.2
21631.1
21235
20868.6
20529.7
20209.4
19894.9
19580.6
19266.3
18952.2
18638.2
18324.3
18010.5
17696.8
17383.1
17069.5
16755.9
16442.4
16128.9
15815.4
15502
15188.6
14875.2
14561.8
14248.5
13935.1
13621.8
13308.5
12995.2
12681.9
12368.6
12055.3
11742.1
11428.8
11115.5
10802.3
10489
10175.7
9862.49
9549.23
9235.97
8922.72
8609.46
8296.2
7982.93
7669.66
7356.39
7043.11
6729.83
6416.53
6103.23
5789.92
5476.6
5163.27
4849.94
4534.14
4188.87
3785.07
3311.13
2764.58
2096.15
1401.54
369.532
25039.9
24082.6
23590.4
23021
22524.3
22059.9
21631.5
21235.3
20868.8
20529.7
20209.5
19895
19580.6
19266.4
18952.3
18638.3
18324.4
18010.6
17696.8
17383.1
17069.5
16755.9
16442.4
16128.9
15815.4
15502
15188.6
14875.2
14561.8
14248.5
13935.1
13621.8
13308.5
12995.2
12681.9
12368.6
12055.3
11742.1
11428.8
11115.5
10802.3
10489
10175.7
9862.49
9549.23
9235.98
8922.72
8609.46
8296.21
7982.94
7669.68
7356.41
7043.14
6729.86
6416.58
6103.29
5789.99
5476.68
5163.37
4850.05
4534.28
4189.05
3785.27
3311.46
2764.85
2096.52
1402.72
367.572
25052.4
24090
23593.3
23023.5
22525.4
22060.7
21631.9
21235.5
20868.9
20529.9
20209.6
19895.1
19580.7
19266.4
18952.3
18638.3
18324.4
18010.6
17696.9
17383.2
17069.5
16756
16442.4
16128.9
15815.5
15502
15188.6
14875.2
14561.8
14248.5
13935.2
13621.8
13308.5
12995.2
12681.9
12368.6
12055.4
11742.1
11428.8
11115.5
10802.3
10489
10175.8
9862.49
9549.24
9235.99
8922.73
8609.48
8296.22
7982.96
7669.7
7356.44
7043.17
6729.9
6416.63
6103.35
5790.07
5476.78
5163.48
4850.19
4534.43
4189.23
3785.46
3311.78
2765.05
2096.9
1403.6
365.759
25059.8
24095.3
23594.8
23025.2
22526
22061.1
21632.2
21235.7
20869.1
20530
20209.7
19895.1
19580.8
19266.5
18952.4
18638.4
18324.5
18010.7
17696.9
17383.2
17069.6
16756
16442.5
16129
15815.5
15502
15188.6
14875.2
14561.9
14248.5
13935.2
13621.8
13308.5
12995.2
12681.9
12368.6
12055.4
11742.1
11428.8
11115.5
10802.3
10489
10175.8
9862.5
9549.25
9236
8922.74
8609.49
8296.24
7982.99
7669.73
7356.48
7043.22
6729.96
6416.69
6103.43
5790.16
5476.88
5163.61
4850.33
4534.6
4189.42
3785.66
3312.09
2765.21
2097.28
1404.22
364.122
25060.5
24097.4
23594.2
23025.8
22526
22061.2
21632.2
21235.8
20869.1
20530
20209.8
19895.2
19580.8
19266.6
18952.5
18638.5
18324.6
18010.7
17697
17383.3
17069.6
16756.1
16442.5
16129
15815.5
15502.1
15188.7
14875.3
14561.9
14248.5
13935.2
13621.9
13308.5
12995.2
12681.9
12368.6
12055.4
11742.1
11428.8
11115.5
10802.3
10489
10175.8
9862.51
9549.26
9236.01
8922.76
8609.51
8296.26
7983.02
7669.77
7356.52
7043.27
6730.02
6416.76
6103.51
5790.25
5476.99
5163.73
4850.47
4534.76
4189.61
3785.85
3312.39
2765.32
2097.67
1404.63
362.684
25053
24095.6
23590.9
23024.7
22525.1
22060.7
21631.9
21235.6
20869.1
20530
20209.8
19895.3
19580.9
19266.7
18952.6
18638.6
18324.7
18010.8
17697.1
17383.4
17069.7
16756.1
16442.6
16129
15815.6
15502.1
15188.7
14875.3
14561.9
14248.5
13935.2
13621.9
13308.5
12995.2
12681.9
12368.6
12055.4
11742.1
11428.8
11115.5
10802.3
10489
10175.8
9862.52
9549.27
9236.02
8922.78
8609.53
8296.29
7983.05
7669.81
7356.57
7043.32
6730.08
6416.84
6103.6
5790.36
5477.11
5163.87
4850.63
4534.93
4189.8
3786.04
3312.68
2765.4
2098.07
1404.83
361.453
25035.9
24089.3
23584.8
23022
22523.3
22059.8
21631.4
21235.4
20869
20530.1
20209.9
19895.4
19581.1
19266.8
18952.7
18638.7
18324.8
18010.9
17697.1
17383.4
17069.8
16756.2
16442.6
16129.1
15815.6
15502.1
15188.7
14875.3
14561.9
14248.6
13935.2
13621.9
13308.6
12995.2
12681.9
12368.7
12055.4
11742.1
11428.8
11115.6
10802.3
10489
10175.8
9862.53
9549.28
9236.04
8922.79
8609.55
8296.32
7983.08
7669.84
7356.61
7043.38
6730.15
6416.92
6103.69
5790.47
5477.24
5164.02
4850.79
4535.12
4190
3786.25
3312.98
2765.47
2098.54
1404.83
360.425
25007.2
24078.6
23575.8
23017.7
22520.6
22058.3
21630.7
21235
20868.9
20530.1
20210
19895.5
19581.2
19267
18952.9
18638.8
18324.9
18011
17697.3
17383.5
17069.9
16756.2
16442.7
16129.1
15815.6
15502.2
15188.7
14875.3
14561.9
14248.6
13935.2
13621.9
13308.6
12995.2
12681.9
12368.7
12055.4
11742.1
11428.8
11115.6
10802.3
10489
10175.8
9862.54
9549.29
9236.05
8922.81
8609.57
8296.34
7983.11
7669.88
7356.65
7043.43
6730.21
6417
6103.78
5790.57
5477.37
5164.16
4850.96
4535.31
4190.21
3786.47
3313.3
2765.53
2099.14
1404.57
359.608
24968.9
24067.8
23567.1
23014.8
22519.3
22058.1
21631
21235.5
20869.5
20530.7
20210.5
19896
19581.7
19267.4
18953.2
18639.1
18325.1
18011.2
17697.4
17383.7
17070
16756.3
16442.7
16129.2
15815.7
15502.2
15188.8
14875.3
14562
14248.6
13935.2
13621.9
13308.6
12995.2
12681.9
12368.7
12055.4
11742.1
11428.8
11115.6
10802.3
10489
10175.8
9862.54
9549.29
9236.05
8922.81
8609.58
8296.35
7983.12
7669.9
7356.68
7043.47
6730.26
6417.06
6103.87
5790.68
5477.49
5164.32
4851.14
4535.53
4190.48
3786.77
3313.74
2765.65
2100.09
1403.85
358.662
24916.1
24054.9
23555.5
23010.5
22517
22057.2
21630.6
21235.6
20869.7
20530.9
20210.8
19896.3
19581.9
19267.6
18953.4
18639.3
18325.3
18011.4
17697.5
17383.7
17070
16756.4
16442.8
16129.2
15815.7
15502.2
15188.8
14875.4
14562
14248.6
13935.2
13621.9
13308.6
12995.3
12681.9
12368.7
12055.4
11742.1
11428.8
11115.6
10802.3
10489
10175.8
9862.54
9549.29
9236.05
8922.82
8609.59
8296.36
7983.14
7669.92
7356.71
7043.5
6730.3
6417.11
6103.93
5790.76
5477.59
5164.44
4851.29
4535.71
4190.69
3787.01
3314.18
2765.58
2101.52
1402.69
358.47
24884.3
24084.2
23569.8
23026.7
22529.1
22066.4
21637.6
21240.8
20873.7
20534
20213.2
19898.1
19583.3
19268.7
18954.2
18639.9
18325.7
18011.7
17697.7
17383.9
17070.1
16756.5
16442.8
16129.3
15815.7
15502.2
15188.8
14875.4
14562
14248.6
13935.2
13621.9
13308.5
12995.2
12681.9
12368.6
12055.3
11742.1
11428.8
11115.5
10802.3
10489
10175.8
9862.5
9549.26
9236.01
8922.77
8609.54
8296.31
7983.08
7669.86
7356.65
7043.45
6730.26
6417.08
6103.92
5790.77
5477.65
5164.55
4851.48
4536
4191.11
3787.63
3315.34
2766.02
2106.16
1399.27
352.617
24949.2
24097.3
23590.7
23029.1
22531.6
22066.2
21636.8
21239.6
20872.4
20532.8
20212.1
19897.2
19582.5
19268
18953.7
18639.5
18325.5
18011.6
17697.7
17383.9
17070.2
16756.6
16443
16129.5
15815.9
15502.5
15189
14875.6
14562.2
14248.8
13935.4
13622.1
13308.8
12995.4
12682.1
12368.8
12055.5
11742.2
11428.9
11115.7
10802.4
10489.1
10175.9
9862.6
9549.34
9236.08
8922.82
8609.55
8296.29
7983.02
7669.75
7356.47
7043.18
6729.89
6416.58
6103.25
5789.9
5476.53
5163.14
4849.71
4533.8
4188.35
3784.23
3310.19
2760.81
2096.47
1381.62
416.992
24937.1
24078.6
23586.2
23024.1
22529.4
22064.7
21635.9
21239.1
20872.1
20532.6
20212
19897.2
19582.5
19268
18953.7
18639.6
18325.5
18011.6
17697.7
17384
17070.3
16756.6
16443
16129.5
15815.9
15502.5
15189
14875.6
14562.2
14248.8
13935.4
13622.1
13308.8
12995.4
12682.1
12368.8
12055.5
11742.2
11428.9
11115.7
10802.4
10489.1
10175.8
9862.59
9549.32
9236.06
8922.8
8609.53
8296.27
7983
7669.72
7356.44
7043.15
6729.85
6416.54
6103.21
5789.86
5476.49
5163.1
4849.67
4533.76
4188.31
3784.27
3310.06
2761.45
2096.14
1384.89
377.211
24941.6
24066.7
23584.1
23020.6
22527.8
22063.6
21635.2
21238.7
20871.9
20532.5
20211.9
19897.1
19582.5
19268
18953.7
18639.6
18325.5
18011.6
17697.7
17384
17070.3
16756.6
16443
16129.5
15815.9
15502.5
15189
14875.6
14562.2
14248.8
13935.4
13622.1
13308.8
12995.4
12682.1
12368.8
12055.5
11742.2
11428.9
11115.7
10802.4
10489.1
10175.8
9862.58
9549.31
9236.05
8922.79
8609.52
8296.25
7982.98
7669.7
7356.42
7043.13
6729.83
6416.51
6103.18
5789.84
5476.47
5163.08
4849.66
4533.76
4188.33
3784.36
3310.02
2762.17
2095.67
1389.34
376.837
24954.8
24061.9
23583.4
23018.7
22526.6
22062.7
21634.7
21238.3
20871.6
20532.3
20211.8
19897.1
19582.5
19268
18953.8
18639.6
18325.6
18011.6
17697.8
17384
17070.3
16756.6
16443
16129.5
15815.9
15502.5
15189
14875.6
14562.2
14248.8
13935.4
13622.1
13308.7
12995.4
12682.1
12368.8
12055.5
11742.2
11428.9
11115.7
10802.4
10489.1
10175.8
9862.57
9549.3
9236.04
8922.78
8609.51
8296.24
7982.97
7669.69
7356.41
7043.12
6729.81
6416.5
6103.17
5789.83
5476.47
5163.09
4849.68
4533.79
4188.38
3784.46
3310.12
2762.82
2095.48
1392.86
378.005
24972
24061.8
23583.9
23018.1
22526
22062.2
21634.3
21238.1
20871.4
20532.2
20211.8
19897
19582.5
19268
18953.8
18639.6
18325.6
18011.6
17697.8
17384
17070.3
16756.6
16443
16129.5
15815.9
15502.5
15189
14875.6
14562.2
14248.8
13935.4
13622.1
13308.7
12995.4
12682.1
12368.8
12055.5
11742.2
11428.9
11115.6
10802.4
10489.1
10175.8
9862.56
9549.3
9236.03
8922.77
8609.5
8296.23
7982.96
7669.68
7356.4
7043.11
6729.81
6416.5
6103.17
5789.84
5476.48
5163.11
4849.72
4533.85
4188.47
3784.6
3310.31
2763.39
2095.5
1395.67
376.096
24991.3
24065.5
23585.7
23018.8
22525.9
22062.1
21634.1
21237.9
20871.3
20532.1
20211.7
19897
19582.4
19268
18953.8
18639.6
18325.6
18011.6
17697.8
17384
17070.3
16756.6
16443
16129.5
15816
15502.5
15189
14875.6
14562.2
14248.8
13935.4
13622.1
13308.7
12995.4
12682.1
12368.8
12055.5
11742.2
11428.9
11115.6
10802.4
10489.1
10175.8
9862.56
9549.29
9236.03
8922.76
8609.5
8296.23
7982.95
7669.68
7356.4
7043.11
6729.81
6416.51
6103.19
5789.86
5476.51
5163.15
4849.78
4533.93
4188.6
3784.75
3310.56
2763.88
2095.68
1398.05
374.024
25011.2
24072
23588.6
23020.5
22526.4
22062.4
21634.1
21237.9
20871.3
20532.1
20211.7
19897
19582.4
19268
18953.8
18639.6
18325.6
18011.7
17697.8
17384
17070.3
16756.7
16443.1
16129.5
15816
15502.5
15189
14875.6
14562.2
14248.8
13935.4
13622.1
13308.7
12995.4
12682.1
12368.8
12055.5
11742.2
11428.9
11115.6
10802.4
10489.1
10175.8
9862.55
9549.29
9236.03
8922.76
8609.49
8296.23
7982.96
7669.68
7356.4
7043.12
6729.83
6416.52
6103.21
5789.89
5476.56
5163.22
4849.86
4534.04
4188.74
3784.93
3310.86
2764.29
2095.95
1399.98
372.002
25030
24080
23592
23022.9
22527.3
22062.9
21634.4
21238
20871.4
20532.1
20211.7
19897
19582.5
19268.1
18953.8
18639.7
18325.6
18011.7
17697.8
17384.1
17070.3
16756.7
16443.1
16129.5
15816
15502.5
15189
14875.6
14562.2
14248.8
13935.4
13622.1
13308.7
12995.4
12682.1
12368.8
12055.5
11742.2
11428.9
11115.6
10802.4
10489.1
10175.8
9862.55
9549.29
9236.03
8922.76
8609.5
8296.23
7982.96
7669.69
7356.42
7043.14
6729.85
6416.56
6103.25
5789.95
5476.63
5163.3
4849.97
4534.17
4188.91
3785.12
3311.19
2764.63
2096.28
1401.51
369.968
25046.4
24088.2
23595.5
23025.6
22528.4
22063.6
21634.8
21238.3
20871.5
20532.2
20211.8
19897.1
19582.5
19268.1
18953.8
18639.7
18325.7
18011.7
17697.9
17384.1
17070.4
16756.7
16443.1
16129.5
15816
15502.5
15189
14875.6
14562.2
14248.8
13935.4
13622.1
13308.8
12995.4
12682.1
12368.8
12055.5
11742.2
11428.9
11115.6
10802.4
10489.1
10175.8
9862.56
9549.29
9236.03
8922.77
8609.5
8296.24
7982.97
7669.71
7356.44
7043.16
6729.88
6416.6
6103.31
5790.01
5476.71
5163.4
4850.08
4534.31
4189.09
3785.31
3311.52
2764.9
2096.65
1402.68
368.018
25058.9
24095.6
23598.4
23028.1
22529.5
22064.3
21635.2
21238.5
20871.7
20532.3
20211.9
19897.1
19582.6
19268.2
18953.9
18639.8
18325.7
18011.8
17697.9
17384.1
17070.4
16756.7
16443.1
16129.6
15816
15502.5
15189.1
14875.6
14562.2
14248.8
13935.5
13622.1
13308.8
12995.4
12682.1
12368.8
12055.5
11742.2
11428.9
11115.6
10802.4
10489.1
10175.8
9862.56
9549.3
9236.04
8922.78
8609.52
8296.26
7982.99
7669.73
7356.47
7043.2
6729.93
6416.65
6103.37
5790.09
5476.8
5163.51
4850.21
4534.47
4189.27
3785.5
3311.84
2765.1
2097.03
1403.56
366.213
25066.3
24100.9
23599.9
23029.8
22530.1
22064.8
21635.5
21238.7
20871.8
20532.4
20211.9
19897.2
19582.6
19268.2
18954
18639.8
18325.8
18011.8
17698
17384.2
17070.5
16756.8
16443.2
16129.6
15816.1
15502.6
15189.1
14875.6
14562.2
14248.8
13935.5
13622.1
13308.8
12995.4
12682.1
12368.8
12055.5
11742.2
11428.9
11115.6
10802.4
10489.1
10175.8
9862.57
9549.31
9236.05
8922.79
8609.53
8296.27
7983.02
7669.76
7356.5
7043.24
6729.98
6416.72
6103.45
5790.18
5476.91
5163.63
4850.35
4534.63
4189.46
3785.7
3312.15
2765.26
2097.41
1404.18
364.581
25067
24103
23599.3
23030.3
22530.1
22064.9
21635.5
21238.7
20871.9
20532.5
20212
19897.3
19582.7
19268.3
18954
18639.9
18325.9
18011.9
17698
17384.2
17070.5
16756.8
16443.2
16129.6
15816.1
15502.6
15189.1
14875.7
14562.3
14248.9
13935.5
13622.1
13308.8
12995.4
12682.1
12368.8
12055.5
11742.2
11428.9
11115.7
10802.4
10489.1
10175.8
9862.57
9549.32
9236.06
8922.8
8609.55
8296.3
7983.05
7669.8
7356.54
7043.29
6730.04
6416.79
6103.53
5790.27
5477.02
5163.76
4850.5
4534.79
4189.64
3785.89
3312.44
2765.37
2097.79
1404.59
363.146
25059.6
24101.2
23596.1
23029.3
22529.2
22064.4
21635.2
21238.6
20871.8
20532.5
20212.1
19897.4
19582.8
19268.4
18954.1
18640
18325.9
18012
17698.1
17384.3
17070.6
16756.9
16443.3
16129.7
15816.1
15502.6
15189.1
14875.7
14562.3
14248.9
13935.5
13622.1
13308.8
12995.4
12682.1
12368.8
12055.5
11742.2
11428.9
11115.7
10802.4
10489.1
10175.8
9862.58
9549.33
9236.07
8922.82
8609.57
8296.32
7983.08
7669.83
7356.59
7043.35
6730.1
6416.86
6103.62
5790.38
5477.14
5163.9
4850.65
4534.96
4189.83
3786.08
3312.73
2765.45
2098.2
1404.79
361.916
25042.4
24094.9
23589.9
23026.6
22527.4
22063.4
21634.7
21238.4
20871.7
20532.6
20212.2
19897.5
19582.9
19268.6
18954.3
18640.1
18326.1
18012.1
17698.2
17384.4
17070.6
16757
16443.3
16129.7
15816.2
15502.7
15189.2
14875.7
14562.3
14248.9
13935.5
13622.1
13308.8
12995.5
12682.1
12368.8
12055.5
11742.2
11428.9
11115.7
10802.4
10489.1
10175.9
9862.59
9549.34
9236.09
8922.84
8609.59
8296.35
7983.11
7669.87
7356.64
7043.4
6730.17
6416.94
6103.71
5790.49
5477.26
5164.04
4850.81
4535.14
4190.03
3786.29
3313.03
2765.52
2098.66
1404.79
360.887
25013.8
24084.3
23580.9
23022.3
22524.7
22062
21634
21238
20871.6
20532.6
20212.2
19897.6
19583.1
19268.7
18954.4
18640.3
18326.2
18012.2
17698.3
17384.5
17070.7
16757
16443.4
16129.8
15816.2
15502.7
15189.2
14875.7
14562.3
14248.9
13935.5
13622.1
13308.8
12995.5
12682.1
12368.8
12055.5
11742.2
11428.9
11115.7
10802.4
10489.1
10175.9
9862.6
9549.35
9236.1
8922.85
8609.61
8296.37
7983.14
7669.91
7356.68
7043.45
6730.23
6417.02
6103.8
5790.59
5477.39
5164.18
4850.98
4535.33
4190.24
3786.51
3313.35
2765.58
2099.26
1404.54
360.064
24975.4
24073.5
23572.2
23019.4
22523.4
22061.8
21634.3
21238.5
20872.2
20533.2
20212.8
19898.1
19583.5
19269.1
18954.8
18640.5
18326.4
18012.4
17698.5
17384.6
17070.8
16757.1
16443.4
16129.8
15816.3
15502.7
15189.2
14875.8
14562.3
14248.9
13935.5
13622.2
13308.8
12995.5
12682.1
12368.8
12055.5
11742.2
11428.9
11115.7
10802.4
10489.1
10175.9
9862.6
9549.35
9236.1
8922.86
8609.62
8296.38
7983.15
7669.93
7356.71
7043.49
6730.28
6417.08
6103.88
5790.69
5477.51
5164.33
4851.16
4535.55
4190.5
3786.8
3313.78
2765.69
2100.2
1403.82
359.101
24922.6
24060.5
23560.6
23015.1
22521.1
22060.9
21634
21238.6
20872.4
20533.4
20213.1
19898.4
19583.8
19269.3
18955
18640.7
18326.6
18012.5
17698.6
17384.7
17070.9
16757.2
16443.5
16129.9
15816.3
15502.7
15189.2
14875.8
14562.3
14248.9
13935.5
13622.2
13308.8
12995.5
12682.1
12368.8
12055.5
11742.2
11428.9
11115.7
10802.4
10489.1
10175.9
9862.6
9549.35
9236.1
8922.86
8609.62
8296.39
7983.17
7669.94
7356.73
7043.52
6730.32
6417.13
6103.95
5790.77
5477.61
5164.46
4851.31
4535.73
4190.71
3787.04
3314.21
2765.62
2101.62
1402.66
358.891
24890.8
24089.8
23574.9
23031.2
22533.2
22070.1
21640.9
21243.8
20876.4
20536.5
20215.4
19900.2
19585.2
19270.4
18955.7
18641.3
18327
18012.8
17698.8
17384.9
17071
16757.2
16443.5
16129.9
15816.3
15502.7
15189.2
14875.8
14562.3
14248.9
13935.5
13622.1
13308.8
12995.4
12682.1
12368.8
12055.5
11742.2
11428.9
11115.6
10802.4
10489.1
10175.8
9862.57
9549.31
9236.06
8922.82
8609.58
8296.34
7983.11
7669.89
7356.68
7043.47
6730.28
6417.1
6103.93
5790.79
5477.66
5164.56
4851.49
4536.01
4191.13
3787.65
3315.36
2766.04
2106.23
1399.23
352.947
24955.2
24102.6
23595.6
23033.4
22535.5
22069.7
21639.9
21242.5
20875
20535.1
20214.2
19899.1
19584.3
19269.7
18955.2
18640.9
18326.7
18012.7
17698.7
17384.9
17071.1
16757.4
16443.7
16130.1
15816.5
15503
15189.5
14876
14562.6
14249.1
13935.7
13622.4
13309
12995.6
12682.3
12369
12055.7
11742.4
11429.1
11115.8
10802.5
10489.2
10175.9
9862.66
9549.39
9236.13
8922.86
8609.59
8296.33
7983.06
7669.78
7356.5
7043.21
6729.91
6416.6
6103.28
5789.93
5476.56
5163.17
4849.75
4533.84
4188.39
3784.28
3310.26
2760.88
2096.61
1381.69
417.139
24943.1
24083.9
23591.1
23028.4
22533.3
22068.2
21639
21242
20874.7
20535
20214.2
19899.1
19584.3
19269.7
18955.2
18640.9
18326.8
18012.7
17698.7
17384.9
17071.1
16757.4
16443.7
16130.1
15816.5
15503
15189.5
14876
14562.5
14249.1
13935.7
13622.4
13309
12995.6
12682.3
12369
12055.7
11742.4
11429.1
11115.8
10802.5
10489.2
10175.9
9862.65
9549.38
9236.11
8922.84
8609.57
8296.3
7983.03
7669.75
7356.47
7043.18
6729.88
6416.56
6103.23
5789.89
5476.52
5163.13
4849.71
4533.8
4188.36
3784.32
3310.12
2761.52
2096.27
1384.94
377.478
24947.6
24071.9
23588.9
23024.9
22531.6
22067
21638.4
21241.5
20874.4
20534.8
20214.1
19899.1
19584.3
19269.7
18955.2
18640.9
18326.8
18012.7
17698.8
17384.9
17071.1
16757.4
16443.7
16130.1
15816.5
15503
15189.5
14876
14562.5
14249.1
13935.7
13622.3
13309
12995.6
12682.3
12369
12055.7
11742.3
11429.1
11115.8
10802.5
10489.2
10175.9
9862.64
9549.37
9236.1
8922.83
8609.56
8296.29
7983.01
7669.73
7356.45
7043.16
6729.85
6416.54
6103.21
5789.86
5476.5
5163.11
4849.7
4533.8
4188.37
3784.41
3310.09
2762.24
2095.8
1389.36
377.161
24960.9
24067.1
23588.2
23023
22530.5
22066.2
21637.8
21241.2
20874.2
20534.7
20214
19899
19584.3
19269.7
18955.2
18641
18326.8
18012.7
17698.8
17384.9
17071.1
16757.4
16443.7
16130.1
15816.5
15503
15189.5
14876
14562.5
14249.1
13935.7
13622.3
13309
12995.6
12682.3
12369
12055.7
11742.3
11429
11115.8
10802.5
10489.2
10175.9
9862.63
9549.36
9236.09
8922.82
8609.55
8296.28
7983
7669.72
7356.44
7043.14
6729.84
6416.53
6103.2
5789.86
5476.5
5163.12
4849.71
4533.83
4188.43
3784.51
3310.18
2762.88
2095.61
1392.87
378.345
24978
24067.1
23588.7
23022.4
22529.8
22065.7
21637.4
21240.9
20874
20534.6
20213.9
19899
19584.3
19269.7
18955.3
18641
18326.8
18012.7
17698.8
17384.9
17071.1
16757.4
16443.7
16130.1
15816.5
15503
15189.5
14876
14562.5
14249.1
13935.7
13622.3
13309
12995.6
12682.3
12369
12055.6
11742.3
11429
11115.8
10802.5
10489.2
10175.9
9862.63
9549.35
9236.08
8922.81
8609.54
8296.27
7982.99
7669.71
7356.43
7043.13
6729.83
6416.52
6103.2
5789.86
5476.51
5163.14
4849.75
4533.89
4188.52
3784.64
3310.37
2763.45
2095.63
1395.67
376.452
24997.4
24070.8
23590.5
23023
22529.7
22065.6
21637.2
21240.8
20873.9
20534.5
20213.9
19899
19584.2
19269.7
18955.3
18641
18326.8
18012.8
17698.8
17384.9
17071.1
16757.4
16443.7
16130.1
15816.5
15503
15189.5
14876
14562.5
14249.1
13935.7
13622.3
13309
12995.6
12682.3
12369
12055.6
11742.3
11429
11115.7
10802.5
10489.2
10175.9
9862.62
9549.35
9236.08
8922.81
8609.54
8296.26
7982.99
7669.71
7356.42
7043.13
6729.84
6416.53
6103.21
5789.88
5476.54
5163.18
4849.81
4533.97
4188.64
3784.8
3310.62
2763.93
2095.8
1398.03
374.397
25017.2
24077.2
23593.4
23024.7
22530.2
22065.8
21637.3
21240.7
20873.9
20534.4
20213.8
19899
19584.2
19269.7
18955.3
18641
18326.8
18012.8
17698.8
17384.9
17071.1
16757.4
16443.7
16130.1
15816.5
15503
15189.5
14876
14562.5
14249.1
13935.7
13622.3
13309
12995.6
12682.3
12369
12055.6
11742.3
11429
11115.7
10802.5
10489.2
10175.9
9862.62
9549.35
9236.08
8922.8
8609.53
8296.26
7982.99
7669.71
7356.43
7043.14
6729.85
6416.55
6103.24
5789.92
5476.59
5163.25
4849.89
4534.08
4188.78
3784.97
3310.92
2764.34
2096.07
1399.96
372.388
25036.1
24085.2
23596.8
23027.1
22531.1
22066.4
21637.5
21240.9
20873.9
20534.5
20213.9
19899
19584.3
19269.7
18955.3
18641
18326.9
18012.8
17698.9
17385
17071.2
16757.4
16443.7
16130.1
15816.5
15503
15189.5
14876
14562.6
14249.1
13935.7
13622.3
13309
12995.6
12682.3
12369
12055.6
11742.3
11429
11115.7
10802.5
10489.2
10175.9
9862.62
9549.35
9236.08
8922.81
8609.54
8296.27
7982.99
7669.72
7356.44
7043.16
6729.87
6416.58
6103.28
5789.97
5476.65
5163.33
4850
4534.2
4188.95
3785.16
3311.24
2764.68
2096.4
1401.48
370.366
25052.4
24093.5
23600.3
23029.8
22532.2
22067.1
21637.9
21241.1
20874.1
20534.6
20213.9
19899
19584.3
19269.7
18955.3
18641.1
18326.9
18012.8
17698.9
17385
17071.2
16757.5
16443.8
16130.1
15816.6
15503
15189.5
14876
14562.6
14249.1
13935.7
13622.3
13309
12995.6
12682.3
12369
12055.6
11742.3
11429
11115.7
10802.5
10489.2
10175.9
9862.62
9549.35
9236.08
8922.81
8609.54
8296.28
7983.01
7669.74
7356.46
7043.19
6729.91
6416.62
6103.33
5790.03
5476.73
5163.43
4850.11
4534.34
4189.12
3785.35
3311.57
2764.95
2096.77
1402.65
368.425
25065
24100.8
23603.2
23032.3
22533.3
22067.8
21638.3
21241.3
20874.2
20534.7
20214
19899.1
19584.4
19269.8
18955.4
18641.1
18326.9
18012.9
17698.9
17385
17071.2
16757.5
16443.8
16130.2
15816.6
15503
15189.5
14876
14562.6
14249.1
13935.7
13622.4
13309
12995.6
12682.3
12369
12055.6
11742.3
11429
11115.7
10802.5
10489.2
10175.9
9862.62
9549.35
9236.09
8922.82
8609.56
8296.29
7983.03
7669.76
7356.49
7043.22
6729.95
6416.67
6103.4
5790.11
5476.83
5163.54
4850.24
4534.5
4189.31
3785.55
3311.89
2765.15
2097.15
1403.52
366.626
25072.4
24106.1
23604.7
23034.1
22534
22068.3
21638.6
21241.5
20874.4
20534.8
20214.1
19899.2
19584.4
19269.9
18955.5
18641.2
18327
18012.9
17699
17385.1
17071.3
16757.5
16443.8
16130.2
15816.6
15503.1
15189.5
14876
14562.6
14249.2
13935.8
13622.4
13309
12995.6
12682.3
12369
12055.7
11742.3
11429
11115.7
10802.5
10489.2
10175.9
9862.63
9549.36
9236.1
8922.83
8609.57
8296.31
7983.05
7669.79
7356.53
7043.27
6730
6416.74
6103.47
5790.2
5476.93
5163.66
4850.38
4534.66
4189.49
3785.74
3312.2
2765.3
2097.53
1404.15
365
25073.1
24108.3
23604.1
23034.6
22534
22068.4
21638.6
21241.6
20874.4
20534.9
20214.2
19899.2
19584.5
19270
18955.5
18641.3
18327.1
18013
17699
17385.2
17071.3
16757.6
16443.9
16130.2
15816.6
15503.1
15189.6
14876.1
14562.6
14249.2
13935.8
13622.4
13309
12995.6
12682.3
12369
12055.7
11742.3
11429
11115.8
10802.5
10489.2
10175.9
9862.64
9549.37
9236.11
8922.85
8609.59
8296.33
7983.08
7669.82
7356.57
7043.32
6730.06
6416.81
6103.55
5790.3
5477.04
5163.78
4850.53
4534.82
4189.68
3785.93
3312.49
2765.41
2097.91
1404.55
363.568
25065.6
24106.4
23600.9
23033.6
22533.1
22067.9
21638.4
21241.4
20874.4
20534.9
20214.2
19899.3
19584.6
19270.1
18955.6
18641.3
18327.2
18013.1
17699.1
17385.2
17071.4
16757.6
16443.9
16130.3
15816.7
15503.1
15189.6
14876.1
14562.6
14249.2
13935.8
13622.4
13309
12995.7
12682.3
12369
12055.7
11742.4
11429.1
11115.8
10802.5
10489.2
10175.9
9862.65
9549.38
9236.12
8922.86
8609.61
8296.36
7983.11
7669.86
7356.62
7043.37
6730.13
6416.88
6103.64
5790.4
5477.16
5163.92
4850.68
4534.99
4189.87
3786.12
3312.78
2765.5
2098.31
1404.76
362.339
25048.5
24100.2
23594.8
23030.9
22531.2
22066.9
21637.9
21241.2
20874.3
20534.9
20214.3
19899.4
19584.7
19270.2
18955.8
18641.5
18327.3
18013.2
17699.2
17385.3
17071.5
16757.7
16444
16130.3
15816.7
15503.1
15189.6
14876.1
14562.6
14249.2
13935.8
13622.4
13309
12995.7
12682.3
12369
12055.7
11742.4
11429.1
11115.8
10802.5
10489.2
10175.9
9862.66
9549.39
9236.14
8922.88
8609.63
8296.38
7983.14
7669.9
7356.66
7043.42
6730.19
6416.96
6103.73
5790.51
5477.28
5164.06
4850.84
4535.17
4190.07
3786.32
3313.07
2765.56
2098.77
1404.76
361.308
25019.8
24089.6
23585.7
23026.6
22528.6
22065.5
21637.1
21240.9
20874.2
20534.9
20214.4
19899.6
19584.9
19270.3
18955.9
18641.6
18327.4
18013.3
17699.3
17385.4
17071.6
16757.8
16444
16130.4
15816.8
15503.2
15189.6
14876.1
14562.7
14249.2
13935.8
13622.4
13309
12995.7
12682.3
12369
12055.7
11742.4
11429.1
11115.8
10802.5
10489.2
10175.9
9862.66
9549.4
9236.15
8922.9
8609.65
8296.41
7983.17
7669.93
7356.7
7043.48
6730.25
6417.04
6103.82
5790.61
5477.4
5164.2
4851
4535.36
4190.27
3786.54
3313.39
2765.62
2099.37
1404.51
360.477
24981.5
24078.7
23577.1
23023.7
22527.3
22065.3
21637.4
21241.4
20874.8
20535.5
20215
19900.1
19585.3
19270.7
18956.3
18641.9
18327.7
18013.5
17699.5
17385.5
17071.7
16757.9
16444.1
16130.4
15816.8
15503.2
15189.7
14876.2
14562.7
14249.2
13935.8
13622.4
13309
12995.7
12682.3
12369
12055.7
11742.4
11429.1
11115.8
10802.5
10489.2
10175.9
9862.66
9549.4
9236.15
8922.9
8609.66
8296.42
7983.18
7669.95
7356.73
7043.51
6730.3
6417.1
6103.9
5790.71
5477.53
5164.35
4851.18
4535.58
4190.53
3786.83
3313.82
2765.73
2100.3
1403.78
359.498
24928.6
24065.8
23565.4
23019.4
22525
22064.3
21637.1
21241.4
20875
20535.8
20215.2
19900.4
19585.6
19271
18956.5
18642.1
18327.8
18013.7
17699.6
17385.6
17071.7
16757.9
16444.2
16130.5
15816.8
15503.2
15189.7
14876.2
14562.7
14249.2
13935.8
13622.4
13309
12995.7
12682.3
12369
12055.7
11742.4
11429.1
11115.8
10802.5
10489.2
10175.9
9862.66
9549.4
9236.15
8922.9
8609.66
8296.43
7983.2
7669.97
7356.75
7043.54
6730.34
6417.15
6103.97
5790.79
5477.63
5164.47
4851.33
4535.75
4190.74
3787.07
3314.25
2765.65
2101.71
1402.64
359.27
24896.8
24095
23579.7
23035.5
22537.1
22073.5
21644.1
21246.6
20878.9
20538.8
20217.6
19902.1
19587
19272
18957.2
18642.6
18328.2
18014
17699.8
17385.8
17071.8
16758
16444.2
16130.5
15816.8
15503.2
15189.7
14876.2
14562.7
14249.2
13935.8
13622.4
13309
12995.7
12682.3
12369
12055.6
11742.3
11429
11115.7
10802.5
10489.2
10175.9
9862.63
9549.37
9236.11
8922.86
8609.62
8296.38
7983.14
7669.92
7356.7
7043.49
6730.3
6417.12
6103.95
5790.8
5477.68
5164.58
4851.51
4536.03
4191.15
3787.67
3315.39
2766.07
2106.29
1399.2
353.243
24960.8
24107.5
23600
23037.4
22539.1
22072.9
21642.8
21245.1
20877.4
20537.4
20216.3
19901
19586
19271.2
18956.6
18642.2
18327.9
18013.7
17699.7
17385.7
17071.9
16758.1
16444.3
16130.7
15817
15503.4
15189.9
14876.4
14562.9
14249.4
13936
13622.6
13309.2
12995.8
12682.5
12369.1
12055.8
11742.5
11429.2
11115.9
10802.6
10489.3
10176
9862.72
9549.45
9236.18
8922.9
8609.63
8296.36
7983.09
7669.81
7356.53
7043.24
6729.94
6416.63
6103.3
5789.96
5476.59
5163.2
4849.78
4533.88
4188.43
3784.34
3310.33
2760.95
2096.73
1381.76
417.269
24948.7
24088.8
23595.5
23032.4
22536.9
22071.4
21642
21244.6
20877.1
20537.2
20216.2
19901
19586
19271.2
18956.6
18642.2
18327.9
18013.8
17699.7
17385.8
17071.9
16758.1
16444.3
16130.6
15817
15503.4
15189.9
14876.4
14562.9
14249.4
13936
13622.6
13309.2
12995.8
12682.5
12369.1
12055.8
11742.5
11429.2
11115.9
10802.6
10489.3
10176
9862.71
9549.44
9236.16
8922.89
8609.61
8296.34
7983.06
7669.78
7356.5
7043.2
6729.9
6416.59
6103.26
5789.91
5476.55
5163.16
4849.74
4533.84
4188.4
3784.37
3310.19
2761.59
2096.4
1384.99
377.717
24953.2
24076.8
23593.4
23029
22535.2
22070.3
21641.3
21244.2
20876.9
20537
20216.1
19900.9
19586
19271.2
18956.7
18642.2
18327.9
18013.8
17699.7
17385.8
17071.9
16758.1
16444.3
16130.6
15817
15503.4
15189.9
14876.4
14562.9
14249.4
13936
13622.6
13309.2
12995.8
12682.5
12369.1
12055.8
11742.5
11429.2
11115.9
10802.6
10489.3
10176
9862.7
9549.43
9236.15
8922.87
8609.6
8296.32
7983.05
7669.76
7356.48
7043.18
6729.88
6416.56
6103.24
5789.89
5476.53
5163.14
4849.73
4533.84
4188.41
3784.45
3310.15
2762.3
2095.92
1389.39
377.452
24966.5
24072
23592.7
23027
22534.1
22069.5
21640.7
21243.8
20876.6
20536.9
20216
19900.9
19586
19271.2
18956.7
18642.2
18328
18013.8
17699.7
17385.8
17071.9
16758.1
16444.3
16130.7
15817
15503.4
15189.9
14876.4
14562.9
14249.4
13936
13622.6
13309.2
12995.8
12682.5
12369.1
12055.8
11742.5
11429.2
11115.9
10802.6
10489.3
10176
9862.7
9549.42
9236.14
8922.86
8609.59
8296.31
7983.03
7669.75
7356.46
7043.17
6729.86
6416.55
6103.22
5789.88
5476.52
5163.14
4849.75
4533.87
4188.47
3784.56
3310.24
2762.94
2095.72
1392.89
378.652
24983.7
24071.9
23593.2
23026.4
22533.4
22069
21640.3
21243.6
20876.4
20536.8
20215.9
19900.9
19586
19271.2
18956.7
18642.3
18328
18013.8
17699.8
17385.8
17071.9
16758.1
16444.3
16130.7
15817
15503.4
15189.9
14876.4
14562.9
14249.4
13936
13622.6
13309.2
12995.8
12682.5
12369.1
12055.8
11742.5
11429.2
11115.9
10802.6
10489.3
10176
9862.69
9549.41
9236.13
8922.86
8609.58
8296.3
7983.02
7669.74
7356.45
7043.16
6729.86
6416.55
6103.22
5789.89
5476.54
5163.17
4849.78
4533.92
4188.55
3784.69
3310.42
2763.5
2095.75
1395.67
376.775
25003
24075.7
23595
23027.1
22533.3
22068.8
21640.2
21243.4
20876.3
20536.7
20215.9
19900.8
19585.9
19271.2
18956.7
18642.3
18328
18013.8
17699.8
17385.8
17071.9
16758.1
16444.4
16130.7
15817
15503.4
15189.9
14876.4
14562.9
14249.4
13936
13622.6
13309.2
12995.8
12682.5
12369.1
12055.8
11742.5
11429.2
11115.8
10802.5
10489.3
10176
9862.68
9549.4
9236.13
8922.85
8609.57
8296.3
7983.02
7669.74
7356.45
7043.16
6729.86
6416.55
6103.24
5789.91
5476.57
5163.21
4849.84
4534
4188.67
3784.84
3310.68
2763.99
2095.92
1398.02
374.734
25022.9
24082.1
23597.9
23028.7
22533.8
22069.1
21640.2
21243.4
20876.3
20536.7
20215.9
19900.8
19585.9
19271.2
18956.7
18642.3
18328
18013.8
17699.8
17385.8
17071.9
16758.1
16444.4
16130.7
15817
15503.4
15189.9
14876.4
14562.9
14249.4
13936
13622.6
13309.2
12995.8
12682.5
12369.1
12055.8
11742.5
11429.2
11115.8
10802.5
10489.3
10176
9862.68
9549.4
9236.12
8922.85
8609.57
8296.3
7983.02
7669.74
7356.46
7043.17
6729.87
6416.57
6103.26
5789.94
5476.61
5163.27
4849.92
4534.11
4188.82
3785.02
3310.98
2764.39
2096.19
1399.94
372.739
25041.7
24090.1
23601.3
23031.1
22534.7
22069.6
21640.5
21243.5
20876.4
20536.7
20215.9
19900.8
19586
19271.3
18956.7
18642.3
18328
18013.9
17699.8
17385.8
17072
16758.1
16444.4
16130.7
15817.1
15503.5
15189.9
14876.4
14562.9
14249.4
13936
13622.6
13309.2
12995.8
12682.5
12369.1
12055.8
11742.5
11429.2
11115.8
10802.5
10489.2
10176
9862.68
9549.4
9236.12
8922.85
8609.57
8296.3
7983.03
7669.75
7356.47
7043.18
6729.9
6416.6
6103.3
5789.99
5476.68
5163.36
4850.03
4534.24
4188.98
3785.2
3311.3
2764.73
2096.52
1401.45
370.727
25058.1
24098.4
23604.8
23033.8
22535.8
22070.3
21640.8
21243.7
20876.5
20536.8
20215.9
19900.9
19586
19271.3
18956.8
18642.3
18328.1
18013.9
17699.8
17385.9
17072
16758.2
16444.4
16130.7
15817.1
15503.5
15189.9
14876.4
14562.9
14249.4
13936
13622.6
13309.2
12995.8
12682.5
12369.1
12055.8
11742.5
11429.2
11115.8
10802.5
10489.3
10176
9862.68
9549.4
9236.13
8922.85
8609.58
8296.31
7983.04
7669.76
7356.49
7043.21
6729.93
6416.64
6103.35
5790.06
5476.76
5163.45
4850.14
4534.38
4189.16
3785.39
3311.62
2764.99
2096.88
1402.62
368.795
25070.6
24105.7
23607.6
23036.3
22536.9
22071
21641.2
21244
20876.6
20536.9
20216
19900.9
19586.1
19271.4
18956.8
18642.4
18328.1
18014
17699.9
17385.9
17072
16758.2
16444.4
16130.7
15817.1
15503.5
15189.9
14876.4
14562.9
14249.5
13936
13622.6
13309.2
12995.8
12682.5
12369.1
12055.8
11742.5
11429.2
11115.8
10802.5
10489.3
10176
9862.69
9549.41
9236.13
8922.86
8609.59
8296.32
7983.06
7669.79
7356.52
7043.25
6729.97
6416.7
6103.42
5790.13
5476.85
5163.56
4850.27
4534.53
4189.34
3785.59
3311.94
2765.2
2097.26
1403.49
367.003
25078
24111
23609.1
23038.1
22537.6
22071.5
21641.5
21244.2
20876.8
20537
20216.1
19901
19586.1
19271.4
18956.9
18642.5
18328.2
18014
17699.9
17386
17072.1
16758.2
16444.5
16130.8
15817.1
15503.5
15190
14876.4
14562.9
14249.5
13936
13622.6
13309.2
12995.8
12682.5
12369.1
12055.8
11742.5
11429.2
11115.8
10802.5
10489.3
10176
9862.69
9549.42
9236.14
8922.88
8609.61
8296.34
7983.08
7669.82
7356.55
7043.29
6730.02
6416.76
6103.49
5790.22
5476.95
5163.68
4850.41
4534.69
4189.52
3785.78
3312.25
2765.35
2097.64
1404.12
365.381
25078.7
24113.2
23608.6
23038.6
22537.6
22071.6
21641.6
21244.2
20876.8
20537.1
20216.2
19901.1
19586.2
19271.5
18957
18642.5
18328.3
18014.1
17700
17386
17072.1
16758.3
16444.5
16130.8
15817.2
15503.6
15190
14876.5
14563
14249.5
13936
13622.6
13309.2
12995.8
12682.5
12369.1
12055.8
11742.5
11429.2
11115.9
10802.6
10489.3
10176
9862.7
9549.43
9236.16
8922.89
8609.63
8296.37
7983.11
7669.85
7356.6
7043.34
6730.08
6416.83
6103.57
5790.32
5477.06
5163.81
4850.55
4534.85
4189.71
3785.97
3312.54
2765.46
2098.02
1404.52
363.952
25071.3
24111.3
23605.3
23037.6
22536.7
22071.1
21641.3
21244.1
20876.8
20537.1
20216.3
19901.2
19586.3
19271.6
18957
18642.6
18328.3
18014.2
17700.1
17386.1
17072.2
16758.3
16444.6
16130.9
15817.2
15503.6
15190
14876.5
14563
14249.5
13936.1
13622.6
13309.2
12995.9
12682.5
12369.1
12055.8
11742.5
11429.2
11115.9
10802.6
10489.3
10176
9862.71
9549.44
9236.17
8922.91
8609.65
8296.39
7983.14
7669.89
7356.64
7043.39
6730.15
6416.9
6103.66
5790.42
5477.18
5163.94
4850.7
4535.02
4189.9
3786.16
3312.82
2765.54
2098.42
1404.73
362.723
25054.1
24105.1
23599.2
23034.9
22534.8
22070.2
21640.8
21243.9
20876.7
20537.1
20216.3
19901.3
19586.4
19271.7
18957.2
18642.8
18328.5
18014.3
17700.2
17386.2
17072.3
16758.4
16444.6
16130.9
15817.2
15503.6
15190
14876.5
14563
14249.5
13936.1
13622.6
13309.2
12995.9
12682.5
12369.1
12055.8
11742.5
11429.2
11115.9
10802.6
10489.3
10176
9862.72
9549.45
9236.18
8922.92
8609.67
8296.42
7983.17
7669.93
7356.68
7043.45
6730.21
6416.98
6103.75
5790.53
5477.3
5164.08
4850.86
4535.2
4190.1
3786.36
3313.12
2765.6
2098.88
1404.73
361.69
25025.5
24094.5
23590.2
23030.6
22532.2
22068.7
21640
21243.5
20876.6
20537.1
20216.4
19901.4
19586.6
19271.9
18957.3
18642.9
18328.6
18014.4
17700.3
17386.3
17072.3
16758.5
16444.7
16131
15817.3
15503.7
15190.1
14876.5
14563
14249.5
13936.1
13622.7
13309.3
12995.9
12682.5
12369.1
12055.8
11742.5
11429.2
11115.9
10802.6
10489.3
10176
9862.72
9549.46
9236.19
8922.94
8609.69
8296.44
7983.2
7669.96
7356.73
7043.5
6730.27
6417.05
6103.84
5790.63
5477.42
5164.22
4851.02
4535.38
4190.3
3786.57
3313.43
2765.66
2099.47
1404.48
360.852
24987.1
24083.6
23581.5
23027.7
22530.9
22068.6
21640.4
21244
20877.2
20537.7
20217
19901.9
19587
19272.3
18957.7
18643.2
18328.8
18014.6
17700.4
17386.4
17072.4
16758.6
16444.8
16131
15817.3
15503.7
15190.1
14876.5
14563
14249.5
13936.1
13622.7
13309.3
12995.9
12682.5
12369.1
12055.8
11742.5
11429.2
11115.9
10802.6
10489.3
10176
9862.72
9549.46
9236.2
8922.94
8609.69
8296.45
7983.21
7669.98
7356.75
7043.53
6730.32
6417.12
6103.92
5790.73
5477.55
5164.37
4851.21
4535.6
4190.56
3786.86
3313.86
2765.77
2100.39
1403.76
359.855
24934.2
24070.7
23569.9
23023.4
22528.6
22067.6
21640
21244
20877.4
20538
20217.3
19902.2
19587.3
19272.5
18957.9
18643.4
18329
18014.7
17700.6
17386.5
17072.5
16758.6
16444.8
16131.1
15817.4
15503.7
15190.1
14876.6
14563
14249.6
13936.1
13622.7
13309.3
12995.9
12682.5
12369.1
12055.8
11742.5
11429.2
11115.9
10802.6
10489.3
10176
9862.72
9549.46
9236.2
8922.95
8609.7
8296.46
7983.22
7670
7356.78
7043.57
6730.36
6417.17
6103.98
5790.81
5477.64
5164.49
4851.35
4535.77
4190.76
3787.1
3314.29
2765.69
2101.79
1402.61
359.611
24902.3
24099.9
23584.1
23039.5
22540.6
22076.8
21647
21249.3
20881.3
20541
20219.6
19904
19588.7
19273.5
18958.6
18643.9
18329.4
18015
17700.8
17386.6
17072.6
16758.7
16444.8
16131.1
15817.4
15503.7
15190.1
14876.5
14563
14249.5
13936.1
13622.6
13309.2
12995.9
12682.5
12369.1
12055.8
11742.5
11429.1
11115.8
10802.5
10489.3
10176
9862.69
9549.42
9236.16
8922.9
8609.65
8296.41
7983.17
7669.94
7356.72
7043.51
6730.32
6417.13
6103.97
5790.82
5477.69
5164.6
4851.53
4536.05
4191.17
3787.7
3315.42
2766.09
2106.36
1399.18
353.506
24966
24112
23604.2
23041.1
22542.5
22076
21645.6
21247.6
20879.7
20539.4
20218.2
19902.8
19587.6
19272.7
18958
18643.4
18329
18014.8
17700.6
17386.6
17072.6
16758.7
16444.9
16131.2
15817.5
15503.9
15190.3
14876.7
14563.2
14249.7
13936.3
13622.8
13309.4
12996
12682.7
12369.3
12055.9
11742.6
11429.3
11116
10802.7
10489.4
10176.1
9862.79
9549.5
9236.22
8922.95
8609.67
8296.39
7983.12
7669.84
7356.55
7043.26
6729.96
6416.65
6103.33
5789.98
5476.62
5163.23
4849.82
4533.92
4188.48
3784.38
3310.39
2761.02
2096.85
1381.83
417.384
24953.9
24093.3
23599.7
23036.2
22540.3
22074.5
21644.7
21247.1
20879.4
20539.3
20218.1
19902.7
19587.6
19272.7
18958
18643.4
18329
18014.8
17700.6
17386.6
17072.6
16758.7
16444.9
16131.2
15817.5
15503.9
15190.3
14876.7
14563.2
14249.7
13936.3
13622.8
13309.4
12996
12682.6
12369.3
12055.9
11742.6
11429.3
11116
10802.7
10489.4
10176.1
9862.77
9549.49
9236.21
8922.93
8609.65
8296.37
7983.09
7669.81
7356.52
7043.23
6729.92
6416.61
6103.28
5789.94
5476.58
5163.19
4849.77
4533.88
4188.44
3784.42
3310.25
2761.65
2096.51
1385.04
377.93
24958.4
24081.3
23597.6
23032.7
22538.6
22073.3
21644
21246.7
20879.1
20539.1
20218
19902.7
19587.6
19272.7
18958
18643.4
18329.1
18014.8
17700.6
17386.6
17072.6
16758.8
16444.9
16131.2
15817.5
15503.9
15190.3
14876.7
14563.2
14249.7
13936.3
13622.8
13309.4
12996
12682.6
12369.3
12055.9
11742.6
11429.3
11116
10802.6
10489.3
10176.1
9862.76
9549.48
9236.2
8922.92
8609.64
8296.36
7983.08
7669.79
7356.5
7043.21
6729.9
6416.59
6103.26
5789.92
5476.55
5163.17
4849.76
4533.87
4188.45
3784.5
3310.21
2762.36
2096.03
1389.42
377.713
24971.7
24076.5
23596.9
23030.8
22537.5
22072.5
21643.5
21246.3
20878.9
20539
20217.9
19902.6
19587.6
19272.7
18958
18643.5
18329.1
18014.8
17700.6
17386.6
17072.6
16758.8
16444.9
16131.2
15817.5
15503.9
15190.3
14876.7
14563.2
14249.7
13936.3
13622.8
13309.4
12996
12682.6
12369.3
12055.9
11742.6
11429.3
11116
10802.6
10489.3
10176
9862.76
9549.47
9236.19
8922.91
8609.63
8296.35
7983.06
7669.78
7356.49
7043.19
6729.89
6416.57
6103.25
5789.91
5476.55
5163.17
4849.78
4533.9
4188.51
3784.6
3310.29
2762.99
2095.83
1392.9
378.928
24988.8
24076.4
23597.4
23030.1
22536.8
22072
21643.1
21246.1
20878.7
20538.9
20217.8
19902.6
19587.6
19272.7
18958
18643.5
18329.1
18014.8
17700.7
17386.6
17072.6
16758.8
16445
16131.2
15817.5
15503.9
15190.3
14876.7
14563.2
14249.7
13936.3
13622.8
13309.4
12996
12682.6
12369.3
12055.9
11742.6
11429.3
11115.9
10802.6
10489.3
10176
9862.75
9549.46
9236.18
8922.9
8609.62
8296.34
7983.05
7669.77
7356.48
7043.18
6729.88
6416.57
6103.25
5789.91
5476.56
5163.2
4849.81
4533.96
4188.59
3784.73
3310.48
2763.55
2095.86
1395.67
377.065
25008.2
24080.2
23599.1
23030.8
22536.7
22071.9
21642.9
21245.9
20878.6
20538.8
20217.8
19902.6
19587.5
19272.7
18958
18643.5
18329.1
18014.8
17700.7
17386.6
17072.7
16758.8
16445
16131.2
15817.5
15503.9
15190.3
14876.7
14563.2
14249.7
13936.3
13622.8
13309.4
12996
12682.6
12369.3
12055.9
11742.6
11429.3
11115.9
10802.6
10489.3
10176
9862.74
9549.46
9236.17
8922.89
8609.61
8296.33
7983.05
7669.76
7356.48
7043.18
6729.88
6416.58
6103.26
5789.93
5476.59
5163.24
4849.87
4534.04
4188.71
3784.89
3310.73
2764.03
2096.02
1398.01
375.038
25028.1
24086.6
23602
23032.5
22537.2
22072.1
21642.9
21245.9
20878.6
20538.7
20217.8
19902.6
19587.5
19272.7
18958
18643.5
18329.1
18014.8
17700.7
17386.6
17072.7
16758.8
16445
16131.2
15817.5
15503.9
15190.3
14876.7
14563.2
14249.7
13936.3
13622.8
13309.4
12996
12682.6
12369.3
12055.9
11742.6
11429.3
11115.9
10802.6
10489.3
10176
9862.74
9549.45
9236.17
8922.89
8609.61
8296.33
7983.05
7669.77
7356.48
7043.19
6729.9
6416.59
6103.29
5789.97
5476.64
5163.3
4849.95
4534.14
4188.86
3785.06
3311.03
2764.44
2096.29
1399.93
373.055
25046.9
24094.6
23605.4
23034.9
22538.1
22072.6
21643.2
21246
20878.6
20538.8
20217.8
19902.6
19587.6
19272.7
18958
18643.5
18329.1
18014.9
17700.7
17386.7
17072.7
16758.8
16445
16131.2
15817.6
15503.9
15190.3
14876.7
14563.2
14249.7
13936.3
13622.8
13309.4
12996
12682.6
12369.3
12055.9
11742.6
11429.3
11115.9
10802.6
10489.3
10176
9862.74
9549.45
9236.17
8922.89
8609.61
8296.33
7983.06
7669.78
7356.49
7043.21
6729.92
6416.62
6103.32
5790.02
5476.7
5163.38
4850.05
4534.27
4189.02
3785.24
3311.35
2764.77
2096.62
1401.43
371.054
25063.2
24102.9
23608.9
23037.6
22539.2
22073.4
21643.6
21246.2
20878.7
20538.8
20217.8
19902.6
19587.6
19272.8
18958.1
18643.6
18329.2
18014.9
17700.8
17386.7
17072.7
16758.8
16445
16131.3
15817.6
15503.9
15190.3
14876.8
14563.2
14249.7
13936.3
13622.8
13309.4
12996
12682.6
12369.3
12055.9
11742.6
11429.3
11115.9
10802.6
10489.3
10176
9862.74
9549.46
9236.17
8922.89
8609.62
8296.34
7983.07
7669.79
7356.51
7043.23
6729.95
6416.67
6103.38
5790.08
5476.78
5163.48
4850.17
4534.41
4189.19
3785.43
3311.67
2765.04
2096.99
1402.6
369.13
25075.8
24110.2
23611.8
23040.1
22540.3
22074.1
21644
21246.5
20878.9
20539
20217.9
19902.7
19587.7
19272.8
18958.1
18643.6
18329.2
18015
17700.8
17386.7
17072.8
16758.9
16445.1
16131.3
15817.6
15503.9
15190.3
14876.8
14563.2
14249.7
13936.3
13622.8
13309.4
12996
12682.6
12369.3
12055.9
11742.6
11429.3
11115.9
10802.6
10489.3
10176
9862.75
9549.46
9236.18
8922.9
8609.63
8296.36
7983.09
7669.82
7356.54
7043.27
6729.99
6416.72
6103.44
5790.16
5476.87
5163.59
4850.3
4534.56
4189.37
3785.62
3311.99
2765.24
2097.36
1403.47
367.344
25083.2
24115.5
23613.3
23041.8
22541
22074.6
21644.3
21246.7
20879
20539.1
20218
19902.8
19587.7
19272.9
18958.2
18643.7
18329.3
18015
17700.9
17386.8
17072.8
16758.9
16445.1
16131.3
15817.6
15504
15190.4
14876.8
14563.3
14249.8
13936.3
13622.8
13309.4
12996
12682.6
12369.3
12055.9
11742.6
11429.3
11115.9
10802.6
10489.3
10176
9862.75
9549.47
9236.19
8922.92
8609.64
8296.38
7983.11
7669.84
7356.58
7043.31
6730.05
6416.78
6103.51
5790.24
5476.98
5163.7
4850.43
4534.72
4189.56
3785.81
3312.29
2765.39
2097.74
1404.09
365.727
25083.9
24117.7
23612.7
23042.4
22540.9
22074.6
21644.3
21246.7
20879.1
20539.1
20218.1
19902.9
19587.8
19273
18958.3
18643.8
18329.4
18015.1
17700.9
17386.8
17072.9
16759
16445.1
16131.4
15817.7
15504
15190.4
14876.8
14563.3
14249.8
13936.3
13622.9
13309.4
12996
12682.7
12369.3
12055.9
11742.6
11429.3
11115.9
10802.6
10489.3
10176
9862.76
9549.48
9236.2
8922.93
8609.66
8296.4
7983.14
7669.88
7356.62
7043.36
6730.11
6416.85
6103.59
5790.34
5477.09
5163.83
4850.58
4534.88
4189.74
3786
3312.58
2765.5
2098.12
1404.49
364.299
25076.5
24115.8
23609.5
23041.3
22540
22074.2
21644
21246.6
20879.1
20539.2
20218.2
19902.9
19587.9
19273.1
18958.4
18643.8
18329.4
18015.2
17701
17386.9
17072.9
16759
16445.2
16131.4
15817.7
15504
15190.4
14876.8
14563.3
14249.8
13936.3
13622.9
13309.4
12996
12682.7
12369.3
12055.9
11742.6
11429.3
11116
10802.6
10489.3
10176.1
9862.77
9549.49
9236.22
8922.95
8609.68
8296.42
7983.17
7669.91
7356.66
7043.42
6730.17
6416.92
6103.68
5790.44
5477.2
5163.96
4850.73
4535.05
4189.93
3786.19
3312.87
2765.58
2098.52
1404.7
363.071
25059.3
24109.6
23603.4
23038.6
22538.2
22073.2
21643.5
21246.4
20879
20539.2
20218.3
19903.1
19588
19273.2
18958.5
18644
18329.6
18015.3
17701.1
17387
17073
16759.1
16445.2
16131.5
15817.7
15504.1
15190.4
14876.9
14563.3
14249.8
13936.3
13622.9
13309.5
12996.1
12682.7
12369.3
12055.9
11742.6
11429.3
11116
10802.6
10489.3
10176.1
9862.78
9549.5
9236.23
8922.96
8609.7
8296.45
7983.2
7669.95
7356.71
7043.47
6730.23
6417
6103.77
5790.55
5477.32
5164.1
4850.89
4535.23
4190.12
3786.39
3313.16
2765.64
2098.97
1404.7
362.034
25030.7
24099
23594.3
23034.4
22535.5
22071.8
21642.8
21246
20878.9
20539.2
20218.3
19903.2
19588.2
19273.4
18958.7
18644.1
18329.7
18015.4
17701.2
17387.1
17073.1
16759.2
16445.3
16131.5
15817.8
15504.1
15190.5
14876.9
14563.3
14249.8
13936.3
13622.9
13309.5
12996.1
12682.7
12369.3
12055.9
11742.6
11429.3
11116
10802.7
10489.4
10176.1
9862.78
9549.51
9236.24
8922.98
8609.72
8296.47
7983.23
7669.99
7356.75
7043.52
6730.29
6417.07
6103.86
5790.65
5477.44
5164.24
4851.05
4535.41
4190.33
3786.61
3313.47
2765.7
2099.56
1404.45
361.189
24992.3
24088.2
23585.7
23031.4
22534.3
22071.6
21643.1
21246.5
20879.5
20539.8
20218.9
19903.7
19588.6
19273.8
18959
18644.4
18329.9
18015.6
17701.4
17387.2
17073.2
16759.2
16445.4
16131.6
15817.8
15504.1
15190.5
14876.9
14563.4
14249.8
13936.4
13622.9
13309.5
12996.1
12682.7
12369.3
12055.9
11742.6
11429.3
11116
10802.7
10489.4
10176.1
9862.78
9549.51
9236.24
8922.98
8609.73
8296.48
7983.24
7670
7356.78
7043.56
6730.34
6417.14
6103.94
5790.75
5477.57
5164.39
4851.23
4535.62
4190.58
3786.89
3313.89
2765.8
2100.48
1403.73
360.177
24939.4
24075.2
23574
23027.1
22531.9
22070.6
21642.8
21246.5
20879.6
20540
20219.2
19904
19588.9
19274
18959.2
18644.6
18330.1
18015.7
17701.5
17387.3
17073.3
16759.3
16445.4
16131.6
15817.9
15504.2
15190.5
14876.9
14563.4
14249.8
13936.4
13622.9
13309.5
12996.1
12682.7
12369.3
12055.9
11742.6
11429.3
11116
10802.6
10489.4
10176.1
9862.78
9549.51
9236.24
8922.99
8609.73
8296.49
7983.25
7670.02
7356.8
7043.59
6730.38
6417.19
6104
5790.83
5477.66
5164.51
4851.37
4535.79
4190.79
3787.13
3314.32
2765.72
2101.87
1402.6
359.917
24907.4
24104.4
23588.3
23043.2
22544
22079.8
21649.7
21251.7
20883.6
20543.1
20221.5
19905.7
19590.2
19275
18960
18645.1
18330.5
18016
17701.7
17387.5
17073.4
16759.4
16445.5
16131.6
15817.9
15504.2
15190.5
14876.9
14563.3
14249.8
13936.3
13622.9
13309.4
12996
12682.7
12369.3
12055.9
11742.6
11429.3
11115.9
10802.6
10489.3
10176
9862.75
9549.48
9236.21
8922.94
8609.69
8296.44
7983.2
7669.97
7356.75
7043.53
6730.34
6417.15
6103.98
5790.84
5477.71
5164.61
4851.54
4536.07
4191.19
3787.72
3315.44
2766.12
2106.41
1399.16
353.741
24970.8
24116.2
23608
23044.6
22545.6
22078.8
21648.1
21249.9
20881.8
20541.4
20220
19904.4
19589.1
19274
18959.2
18644.5
18330
18015.7
17701.5
17387.3
17073.3
16759.4
16445.5
16131.7
15818
15504.3
15190.7
14877.1
14563.5
14250
13936.5
13623.1
13309.6
12996.2
12682.8
12369.4
12056.1
11742.7
11429.4
11116.1
10802.7
10489.4
10176.1
9862.84
9549.55
9236.27
8922.99
8609.71
8296.43
7983.15
7669.87
7356.58
7043.29
6729.98
6416.67
6103.35
5790.01
5476.65
5163.26
4849.85
4533.95
4188.52
3784.43
3310.44
2761.08
2096.96
1381.89
417.485
24958.7
24097.5
23603.5
23039.6
22543.4
22077.3
21647.3
21249.4
20881.5
20541.2
20219.9
19904.4
19589.1
19274.1
18959.2
18644.6
18330.1
18015.7
17701.5
17387.4
17073.3
16759.4
16445.5
16131.7
15818
15504.3
15190.7
14877.1
14563.5
14250
13936.5
13623.1
13309.6
12996.2
12682.8
12369.4
12056.1
11742.7
11429.4
11116.1
10802.7
10489.4
10176.1
9862.83
9549.54
9236.25
8922.97
8609.69
8296.41
7983.12
7669.84
7356.55
7043.25
6729.95
6416.63
6103.31
5789.96
5476.6
5163.22
4849.81
4533.91
4188.48
3784.47
3310.3
2761.71
2096.62
1385.08
378.119
24963.2
24085.5
23601.4
23036.1
22541.7
22076.1
21646.6
21249
20881.2
20541.1
20219.8
19904.3
19589.1
19274.1
18959.2
18644.6
18330.1
18015.7
17701.5
17387.4
17073.3
16759.4
16445.5
16131.7
15818
15504.3
15190.7
14877.1
14563.5
14250
13936.5
13623
13309.6
12996.2
12682.8
12369.4
12056.1
11742.7
11429.4
11116
10802.7
10489.4
10176.1
9862.82
9549.53
9236.24
8922.96
8609.67
8296.39
7983.11
7669.82
7356.53
7043.23
6729.93
6416.61
6103.28
5789.94
5476.58
5163.2
4849.79
4533.91
4188.49
3784.54
3310.26
2762.41
2096.13
1389.45
377.945
24976.4
24080.7
23600.7
23034.2
22540.6
22075.3
21646
21248.6
20881
20540.9
20219.7
19904.3
19589.1
19274.1
18959.2
18644.6
18330.1
18015.7
17701.5
17387.4
17073.3
16759.4
16445.5
16131.7
15818
15504.3
15190.7
14877.1
14563.5
14250
13936.5
13623
13309.6
12996.2
12682.8
12369.4
12056.1
11742.7
11429.4
11116
10802.7
10489.4
10176.1
9862.81
9549.52
9236.23
8922.95
8609.66
8296.38
7983.09
7669.8
7356.51
7043.22
6729.91
6416.6
6103.27
5789.93
5476.58
5163.2
4849.81
4533.93
4188.54
3784.65
3310.35
2763.04
2095.93
1392.91
379.174
24993.6
24080.6
23601.2
23033.6
22539.9
22074.8
21645.6
21248.4
20880.8
20540.8
20219.6
19904.2
19589
19274.1
18959.2
18644.6
18330.1
18015.8
17701.5
17387.4
17073.4
16759.4
16445.5
16131.7
15818
15504.3
15190.7
14877.1
14563.5
14250
13936.5
13623
13309.6
12996.2
12682.8
12369.4
12056
11742.7
11429.4
11116
10802.7
10489.4
10176.1
9862.81
9549.51
9236.22
8922.94
8609.65
8296.37
7983.08
7669.79
7356.5
7043.21
6729.9
6416.59
6103.27
5789.94
5476.59
5163.22
4849.84
4533.99
4188.63
3784.77
3310.53
2763.6
2095.96
1395.67
377.324
25013
24084.3
23603
23034.2
22539.8
22074.7
21645.4
21248.2
20880.7
20540.7
20219.6
19904.2
19589
19274
18959.3
18644.6
18330.1
18015.8
17701.5
17387.4
17073.4
16759.4
16445.5
16131.7
15818
15504.3
15190.7
14877.1
14563.5
14250
13936.5
13623
13309.6
12996.2
12682.8
12369.4
12056
11742.7
11429.4
11116
10802.7
10489.4
10176.1
9862.8
9549.51
9236.22
8922.93
8609.65
8296.36
7983.08
7669.79
7356.5
7043.21
6729.91
6416.6
6103.28
5789.96
5476.62
5163.27
4849.9
4534.07
4188.75
3784.93
3310.78
2764.08
2096.12
1398.01
375.311
25032.8
24090.8
23605.8
23035.9
22540.3
22074.9
21645.5
21248.2
20880.7
20540.7
20219.5
19904.2
19589
19274.1
18959.3
18644.6
18330.1
18015.8
17701.6
17387.4
17073.4
16759.4
16445.6
16131.8
15818
15504.3
15190.7
14877.1
14563.5
14250
13936.5
13623
13309.6
12996.2
12682.8
12369.4
12056
11742.7
11429.4
11116
10802.7
10489.4
10176.1
9862.8
9549.51
9236.22
8922.93
8609.64
8296.36
7983.08
7669.79
7356.51
7043.21
6729.92
6416.62
6103.31
5789.99
5476.66
5163.33
4849.98
4534.17
4188.89
3785.1
3311.08
2764.48
2096.39
1399.91
373.339
25051.6
24098.7
23609.2
23038.3
22541.2
22075.4
21645.7
21248.3
20880.7
20540.7
20219.6
19904.2
19589
19274.1
18959.3
18644.7
18330.2
18015.8
17701.6
17387.4
17073.4
16759.5
16445.6
16131.8
15818
15504.3
15190.7
14877.1
14563.5
14250
13936.5
13623
13309.6
12996.2
12682.8
12369.4
12056
11742.7
11429.4
11116
10802.7
10489.4
10176.1
9862.8
9549.51
9236.22
8922.93
8609.65
8296.37
7983.09
7669.8
7356.52
7043.23
6729.94
6416.65
6103.35
5790.04
5476.73
5163.41
4850.08
4534.3
4189.05
3785.28
3311.39
2764.81
2096.72
1401.42
371.347
25068
24107
23612.7
23041
22542.3
22076.1
21646.1
21248.5
20880.8
20540.8
20219.6
19904.2
19589.1
19274.1
18959.3
18644.7
18330.2
18015.8
17701.6
17387.5
17073.4
16759.5
16445.6
16131.8
15818
15504.3
15190.7
14877.1
14563.5
14250
13936.5
13623.1
13309.6
12996.2
12682.8
12369.4
12056
11742.7
11429.4
11116
10802.7
10489.4
10176.1
9862.8
9549.51
9236.22
8922.93
8609.65
8296.38
7983.1
7669.82
7356.54
7043.26
6729.97
6416.69
6103.4
5790.1
5476.8
5163.5
4850.2
4534.44
4189.22
3785.47
3311.72
2765.08
2097.08
1402.58
369.431
25080.6
24114.4
23615.6
23043.5
22543.4
22076.9
21646.5
21248.8
20881
20540.9
20219.7
19904.3
19589.1
19274.2
18959.4
18644.7
18330.3
18015.9
17701.7
17387.5
17073.5
16759.5
16445.6
16131.8
15818.1
15504.4
15190.7
14877.1
14563.6
14250
13936.5
13623.1
13309.6
12996.2
12682.8
12369.4
12056.1
11742.7
11429.4
11116
10802.7
10489.4
10176.1
9862.8
9549.51
9236.23
8922.94
8609.66
8296.39
7983.12
7669.84
7356.57
7043.29
6730.02
6416.74
6103.46
5790.18
5476.9
5163.61
4850.32
4534.59
4189.4
3785.66
3312.03
2765.28
2097.46
1403.44
367.651
25088
24119.7
23617.1
23045.2
22544
22077.4
21646.8
21249
20881.1
20541
20219.8
19904.4
19589.2
19274.2
18959.4
18644.8
18330.3
18015.9
17701.7
17387.6
17073.5
16759.6
16445.7
16131.8
15818.1
15504.4
15190.7
14877.1
14563.6
14250
13936.5
13623.1
13309.6
12996.2
12682.8
12369.4
12056.1
11742.7
11429.4
11116
10802.7
10489.4
10176.1
9862.81
9549.52
9236.24
8922.96
8609.68
8296.41
7983.14
7669.87
7356.6
7043.33
6730.07
6416.8
6103.53
5790.27
5477
5163.73
4850.46
4534.74
4189.59
3785.85
3312.34
2765.43
2097.83
1404.06
366.038
25088.7
24121.8
23616.5
23045.8
22544
22077.4
21646.8
21249
20881.2
20541.1
20219.9
19904.5
19589.3
19274.3
18959.5
18644.9
18330.4
18016
17701.8
17387.6
17073.6
16759.6
16445.7
16131.9
15818.1
15504.4
15190.8
14877.2
14563.6
14250.1
13936.6
13623.1
13309.6
12996.2
12682.8
12369.4
12056.1
11742.7
11429.4
11116
10802.7
10489.4
10176.1
9862.82
9549.53
9236.25
8922.97
8609.7
8296.43
7983.17
7669.9
7356.64
7043.38
6730.13
6416.87
6103.61
5790.36
5477.11
5163.85
4850.6
4534.91
4189.77
3786.04
3312.63
2765.54
2098.21
1404.47
364.613
25081.2
24120
23613.3
23044.7
22543.1
22077
21646.6
21248.9
20881.2
20541.1
20219.9
19904.6
19589.4
19274.4
18959.6
18645
18330.5
18016.1
17701.8
17387.7
17073.6
16759.7
16445.8
16131.9
15818.2
15504.5
15190.8
14877.2
14563.6
14250.1
13936.6
13623.1
13309.6
12996.2
12682.8
12369.4
12056.1
11742.7
11429.4
11116
10802.7
10489.4
10176.1
9862.82
9549.54
9236.26
8922.99
8609.72
8296.46
7983.2
7669.94
7356.69
7043.44
6730.19
6416.94
6103.7
5790.46
5477.22
5163.99
4850.75
4535.07
4189.96
3786.23
3312.91
2765.62
2098.61
1404.68
363.384
25064.1
24113.8
23607.2
23042
22541.3
22076
21646.1
21248.7
20881.1
20541.1
20220
19904.7
19589.5
19274.6
18959.8
18645.1
18330.6
18016.2
17701.9
17387.8
17073.7
16759.7
16445.8
16132
15818.2
15504.5
15190.8
14877.2
14563.6
14250.1
13936.6
13623.1
13309.7
12996.2
12682.8
12369.4
12056.1
11742.7
11429.4
11116
10802.7
10489.4
10176.1
9862.83
9549.55
9236.27
8923
8609.74
8296.48
7983.23
7669.98
7356.73
7043.49
6730.25
6417.02
6103.79
5790.56
5477.34
5164.12
4850.91
4535.25
4190.15
3786.42
3313.2
2765.68
2099.06
1404.68
362.344
25035.4
24103.1
23598.1
23037.8
22538.6
22074.6
21645.3
21248.3
20881
20541.1
20220.1
19904.8
19589.7
19274.7
18959.9
18645.3
18330.7
18016.3
17702.1
17387.9
17073.8
16759.8
16445.9
16132
15818.2
15504.5
15190.9
14877.2
14563.6
14250.1
13936.6
13623.1
13309.7
12996.2
12682.8
12369.4
12056.1
11742.7
11429.4
11116
10802.7
10489.4
10176.1
9862.84
9549.56
9236.28
8923.02
8609.76
8296.5
7983.25
7670.01
7356.77
7043.54
6730.31
6417.09
6103.88
5790.67
5477.46
5164.26
4851.07
4535.43
4190.36
3786.64
3313.51
2765.73
2099.64
1404.43
361.492
24997.1
24092.3
23589.5
23034.9
22537.4
22074.4
21645.6
21248.8
20881.6
20541.7
20220.7
19905.3
19590.1
19275.1
18960.2
18645.5
18331
18016.5
17702.2
17388
17073.9
16759.9
16445.9
16132.1
15818.3
15504.6
15190.9
14877.2
14563.7
14250.1
13936.6
13623.1
13309.7
12996.2
12682.8
12369.4
12056.1
11742.7
11429.4
11116
10802.7
10489.4
10176.1
9862.84
9549.56
9236.29
8923.02
8609.76
8296.51
7983.27
7670.03
7356.8
7043.58
6730.36
6417.15
6103.95
5790.76
5477.58
5164.41
4851.25
4535.64
4190.6
3786.92
3313.93
2765.83
2100.56
1403.71
360.465
24944.1
24079.3
23577.8
23030.6
22535
22073.4
21645.3
21248.8
20881.7
20542
20220.9
19905.6
19590.4
19275.3
18960.5
18645.7
18331.1
18016.7
17702.3
17388.1
17074
16759.9
16446
16132.1
15818.3
15504.6
15190.9
14877.3
14563.7
14250.1
13936.6
13623.1
13309.7
12996.2
12682.8
12369.4
12056.1
11742.7
11429.4
11116
10802.7
10489.4
10176.1
9862.84
9549.56
9236.29
8923.02
8609.77
8296.52
7983.28
7670.05
7356.82
7043.61
6730.4
6417.2
6104.02
5790.84
5477.68
5164.53
4851.39
4535.81
4190.81
3787.15
3314.35
2765.75
2101.94
1402.58
360.19
24912.1
24108.6
23592
23046.6
22547.1
22082.6
21652.2
21254
20885.7
20545
20223.2
19907.4
19591.7
19276.3
18961.2
18646.3
18331.5
18016.9
17702.5
17388.2
17074.1
16760
16446
16132.1
15818.3
15504.6
15190.9
14877.2
14563.7
14250.1
13936.6
13623.1
13309.6
12996.2
12682.8
12369.4
12056.1
11742.7
11429.4
11116
10802.7
10489.4
10176.1
9862.81
9549.53
9236.25
8922.98
8609.72
8296.47
7983.23
7669.99
7356.77
7043.55
6730.35
6417.17
6104
5790.85
5477.73
5164.63
4851.56
4536.08
4191.2
3787.74
3315.47
2766.15
2106.47
1399.15
353.949
24975.1
24120
23611.5
23047.7
22548.5
22081.4
21650.5
21252.1
20883.7
20543.2
20221.6
19905.9
19590.5
19275.3
18960.4
18645.6
18331
18016.6
17702.3
17388.1
17074
16760
16446.1
16132.2
15818.4
15504.7
15191
14877.4
14563.8
14250.3
13936.7
13623.3
13309.8
12996.4
12683
12369.6
12056.2
11742.8
11429.5
11116.1
10802.8
10489.5
10176.2
9862.9
9549.6
9236.31
8923.03
8609.74
8296.46
7983.18
7669.89
7356.6
7043.31
6730.01
6416.7
6103.37
5790.03
5476.67
5163.29
4849.88
4533.98
4188.55
3784.47
3310.5
2761.14
2097.06
1381.95
417.572
24963
24101.2
23607
23042.7
22546.2
22079.9
21649.6
21251.6
20883.4
20543
20221.5
19905.9
19590.5
19275.3
18960.4
18645.6
18331
18016.6
17702.3
17388.1
17074
16760
16446.1
16132.2
15818.4
15504.7
15191
14877.4
14563.8
14250.3
13936.7
13623.3
13309.8
12996.4
12683
12369.6
12056.2
11742.8
11429.5
11116.1
10802.8
10489.5
10176.2
9862.88
9549.59
9236.3
8923.01
8609.72
8296.44
7983.15
7669.86
7356.57
7043.28
6729.97
6416.66
6103.33
5789.99
5476.63
5163.24
4849.84
4533.94
4188.52
3784.51
3310.35
2761.76
2096.71
1385.12
378.286
24967.5
24089.3
23604.9
23039.2
22544.5
22078.7
21648.9
21251.1
20883.2
20542.8
20221.4
19905.8
19590.5
19275.3
18960.4
18645.6
18331
18016.6
17702.3
17388.1
17074
16760
16446.1
16132.2
15818.4
15504.7
15191
14877.4
14563.8
14250.3
13936.7
13623.3
13309.8
12996.4
12682.9
12369.6
12056.2
11742.8
11429.5
11116.1
10802.8
10489.5
10176.2
9862.88
9549.58
9236.28
8922.99
8609.71
8296.42
7983.13
7669.84
7356.55
7043.25
6729.95
6416.63
6103.31
5789.96
5476.61
5163.23
4849.82
4533.94
4188.53
3784.58
3310.31
2762.46
2096.22
1389.47
378.151
24980.7
24084.4
23604.2
23037.3
22543.4
22077.9
21648.4
21250.8
20882.9
20542.7
20221.3
19905.8
19590.4
19275.3
18960.4
18645.6
18331.1
18016.6
17702.3
17388.1
17074
16760
16446.1
16132.2
15818.4
15504.7
15191
14877.4
14563.8
14250.2
13936.7
13623.3
13309.8
12996.4
12682.9
12369.5
12056.2
11742.8
11429.5
11116.1
10802.8
10489.5
10176.2
9862.87
9549.57
9236.27
8922.98
8609.7
8296.41
7983.12
7669.83
7356.54
7043.24
6729.93
6416.62
6103.29
5789.96
5476.6
5163.23
4849.84
4533.97
4188.58
3784.69
3310.4
2763.09
2096.03
1392.93
379.393
24997.9
24084.4
23604.7
23036.7
22542.7
22077.4
21648
21250.5
20882.8
20542.6
20221.3
19905.7
19590.4
19275.3
18960.4
18645.7
18331.1
18016.6
17702.3
17388.1
17074
16760
16446.1
16132.2
15818.4
15504.7
15191
14877.4
14563.8
14250.2
13936.7
13623.3
13309.8
12996.4
12682.9
12369.5
12056.2
11742.8
11429.5
11116.1
10802.8
10489.5
10176.2
9862.86
9549.56
9236.26
8922.97
8609.69
8296.4
7983.11
7669.82
7356.53
7043.23
6729.93
6416.61
6103.29
5789.96
5476.61
5163.25
4849.87
4534.02
4188.66
3784.81
3310.58
2763.64
2096.05
1395.68
377.556
25017.3
24088.1
23606.4
23037.3
22542.6
22077.2
21647.8
21250.3
20882.6
20542.5
20221.2
19905.7
19590.4
19275.3
18960.4
18645.7
18331.1
18016.6
17702.3
17388.1
17074
16760
16446.1
16132.2
15818.4
15504.7
15191
14877.4
14563.8
14250.2
13936.7
13623.3
13309.8
12996.4
12682.9
12369.5
12056.2
11742.8
11429.5
11116.1
10802.8
10489.5
10176.2
9862.86
9549.56
9236.26
8922.97
8609.68
8296.39
7983.11
7669.82
7356.52
7043.23
6729.93
6416.62
6103.3
5789.98
5476.64
5163.29
4849.93
4534.1
4188.78
3784.96
3310.83
2764.12
2096.21
1398
375.554
25037.2
24094.5
23609.3
23039
22543.1
22077.5
21647.8
21250.3
20882.6
20542.4
20221.2
19905.7
19590.4
19275.3
18960.4
18645.7
18331.1
18016.7
17702.3
17388.1
17074
16760
16446.1
16132.2
15818.4
15504.7
15191
14877.4
14563.8
14250.3
13936.7
13623.3
13309.8
12996.4
12682.9
12369.5
12056.2
11742.8
11429.5
11116.1
10802.8
10489.5
10176.2
9862.85
9549.55
9236.26
8922.97
8609.68
8296.39
7983.11
7669.82
7356.53
7043.24
6729.94
6416.64
6103.33
5790.01
5476.69
5163.35
4850.01
4534.2
4188.92
3785.13
3311.12
2764.52
2096.48
1399.9
373.593
25056
24102.5
23612.7
23041.4
22544
22078
21648
21250.4
20882.7
20542.5
20221.2
19905.7
19590.4
19275.3
18960.4
18645.7
18331.1
18016.7
17702.4
17388.2
17074.1
16760
16446.1
16132.2
15818.5
15504.7
15191
14877.4
14563.8
14250.3
13936.7
13623.3
13309.8
12996.4
12682.9
12369.5
12056.2
11742.8
11429.5
11116.1
10802.8
10489.5
10176.2
9862.85
9549.55
9236.26
8922.97
8609.68
8296.4
7983.11
7669.83
7356.54
7043.25
6729.96
6416.67
6103.37
5790.06
5476.75
5163.43
4850.11
4534.33
4189.08
3785.31
3311.44
2764.85
2096.81
1401.4
371.61
25072.3
24110.8
23616.2
23044.1
22545.1
22078.7
21648.4
21250.6
20882.8
20542.5
20221.2
19905.7
19590.5
19275.4
18960.5
18645.7
18331.2
18016.7
17702.4
17388.2
17074.1
16760.1
16446.1
16132.3
15818.5
15504.7
15191.1
14877.4
14563.8
14250.3
13936.7
13623.3
13309.8
12996.4
12682.9
12369.5
12056.2
11742.8
11429.5
11116.1
10802.8
10489.5
10176.2
9862.85
9549.56
9236.26
8922.97
8609.69
8296.4
7983.12
7669.84
7356.56
7043.28
6729.99
6416.71
6103.42
5790.12
5476.83
5163.53
4850.22
4534.46
4189.25
3785.5
3311.76
2765.11
2097.17
1402.56
369.701
25084.9
24118.2
23619.1
23046.6
22546.2
22079.4
21648.8
21250.9
20882.9
20542.7
20221.3
19905.8
19590.5
19275.4
18960.5
18645.8
18331.2
18016.8
17702.4
17388.2
17074.1
16760.1
16446.2
16132.3
15818.5
15504.8
15191.1
14877.4
14563.8
14250.3
13936.8
13623.3
13309.8
12996.4
12682.9
12369.5
12056.2
11742.8
11429.5
11116.1
10802.8
10489.5
10176.2
9862.86
9549.56
9236.27
8922.98
8609.7
8296.42
7983.14
7669.87
7356.59
7043.31
6730.04
6416.76
6103.48
5790.2
5476.92
5163.63
4850.35
4534.61
4189.43
3785.69
3312.07
2765.31
2097.54
1403.42
367.926
25092.3
24123.4
23620.5
23048.4
22546.9
22079.9
21649.1
21251.1
20883.1
20542.8
20221.4
19905.9
19590.6
19275.5
18960.6
18645.9
18331.3
18016.8
17702.5
17388.3
17074.2
16760.1
16446.2
16132.3
15818.5
15504.8
15191.1
14877.5
14563.9
14250.3
13936.8
13623.3
13309.8
12996.4
12683
12369.6
12056.2
11742.8
11429.5
11116.1
10802.8
10489.5
10176.2
9862.86
9549.57
9236.28
8922.99
8609.71
8296.44
7983.17
7669.89
7356.63
7043.36
6730.09
6416.82
6103.55
5790.29
5477.02
5163.75
4850.48
4534.77
4189.62
3785.88
3312.38
2765.46
2097.92
1404.04
366.317
25093
24125.6
23620
23048.9
22546.9
22080
21649.2
21251.1
20883.1
20542.8
20221.5
19906
19590.7
19275.6
18960.7
18645.9
18331.3
18016.9
17702.6
17388.3
17074.2
16760.2
16446.2
16132.4
15818.6
15504.8
15191.1
14877.5
14563.9
14250.3
13936.8
13623.3
13309.8
12996.4
12683
12369.6
12056.2
11742.8
11429.5
11116.1
10802.8
10489.5
10176.2
9862.87
9549.58
9236.29
8923.01
8609.73
8296.46
7983.19
7669.93
7356.67
7043.4
6730.15
6416.89
6103.63
5790.38
5477.13
5163.88
4850.63
4534.93
4189.8
3786.07
3312.67
2765.57
2098.3
1404.45
364.894
25085.6
24123.8
23616.7
23047.8
22545.9
22079.5
21648.9
21251
20883.1
20542.9
20221.6
19906.1
19590.8
19275.7
18960.8
18646
18331.4
18017
17702.6
17388.4
17074.3
16760.2
16446.3
16132.4
15818.6
15504.8
15191.1
14877.5
14563.9
14250.3
13936.8
13623.3
13309.8
12996.4
12683
12369.6
12056.2
11742.8
11429.5
11116.1
10802.8
10489.5
10176.2
9862.88
9549.59
9236.3
8923.02
8609.75
8296.48
7983.22
7669.96
7356.71
7043.46
6730.21
6416.96
6103.72
5790.48
5477.24
5164.01
4850.78
4535.1
4189.98
3786.26
3312.95
2765.65
2098.69
1404.66
363.664
25068.4
24117.6
23610.6
23045.2
22544.1
22078.6
21648.4
21250.8
20883
20542.9
20221.7
19906.2
19590.9
19275.8
18960.9
18646.2
18331.6
18017.1
17702.7
17388.5
17074.4
16760.3
16446.3
16132.5
15818.6
15504.9
15191.2
14877.5
14563.9
14250.3
13936.8
13623.3
13309.8
12996.4
12683
12369.6
12056.2
11742.8
11429.5
11116.1
10802.8
10489.5
10176.2
9862.88
9549.6
9236.31
8923.04
8609.77
8296.51
7983.25
7670
7356.75
7043.51
6730.27
6417.04
6103.81
5790.58
5477.36
5164.15
4850.93
4535.27
4190.18
3786.45
3313.23
2765.71
2099.14
1404.66
362.621
25039.8
24106.9
23601.6
23040.9
22541.5
22077.1
21647.6
21250.4
20882.9
20542.9
20221.7
19906.3
19591.1
19276
18961.1
18646.3
18331.7
18017.2
17702.8
17388.6
17074.4
16760.4
16446.4
16132.5
15818.7
15504.9
15191.2
14877.5
14563.9
14250.4
13936.8
13623.3
13309.8
12996.4
12683
12369.6
12056.2
11742.8
11429.5
11116.1
10802.8
10489.5
10176.2
9862.89
9549.6
9236.33
8923.05
8609.79
8296.53
7983.28
7670.03
7356.79
7043.56
6730.33
6417.11
6103.9
5790.69
5477.48
5164.28
4851.09
4535.45
4190.38
3786.66
3313.54
2765.77
2099.72
1404.41
361.763
25001.4
24096.1
23592.9
23038
22540.2
22076.9
21648
21250.9
20883.5
20543.5
20222.3
19906.8
19591.5
19276.4
18961.4
18646.6
18331.9
18017.4
17703
17388.7
17074.5
16760.5
16446.5
16132.6
15818.7
15504.9
15191.2
14877.6
14563.9
14250.4
13936.8
13623.3
13309.9
12996.4
12683
12369.6
12056.2
11742.8
11429.5
11116.1
10802.8
10489.5
10176.2
9862.89
9549.6
9236.33
8923.06
8609.79
8296.54
7983.29
7670.05
7356.82
7043.6
6730.38
6417.17
6103.97
5790.78
5477.6
5164.43
4851.27
4535.66
4190.63
3786.94
3313.96
2765.86
2100.63
1403.69
360.72
24948.5
24083.1
23581.3
23033.7
22537.9
22076
21647.6
21250.9
20883.7
20543.7
20222.6
19907.1
19591.8
19276.6
18961.6
18646.8
18332.1
18017.5
17703.1
17388.8
17074.6
16760.5
16446.5
16132.6
15818.8
15505
15191.3
14877.6
14564
14250.4
13936.8
13623.3
13309.9
12996.4
12683
12369.6
12056.2
11742.8
11429.5
11116.1
10802.8
10489.5
10176.2
9862.89
9549.6
9236.33
8923.06
8609.8
8296.55
7983.31
7670.07
7356.84
7043.63
6730.42
6417.22
6104.03
5790.86
5477.7
5164.55
4851.41
4535.83
4190.83
3787.18
3314.38
2765.78
2102.01
1402.57
360.432
24916.4
24112.4
23595.5
23049.7
22549.9
22085.1
21654.5
21256.1
20887.6
20546.8
20224.9
19908.8
19593.1
19277.6
18962.4
18647.3
18332.5
18017.8
17703.3
17388.9
17074.7
16760.6
16446.6
16132.6
15818.8
15505
15191.2
14877.6
14563.9
14250.4
13936.8
13623.3
13309.8
12996.4
12683
12369.6
12056.2
11742.8
11429.4
11116.1
10802.8
10489.5
10176.2
9862.86
9549.57
9236.29
8923.02
8609.76
8296.5
7983.25
7670.02
7356.79
7043.57
6730.37
6417.19
6104.02
5790.87
5477.74
5164.65
4851.58
4536.1
4191.22
3787.76
3315.49
2766.17
2106.52
1399.14
354.132
24979
24123.5
23614.7
23050.6
22551.1
22083.7
21652.6
21254
20885.5
20544.8
20223.1
19907.3
19591.7
19276.5
18961.4
18646.6
18331.9
18017.4
17703
17388.7
17074.6
16760.5
16446.5
16132.6
15818.8
15505.1
15191.3
14877.7
14564.1
14250.5
13937
13623.5
13310
12996.5
12683.1
12369.7
12056.3
11742.9
11429.6
11116.2
10802.9
10489.6
10176.3
9862.95
9549.64
9236.35
8923.06
8609.77
8296.49
7983.2
7669.92
7356.63
7043.33
6730.03
6416.72
6103.39
5790.05
5476.7
5163.32
4849.91
4534.02
4188.59
3784.51
3310.54
2761.19
2097.15
1382
417.647
24966.9
24104.7
23610.2
23045.6
22548.8
22082.2
21651.7
21253.5
20885.2
20544.6
20223
19907.2
19591.7
19276.5
18961.4
18646.6
18331.9
18017.4
17703
17388.7
17074.6
16760.5
16446.5
16132.6
15818.8
15505.1
15191.3
14877.7
14564.1
14250.5
13937
13623.5
13310
12996.5
12683.1
12369.7
12056.3
11742.9
11429.6
11116.2
10802.9
10489.6
10176.2
9862.93
9549.63
9236.33
8923.04
8609.75
8296.47
7983.18
7669.89
7356.59
7043.3
6729.99
6416.68
6103.35
5790.01
5476.65
5163.27
4849.86
4533.97
4188.55
3784.55
3310.4
2761.81
2096.8
1385.16
378.432
24971.4
24092.7
23608
23042.1
22547.1
22081
21651
21253.1
20884.9
20544.5
20222.9
19907.2
19591.7
19276.5
18961.4
18646.6
18331.9
18017.4
17703
17388.7
17074.6
16760.5
16446.5
16132.6
15818.8
15505
15191.3
14877.7
14564.1
14250.5
13937
13623.4
13310
12996.5
12683.1
12369.7
12056.3
11742.9
11429.6
11116.2
10802.9
10489.6
10176.2
9862.93
9549.62
9236.32
8923.03
8609.74
8296.45
7983.16
7669.87
7356.57
7043.27
6729.97
6416.65
6103.33
5789.99
5476.63
5163.25
4849.85
4533.97
4188.56
3784.62
3310.36
2762.51
2096.31
1389.5
378.333
24984.7
24087.9
23607.3
23040.2
22546
22080.2
21650.5
21252.7
20884.7
20544.3
20222.8
19907.1
19591.7
19276.5
18961.4
18646.6
18331.9
18017.4
17703
17388.8
17074.6
16760.5
16446.5
16132.6
15818.8
15505
15191.3
14877.7
14564.1
14250.5
13936.9
13623.4
13310
12996.5
12683.1
12369.7
12056.3
11742.9
11429.6
11116.2
10802.9
10489.5
10176.2
9862.92
9549.61
9236.31
8923.02
8609.73
8296.44
7983.15
7669.85
7356.56
7043.26
6729.95
6416.64
6103.31
5789.98
5476.62
5163.25
4849.86
4534
4188.61
3784.72
3310.44
2763.13
2096.11
1392.94
379.586
25001.8
24087.8
23607.8
23039.5
22545.3
22079.7
21650.1
21252.4
20884.5
20544.2
20222.7
19907.1
19591.7
19276.5
18961.5
18646.6
18331.9
18017.4
17703
17388.8
17074.6
16760.5
16446.6
16132.7
15818.8
15505.1
15191.3
14877.7
14564.1
14250.5
13936.9
13623.4
13310
12996.5
12683.1
12369.7
12056.3
11742.9
11429.5
11116.2
10802.9
10489.5
10176.2
9862.91
9549.61
9236.3
8923.01
8609.72
8296.43
7983.14
7669.84
7356.55
7043.25
6729.95
6416.63
6103.31
5789.98
5476.63
5163.27
4849.9
4534.05
4188.7
3784.85
3310.62
2763.69
2096.13
1395.68
377.76
25021.2
24091.5
23609.6
23040.2
22545.2
22079.6
21649.9
21252.3
20884.4
20544.1
20222.7
19907.1
19591.7
19276.5
18961.5
18646.6
18332
18017.4
17703
17388.8
17074.6
16760.5
16446.6
16132.7
15818.8
15505.1
15191.3
14877.7
14564.1
14250.5
13936.9
13623.4
13310
12996.5
12683.1
12369.7
12056.3
11742.9
11429.5
11116.2
10802.9
10489.5
10176.2
9862.91
9549.6
9236.3
8923
8609.71
8296.42
7983.13
7669.84
7356.55
7043.25
6729.95
6416.64
6103.32
5790
5476.66
5163.32
4849.96
4534.13
4188.81
3785
3310.87
2764.16
2096.29
1398
375.769
25041.1
24098
23612.4
23041.8
22545.7
22079.8
21649.9
21252.2
20884.4
20544.1
20222.7
19907
19591.7
19276.5
18961.5
18646.6
18332
18017.5
17703.1
17388.8
17074.6
16760.6
16446.6
16132.7
15818.8
15505.1
15191.4
14877.7
14564.1
14250.5
13937
13623.4
13310
12996.5
12683.1
12369.7
12056.3
11742.9
11429.5
11116.2
10802.9
10489.5
10176.2
9862.9
9549.6
9236.3
8923
8609.71
8296.42
7983.13
7669.84
7356.55
7043.26
6729.96
6416.66
6103.35
5790.03
5476.71
5163.38
4850.03
4534.23
4188.95
3785.17
3311.16
2764.56
2096.56
1399.89
373.818
25059.9
24105.9
23615.9
23044.2
22546.6
22080.3
21650.2
21252.4
20884.4
20544.1
20222.7
19907.1
19591.7
19276.5
18961.5
18646.7
18332
18017.5
17703.1
17388.8
17074.7
16760.6
16446.6
16132.7
15818.9
15505.1
15191.4
14877.7
14564.1
14250.5
13937
13623.4
13310
12996.5
12683.1
12369.7
12056.3
11742.9
11429.5
11116.2
10802.9
10489.5
10176.2
9862.9
9549.6
9236.3
8923
8609.71
8296.42
7983.14
7669.85
7356.56
7043.27
6729.98
6416.69
6103.39
5790.08
5476.77
5163.45
4850.13
4534.35
4189.11
3785.35
3311.48
2764.89
2096.89
1401.39
371.843
25076.3
24114.2
23619.4
23046.9
22547.7
22081
21650.5
21252.6
20884.5
20544.2
20222.7
19907.1
19591.7
19276.5
18961.5
18646.7
18332
18017.5
17703.1
17388.9
17074.7
16760.6
16446.6
16132.7
15818.9
15505.1
15191.4
14877.7
14564.1
14250.5
13937
13623.5
13310
12996.5
12683.1
12369.7
12056.3
11742.9
11429.5
11116.2
10802.9
10489.5
10176.2
9862.9
9549.6
9236.3
8923.01
8609.72
8296.43
7983.15
7669.87
7356.58
7043.3
6730.01
6416.73
6103.44
5790.14
5476.85
5163.55
4850.25
4534.49
4189.28
3785.53
3311.8
2765.15
2097.25
1402.54
369.941
25088.8
24121.6
23622.2
23049.4
22548.7
22081.7
21650.9
21252.8
20884.7
20544.3
20222.8
19907.2
19591.8
19276.6
18961.6
18646.8
18332.1
18017.6
17703.2
17388.9
17074.7
16760.6
16446.7
16132.7
15818.9
15505.1
15191.4
14877.7
14564.1
14250.5
13937
13623.5
13310
12996.5
12683.1
12369.7
12056.3
11742.9
11429.5
11116.2
10802.9
10489.5
10176.2
9862.91
9549.6
9236.31
8923.01
8609.73
8296.45
7983.17
7669.89
7356.61
7043.33
6730.06
6416.78
6103.5
5790.22
5476.94
5163.65
4850.37
4534.64
4189.46
3785.72
3312.11
2765.35
2097.62
1403.41
368.171
25096.2
24126.9
23623.7
23051.2
22549.4
22082.2
21651.2
21253
20884.8
20544.4
20222.9
19907.3
19591.8
19276.6
18961.6
18646.8
18332.1
18017.6
17703.2
17388.9
17074.8
16760.7
16446.7
16132.8
15818.9
15505.1
15191.4
14877.7
14564.1
14250.5
13937
13623.5
13310
12996.5
12683.1
12369.7
12056.3
11742.9
11429.5
11116.2
10802.9
10489.5
10176.2
9862.91
9549.61
9236.32
8923.03
8609.74
8296.47
7983.19
7669.92
7356.65
7043.38
6730.11
6416.84
6103.57
5790.3
5477.04
5163.77
4850.51
4534.79
4189.64
3785.91
3312.41
2765.5
2098
1404.02
366.565
25097
24129
23623.1
23051.7
22549.4
22082.3
21651.3
21253.1
20884.9
20544.5
20223
19907.3
19591.9
19276.7
18961.7
18646.9
18332.2
18017.7
17703.3
17389
17074.8
16760.7
16446.7
16132.8
15819
15505.2
15191.4
14877.8
14564.1
14250.5
13937
13623.5
13310
12996.5
12683.1
12369.7
12056.3
11742.9
11429.5
11116.2
10802.9
10489.5
10176.2
9862.92
9549.62
9236.33
8923.04
8609.76
8296.49
7983.22
7669.95
7356.69
7043.42
6730.16
6416.91
6103.65
5790.4
5477.15
5163.9
4850.65
4534.96
4189.82
3786.1
3312.7
2765.61
2098.37
1404.43
365.144
25089.5
24127.2
23619.9
23050.7
22548.5
22081.9
21651
21252.9
20884.9
20544.5
20223
19907.4
19592
19276.8
18961.8
18647
18332.3
18017.8
17703.4
17389.1
17074.9
16760.8
16446.8
16132.9
15819
15505.2
15191.5
14877.8
14564.2
14250.6
13937
13623.5
13310
12996.5
12683.1
12369.7
12056.3
11742.9
11429.6
11116.2
10802.9
10489.5
10176.2
9862.93
9549.63
9236.34
8923.06
8609.78
8296.51
7983.25
7669.99
7356.73
7043.48
6730.23
6416.98
6103.74
5790.5
5477.26
5164.03
4850.8
4535.12
4190.01
3786.28
3312.98
2765.68
2098.76
1404.64
363.914
25072.3
24121
23613.8
23048
22546.7
22080.9
21650.5
21252.7
20884.8
20544.5
20223.1
19907.5
19592.2
19277
18962
18647.1
18332.4
18017.9
17703.5
17389.2
17075
16760.9
16446.8
16132.9
15819
15505.2
15191.5
14877.8
14564.2
14250.6
13937
13623.5
13310
12996.5
12683.1
12369.7
12056.3
11742.9
11429.6
11116.2
10802.9
10489.5
10176.2
9862.93
9549.64
9236.35
8923.07
8609.8
8296.54
7983.28
7670.02
7356.77
7043.53
6730.29
6417.06
6103.83
5790.6
5477.38
5164.16
4850.95
4535.29
4190.2
3786.48
3313.27
2765.74
2099.21
1404.64
362.867
25043.7
24110.3
23604.8
23043.8
22544
22079.5
21649.8
21252.4
20884.7
20544.5
20223.2
19907.7
19592.3
19277.1
18962.1
18647.3
18332.6
18018
17703.6
17389.3
17075
16760.9
16446.9
16133
15819.1
15505.3
15191.5
14877.8
14564.2
14250.6
13937
13623.5
13310
12996.6
12683.1
12369.7
12056.3
11742.9
11429.6
11116.2
10802.9
10489.6
10176.2
9862.94
9549.65
9236.36
8923.09
8609.82
8296.56
7983.3
7670.06
7356.81
7043.58
6730.35
6417.13
6103.91
5790.7
5477.5
5164.3
4851.11
4535.47
4190.4
3786.69
3313.57
2765.8
2099.79
1404.4
362.002
25005.3
24099.5
23596.1
23040.8
22542.8
22079.3
21650.1
21252.9
20885.3
20545.1
20223.8
19908.2
19592.8
19277.5
18962.5
18647.5
18332.8
18018.2
17703.7
17389.4
17075.1
16761
16447
16133
15819.1
15505.3
15191.6
14877.9
14564.2
14250.6
13937
13623.5
13310
12996.6
12683.1
12369.7
12056.3
11742.9
11429.6
11116.2
10802.9
10489.6
10176.2
9862.94
9549.65
9236.36
8923.09
8609.82
8296.57
7983.32
7670.07
7356.84
7043.61
6730.4
6417.19
6103.99
5790.8
5477.62
5164.45
4851.28
4535.68
4190.65
3786.97
3313.99
2765.89
2100.69
1403.68
360.947
24952.4
24086.5
23584.4
23036.5
22540.4
22078.3
21649.7
21252.9
20885.4
20545.4
20224
19908.4
19593
19277.7
18962.7
18647.7
18333
18018.3
17703.8
17389.5
17075.2
16761.1
16447
16133
15819.2
15505.3
15191.6
14877.9
14564.2
14250.6
13937.1
13623.5
13310
12996.6
12683.1
12369.7
12056.3
11742.9
11429.6
11116.2
10802.9
10489.6
10176.2
9862.94
9549.65
9236.37
8923.09
8609.83
8296.58
7983.33
7670.09
7356.86
7043.64
6730.43
6417.24
6104.05
5790.87
5477.71
5164.56
4851.42
4535.85
4190.85
3787.2
3314.41
2765.81
2102.06
1402.56
360.646
24920.3
24115.8
23598.6
23052.6
22552.4
22087.4
21656.6
21258.1
20889.4
20548.4
20226.4
19910.2
19594.3
19278.7
18963.4
18648.3
18333.4
18018.6
17704
17389.6
17075.3
16761.1
16447
16133.1
15819.2
15505.3
15191.6
14877.9
14564.2
14250.6
13937
13623.5
13310
12996.5
12683.1
12369.7
12056.3
11742.9
11429.5
11116.2
10802.9
10489.5
10176.2
9862.91
9549.62
9236.33
8923.05
8609.79
8296.53
7983.28
7670.04
7356.81
7043.59
6730.39
6417.2
6104.03
5790.88
5477.76
5164.66
4851.59
4536.12
4191.24
3787.78
3315.52
2766.19
2106.57
1399.14
354.292
24982.5
24126.5
23617.5
23053.1
22553.4
22085.8
21654.5
21255.7
20887.1
20546.2
20224.4
19908.5
19592.9
19277.5
18962.4
18647.4
18332.7
18018.1
17703.6
17389.3
17075.1
16761
16447
16133.1
15819.2
15505.4
15191.6
14878
14564.3
14250.7
13937.2
13623.6
13310.1
12996.7
12683.2
12369.8
12056.4
11743
11429.7
11116.3
10803
10489.6
10176.3
9862.99
9549.68
9236.39
8923.09
8609.8
8296.51
7983.22
7669.94
7356.65
7043.35
6730.05
6416.74
6103.41
5790.07
5476.72
5163.34
4849.93
4534.04
4188.62
3784.55
3310.59
2761.23
2097.23
1382.05
417.71
24970.4
24107.7
23613
23048.1
22551.1
22084.3
21653.6
21255.2
20886.8
20546.1
20224.4
19908.5
19592.9
19277.5
18962.4
18647.5
18332.7
18018.1
17703.7
17389.3
17075.1
16761
16447
16133
15819.2
15505.4
15191.6
14877.9
14564.3
14250.7
13937.1
13623.6
13310.1
12996.7
12683.2
12369.8
12056.4
11743
11429.6
11116.3
10802.9
10489.6
10176.3
9862.98
9549.67
9236.37
8923.08
8609.78
8296.49
7983.2
7669.91
7356.62
7043.32
6730.01
6416.7
6103.37
5790.03
5476.67
5163.29
4849.89
4534
4188.58
3784.58
3310.44
2761.85
2096.87
1385.2
378.558
24974.9
24095.8
23610.8
23044.6
22549.4
22083.1
21652.9
21254.8
20886.5
20545.9
20224.3
19908.4
19592.9
19277.5
18962.4
18647.5
18332.7
18018.1
17703.7
17389.3
17075.1
16761
16447
16133
15819.2
15505.4
15191.6
14877.9
14564.3
14250.7
13937.1
13623.6
13310.1
12996.7
12683.2
12369.8
12056.4
11743
11429.6
11116.3
10802.9
10489.6
10176.3
9862.97
9549.66
9236.36
8923.06
8609.77
8296.48
7983.18
7669.89
7356.59
7043.29
6729.99
6416.67
6103.35
5790.01
5476.65
5163.27
4849.88
4534
4188.59
3784.66
3310.4
2762.55
2096.38
1389.52
378.49
24988.1
24090.9
23610.1
23042.7
22548.3
22082.3
21652.4
21254.4
20886.3
20545.8
20224.2
19908.4
19592.8
19277.5
18962.4
18647.5
18332.7
18018.1
17703.7
17389.4
17075.1
16761
16447
16133.1
15819.2
15505.4
15191.6
14877.9
14564.3
14250.7
13937.1
13623.6
13310.1
12996.7
12683.2
12369.8
12056.4
11743
11429.6
11116.3
10802.9
10489.6
10176.3
9862.96
9549.65
9236.35
8923.05
8609.76
8296.46
7983.17
7669.87
7356.58
7043.28
6729.97
6416.66
6103.33
5790
5476.64
5163.28
4849.89
4534.02
4188.64
3784.76
3310.48
2763.17
2096.18
1392.95
379.755
25005.3
24090.8
23610.6
23042.1
22547.6
22081.8
21652
21254.1
20886.1
20545.6
20224.1
19908.3
19592.8
19277.5
18962.4
18647.5
18332.7
18018.1
17703.7
17389.4
17075.1
16761
16447
16133.1
15819.2
15505.4
15191.6
14877.9
14564.3
14250.7
13937.1
13623.6
13310.1
12996.6
12683.2
12369.8
12056.4
11743
11429.6
11116.3
10802.9
10489.6
10176.3
9862.96
9549.65
9236.34
8923.04
8609.75
8296.45
7983.16
7669.87
7356.57
7043.27
6729.97
6416.65
6103.33
5790
5476.66
5163.3
4849.92
4534.07
4188.73
3784.88
3310.66
2763.72
2096.2
1395.69
377.939
25024.7
24094.6
23612.4
23042.7
22547.5
22081.6
21651.8
21254
20886
20545.5
20224
19908.3
19592.8
19277.5
18962.4
18647.5
18332.8
18018.2
17703.7
17389.4
17075.2
16761
16447
16133.1
15819.2
15505.4
15191.6
14877.9
14564.3
14250.7
13937.1
13623.6
13310.1
12996.6
12683.2
12369.8
12056.4
11743
11429.6
11116.3
10802.9
10489.6
10176.3
9862.95
9549.64
9236.33
8923.03
8609.74
8296.45
7983.15
7669.86
7356.57
7043.27
6729.97
6416.66
6103.34
5790.02
5476.68
5163.34
4849.98
4534.15
4188.84
3785.03
3310.91
2764.2
2096.36
1398
375.958
25044.6
24101
23615.2
23044.4
22548
22081.9
21651.8
21254
20885.9
20545.5
20224
19908.3
19592.8
19277.5
18962.4
18647.5
18332.8
18018.2
17703.7
17389.4
17075.2
16761.1
16447
16133.1
15819.2
15505.4
15191.6
14878
14564.3
14250.7
13937.1
13623.6
13310.1
12996.6
12683.2
12369.8
12056.4
11743
11429.6
11116.3
10802.9
10489.6
10176.3
9862.95
9549.64
9236.33
8923.03
8609.74
8296.45
7983.16
7669.86
7356.57
7043.28
6729.98
6416.68
6103.37
5790.05
5476.73
5163.4
4850.06
4534.25
4188.98
3785.2
3311.2
2764.59
2096.63
1399.89
374.015
25063.4
24109
23618.7
23046.8
22548.9
22082.4
21652.1
21254.1
20886
20545.5
20224
19908.3
19592.8
19277.5
18962.4
18647.5
18332.8
18018.2
17703.8
17389.4
17075.2
16761.1
16447
16133.1
15819.2
15505.4
15191.7
14878
14564.3
14250.7
13937.1
13623.6
13310.1
12996.7
12683.2
12369.8
12056.4
11743
11429.6
11116.3
10802.9
10489.6
10176.3
9862.95
9549.64
9236.33
8923.03
8609.74
8296.45
7983.16
7669.87
7356.58
7043.29
6730
6416.71
6103.4
5790.1
5476.79
5163.48
4850.15
4534.38
4189.14
3785.38
3311.51
2764.92
2096.96
1401.38
372.048
25079.8
24117.3
23622.2
23049.5
22550
22083.1
21652.4
21254.3
20886.1
20545.6
20224.1
19908.3
19592.8
19277.6
18962.5
18647.6
18332.8
18018.2
17703.8
17389.4
17075.2
16761.1
16447.1
16133.1
15819.2
15505.4
15191.7
14878
14564.3
14250.7
13937.2
13623.6
13310.1
12996.7
12683.2
12369.8
12056.4
11743
11429.6
11116.3
10802.9
10489.6
10176.3
9862.95
9549.64
9236.34
8923.04
8609.75
8296.46
7983.17
7669.89
7356.6
7043.32
6730.03
6416.75
6103.46
5790.16
5476.87
5163.57
4850.27
4534.51
4189.31
3785.56
3311.83
2765.18
2097.32
1402.53
370.152
25092.3
24124.6
23625
23052
22551.1
22083.8
21652.8
21254.5
20886.3
20545.7
20224.2
19908.4
19592.9
19277.6
18962.5
18647.6
18332.9
18018.3
17703.8
17389.5
17075.3
16761.1
16447.1
16133.1
15819.3
15505.4
15191.7
14878
14564.3
14250.7
13937.2
13623.6
13310.1
12996.7
12683.2
12369.8
12056.4
11743
11429.6
11116.3
10802.9
10489.6
10176.3
9862.95
9549.64
9236.34
8923.05
8609.76
8296.47
7983.19
7669.91
7356.63
7043.35
6730.07
6416.8
6103.52
5790.24
5476.96
5163.67
4850.39
4534.66
4189.49
3785.75
3312.15
2765.38
2097.69
1403.39
368.386
25099.7
24129.9
23626.5
23053.7
22551.7
22084.3
21653.1
21254.7
20886.4
20545.8
20224.2
19908.5
19593
19277.7
18962.6
18647.7
18332.9
18018.3
17703.9
17389.5
17075.3
16761.2
16447.1
16133.2
15819.3
15505.5
15191.7
14878
14564.4
14250.7
13937.2
13623.6
13310.1
12996.7
12683.2
12369.8
12056.4
11743
11429.6
11116.3
10802.9
10489.6
10176.3
9862.96
9549.65
9236.35
8923.06
8609.77
8296.49
7983.21
7669.94
7356.67
7043.39
6730.12
6416.86
6103.59
5790.32
5477.06
5163.79
4850.53
4534.82
4189.67
3785.94
3312.45
2765.53
2098.06
1404.01
366.783
25100.4
24132.1
23625.9
23054.3
22551.7
22084.4
21653.2
21254.8
20886.5
20545.9
20224.3
19908.6
19593.1
19277.8
18962.7
18647.8
18333
18018.4
17703.9
17389.6
17075.4
16761.2
16447.2
16133.2
15819.3
15505.5
15191.7
14878
14564.4
14250.8
13937.2
13623.7
13310.1
12996.7
12683.2
12369.8
12056.4
11743
11429.6
11116.3
10802.9
10489.6
10176.3
9862.96
9549.66
9236.36
8923.07
8609.79
8296.51
7983.24
7669.97
7356.71
7043.44
6730.18
6416.92
6103.67
5790.42
5477.16
5163.91
4850.67
4534.98
4189.85
3786.12
3312.73
2765.64
2098.44
1404.41
365.363
25093
24130.3
23622.7
23053.2
22550.8
22083.9
21652.9
21254.7
20886.5
20545.9
20224.4
19908.7
19593.2
19277.9
18962.8
18647.9
18333.1
18018.5
17704
17389.7
17075.4
16761.3
16447.2
16133.3
15819.4
15505.5
15191.8
14878.1
14564.4
14250.8
13937.2
13623.7
13310.2
12996.7
12683.2
12369.8
12056.4
11743
11429.6
11116.3
10802.9
10489.6
10176.3
9862.97
9549.67
9236.38
8923.09
8609.81
8296.54
7983.27
7670.01
7356.75
7043.49
6730.24
6417
6103.75
5790.51
5477.28
5164.05
4850.82
4535.14
4190.03
3786.31
3313.01
2765.71
2098.83
1404.62
364.133
25075.8
24124
23616.6
23050.5
22549
22083
21652.4
21254.4
20886.4
20546
20224.5
19908.8
19593.3
19278
18962.9
18648
18333.2
18018.6
17704.1
17389.8
17075.5
16761.3
16447.3
16133.3
15819.4
15505.6
15191.8
14878.1
14564.4
14250.8
13937.2
13623.7
13310.2
12996.7
12683.2
12369.8
12056.4
11743
11429.6
11116.3
10802.9
10489.6
10176.3
9862.98
9549.68
9236.39
8923.11
8609.83
8296.56
7983.3
7670.04
7356.79
7043.55
6730.31
6417.07
6103.84
5790.62
5477.4
5164.18
4850.97
4535.31
4190.22
3786.51
3313.3
2765.77
2099.27
1404.63
363.083
25047.2
24113.4
23607.6
23046.3
22546.4
22081.6
21651.7
21254.1
20886.3
20546
20224.6
19908.9
19593.4
19278.2
18963.1
18648.1
18333.4
18018.7
17704.2
17389.8
17075.6
16761.4
16447.3
16133.4
15819.4
15505.6
15191.8
14878.1
14564.4
14250.8
13937.2
13623.7
13310.2
12996.7
12683.2
12369.8
12056.4
11743
11429.6
11116.3
10802.9
10489.6
10176.3
9862.98
9549.69
9236.4
8923.12
8609.85
8296.58
7983.33
7670.08
7356.83
7043.6
6730.37
6417.14
6103.93
5790.72
5477.51
5164.32
4851.13
4535.49
4190.42
3786.71
3313.6
2765.82
2099.85
1404.39
362.212
25008.8
24102.6
23598.9
23043.4
22545.1
22081.4
21652
21254.6
20886.9
20546.6
20225.1
19909.4
19593.9
19278.6
18963.4
18648.4
18333.6
18018.9
17704.4
17390
17075.7
16761.5
16447.4
16133.4
15819.5
15505.6
15191.9
14878.1
14564.5
14250.8
13937.2
13623.7
13310.2
12996.7
12683.2
12369.8
12056.4
11743
11429.6
11116.3
10802.9
10489.6
10176.3
9862.98
9549.69
9236.4
8923.12
8609.85
8296.59
7983.34
7670.09
7356.86
7043.63
6730.41
6417.2
6104
5790.81
5477.63
5164.46
4851.3
4535.7
4190.67
3786.99
3314.02
2765.92
2100.75
1403.67
361.145
24955.8
24089.6
23587.2
23039.1
22542.7
22080.4
21651.6
21254.6
20887
20546.8
20225.4
19909.7
19594.1
19278.8
18963.6
18648.6
18333.7
18019.1
17704.5
17390.1
17075.8
16761.6
16447.5
16133.5
15819.5
15505.7
15191.9
14878.1
14564.5
14250.8
13937.2
13623.7
13310.2
12996.7
12683.2
12369.8
12056.4
11743
11429.6
11116.3
10802.9
10489.6
10176.3
9862.98
9549.69
9236.4
8923.13
8609.86
8296.6
7983.35
7670.11
7356.88
7043.66
6730.45
6417.25
6104.06
5790.89
5477.73
5164.58
4851.44
4535.87
4190.87
3787.22
3314.43
2765.83
2102.12
1402.55
360.832
24923.7
24118.8
23601.4
23055.1
22554.7
22089.5
21658.5
21259.8
20891
20549.8
20227.7
19911.4
19595.5
19279.8
18964.3
18649.1
18334.1
18019.3
17704.7
17390.2
17075.8
16761.6
16447.5
16133.5
15819.5
15505.7
15191.9
14878.1
14564.4
14250.8
13937.2
13623.7
13310.2
12996.7
12683.2
12369.8
12056.4
11743
11429.6
11116.3
10802.9
10489.6
10176.3
9862.95
9549.65
9236.37
8923.08
8609.81
8296.55
7983.3
7670.06
7356.83
7043.61
6730.4
6417.22
6104.05
5790.9
5477.77
5164.67
4851.61
4536.13
4191.26
3787.8
3315.54
2766.21
2106.61
1399.13
354.432
24985.6
24129.3
23620
23055.4
22555.4
22087.7
21656.2
21257.3
20888.5
20547.5
20225.6
19909.6
19593.9
19278.4
18963.2
18648.2
18333.4
18018.7
17704.2
17389.9
17075.6
16761.4
16447.4
16133.4
15819.5
15505.7
15191.9
14878.2
14564.5
14250.9
13937.3
13623.8
13310.3
12996.8
12683.3
12369.9
12056.5
11743.1
11429.7
11116.4
10803
10489.7
10176.4
9863.03
9549.72
9236.42
8923.12
8609.83
8296.54
7983.25
7669.96
7356.66
7043.37
6730.07
6416.75
6103.43
5790.09
5476.74
5163.36
4849.96
4534.07
4188.65
3784.58
3310.63
2761.28
2097.3
1382.1
417.763
24973.4
24110.5
23615.5
23050.4
22553.1
22086.2
21655.3
21256.8
20888.2
20547.4
20225.6
19909.6
19593.9
19278.4
18963.2
18648.2
18333.4
18018.8
17704.2
17389.9
17075.6
16761.4
16447.4
16133.4
15819.5
15505.7
15191.9
14878.2
14564.5
14250.9
13937.3
13623.8
13310.3
12996.8
12683.3
12369.9
12056.5
11743.1
11429.7
11116.4
10803
10489.7
10176.3
9863.02
9549.71
9236.4
8923.1
8609.81
8296.51
7983.22
7669.93
7356.63
7043.33
6730.03
6416.71
6103.39
5790.05
5476.69
5163.31
4849.91
4534.03
4188.61
3784.61
3310.48
2761.89
2096.94
1385.23
378.666
24977.9
24098.5
23613.3
23046.9
22551.5
22085
21654.6
21256.3
20888
20547.2
20225.5
19909.5
19593.9
19278.4
18963.2
18648.2
18333.4
18018.8
17704.3
17389.9
17075.6
16761.5
16447.4
16133.4
15819.5
15505.7
15191.9
14878.2
14564.5
14250.9
13937.3
13623.8
13310.3
12996.8
12683.3
12369.9
12056.5
11743.1
11429.7
11116.4
10803
10489.7
10176.3
9863.01
9549.7
9236.39
8923.09
8609.79
8296.5
7983.2
7669.91
7356.61
7043.31
6730.01
6416.69
6103.36
5790.02
5476.67
5163.29
4849.9
4534.02
4188.62
3784.69
3310.43
2762.59
2096.45
1389.55
378.626
24991.2
24093.6
23612.6
23045
22550.3
22084.2
21654.1
21256
20887.7
20547.1
20225.4
19909.5
19593.8
19278.4
18963.3
18648.3
18333.4
18018.8
17704.3
17389.9
17075.6
16761.5
16447.4
16133.4
15819.5
15505.7
15191.9
14878.2
14564.5
14250.9
13937.3
13623.8
13310.3
12996.8
12683.3
12369.9
12056.5
11743.1
11429.7
11116.3
10803
10489.7
10176.3
9863
9549.69
9236.38
8923.08
8609.78
8296.49
7983.19
7669.89
7356.6
7043.3
6729.99
6416.68
6103.35
5790.01
5476.66
5163.3
4849.91
4534.05
4188.67
3784.79
3310.52
2763.21
2096.25
1392.97
379.9
25008.4
24093.5
23613.1
23044.3
22549.6
22083.6
21653.7
21255.7
20887.5
20546.9
20225.3
19909.4
19593.8
19278.4
18963.3
18648.3
18333.4
18018.8
17704.3
17389.9
17075.6
16761.5
16447.4
16133.4
15819.5
15505.7
15191.9
14878.2
14564.5
14250.9
13937.3
13623.8
13310.3
12996.8
12683.3
12369.9
12056.5
11743.1
11429.7
11116.3
10803
10489.6
10176.3
9863
9549.68
9236.37
8923.07
8609.77
8296.48
7983.18
7669.88
7356.59
7043.29
6729.98
6416.67
6103.35
5790.02
5476.67
5163.32
4849.94
4534.1
4188.75
3784.91
3310.7
2763.76
2096.26
1395.69
378.093
25027.8
24097.2
23614.9
23044.9
22549.5
22083.5
21653.5
21255.5
20887.4
20546.8
20225.2
19909.4
19593.8
19278.4
18963.3
18648.3
18333.5
18018.8
17704.3
17389.9
17075.6
16761.5
16447.4
16133.4
15819.5
15505.7
15191.9
14878.2
14564.5
14250.9
13937.3
13623.8
13310.3
12996.8
12683.3
12369.9
12056.5
11743.1
11429.7
11116.3
10803
10489.6
10176.3
9862.99
9549.68
9236.37
8923.06
8609.77
8296.47
7983.18
7669.88
7356.58
7043.29
6729.98
6416.68
6103.36
5790.04
5476.7
5163.36
4850
4534.18
4188.87
3785.06
3310.94
2764.23
2096.43
1398
376.122
25047.6
24103.7
23617.7
23046.6
22550
22083.7
21653.5
21255.5
20887.4
20546.8
20225.2
19909.4
19593.8
19278.4
18963.3
18648.3
18333.5
18018.8
17704.3
17389.9
17075.7
16761.5
16447.4
16133.4
15819.5
15505.7
15191.9
14878.2
14564.5
14250.9
13937.3
13623.8
13310.3
12996.8
12683.3
12369.9
12056.5
11743.1
11429.7
11116.3
10803
10489.6
10176.3
9862.99
9549.67
9236.36
8923.06
8609.76
8296.47
7983.18
7669.88
7356.59
7043.29
6730
6416.69
6103.38
5790.07
5476.75
5163.42
4850.08
4534.28
4189
3785.22
3311.23
2764.62
2096.69
1399.88
374.186
25066.5
24111.7
23621.2
23049
22550.9
22084.3
21653.7
21255.6
20887.4
20546.8
20225.2
19909.4
19593.8
19278.5
18963.3
18648.3
18333.5
18018.9
17704.3
17390
17075.7
16761.5
16447.4
16133.5
15819.5
15505.7
15191.9
14878.2
14564.5
14250.9
13937.3
13623.8
13310.3
12996.8
12683.3
12369.9
12056.5
11743.1
11429.7
11116.3
10803
10489.6
10176.3
9862.99
9549.67
9236.36
8923.06
8609.77
8296.47
7983.18
7669.89
7356.6
7043.31
6730.02
6416.72
6103.42
5790.12
5476.81
5163.49
4850.18
4534.4
4189.16
3785.4
3311.54
2764.95
2097.02
1401.37
372.225
25082.8
24120
23624.7
23051.7
22552
22085
21654.1
21255.8
20887.5
20546.9
20225.3
19909.4
19593.9
19278.5
18963.3
18648.3
18333.5
18018.9
17704.4
17390
17075.7
16761.5
16447.5
16133.5
15819.6
15505.7
15191.9
14878.2
14564.5
14250.9
13937.3
13623.8
13310.3
12996.8
12683.3
12369.9
12056.5
11743.1
11429.7
11116.3
10803
10489.6
10176.3
9862.99
9549.67
9236.37
8923.07
8609.77
8296.48
7983.19
7669.91
7356.62
7043.34
6730.05
6416.76
6103.47
5790.18
5476.88
5163.59
4850.29
4534.53
4189.33
3785.59
3311.86
2765.21
2097.38
1402.52
370.335
25095.4
24127.3
23627.5
23054.2
22553.1
22085.7
21654.5
21256.1
20887.7
20547
20225.4
19909.5
19593.9
19278.5
18963.4
18648.4
18333.6
18018.9
17704.4
17390
17075.7
16761.6
16447.5
16133.5
15819.6
15505.7
15192
14878.2
14564.6
14250.9
13937.3
13623.8
13310.3
12996.8
12683.3
12369.9
12056.5
11743.1
11429.7
11116.3
10803
10489.6
10176.3
9862.99
9549.68
9236.37
8923.08
8609.78
8296.49
7983.21
7669.93
7356.65
7043.37
6730.09
6416.81
6103.53
5790.25
5476.97
5163.69
4850.41
4534.68
4189.51
3785.78
3312.18
2765.41
2097.75
1403.38
368.574
25102.8
24132.6
23629
23056
22553.8
22086.2
21654.8
21256.3
20887.8
20547.1
20225.4
19909.6
19594
19278.6
18963.4
18648.5
18333.6
18019
17704.5
17390.1
17075.8
16761.6
16447.5
16133.5
15819.6
15505.8
15192
14878.3
14564.6
14250.9
13937.4
13623.8
13310.3
12996.8
12683.3
12369.9
12056.5
11743.1
11429.7
11116.3
10803
10489.6
10176.3
9863
9549.69
9236.38
8923.09
8609.8
8296.51
7983.23
7669.96
7356.68
7043.41
6730.14
6416.87
6103.6
5790.34
5477.07
5163.81
4850.55
4534.84
4189.69
3785.96
3312.47
2765.55
2098.12
1404
366.973
25103.5
24134.8
23628.4
23056.5
22553.8
22086.3
21654.9
21256.3
20887.9
20547.2
20225.5
19909.7
19594.1
19278.7
18963.5
18648.5
18333.7
18019.1
17704.5
17390.1
17075.8
16761.7
16447.6
16133.6
15819.7
15505.8
15192
14878.3
14564.6
14251
13937.4
13623.8
13310.3
12996.8
12683.3
12369.9
12056.5
11743.1
11429.7
11116.3
10803
10489.6
10176.3
9863
9549.69
9236.4
8923.1
8609.82
8296.53
7983.26
7669.99
7356.72
7043.46
6730.2
6416.94
6103.68
5790.43
5477.18
5163.93
4850.69
4535
4189.87
3786.15
3312.76
2765.66
2098.5
1404.4
365.554
25096.1
24133
23625.2
23055.5
22552.9
22085.8
21654.6
21256.2
20887.9
20547.2
20225.6
19909.8
19594.2
19278.8
18963.6
18648.6
18333.8
18019.1
17704.6
17390.2
17075.9
16761.7
16447.6
16133.6
15819.7
15505.8
15192
14878.3
14564.6
14251
13937.4
13623.8
13310.3
12996.8
12683.3
12369.9
12056.5
11743.1
11429.7
11116.3
10803
10489.7
10176.3
9863.01
9549.7
9236.41
8923.12
8609.84
8296.56
7983.29
7670.03
7356.77
7043.51
6730.26
6417.01
6103.77
5790.53
5477.29
5164.06
4850.83
4535.16
4190.05
3786.33
3313.04
2765.74
2098.89
1404.61
364.323
25078.9
24126.7
23619.1
23052.8
22551
22084.8
21654.1
21256
20887.8
20547.3
20225.7
19909.9
19594.3
19278.9
18963.8
18648.8
18333.9
18019.3
17704.7
17390.3
17076
16761.8
16447.7
16133.7
15819.7
15505.9
15192.1
14878.3
14564.6
14251
13937.4
13623.8
13310.3
12996.8
12683.3
12369.9
12056.5
11743.1
11429.7
11116.3
10803
10489.7
10176.3
9863.02
9549.71
9236.42
8923.13
8609.85
8296.58
7983.32
7670.06
7356.81
7043.56
6730.32
6417.09
6103.86
5790.63
5477.41
5164.2
4850.99
4535.33
4190.24
3786.53
3313.32
2765.8
2099.33
1404.61
363.271
25050.2
24116.1
23610
23048.6
22548.4
22083.4
21653.3
21255.6
20887.7
20547.3
20225.8
19910
19594.5
19279.1
18963.9
18648.9
18334.1
18019.4
17704.8
17390.4
17076.1
16761.9
16447.7
16133.7
15819.8
15505.9
15192.1
14878.3
14564.7
14251
13937.4
13623.8
13310.3
12996.8
12683.4
12369.9
12056.5
11743.1
11429.7
11116.3
10803
10489.7
10176.3
9863.02
9549.72
9236.43
8923.15
8609.87
8296.6
7983.35
7670.09
7356.85
7043.61
6730.38
6417.16
6103.94
5790.73
5477.53
5164.33
4851.14
4535.51
4190.44
3786.73
3313.63
2765.85
2099.9
1404.37
362.394
25011.9
24105.3
23601.4
23045.6
22547.1
22083.2
21653.7
21256.1
20888.3
20547.9
20226.3
19910.5
19594.9
19279.5
18964.3
18649.2
18334.3
18019.6
17705
17390.5
17076.2
16761.9
16447.8
16133.8
15819.8
15505.9
15192.1
14878.4
14564.7
14251
13937.4
13623.9
13310.3
12996.8
12683.4
12369.9
12056.5
11743.1
11429.7
11116.3
10803
10489.7
10176.3
9863.02
9549.72
9236.43
8923.15
8609.88
8296.61
7983.36
7670.11
7356.87
7043.65
6730.43
6417.22
6104.02
5790.83
5477.65
5164.48
4851.32
4535.72
4190.69
3787.01
3314.04
2765.94
2100.8
1403.66
361.316
24958.9
24092.3
23589.7
23041.3
22544.8
22082.2
21653.3
21256.1
20888.4
20548.1
20226.6
19910.8
19595.2
19279.7
18964.5
18649.4
18334.5
18019.7
17705.1
17390.6
17076.2
16762
16447.9
16133.8
15819.8
15506
15192.1
14878.4
14564.7
14251
13937.4
13623.9
13310.3
12996.8
12683.4
12369.9
12056.5
11743.1
11429.7
11116.3
10803
10489.7
10176.3
9863.02
9549.72
9236.43
8923.15
8609.88
8296.62
7983.37
7670.13
7356.9
7043.68
6730.46
6417.26
6104.08
5790.9
5477.74
5164.59
4851.45
4535.88
4190.88
3787.24
3314.45
2765.85
2102.16
1402.54
360.993
24926.7
24121.5
23603.9
23057.3
22556.8
22091.4
21660.2
21261.3
20892.4
20551.1
20228.9
19912.5
19596.5
19280.7
18965.2
18649.9
18334.8
18020
17705.3
17390.7
17076.3
16762.1
16447.9
16133.8
15819.8
15505.9
15192.1
14878.4
14564.7
14251
13937.4
13623.8
13310.3
12996.8
12683.3
12369.9
12056.5
11743.1
11429.7
11116.3
10803
10489.6
10176.3
9862.99
9549.69
9236.4
8923.11
8609.84
8296.57
7983.32
7670.08
7356.84
7043.62
6730.42
6417.23
6104.06
5790.91
5477.78
5164.69
4851.62
4536.15
4191.27
3787.82
3315.56
2766.23
2106.64
1399.13
354.551
24988.2
24131.6
23622.2
23057.3
22557.2
22089.3
21657.7
21258.6
20889.7
20548.7
20226.7
19910.6
19594.8
19279.2
18964
18648.9
18334
18019.3
17704.7
17390.3
17076
16761.8
16447.7
16133.7
15819.8
15505.9
15192.1
14878.4
14564.7
14251.1
13937.5
13623.9
13310.4
12996.9
12683.4
12370
12056.6
11743.2
11429.8
11116.4
10803.1
10489.7
10176.4
9863.07
9549.75
9236.44
8923.15
8609.85
8296.56
7983.26
7669.97
7356.68
7043.38
6730.08
6416.77
6103.45
5790.11
5476.75
5163.38
4849.98
4534.09
4188.67
3784.61
3310.66
2761.31
2097.36
1382.13
417.807
24976.1
24112.8
23617.6
23052.3
22554.9
22087.8
21656.8
21258.1
20889.5
20548.5
20226.6
19910.5
19594.8
19279.3
18964
18648.9
18334
18019.3
17704.8
17390.3
17076
16761.8
16447.7
16133.7
15819.8
15505.9
15192.1
14878.4
14564.7
14251.1
13937.5
13623.9
13310.4
12996.9
12683.4
12370
12056.6
11743.2
11429.8
11116.4
10803.1
10489.7
10176.4
9863.05
9549.74
9236.43
8923.13
8609.83
8296.54
7983.24
7669.94
7356.65
7043.35
6730.04
6416.73
6103.4
5790.07
5476.71
5163.33
4849.93
4534.05
4188.64
3784.64
3310.51
2761.93
2097
1385.26
378.757
24980.6
24100.8
23615.5
23048.8
22553.3
22086.6
21656.1
21257.7
20889.2
20548.4
20226.5
19910.5
19594.8
19279.3
18964
18648.9
18334
18019.3
17704.8
17390.3
17076
16761.8
16447.7
16133.7
15819.8
15505.9
15192.1
14878.4
14564.7
14251.1
13937.5
13623.9
13310.4
12996.9
12683.4
12370
12056.6
11743.2
11429.8
11116.4
10803.1
10489.7
10176.4
9863.04
9549.73
9236.42
8923.12
8609.82
8296.52
7983.22
7669.93
7356.63
7043.33
6730.02
6416.7
6103.38
5790.04
5476.69
5163.31
4849.92
4534.04
4188.64
3784.71
3310.47
2762.62
2096.5
1389.56
378.742
24993.9
24096
23614.8
23046.9
22552.1
22085.8
21655.5
21257.3
20888.9
20548.2
20226.4
19910.4
19594.7
19279.3
18964
18648.9
18334.1
18019.3
17704.8
17390.4
17076
16761.8
16447.7
16133.7
15819.8
15505.9
15192.1
14878.4
14564.7
14251.1
13937.5
13623.9
13310.4
12996.9
12683.4
12370
12056.6
11743.2
11429.8
11116.4
10803
10489.7
10176.4
9863.04
9549.72
9236.41
8923.1
8609.8
8296.51
7983.21
7669.91
7356.61
7043.31
6730
6416.69
6103.37
5790.03
5476.68
5163.31
4849.93
4534.07
4188.69
3784.81
3310.55
2763.24
2096.3
1392.98
380.024
25011.1
24095.9
23615.3
23046.3
22551.4
22085.3
21655.1
21257
20888.7
20548.1
20226.3
19910.4
19594.7
19279.2
18964
18648.9
18334.1
18019.4
17704.8
17390.4
17076.1
16761.9
16447.7
16133.7
15819.8
15505.9
15192.1
14878.4
14564.7
14251.1
13937.5
13623.9
13310.4
12996.9
12683.4
12370
12056.6
11743.2
11429.8
11116.4
10803
10489.7
10176.4
9863.03
9549.71
9236.4
8923.09
8609.79
8296.5
7983.2
7669.9
7356.6
7043.3
6730
6416.69
6103.36
5790.03
5476.69
5163.33
4849.96
4534.12
4188.77
3784.94
3310.73
2763.78
2096.32
1395.7
378.224
25030.4
24099.6
23617
23046.9
22551.3
22085.1
21654.9
21256.9
20888.6
20548
20226.3
19910.4
19594.7
19279.2
18964
18649
18334.1
18019.4
17704.8
17390.4
17076.1
16761.9
16447.8
16133.7
15819.8
15505.9
15192.1
14878.4
14564.7
14251.1
13937.5
13623.9
13310.4
12996.9
12683.4
12370
12056.5
11743.1
11429.8
11116.4
10803
10489.7
10176.4
9863.03
9549.71
9236.39
8923.09
8609.79
8296.49
7983.19
7669.9
7356.6
7043.3
6730
6416.69
6103.38
5790.05
5476.72
5163.37
4850.02
4534.2
4188.89
3785.08
3310.97
2764.25
2096.48
1398
376.261
25050.3
24106
23619.9
23048.6
22551.8
22085.3
21655
21256.8
20888.6
20547.9
20226.2
19910.3
19594.7
19279.2
18964
18649
18334.1
18019.4
17704.8
17390.4
17076.1
16761.9
16447.8
16133.8
15819.8
15505.9
15192.1
14878.4
14564.7
14251.1
13937.5
13623.9
13310.4
12996.9
12683.4
12370
12056.5
11743.1
11429.8
11116.4
10803
10489.7
10176.3
9863.02
9549.7
9236.39
8923.09
8609.79
8296.49
7983.19
7669.9
7356.6
7043.31
6730.01
6416.71
6103.4
5790.08
5476.76
5163.43
4850.1
4534.3
4189.03
3785.25
3311.26
2764.65
2096.74
1399.88
374.332
25069.1
24114
23623.3
23051
22552.7
22085.9
21655.2
21257
20888.6
20548
20226.3
19910.4
19594.7
19279.3
18964
18649
18334.1
18019.4
17704.9
17390.4
17076.1
16761.9
16447.8
16133.8
15819.8
15506
15192.2
14878.4
14564.7
14251.1
13937.5
13623.9
13310.4
12996.9
12683.4
12370
12056.5
11743.1
11429.8
11116.4
10803
10489.7
10176.3
9863.02
9549.7
9236.39
8923.09
8609.79
8296.49
7983.2
7669.91
7356.62
7043.33
6730.03
6416.74
6103.44
5790.13
5476.82
5163.51
4850.19
4534.42
4189.18
3785.43
3311.57
2764.97
2097.07
1401.36
372.377
25085.5
24122.3
23626.8
23053.7
22553.8
22086.6
21655.6
21257.2
20888.8
20548
20226.3
19910.4
19594.7
19279.3
18964.1
18649
18334.2
18019.4
17704.9
17390.4
17076.1
16761.9
16447.8
16133.8
15819.9
15506
15192.2
14878.4
14564.7
14251.1
13937.5
13623.9
13310.4
12996.9
12683.4
12370
12056.5
11743.1
11429.8
11116.4
10803
10489.7
10176.3
9863.02
9549.71
9236.4
8923.09
8609.79
8296.5
7983.21
7669.92
7356.64
7043.35
6730.06
6416.78
6103.49
5790.19
5476.9
5163.6
4850.31
4534.55
4189.35
3785.61
3311.89
2765.23
2097.43
1402.51
370.492
25098.1
24129.7
23629.6
23056.2
22554.9
22087.3
21656
21257.4
20888.9
20548.1
20226.4
19910.5
19594.8
19279.4
18964.1
18649.1
18334.2
18019.5
17704.9
17390.5
17076.2
16762
16447.8
16133.8
15819.9
15506
15192.2
14878.4
14564.7
14251.1
13937.5
13623.9
13310.4
12996.9
12683.4
12370
12056.5
11743.1
11429.8
11116.4
10803
10489.7
10176.3
9863.03
9549.71
9236.4
8923.1
8609.81
8296.52
7983.23
7669.95
7356.66
7043.38
6730.1
6416.83
6103.55
5790.27
5476.99
5163.71
4850.43
4534.7
4189.53
3785.8
3312.2
2765.43
2097.8
1403.37
368.734
25105.5
24135
23631.1
23057.9
22555.5
22087.8
21656.3
21257.6
20889.1
20548.3
20226.5
19910.5
19594.9
19279.4
18964.2
18649.1
18334.3
18019.5
17705
17390.5
17076.2
16762
16447.9
16133.9
15819.9
15506
15192.2
14878.5
14564.8
14251.1
13937.5
13623.9
13310.4
12996.9
12683.4
12370
12056.6
11743.1
11429.8
11116.4
10803
10489.7
10176.4
9863.03
9549.72
9236.41
8923.11
8609.82
8296.53
7983.25
7669.97
7356.7
7043.43
6730.15
6416.89
6103.62
5790.35
5477.09
5163.82
4850.56
4534.85
4189.71
3785.98
3312.5
2765.58
2098.17
1403.98
367.135
25106.2
24137.1
23630.6
23058.5
22555.5
22087.9
21656.3
21257.7
20889.1
20548.3
20226.6
19910.6
19595
19279.5
18964.3
18649.2
18334.3
18019.6
17705
17390.6
17076.3
16762
16447.9
16133.9
15819.9
15506.1
15192.2
14878.5
14564.8
14251.1
13937.5
13623.9
13310.4
12996.9
12683.4
12370
12056.6
11743.2
11429.8
11116.4
10803
10489.7
10176.4
9863.04
9549.73
9236.42
8923.13
8609.84
8296.55
7983.28
7670.01
7356.74
7043.47
6730.21
6416.95
6103.7
5790.44
5477.19
5163.95
4850.7
4535.01
4189.89
3786.17
3312.79
2765.68
2098.55
1404.39
365.717
25098.7
24135.3
23627.3
23057.4
22554.6
22087.4
21656.1
21257.5
20889.1
20548.4
20226.6
19910.7
19595
19279.6
18964.4
18649.3
18334.4
18019.7
17705.1
17390.7
17076.3
16762.1
16448
16133.9
15820
15506.1
15192.3
14878.5
14564.8
14251.1
13937.5
13624
13310.4
12996.9
12683.4
12370
12056.6
11743.2
11429.8
11116.4
10803
10489.7
10176.4
9863.04
9549.74
9236.44
8923.14
8609.86
8296.58
7983.31
7670.04
7356.78
7043.52
6730.27
6417.02
6103.78
5790.54
5477.31
5164.08
4850.85
4535.18
4190.07
3786.35
3313.06
2765.76
2098.94
1404.6
364.486
25081.6
24129.1
23621.2
23054.7
22552.8
22086.4
21655.6
21257.3
20889
20548.4
20226.7
19910.8
19595.2
19279.7
18964.5
18649.4
18334.6
18019.8
17705.2
17390.8
17076.4
16762.2
16448
16134
15820
15506.1
15192.3
14878.5
14564.8
14251.2
13937.5
13624
13310.4
12996.9
12683.4
12370
12056.6
11743.2
11429.8
11116.4
10803
10489.7
10176.4
9863.05
9549.75
9236.45
8923.16
8609.88
8296.6
7983.34
7670.08
7356.82
7043.58
6730.33
6417.1
6103.87
5790.64
5477.42
5164.21
4851
4535.35
4190.26
3786.55
3313.34
2765.82
2099.38
1404.6
363.431
25052.9
24118.4
23612.2
23050.5
22550.2
22085
21654.8
21257
20888.9
20548.4
20226.8
19911
19595.3
19279.9
18964.7
18649.6
18334.7
18019.9
17705.3
17390.9
17076.5
16762.2
16448.1
16134
15820.1
15506.2
15192.3
14878.6
14564.8
14251.2
13937.6
13624
13310.4
12996.9
12683.5
12370
12056.6
11743.2
11429.8
11116.4
10803
10489.7
10176.4
9863.06
9549.75
9236.46
8923.17
8609.89
8296.62
7983.36
7670.11
7356.86
7043.62
6730.39
6417.17
6103.95
5790.74
5477.54
5164.35
4851.16
4535.52
4190.46
3786.75
3313.65
2765.87
2099.95
1404.36
362.549
25014.5
24107.6
23603.5
23047.6
22548.9
22084.8
21655.1
21257.5
20889.5
20549
20227.4
19911.5
19595.8
19280.3
18965
18649.9
18334.9
18020.1
17705.5
17391
17076.6
16762.3
16448.2
16134.1
15820.1
15506.2
15192.4
14878.6
14564.9
14251.2
13937.6
13624
13310.4
12996.9
12683.5
12370
12056.6
11743.2
11429.8
11116.4
10803
10489.7
10176.4
9863.06
9549.75
9236.46
8923.17
8609.9
8296.63
7983.38
7670.13
7356.89
7043.66
6730.44
6417.23
6104.03
5790.84
5477.66
5164.49
4851.33
4535.73
4190.7
3787.03
3314.06
2765.96
2100.84
1403.65
361.462
24961.5
24094.6
23591.9
23043.2
22546.5
22083.8
21654.8
21257.5
20889.7
20549.2
20227.6
19911.7
19596
19280.5
18965.2
18650
18335.1
18020.3
17705.6
17391.1
17076.7
16762.4
16448.2
16134.1
15820.1
15506.2
15192.4
14878.6
14564.9
14251.2
13937.6
13624
13310.4
12996.9
12683.5
12370
12056.6
11743.2
11429.8
11116.4
10803
10489.7
10176.4
9863.06
9549.75
9236.46
8923.18
8609.9
8296.64
7983.39
7670.14
7356.91
7043.69
6730.48
6417.28
6104.09
5790.91
5477.75
5164.6
4851.47
4535.9
4190.9
3787.25
3314.47
2765.87
2102.2
1402.54
361.13
24929.4
24123.8
23606
23059.3
22558.5
22093
21661.7
21262.6
20893.6
20552.2
20229.9
19913.5
19597.4
19281.5
18965.9
18650.6
18335.5
18020.5
17705.8
17391.2
17076.8
16762.4
16448.2
16134.1
15820.1
15506.2
15192.4
14878.6
14564.9
14251.2
13937.6
13624
13310.4
12996.9
12683.4
12370
12056.6
11743.1
11429.8
11116.4
10803
10489.7
10176.3
9863.03
9549.72
9236.42
8923.14
8609.86
8296.59
7983.34
7670.09
7356.86
7043.64
6730.43
6417.24
6104.07
5790.92
5477.8
5164.7
4851.63
4536.16
4191.29
3787.83
3315.57
2766.25
2106.68
1399.13
354.651
24990.5
24133.6
23624
23059
22558.7
22090.7
21658.9
21259.8
20890.8
20549.6
20227.6
19911.4
19595.5
19279.9
18964.6
18649.5
18334.5
18019.8
17705.2
17390.7
17076.4
16762.2
16448
16134
15820
15506.2
15192.3
14878.6
14564.9
14251.2
13937.6
13624
13310.5
12997
12683.5
12370.1
12056.6
11743.2
11429.8
11116.5
10803.1
10489.8
10176.4
9863.09
9549.78
9236.47
8923.17
8609.87
8296.58
7983.28
7669.99
7356.69
7043.4
6730.09
6416.78
6103.46
5790.12
5476.77
5163.39
4849.99
4534.11
4188.7
3784.63
3310.69
2761.34
2097.41
1382.17
417.841
24978.3
24114.8
23619.5
23054
22556.4
22089.1
21658.1
21259.3
20890.5
20549.5
20227.5
19911.4
19595.5
19279.9
18964.6
18649.5
18334.6
18019.8
17705.2
17390.7
17076.4
16762.2
16448
16134
15820
15506.2
15192.3
14878.6
14564.9
14251.2
13937.6
13624
13310.5
12997
12683.5
12370.1
12056.6
11743.2
11429.8
11116.5
10803.1
10489.8
10176.4
9863.08
9549.76
9236.45
8923.15
8609.85
8296.55
7983.26
7669.96
7356.66
7043.36
6730.06
6416.74
6103.42
5790.08
5476.72
5163.35
4849.95
4534.07
4188.66
3784.67
3310.54
2761.96
2097.05
1385.28
378.831
24982.9
24102.8
23617.3
23050.5
22554.8
22088
21657.3
21258.8
20890.2
20549.3
20227.4
19911.3
19595.5
19279.9
18964.6
18649.5
18334.6
18019.8
17705.2
17390.7
17076.4
16762.2
16448
16134
15820
15506.1
15192.3
14878.6
14564.9
14251.2
13937.6
13624
13310.5
12997
12683.5
12370.1
12056.6
11743.2
11429.8
11116.5
10803.1
10489.7
10176.4
9863.07
9549.75
9236.44
8923.14
8609.84
8296.54
7983.24
7669.94
7356.64
7043.34
6730.03
6416.72
6103.39
5790.06
5476.7
5163.33
4849.93
4534.06
4188.66
3784.74
3310.5
2762.65
2096.55
1389.58
378.837
24996.1
24097.9
23616.6
23048.6
22553.6
22087.1
21656.8
21258.5
20890
20549.2
20227.3
19911.3
19595.5
19279.9
18964.6
18649.5
18334.6
18019.8
17705.2
17390.8
17076.4
16762.2
16448
16134
15820
15506.1
15192.3
14878.6
14564.9
14251.2
13937.6
13624
13310.5
12997
12683.5
12370
12056.6
11743.2
11429.8
11116.5
10803.1
10489.7
10176.4
9863.07
9549.75
9236.43
8923.13
8609.82
8296.52
7983.23
7669.93
7356.63
7043.32
6730.02
6416.7
6103.38
5790.05
5476.7
5163.33
4849.95
4534.09
4188.71
3784.84
3310.58
2763.27
2096.35
1392.99
380.127
25013.3
24097.8
23617.1
23047.9
22552.9
22086.6
21656.4
21258.2
20889.8
20549
20227.2
19911.2
19595.5
19279.9
18964.6
18649.5
18334.6
18019.8
17705.2
17390.8
17076.4
16762.2
16448
16134
15820
15506.2
15192.3
14878.6
14564.9
14251.2
13937.6
13624
13310.5
12997
12683.5
12370
12056.6
11743.2
11429.8
11116.4
10803.1
10489.7
10176.4
9863.06
9549.74
9236.42
8923.12
8609.81
8296.51
7983.22
7669.92
7356.62
7043.32
6730.01
6416.7
6103.38
5790.05
5476.71
5163.35
4849.98
4534.14
4188.79
3784.96
3310.75
2763.81
2096.36
1395.7
378.334
25032.7
24101.6
23618.9
23048.5
22552.8
22086.5
21656.2
21258
20889.7
20548.9
20227.1
19911.2
19595.4
19279.9
18964.6
18649.5
18334.6
18019.9
17705.2
17390.8
17076.4
16762.2
16448.1
16134
15820
15506.2
15192.3
14878.6
14564.9
14251.2
13937.6
13624
13310.5
12997
12683.5
12370
12056.6
11743.2
11429.8
11116.4
10803.1
10489.7
10176.4
9863.06
9549.73
9236.42
8923.11
8609.81
8296.51
7983.21
7669.91
7356.61
7043.31
6730.01
6416.7
6103.39
5790.07
5476.73
5163.39
4850.03
4534.21
4188.91
3785.1
3311
2764.28
2096.52
1398
376.377
25052.6
24108
23621.7
23050.2
22553.3
22086.7
21656.2
21258
20889.6
20548.9
20227.1
19911.2
19595.4
19279.9
18964.6
18649.5
18334.6
18019.9
17705.3
17390.8
17076.4
16762.2
16448.1
16134
15820.1
15506.2
15192.3
14878.6
14564.9
14251.2
13937.6
13624
13310.5
12997
12683.5
12370
12056.6
11743.2
11429.8
11116.4
10803.1
10489.7
10176.4
9863.05
9549.73
9236.42
8923.11
8609.81
8296.51
7983.21
7669.91
7356.62
7043.32
6730.02
6416.72
6103.41
5790.1
5476.78
5163.45
4850.11
4534.31
4189.05
3785.27
3311.28
2764.67
2096.79
1399.87
374.454
25071.4
24116
23625.1
23052.6
22554.2
22087.2
21656.5
21258.1
20889.7
20548.9
20227.1
19911.2
19595.4
19279.9
18964.7
18649.6
18334.7
18019.9
17705.3
17390.8
17076.5
16762.2
16448.1
16134
15820.1
15506.2
15192.4
14878.6
14564.9
14251.2
13937.6
13624
13310.5
12997
12683.5
12370
12056.6
11743.2
11429.8
11116.4
10803.1
10489.7
10176.4
9863.05
9549.73
9236.42
8923.11
8609.81
8296.51
7983.22
7669.92
7356.63
7043.34
6730.04
6416.75
6103.45
5790.15
5476.84
5163.53
4850.21
4534.43
4189.2
3785.45
3311.6
2764.99
2097.11
1401.36
372.504
25087.8
24124.3
23628.6
23055.3
22555.3
22087.9
21656.8
21258.3
20889.8
20549
20227.2
19911.2
19595.5
19280
18964.7
18649.6
18334.7
18019.9
17705.3
17390.8
17076.5
16762.3
16448.1
16134.1
15820.1
15506.2
15192.4
14878.6
14564.9
14251.2
13937.6
13624
13310.5
12997
12683.5
12370
12056.6
11743.2
11429.8
11116.4
10803.1
10489.7
10176.4
9863.05
9549.73
9236.42
8923.11
8609.81
8296.52
7983.23
7669.94
7356.65
7043.36
6730.08
6416.79
6103.5
5790.21
5476.91
5163.62
4850.32
4534.57
4189.37
3785.63
3311.91
2765.25
2097.47
1402.5
370.622
25100.3
24131.6
23631.5
23057.8
22556.4
22088.7
21657.2
21258.5
20890
20549.1
20227.3
19911.3
19595.5
19280
18964.7
18649.7
18334.7
18020
17705.4
17390.9
17076.5
16762.3
16448.1
16134.1
15820.1
15506.2
15192.4
14878.6
14564.9
14251.2
13937.6
13624
13310.5
12997
12683.5
12370
12056.6
11743.2
11429.8
11116.4
10803.1
10489.7
10176.4
9863.06
9549.74
9236.43
8923.12
8609.82
8296.53
7983.24
7669.96
7356.68
7043.4
6730.12
6416.84
6103.56
5790.28
5477
5163.72
4850.44
4534.72
4189.55
3785.82
3312.22
2765.45
2097.84
1403.36
368.868
25107.7
24136.9
23633
23059.6
22557
22089.1
21657.5
21258.7
20890.1
20549.2
20227.4
19911.4
19595.6
19280.1
18964.8
18649.7
18334.8
18020
17705.4
17390.9
17076.6
16762.3
16448.2
16134.1
15820.1
15506.2
15192.4
14878.6
14564.9
14251.3
13937.6
13624.1
13310.5
12997
12683.5
12370.1
12056.6
11743.2
11429.8
11116.4
10803.1
10489.7
10176.4
9863.06
9549.74
9236.44
8923.13
8609.84
8296.55
7983.27
7669.99
7356.71
7043.44
6730.17
6416.9
6103.63
5790.36
5477.1
5163.84
4850.58
4534.87
4189.72
3786
3312.52
2765.6
2098.22
1403.98
367.271
25108.4
24139.1
23632.4
23060.1
22557
22089.2
21657.6
21258.8
20890.2
20549.3
20227.4
19911.4
19595.7
19280.2
18964.9
18649.8
18334.9
18020.1
17705.5
17391
17076.6
16762.4
16448.2
16134.2
15820.2
15506.3
15192.4
14878.7
14564.9
14251.3
13937.6
13624.1
13310.5
12997
12683.5
12370.1
12056.6
11743.2
11429.8
11116.4
10803.1
10489.7
10176.4
9863.07
9549.75
9236.45
8923.15
8609.86
8296.57
7983.29
7670.02
7356.75
7043.48
6730.22
6416.96
6103.71
5790.46
5477.21
5163.96
4850.72
4535.03
4189.9
3786.19
3312.81
2765.7
2098.59
1404.38
365.854
25101
24137.3
23629.2
23059.1
22556.1
22088.8
21657.3
21258.7
20890.1
20549.3
20227.5
19911.5
19595.8
19280.3
18965
18649.9
18335
18020.2
17705.6
17391.1
17076.7
16762.4
16448.3
16134.2
15820.2
15506.3
15192.5
14878.7
14565
14251.3
13937.7
13624.1
13310.5
12997
12683.5
12370.1
12056.6
11743.2
11429.8
11116.4
10803.1
10489.7
10176.4
9863.08
9549.76
9236.46
8923.16
8609.88
8296.6
7983.32
7670.06
7356.79
7043.54
6730.28
6417.04
6103.79
5790.55
5477.32
5164.09
4850.86
4535.19
4190.09
3786.37
3313.08
2765.78
2098.98
1404.59
364.622
25083.8
24131.1
23623.1
23056.4
22554.3
22087.8
21656.8
21258.4
20890.1
20549.3
20227.6
19911.7
19595.9
19280.4
18965.1
18650
18335.1
18020.3
17705.7
17391.2
17076.8
16762.5
16448.3
16134.3
15820.3
15506.3
15192.5
14878.7
14565
14251.3
13937.7
13624.1
13310.5
12997
12683.5
12370.1
12056.6
11743.2
11429.8
11116.4
10803.1
10489.7
10176.4
9863.08
9549.77
9236.47
8923.18
8609.89
8296.62
7983.35
7670.09
7356.84
7043.59
6730.35
6417.11
6103.88
5790.65
5477.44
5164.22
4851.01
4535.36
4190.28
3786.56
3313.36
2765.84
2099.42
1404.6
363.565
25055.2
24120.4
23614
23052.1
22551.7
22086.4
21656
21258.1
20889.9
20549.4
20227.7
19911.8
19596.1
19280.6
18965.3
18650.2
18335.2
18020.4
17705.8
17391.3
17076.9
16762.6
16448.4
16134.3
15820.3
15506.4
15192.5
14878.7
14565
14251.3
13937.7
13624.1
13310.5
12997
12683.5
12370.1
12056.6
11743.2
11429.8
11116.4
10803.1
10489.7
10176.4
9863.09
9549.78
9236.48
8923.19
8609.91
8296.64
7983.38
7670.12
7356.88
7043.64
6730.41
6417.18
6103.96
5790.75
5477.55
5164.36
4851.17
4535.54
4190.47
3786.77
3313.67
2765.88
2099.99
1404.36
362.679
25016.8
24109.6
23605.3
23049.2
22550.4
22086.2
21656.4
21258.6
20890.5
20550
20228.2
19912.3
19596.5
19281
18965.6
18650.4
18335.4
18020.6
17705.9
17391.4
17077
16762.7
16448.5
16134.4
15820.3
15506.4
15192.6
14878.8
14565
14251.3
13937.7
13624.1
13310.5
12997
12683.5
12370.1
12056.6
11743.2
11429.8
11116.4
10803.1
10489.7
10176.4
9863.09
9549.78
9236.48
8923.19
8609.92
8296.65
7983.39
7670.14
7356.9
7043.67
6730.45
6417.24
6104.04
5790.85
5477.67
5164.5
4851.34
4535.74
4190.71
3787.04
3314.08
2765.97
2100.87
1403.64
361.583
24963.8
24096.6
23593.7
23044.9
22548
22085.2
21656
21258.6
20890.7
20550.2
20228.5
19912.5
19596.8
19281.2
18965.8
18650.6
18335.6
18020.7
17706
17391.5
17077
16762.7
16448.5
16134.4
15820.4
15506.4
15192.6
14878.8
14565
14251.3
13937.7
13624.1
13310.6
12997
12683.5
12370.1
12056.6
11743.2
11429.8
11116.4
10803.1
10489.7
10176.4
9863.09
9549.78
9236.48
8923.2
8609.92
8296.66
7983.4
7670.16
7356.92
7043.7
6730.49
6417.29
6104.1
5790.92
5477.76
5164.61
4851.48
4535.91
4190.91
3787.27
3314.49
2765.89
2102.23
1402.53
361.244
24931.6
24125.8
23607.8
23060.9
22560
22094.3
21662.9
21263.8
20894.6
20553.2
20230.8
19914.3
19598.1
19282.2
18966.6
18651.2
18336
18021
17706.2
17391.6
17077.1
16762.8
16448.5
16134.4
15820.4
15506.4
15192.6
14878.8
14565
14251.3
13937.7
13624.1
13310.5
12997
12683.5
12370.1
12056.6
11743.2
11429.8
11116.4
10803.1
10489.7
10176.4
9863.06
9549.75
9236.45
8923.16
8609.88
8296.61
7983.35
7670.1
7356.87
7043.65
6730.44
6417.25
6104.08
5790.93
5477.81
5164.71
4851.64
4536.17
4191.3
3787.84
3315.59
2766.26
2106.7
1399.13
354.735
24992.3
24135.2
23625.5
23060.4
22559.9
22091.8
21660
21260.7
20891.7
20550.4
20228.3
19912.1
19596.1
19280.5
18965.1
18649.9
18335
18020.2
17705.5
17391.1
17076.7
16762.4
16448.3
16134.2
15820.2
15506.3
15192.5
14878.7
14565
14251.3
13937.7
13624.1
13310.6
12997.1
12683.6
12370.1
12056.7
11743.3
11429.9
11116.5
10803.2
10489.8
10176.5
9863.12
9549.8
9236.49
8923.19
8609.89
8296.59
7983.29
7670
7356.71
7043.41
6730.1
6416.79
6103.47
5790.14
5476.78
5163.41
4850.01
4534.13
4188.71
3784.65
3310.71
2761.37
2097.45
1382.2
417.873
24980.2
24116.4
23621
23055.3
22557.7
22090.3
21659.1
21260.2
20891.4
20550.3
20228.2
19912
19596.1
19280.5
18965.1
18650
18335
18020.2
17705.6
17391.1
17076.7
16762.4
16448.3
16134.2
15820.2
15506.3
15192.5
14878.7
14565
14251.3
13937.7
13624.1
13310.6
12997.1
12683.6
12370.1
12056.7
11743.3
11429.9
11116.5
10803.1
10489.8
10176.4
9863.11
9549.78
9236.47
8923.17
8609.87
8296.57
7983.27
7669.97
7356.67
7043.37
6730.07
6416.75
6103.43
5790.09
5476.74
5163.36
4849.96
4534.08
4188.67
3784.68
3310.57
2761.98
2097.08
1385.3
378.891
24984.7
24104.4
23618.8
23051.8
22556
22089.1
21658.4
21259.8
20891.1
20550.1
20228.1
19912
19596.1
19280.5
18965.1
18650
18335
18020.2
17705.6
17391.1
17076.7
16762.4
16448.3
16134.2
15820.2
15506.3
15192.5
14878.7
14565
14251.3
13937.7
13624.1
13310.6
12997.1
12683.6
12370.1
12056.7
11743.3
11429.9
11116.5
10803.1
10489.8
10176.4
9863.1
9549.77
9236.46
8923.15
8609.85
8296.55
7983.25
7669.95
7356.65
7043.35
6730.04
6416.73
6103.4
5790.07
5476.71
5163.34
4849.95
4534.08
4188.68
3784.76
3310.52
2762.67
2096.59
1389.59
378.913
24998
24099.6
23618.1
23049.9
22554.8
22088.3
21657.8
21259.4
20890.8
20549.9
20228
19911.9
19596.1
19280.5
18965.1
18650
18335
18020.2
17705.6
17391.1
17076.7
16762.4
16448.3
16134.2
15820.2
15506.3
15192.5
14878.7
14565
14251.3
13937.7
13624.1
13310.6
12997.1
12683.6
12370.1
12056.7
11743.3
11429.9
11116.5
10803.1
10489.8
10176.4
9863.09
9549.77
9236.45
8923.14
8609.84
8296.54
7983.24
7669.94
7356.64
7043.34
6730.03
6416.71
6103.39
5790.06
5476.71
5163.34
4849.96
4534.1
4188.73
3784.85
3310.6
2763.29
2096.39
1393
380.209
25015.2
24099.5
23618.6
23049.3
22554.2
22087.7
21657.4
21259.1
20890.6
20549.8
20227.9
19911.9
19596.1
19280.5
18965.1
18650
18335
18020.2
17705.6
17391.1
17076.7
16762.5
16448.3
16134.2
15820.2
15506.3
15192.5
14878.7
14565
14251.3
13937.7
13624.1
13310.6
12997.1
12683.6
12370.1
12056.7
11743.3
11429.9
11116.5
10803.1
10489.8
10176.4
9863.09
9549.76
9236.44
8923.13
8609.83
8296.53
7983.23
7669.93
7356.63
7043.33
6730.02
6416.71
6103.39
5790.06
5476.72
5163.36
4849.99
4534.15
4188.81
3784.98
3310.77
2763.83
2096.4
1395.7
378.421
25034.5
24103.2
23620.4
23049.9
22554
22087.6
21657.2
21258.9
20890.5
20549.7
20227.9
19911.8
19596.1
19280.5
18965.1
18650
18335
18020.2
17705.6
17391.1
17076.7
16762.5
16448.3
16134.2
15820.2
15506.3
15192.5
14878.7
14565
14251.3
13937.7
13624.1
13310.6
12997.1
12683.6
12370.1
12056.7
11743.3
11429.9
11116.5
10803.1
10489.8
10176.4
9863.08
9549.76
9236.44
8923.13
8609.82
8296.52
7983.22
7669.92
7356.63
7043.33
6730.02
6416.71
6103.4
5790.08
5476.74
5163.4
4850.05
4534.23
4188.92
3785.12
3311.02
2764.3
2096.56
1398
376.471
25054.4
24109.6
23623.2
23051.6
22554.5
22087.8
21657.2
21258.9
20890.5
20549.7
20227.9
19911.8
19596
19280.5
18965.2
18650
18335.1
18020.3
17705.6
17391.1
17076.7
16762.5
16448.3
16134.2
15820.3
15506.3
15192.5
14878.7
14565
14251.3
13937.7
13624.1
13310.6
12997.1
12683.6
12370.1
12056.7
11743.3
11429.9
11116.5
10803.1
10489.8
10176.4
9863.08
9549.75
9236.43
8923.13
8609.82
8296.52
7983.22
7669.93
7356.63
7043.33
6730.03
6416.73
6103.42
5790.11
5476.79
5163.46
4850.13
4534.33
4189.06
3785.29
3311.3
2764.69
2096.82
1399.87
374.552
25073.2
24117.6
23626.6
23054
22555.4
22088.4
21657.5
21259
20890.5
20549.7
20227.9
19911.8
19596.1
19280.5
18965.2
18650
18335.1
18020.3
17705.7
17391.1
17076.8
16762.5
16448.3
16134.3
15820.3
15506.4
15192.5
14878.7
14565
14251.3
13937.7
13624.1
13310.6
12997.1
12683.6
12370.1
12056.7
11743.3
11429.9
11116.5
10803.1
10489.8
10176.4
9863.08
9549.75
9236.44
8923.13
8609.82
8296.52
7983.23
7669.93
7356.64
7043.35
6730.05
6416.76
6103.46
5790.16
5476.85
5163.54
4850.22
4534.45
4189.22
3785.46
3311.61
2765.01
2097.15
1401.35
372.606
25089.6
24125.9
23630.1
23056.7
22556.5
22089.1
21657.8
21259.2
20890.7
20549.8
20227.9
19911.9
19596.1
19280.6
18965.2
18650.1
18335.1
18020.3
17705.7
17391.2
17076.8
16762.5
16448.4
16134.3
15820.3
15506.4
15192.5
14878.8
14565
14251.4
13937.7
13624.1
13310.6
12997.1
12683.6
12370.1
12056.7
11743.3
11429.9
11116.5
10803.1
10489.8
10176.4
9863.08
9549.75
9236.44
8923.13
8609.83
8296.53
7983.24
7669.95
7356.66
7043.37
6730.09
6416.8
6103.51
5790.22
5476.92
5163.63
4850.33
4534.58
4189.38
3785.65
3311.93
2765.27
2097.51
1402.5
370.728
25102.2
24133.2
23633
23059.2
22557.6
22089.8
21658.2
21259.5
20890.8
20549.9
20228
19912
19596.2
19280.6
18965.3
18650.1
18335.2
18020.4
17705.7
17391.2
17076.8
16762.6
16448.4
16134.3
15820.3
15506.4
15192.6
14878.8
14565
14251.4
13937.7
13624.1
13310.6
12997.1
12683.6
12370.1
12056.7
11743.3
11429.9
11116.5
10803.1
10489.8
10176.4
9863.08
9549.76
9236.45
8923.14
8609.84
8296.55
7983.26
7669.97
7356.69
7043.41
6730.13
6416.85
6103.57
5790.29
5477.01
5163.73
4850.46
4534.73
4189.56
3785.83
3312.24
2765.46
2097.88
1403.35
368.976
25109.6
24138.5
23634.4
23060.9
22558.3
22090.3
21658.5
21259.7
20890.9
20550
20228.1
19912
19596.2
19280.7
18965.3
18650.2
18335.2
18020.4
17705.8
17391.3
17076.9
16762.6
16448.4
16134.3
15820.3
15506.4
15192.6
14878.8
14565.1
14251.4
13937.7
13624.2
13310.6
12997.1
12683.6
12370.1
12056.7
11743.3
11429.9
11116.5
10803.1
10489.8
10176.4
9863.09
9549.77
9236.46
8923.15
8609.85
8296.56
7983.28
7670
7356.72
7043.45
6730.18
6416.91
6103.64
5790.37
5477.11
5163.85
4850.59
4534.88
4189.74
3786.02
3312.54
2765.61
2098.25
1403.97
367.381
25110.3
24140.7
23633.9
23061.5
22558.3
22090.3
21658.6
21259.7
20891
20550.1
20228.2
19912.1
19596.3
19280.8
18965.4
18650.3
18335.3
18020.5
17705.8
17391.3
17076.9
16762.6
16448.5
16134.4
15820.4
15506.5
15192.6
14878.8
14565.1
14251.4
13937.8
13624.2
13310.6
12997.1
12683.6
12370.1
12056.7
11743.3
11429.9
11116.5
10803.1
10489.8
10176.4
9863.09
9549.78
9236.47
8923.17
8609.87
8296.59
7983.31
7670.03
7356.76
7043.49
6730.23
6416.97
6103.72
5790.46
5477.22
5163.97
4850.73
4535.04
4189.92
3786.2
3312.82
2765.72
2098.62
1404.37
365.964
25102.8
24138.9
23630.6
23060.4
22557.3
22089.9
21658.3
21259.6
20891
20550.1
20228.2
19912.2
19596.4
19280.9
18965.5
18650.4
18335.4
18020.6
17705.9
17391.4
17077
16762.7
16448.5
16134.4
15820.4
15506.5
15192.6
14878.8
14565.1
14251.4
13937.8
13624.2
13310.6
12997.1
12683.6
12370.1
12056.7
11743.3
11429.9
11116.5
10803.1
10489.8
10176.4
9863.1
9549.78
9236.48
8923.18
8609.89
8296.61
7983.34
7670.07
7356.8
7043.55
6730.29
6417.04
6103.8
5790.56
5477.33
5164.1
4850.87
4535.2
4190.1
3786.38
3313.1
2765.79
2099.01
1404.58
364.732
25085.7
24132.7
23624.5
23057.7
22555.5
22088.9
21657.8
21259.4
20890.9
20550.1
20228.3
19912.3
19596.6
19281
18965.7
18650.5
18335.5
18020.7
17706
17391.5
17077.1
16762.8
16448.6
16134.5
15820.5
15506.5
15192.7
14878.9
14565.1
14251.4
13937.8
13624.2
13310.6
12997.1
12683.6
12370.1
12056.7
11743.3
11429.9
11116.5
10803.1
10489.8
10176.4
9863.11
9549.79
9236.49
8923.2
8609.91
8296.63
7983.36
7670.1
7356.85
7043.6
6730.35
6417.12
6103.89
5790.66
5477.44
5164.23
4851.02
4535.37
4190.29
3786.58
3313.38
2765.85
2099.45
1404.59
363.673
25057
24122
23615.5
23053.5
22552.9
22087.5
21657.1
21259
20890.8
20550.1
20228.4
19912.4
19596.7
19281.2
18965.8
18650.6
18335.7
18020.8
17706.1
17391.6
17077.2
16762.8
16448.6
16134.5
15820.5
15506.6
15192.7
14878.9
14565.1
14251.4
13937.8
13624.2
13310.6
12997.1
12683.6
12370.1
12056.7
11743.3
11429.9
11116.5
10803.1
10489.8
10176.4
9863.11
9549.8
9236.5
8923.21
8609.93
8296.65
7983.39
7670.13
7356.89
7043.65
6730.41
6417.19
6103.97
5790.76
5477.56
5164.37
4851.18
4535.55
4190.48
3786.78
3313.68
2765.9
2100.02
1404.35
362.783
25018.6
24111.2
23606.8
23050.5
22551.6
22087.3
21657.4
21259.5
20891.4
20550.7
20229
19913
19597.1
19281.5
18966.1
18650.9
18335.9
18021
17706.3
17391.7
17077.3
16762.9
16448.7
16134.6
15820.5
15506.6
15192.7
14878.9
14565.2
14251.5
13937.8
13624.2
13310.6
12997.1
12683.6
12370.1
12056.7
11743.3
11429.9
11116.5
10803.1
10489.8
10176.4
9863.11
9549.8
9236.5
8923.21
8609.93
8296.66
7983.4
7670.15
7356.91
7043.68
6730.46
6417.25
6104.05
5790.86
5477.68
5164.51
4851.35
4535.75
4190.72
3787.05
3314.09
2765.99
2100.9
1403.64
361.681
24965.6
24098.2
23595.2
23046.2
22549.2
22086.3
21657
21259.5
20891.5
20551
20229.2
19913.2
19597.4
19281.8
18966.3
18651.1
18336
18021.1
17706.4
17391.8
17077.3
16763
16448.8
16134.6
15820.6
15506.6
15192.7
14878.9
14565.2
14251.5
13937.8
13624.2
13310.6
12997.1
12683.6
12370.1
12056.7
11743.3
11429.9
11116.5
10803.1
10489.8
10176.4
9863.11
9549.8
9236.5
8923.21
8609.94
8296.67
7983.41
7670.17
7356.93
7043.71
6730.5
6417.29
6104.11
5790.93
5477.77
5164.62
4851.49
4535.92
4190.92
3787.28
3314.5
2765.9
2102.26
1402.53
361.336
24933.4
24127.4
23609.3
23062.3
22561.2
22095.4
21663.9
21264.7
20895.5
20554
20231.5
19915
19598.7
19282.8
18967.1
18651.6
18336.4
18021.4
17706.6
17391.9
17077.4
16763
16448.8
16134.6
15820.6
15506.6
15192.7
14878.9
14565.1
14251.4
13937.8
13624.2
13310.6
12997.1
12683.6
12370.1
12056.7
11743.3
11429.8
11116.5
10803.1
10489.7
10176.4
9863.08
9549.77
9236.47
8923.17
8609.89
8296.62
7983.36
7670.12
7356.88
7043.66
6730.45
6417.26
6104.09
5790.94
5477.81
5164.72
4851.65
4536.18
4191.31
3787.85
3315.6
2766.28
2106.72
1399.12
354.801
24993.7
24136.5
23626.6
23061.4
22560.9
22092.7
21660.8
21261.4
20892.3
20551
20228.9
19912.6
19596.6
19280.9
18965.5
18650.3
18335.3
18020.5
17705.8
17391.3
17076.9
16762.6
16448.5
16134.4
15820.4
15506.5
15192.6
14878.8
14565.1
14251.4
13937.8
13624.2
13310.7
12997.1
12683.6
12370.2
12056.7
11743.3
11429.9
11116.5
10803.2
10489.8
10176.5
9863.14
9549.81
9236.5
8923.2
8609.9
8296.6
7983.3
7670.01
7356.71
7043.41
6730.11
6416.8
6103.48
5790.15
5476.79
5163.42
4850.02
4534.14
4188.73
3784.67
3310.73
2761.39
2097.48
1382.22
417.891
24981.6
24117.7
23622.1
23056.4
22558.6
22091.1
21659.9
21260.9
20892
20550.9
20228.8
19912.6
19596.6
19281
18965.5
18650.3
18335.3
18020.5
17705.8
17391.3
17076.9
16762.6
16448.5
16134.4
15820.4
15506.5
15192.6
14878.8
14565.1
14251.4
13937.8
13624.2
13310.6
12997.1
12683.6
12370.2
12056.7
11743.3
11429.9
11116.5
10803.2
10489.8
10176.5
9863.13
9549.8
9236.49
8923.18
8609.88
8296.58
7983.28
7669.98
7356.68
7043.38
6730.07
6416.76
6103.44
5790.1
5476.75
5163.37
4849.97
4534.1
4188.69
3784.7
3310.58
2762
2097.11
1385.32
378.935
24986.1
24105.7
23620
23052.9
22557
22090
21659.2
21260.5
20891.8
20550.7
20228.7
19912.5
19596.6
19281
18965.5
18650.3
18335.3
18020.5
17705.9
17391.3
17076.9
16762.6
16448.5
16134.4
15820.4
15506.5
15192.6
14878.8
14565.1
14251.4
13937.8
13624.2
13310.6
12997.1
12683.6
12370.2
12056.7
11743.3
11429.9
11116.5
10803.2
10489.8
10176.5
9863.12
9549.79
9236.48
8923.17
8609.86
8296.56
7983.26
7669.96
7356.66
7043.36
6730.05
6416.74
6103.41
5790.08
5476.72
5163.35
4849.96
4534.09
4188.69
3784.77
3310.54
2762.69
2096.62
1389.61
378.97
24999.4
24100.8
23619.3
23051
22555.8
22089.1
21658.6
21260.1
20891.5
20550.6
20228.6
19912.5
19596.6
19281
18965.5
18650.4
18335.4
18020.5
17705.9
17391.3
17076.9
16762.7
16448.5
16134.4
15820.4
15506.5
15192.6
14878.8
14565.1
14251.4
13937.8
13624.2
13310.6
12997.1
12683.6
12370.2
12056.7
11743.3
11429.9
11116.5
10803.2
10489.8
10176.4
9863.11
9549.78
9236.47
8923.16
8609.85
8296.55
7983.25
7669.95
7356.65
7043.34
6730.04
6416.72
6103.4
5790.07
5476.72
5163.35
4849.97
4534.11
4188.74
3784.87
3310.62
2763.3
2096.41
1393
380.271
25016.6
24100.7
23619.8
23050.3
22555.1
22088.6
21658.2
21259.8
20891.3
20550.4
20228.5
19912.4
19596.6
19280.9
18965.5
18650.4
18335.4
18020.5
17705.9
17391.3
17076.9
16762.7
16448.5
16134.4
15820.4
15506.5
15192.6
14878.8
14565.1
14251.4
13937.8
13624.2
13310.6
12997.1
12683.6
12370.2
12056.7
11743.3
11429.9
11116.5
10803.1
10489.8
10176.4
9863.1
9549.78
9236.46
8923.15
8609.84
8296.54
7983.24
7669.94
7356.64
7043.33
6730.03
6416.72
6103.4
5790.07
5476.73
5163.37
4850
4534.16
4188.82
3784.99
3310.79
2763.84
2096.43
1395.71
378.488
25036
24104.4
23621.5
23050.9
22555
22088.5
21658
21259.7
20891.2
20550.3
20228.4
19912.4
19596.5
19280.9
18965.6
18650.4
18335.4
18020.6
17705.9
17391.4
17077
16762.7
16448.5
16134.4
15820.4
15506.5
15192.6
14878.8
14565.1
14251.4
13937.8
13624.2
13310.6
12997.1
12683.6
12370.2
12056.7
11743.3
11429.9
11116.5
10803.1
10489.8
10176.4
9863.1
9549.77
9236.45
8923.14
8609.84
8296.53
7983.23
7669.93
7356.63
7043.33
6730.03
6416.72
6103.41
5790.09
5476.75
5163.41
4850.06
4534.24
4188.94
3785.14
3311.03
2764.31
2096.59
1398
376.542
25055.8
24110.9
23624.4
23052.6
22555.5
22088.7
21658
21259.6
20891.1
20550.3
20228.4
19912.4
19596.5
19280.9
18965.6
18650.4
18335.4
18020.6
17705.9
17391.4
17077
16762.7
16448.5
16134.4
15820.4
15506.5
15192.6
14878.8
14565.1
14251.4
13937.8
13624.2
13310.6
12997.1
12683.6
12370.2
12056.7
11743.3
11429.9
11116.5
10803.1
10489.8
10176.4
9863.1
9549.77
9236.45
8923.14
8609.83
8296.53
7983.23
7669.93
7356.64
7043.34
6730.04
6416.74
6103.43
5790.12
5476.8
5163.47
4850.14
4534.34
4189.07
3785.3
3311.32
2764.7
2096.85
1399.87
374.627
25074.7
24118.9
23627.8
23055
22556.4
22089.2
21658.3
21259.8
20891.2
20550.3
20228.4
19912.4
19596.5
19281
18965.6
18650.4
18335.4
18020.6
17705.9
17391.4
17077
16762.7
16448.5
16134.4
15820.4
15506.5
15192.6
14878.9
14565.1
14251.4
13937.8
13624.2
13310.6
12997.1
12683.6
12370.2
12056.7
11743.3
11429.9
11116.5
10803.1
10489.8
10176.4
9863.1
9549.77
9236.45
8923.14
8609.84
8296.53
7983.24
7669.94
7356.65
7043.36
6730.06
6416.77
6103.47
5790.16
5476.86
5163.55
4850.23
4534.46
4189.23
3785.48
3311.63
2765.02
2097.18
1401.35
372.684
25091
24127.1
23631.3
23057.7
22557.5
22089.9
21658.6
21260
20891.3
20550.4
20228.5
19912.4
19596.6
19281
18965.6
18650.4
18335.5
18020.6
17706
17391.4
17077
16762.7
16448.5
16134.5
15820.5
15506.5
15192.7
14878.9
14565.1
14251.4
13937.8
13624.2
13310.6
12997.1
12683.6
12370.2
12056.7
11743.3
11429.9
11116.5
10803.1
10489.8
10176.4
9863.1
9549.77
9236.45
8923.14
8609.84
8296.54
7983.25
7669.96
7356.67
7043.38
6730.09
6416.81
6103.52
5790.23
5476.93
5163.64
4850.34
4534.59
4189.4
3785.66
3311.95
2765.28
2097.54
1402.49
370.808
25103.6
24134.5
23634.1
23060.2
22558.5
22090.6
21659
21260.2
20891.5
20550.5
20228.6
19912.5
19596.6
19281
18965.7
18650.5
18335.5
18020.7
17706
17391.5
17077.1
16762.8
16448.6
16134.5
15820.5
15506.5
15192.7
14878.9
14565.1
14251.5
13937.8
13624.2
13310.7
12997.1
12683.6
12370.2
12056.7
11743.3
11429.9
11116.5
10803.1
10489.8
10176.4
9863.1
9549.78
9236.46
8923.15
8609.85
8296.56
7983.27
7669.98
7356.7
7043.41
6730.13
6416.86
6103.58
5790.3
5477.02
5163.74
4850.46
4534.74
4189.57
3785.84
3312.26
2765.48
2097.91
1403.35
369.058
25111
24139.8
23635.6
23062
22559.2
22091.1
21659.3
21260.4
20891.6
20550.6
20228.7
19912.6
19596.7
19281.1
18965.7
18650.6
18335.6
18020.7
17706.1
17391.5
17077.1
16762.8
16448.6
16134.5
15820.5
15506.6
15192.7
14878.9
14565.2
14251.5
13937.8
13624.2
13310.7
12997.1
12683.6
12370.2
12056.7
11743.3
11429.9
11116.5
10803.1
10489.8
10176.4
9863.1
9549.78
9236.47
8923.16
8609.87
8296.58
7983.29
7670.01
7356.73
7043.45
6730.18
6416.91
6103.65
5790.38
5477.12
5163.86
4850.6
4534.89
4189.75
3786.03
3312.55
2765.62
2098.28
1403.96
367.465
25111.7
24142
23635
23062.5
22559.2
22091.2
21659.4
21260.5
20891.7
20550.7
20228.7
19912.6
19596.8
19281.2
18965.8
18650.6
18335.6
18020.8
17706.1
17391.6
17077.2
16762.9
16448.7
16134.6
15820.5
15506.6
15192.7
14878.9
14565.2
14251.5
13937.8
13624.2
13310.7
12997.1
12683.6
12370.2
12056.7
11743.3
11429.9
11116.5
10803.1
10489.8
10176.4
9863.11
9549.79
9236.48
8923.18
8609.88
8296.6
7983.32
7670.04
7356.77
7043.5
6730.24
6416.98
6103.72
5790.47
5477.22
5163.98
4850.74
4535.05
4189.93
3786.21
3312.84
2765.73
2098.65
1404.37
366.048
25104.2
24140.1
23631.8
23061.5
22558.3
22090.7
21659.1
21260.3
20891.7
20550.7
20228.8
19912.7
19596.9
19281.3
18965.9
18650.7
18335.7
18020.9
17706.2
17391.7
17077.2
16762.9
16448.7
16134.6
15820.6
15506.6
15192.8
14879
14565.2
14251.5
13937.9
13624.2
13310.7
12997.1
12683.6
12370.2
12056.7
11743.3
11429.9
11116.5
10803.1
10489.8
10176.4
9863.12
9549.8
9236.49
8923.19
8609.9
8296.62
7983.34
7670.07
7356.81
7043.55
6730.3
6417.05
6103.81
5790.57
5477.34
5164.11
4850.88
4535.21
4190.11
3786.39
3313.11
2765.8
2099.04
1404.58
364.816
25087.1
24133.9
23625.7
23058.8
22556.5
22089.8
21658.6
21260.1
20891.6
20550.7
20228.9
19912.8
19597
19281.4
18966.1
18650.9
18335.9
18021
17706.3
17391.7
17077.3
16763
16448.8
16134.7
15820.6
15506.7
15192.8
14879
14565.2
14251.5
13937.9
13624.3
13310.7
12997.2
12683.7
12370.2
12056.7
11743.3
11429.9
11116.5
10803.1
10489.8
10176.5
9863.13
9549.81
9236.5
8923.21
8609.92
8296.64
7983.37
7670.11
7356.85
7043.6
6730.36
6417.12
6103.89
5790.67
5477.45
5164.24
4851.03
4535.38
4190.3
3786.59
3313.39
2765.86
2099.47
1404.58
363.756
25058.4
24123.3
23616.7
23054.5
22553.8
22088.4
21657.9
21259.7
20891.5
20550.8
20229
19913
19597.2
19281.6
18966.2
18651
18336
18021.1
17706.4
17391.8
17077.4
16763.1
16448.8
16134.7
15820.7
15506.7
15192.8
14879
14565.2
14251.5
13937.9
13624.3
13310.7
12997.2
12683.7
12370.2
12056.7
11743.3
11429.9
11116.5
10803.1
10489.8
10176.5
9863.13
9549.82
9236.51
8923.22
8609.94
8296.66
7983.4
7670.14
7356.89
7043.65
6730.42
6417.2
6103.98
5790.77
5477.57
5164.37
4851.19
4535.56
4190.49
3786.79
3313.69
2765.91
2100.04
1404.34
362.863
25020
24112.5
23608
23051.6
22552.5
22088.2
21658.2
21260.3
20892.1
20551.4
20229.5
19913.5
19597.6
19282
18966.5
18651.3
18336.2
18021.3
17706.6
17392
17077.5
16763.1
16448.9
16134.8
15820.7
15506.7
15192.8
14879
14565.3
14251.6
13937.9
13624.3
13310.7
12997.2
12683.7
12370.2
12056.7
11743.3
11429.9
11116.5
10803.1
10489.8
10176.5
9863.13
9549.82
9236.51
8923.22
8609.94
8296.67
7983.41
7670.16
7356.92
7043.69
6730.47
6417.25
6104.05
5790.86
5477.68
5164.52
4851.36
4535.76
4190.73
3787.06
3314.1
2766
2100.92
1403.63
361.756
24967
24099.5
23596.3
23047.3
22550.2
22087.2
21657.8
21260.3
20892.2
20551.6
20229.8
19913.7
19597.9
19282.2
18966.8
18651.5
18336.4
18021.4
17706.7
17392.1
17077.6
16763.2
16448.9
16134.8
15820.7
15506.8
15192.9
14879
14565.3
14251.6
13937.9
13624.3
13310.7
12997.2
12683.7
12370.2
12056.7
11743.3
11429.9
11116.5
10803.1
10489.8
10176.5
9863.13
9549.82
9236.52
8923.23
8609.95
8296.68
7983.42
7670.18
7356.94
7043.72
6730.5
6417.3
6104.11
5790.94
5477.78
5164.63
4851.49
4535.93
4190.93
3787.29
3314.51
2765.91
2102.28
1402.53
361.406
24934.8
24128.7
23610.5
23063.3
22562.2
22096.3
21664.7
21265.4
20896.1
20554.6
20232.1
19915.5
19599.2
19283.2
18967.5
18652
18336.8
18021.7
17706.9
17392.2
17077.6
16763.2
16449
16134.8
15820.7
15506.8
15192.9
14879
14565.2
14251.5
13937.9
13624.3
13310.7
12997.2
12683.6
12370.2
12056.7
11743.3
11429.9
11116.5
10803.1
10489.8
10176.4
9863.1
9549.79
9236.48
8923.19
8609.91
8296.63
7983.37
7670.12
7356.89
7043.67
6730.46
6417.27
6104.09
5790.94
5477.82
5164.72
4851.66
4536.19
4191.31
3787.86
3315.61
2766.29
2106.74
1399.12
354.851
24994.8
24137.4
23627.5
23062.2
22561.6
22093.3
21661.3
21262
20892.8
20551.5
20229.3
19913
19597
19281.3
18965.8
18650.6
18335.6
18020.7
17706
17391.5
17077.1
16762.8
16448.6
16134.5
15820.5
15506.6
15192.7
14878.9
14565.2
14251.5
13937.9
13624.3
13310.7
12997.2
12683.7
12370.2
12056.8
11743.4
11430
11116.6
10803.2
10489.8
10176.5
9863.15
9549.82
9236.51
8923.21
8609.91
8296.61
7983.31
7670.02
7356.72
7043.42
6730.12
6416.81
6103.49
5790.15
5476.8
5163.42
4850.03
4534.15
4188.74
3784.68
3310.74
2761.4
2097.51
1382.23
417.916
24982.6
24118.6
23623
23057.2
22559.3
22091.8
21660.5
21261.5
20892.5
20551.3
20229.2
19912.9
19597
19281.3
18965.8
18650.6
18335.6
18020.7
17706
17391.5
17077.1
16762.8
16448.6
16134.5
15820.5
15506.6
15192.7
14878.9
14565.2
14251.5
13937.9
13624.3
13310.7
12997.2
12683.7
12370.2
12056.8
11743.3
11429.9
11116.6
10803.2
10489.8
10176.5
9863.14
9549.81
9236.5
8923.19
8609.89
8296.58
7983.29
7669.99
7356.69
7043.39
6730.08
6416.77
6103.45
5790.11
5476.75
5163.38
4849.98
4534.11
4188.7
3784.71
3310.6
2762.01
2097.14
1385.33
378.965
24987.1
24106.6
23620.8
23053.7
22557.6
22090.6
21659.7
21261
20892.2
20551.2
20229.1
19912.9
19597
19281.3
18965.8
18650.6
18335.6
18020.7
17706.1
17391.5
17077.1
16762.8
16448.6
16134.5
15820.5
15506.6
15192.7
14878.9
14565.2
14251.5
13937.9
13624.3
13310.7
12997.2
12683.7
12370.2
12056.8
11743.3
11429.9
11116.6
10803.2
10489.8
10176.5
9863.13
9549.8
9236.49
8923.18
8609.87
8296.57
7983.27
7669.97
7356.67
7043.36
6730.06
6416.74
6103.42
5790.08
5476.73
5163.36
4849.97
4534.1
4188.7
3784.78
3310.55
2762.7
2096.64
1389.61
379.009
25000.4
24101.7
23620.1
23051.7
22556.5
22089.8
21659.2
21260.6
20892
20551
20229
19912.8
19596.9
19281.3
18965.8
18650.6
18335.6
18020.8
17706.1
17391.5
17077.1
16762.8
16448.6
16134.5
15820.5
15506.6
15192.7
14878.9
14565.2
14251.5
13937.8
13624.2
13310.7
12997.2
12683.7
12370.2
12056.8
11743.3
11429.9
11116.5
10803.2
10489.8
10176.5
9863.12
9549.79
9236.48
8923.16
8609.86
8296.56
7983.25
7669.95
7356.65
7043.35
6730.04
6416.73
6103.41
5790.07
5476.72
5163.36
4849.98
4534.12
4188.75
3784.88
3310.63
2763.31
2096.43
1393.01
380.314
25017.6
24101.6
23620.6
23051.1
22555.8
22089.2
21658.8
21260.3
20891.8
20550.9
20228.9
19912.8
19596.9
19281.3
18965.8
18650.6
18335.6
18020.8
17706.1
17391.5
17077.1
16762.8
16448.6
16134.5
15820.5
15506.6
15192.7
14878.9
14565.2
14251.5
13937.8
13624.2
13310.7
12997.2
12683.7
12370.2
12056.7
11743.3
11429.9
11116.5
10803.2
10489.8
10176.5
9863.12
9549.79
9236.47
8923.16
8609.85
8296.55
7983.24
7669.94
7356.64
7043.34
6730.03
6416.72
6103.4
5790.08
5476.73
5163.38
4850.01
4534.17
4188.83
3785
3310.8
2763.86
2096.45
1395.71
378.534
25037
24105.3
23622.4
23051.7
22555.7
22089.1
21658.6
21260.2
20891.7
20550.8
20228.9
19912.7
19596.9
19281.3
18965.8
18650.6
18335.6
18020.8
17706.1
17391.5
17077.1
16762.8
16448.6
16134.5
15820.5
15506.6
15192.7
14878.9
14565.2
14251.5
13937.8
13624.2
13310.7
12997.2
12683.7
12370.2
12056.7
11743.3
11429.9
11116.5
10803.2
10489.8
10176.5
9863.11
9549.78
9236.46
8923.15
8609.84
8296.54
7983.24
7669.94
7356.64
7043.34
6730.04
6416.73
6103.41
5790.09
5476.76
5163.42
4850.07
4534.25
4188.94
3785.15
3311.04
2764.32
2096.61
1398
376.591
25056.9
24111.8
23625.2
23053.4
22556.1
22089.3
21658.6
21260.2
20891.6
20550.7
20228.8
19912.7
19596.9
19281.3
18965.9
18650.7
18335.6
18020.8
17706.1
17391.6
17077.1
16762.8
16448.6
16134.5
15820.5
15506.6
15192.7
14878.9
14565.2
14251.5
13937.9
13624.3
13310.7
12997.2
12683.7
12370.2
12056.7
11743.3
11429.9
11116.5
10803.2
10489.8
10176.4
9863.11
9549.78
9236.46
8923.15
8609.84
8296.54
7983.24
7669.94
7356.64
7043.35
6730.05
6416.74
6103.44
5790.12
5476.8
5163.48
4850.14
4534.35
4189.08
3785.31
3311.33
2764.71
2096.87
1399.87
374.679
25075.7
24119.8
23628.6
23055.8
22557
22089.8
21658.8
21260.3
20891.7
20550.8
20228.8
19912.7
19596.9
19281.3
18965.9
18650.7
18335.7
18020.8
17706.1
17391.6
17077.2
16762.9
16448.7
16134.6
15820.5
15506.6
15192.7
14878.9
14565.2
14251.5
13937.9
13624.3
13310.7
12997.2
12683.7
12370.2
12056.7
11743.3
11429.9
11116.5
10803.2
10489.8
10176.4
9863.11
9549.78
9236.46
8923.15
8609.84
8296.54
7983.24
7669.95
7356.66
7043.36
6730.07
6416.77
6103.47
5790.17
5476.86
5163.55
4850.24
4534.47
4189.24
3785.48
3311.64
2765.03
2097.2
1401.35
372.738
25092.1
24128
23632.1
23058.5
22558.2
22090.6
21659.2
21260.5
20891.8
20550.8
20228.9
19912.8
19596.9
19281.3
18965.9
18650.7
18335.7
18020.9
17706.2
17391.6
17077.2
16762.9
16448.7
16134.6
15820.6
15506.6
15192.8
14879
14565.2
14251.5
13937.9
13624.3
13310.7
12997.2
12683.7
12370.2
12056.7
11743.3
11429.9
11116.5
10803.2
10489.8
10176.4
9863.11
9549.78
9236.46
8923.15
8609.85
8296.55
7983.26
7669.96
7356.67
7043.39
6730.1
6416.81
6103.52
5790.23
5476.94
5163.64
4850.35
4534.6
4189.4
3785.67
3311.96
2765.29
2097.55
1402.49
370.864
25104.6
24135.4
23634.9
23061
22559.2
22091.3
21659.6
21260.7
20892
20550.9
20229
19912.8
19597
19281.4
18966
18650.8
18335.7
18020.9
17706.2
17391.7
17077.2
16762.9
16448.7
16134.6
15820.6
15506.6
15192.8
14879
14565.2
14251.5
13937.9
13624.3
13310.7
12997.2
12683.7
12370.2
12056.7
11743.3
11429.9
11116.5
10803.2
10489.8
10176.4
9863.11
9549.79
9236.47
8923.16
8609.86
8296.56
7983.27
7669.99
7356.7
7043.42
6730.14
6416.86
6103.58
5790.3
5477.03
5163.75
4850.47
4534.75
4189.58
3785.85
3312.27
2765.49
2097.93
1403.35
369.115
25112
24140.7
23636.4
23062.7
22559.9
22091.8
21659.9
21260.9
20892.1
20551.1
20229.1
19912.9
19597.1
19281.4
18966
18650.8
18335.8
18021
17706.3
17391.7
17077.3
16763
16448.8
16134.6
15820.6
15506.7
15192.8
14879
14565.2
14251.5
13937.9
13624.3
13310.7
12997.2
12683.7
12370.2
12056.7
11743.3
11429.9
11116.5
10803.2
10489.8
10176.5
9863.12
9549.8
9236.48
8923.17
8609.87
8296.58
7983.3
7670.01
7356.74
7043.46
6730.19
6416.92
6103.65
5790.39
5477.12
5163.86
4850.6
4534.9
4189.76
3786.04
3312.56
2765.63
2098.3
1403.96
367.524
25112.7
24142.9
23635.9
23063.3
22559.9
22091.8
21659.9
21261
20892.2
20551.1
20229.1
19913
19597.1
19281.5
18966.1
18650.9
18335.9
18021
17706.3
17391.8
17077.3
16763
16448.8
16134.7
15820.7
15506.7
15192.8
14879
14565.3
14251.6
13937.9
13624.3
13310.7
12997.2
12683.7
12370.2
12056.8
11743.3
11429.9
11116.5
10803.2
10489.8
10176.5
9863.13
9549.8
9236.49
8923.19
8609.89
8296.6
7983.32
7670.05
7356.77
7043.51
6730.24
6416.99
6103.73
5790.48
5477.23
5163.98
4850.74
4535.06
4189.93
3786.22
3312.85
2765.74
2098.67
1404.36
366.108
25105.3
24141
23632.6
23062.2
22559
22091.4
21659.7
21260.9
20892.1
20551.2
20229.2
19913.1
19597.2
19281.6
18966.2
18651
18336
18021.1
17706.4
17391.8
17077.4
16763.1
16448.8
16134.7
15820.7
15506.7
15192.9
14879
14565.3
14251.6
13937.9
13624.3
13310.7
12997.2
12683.7
12370.2
12056.8
11743.3
11429.9
11116.5
10803.2
10489.8
10176.5
9863.13
9549.81
9236.5
8923.2
8609.91
8296.63
7983.35
7670.08
7356.82
7043.56
6730.3
6417.06
6103.81
5790.57
5477.34
5164.11
4850.89
4535.22
4190.11
3786.4
3313.12
2765.81
2099.05
1404.57
364.874
25088.1
24134.8
23626.5
23059.5
22557.2
22090.4
21659.2
21260.6
20892.1
20551.2
20229.3
19913.2
19597.4
19281.8
18966.4
18651.1
18336.1
18021.2
17706.5
17391.9
17077.5
16763.1
16448.9
16134.8
15820.7
15506.8
15192.9
14879.1
14565.3
14251.6
13937.9
13624.3
13310.7
12997.2
12683.7
12370.2
12056.8
11743.3
11429.9
11116.5
10803.2
10489.8
10176.5
9863.14
9549.82
9236.51
8923.22
8609.93
8296.65
7983.38
7670.12
7356.86
7043.61
6730.37
6417.13
6103.9
5790.68
5477.46
5164.25
4851.04
4535.39
4190.3
3786.59
3313.4
2765.87
2099.49
1404.58
363.813
25059.4
24124.2
23617.5
23055.3
22554.5
22089
21658.4
21260.3
20891.9
20551.2
20229.4
19913.3
19597.5
19281.9
18966.5
18651.3
18336.2
18021.4
17706.6
17392
17077.6
16763.2
16449
16134.8
15820.8
15506.8
15192.9
14879.1
14565.3
14251.6
13937.9
13624.3
13310.7
12997.2
12683.7
12370.2
12056.8
11743.3
11429.9
11116.5
10803.2
10489.8
10176.5
9863.15
9549.83
9236.52
8923.23
8609.95
8296.67
7983.41
7670.15
7356.9
7043.66
6730.42
6417.2
6103.98
5790.77
5477.57
5164.38
4851.19
4535.56
4190.5
3786.8
3313.7
2765.91
2100.06
1404.34
362.919
25021
24113.4
23608.8
23052.3
22553.2
22088.8
21658.7
21260.8
20892.5
20551.8
20229.9
19913.9
19598
19282.3
18966.8
18651.6
18336.5
18021.5
17706.8
17392.1
17077.7
16763.3
16449
16134.9
15820.8
15506.8
15192.9
14879.1
14565.3
14251.6
13938
13624.3
13310.8
12997.2
12683.7
12370.2
12056.8
11743.3
11429.9
11116.5
10803.2
10489.8
10176.5
9863.14
9549.83
9236.53
8923.23
8609.95
8296.68
7983.42
7670.17
7356.92
7043.69
6730.47
6417.26
6104.06
5790.87
5477.69
5164.52
4851.36
4535.77
4190.74
3787.07
3314.11
2766
2100.94
1403.63
361.809
24968
24100.4
23597.1
23048
22550.9
22087.8
21658.4
21260.8
20892.7
20552
20230.2
19914.1
19598.2
19282.5
18967
18651.7
18336.6
18021.7
17706.9
17392.2
17077.7
16763.4
16449.1
16134.9
15820.9
15506.9
15193
14879.1
14565.3
14251.6
13938
13624.3
13310.8
12997.2
12683.7
12370.2
12056.8
11743.3
11429.9
11116.5
10803.2
10489.8
10176.5
9863.14
9549.83
9236.53
8923.24
8609.96
8296.69
7983.43
7670.18
7356.95
7043.72
6730.51
6417.31
6104.12
5790.94
5477.78
5164.63
4851.5
4535.93
4190.94
3787.29
3314.52
2765.92
2102.29
1402.53
361.456
24935.8
24129.6
23611.3
23064
22562.9
22096.9
21665.3
21265.9
20896.6
20555
20232.5
19915.9
19599.5
19283.5
18967.8
18652.3
18337
18021.9
17707.1
17392.4
17077.8
16763.4
16449.1
16134.9
15820.8
15506.9
15192.9
14879.1
14565.3
14251.6
13937.9
13624.3
13310.7
12997.2
12683.7
12370.2
12056.7
11743.3
11429.9
11116.5
10803.1
10489.8
10176.4
9863.11
9549.8
9236.49
8923.2
8609.91
8296.64
7983.38
7670.13
7356.89
7043.67
6730.46
6417.27
6104.1
5790.95
5477.82
5164.73
4851.66
4536.19
4191.32
3787.87
3315.61
2766.29
2106.75
1399.12
354.886
24995.4
24137.9
23628
23062.6
22562
22093.7
21661.7
21262.3
20893.1
20551.8
20229.5
19913.2
19597.2
19281.5
18966
18650.7
18335.7
18020.8
17706.1
17391.6
17077.2
16762.9
16448.7
16134.6
15820.6
15506.6
15192.8
14879
14565.2
14251.5
13937.9
13624.3
13310.7
12997.2
12683.7
12370.2
12056.8
11743.4
11430
11116.6
10803.2
10489.9
10176.5
9863.16
9549.83
9236.52
8923.21
8609.91
8296.61
7983.31
7670.02
7356.72
7043.42
6730.12
6416.81
6103.49
5790.16
5476.8
5163.43
4850.03
4534.15
4188.74
3784.69
3310.75
2761.41
2097.52
1382.25
417.913
24983.2
24119.1
23623.5
23057.6
22559.7
22092.1
21660.8
21261.8
20892.8
20551.6
20229.4
19913.2
19597.2
19281.5
18966
18650.8
18335.7
18020.9
17706.2
17391.6
17077.2
16762.9
16448.7
16134.6
15820.6
15506.6
15192.8
14879
14565.2
14251.5
13937.9
13624.3
13310.7
12997.2
12683.7
12370.2
12056.8
11743.4
11430
11116.6
10803.2
10489.8
10176.5
9863.15
9549.82
9236.5
8923.19
8609.89
8296.59
7983.29
7669.99
7356.69
7043.39
6730.08
6416.77
6103.45
5790.11
5476.76
5163.38
4849.99
4534.11
4188.7
3784.72
3310.6
2762.02
2097.15
1385.34
378.98
24987.7
24107.1
23621.3
23054.1
22558.1
22091
21660.1
21261.3
20892.5
20551.4
20229.3
19913.1
19597.2
19281.5
18966
18650.8
18335.7
18020.9
17706.2
17391.6
17077.2
16762.9
16448.7
16134.6
15820.6
15506.6
15192.8
14879
14565.2
14251.5
13937.9
13624.3
13310.7
12997.2
12683.7
12370.2
12056.8
11743.4
11430
11116.6
10803.2
10489.8
10176.5
9863.14
9549.81
9236.49
8923.18
8609.88
8296.57
7983.27
7669.97
7356.67
7043.37
6730.06
6416.75
6103.42
5790.09
5476.73
5163.36
4849.97
4534.1
4188.71
3784.79
3310.56
2762.71
2096.65
1389.62
379.031
25001
24102.3
23620.6
23052.2
22556.9
22090.1
21659.5
21261
20892.3
20551.3
20229.2
19913.1
19597.1
19281.5
18966
18650.8
18335.7
18020.9
17706.2
17391.6
17077.2
16762.9
16448.7
16134.6
15820.6
15506.6
15192.8
14879
14565.2
14251.5
13937.9
13624.3
13310.7
12997.2
12683.7
12370.2
12056.8
11743.4
11430
11116.6
10803.2
10489.8
10176.5
9863.13
9549.8
9236.48
8923.17
8609.86
8296.56
7983.26
7669.96
7356.65
7043.35
6730.05
6416.73
6103.41
5790.08
5476.73
5163.36
4849.98
4534.13
4188.76
3784.89
3310.64
2763.32
2096.44
1393.01
380.337
25018.2
24102.2
23621.1
23051.5
22556.2
22089.6
21659.1
21260.7
20892.1
20551.1
20229.2
19913
19597.1
19281.4
18966
18650.8
18335.8
18020.9
17706.2
17391.6
17077.2
16762.9
16448.7
16134.6
15820.6
15506.6
15192.8
14879
14565.2
14251.5
13937.9
13624.3
13310.7
12997.2
12683.7
12370.2
12056.8
11743.3
11429.9
11116.6
10803.2
10489.8
10176.5
9863.12
9549.79
9236.47
8923.16
8609.85
8296.55
7983.25
7669.95
7356.65
7043.34
6730.04
6416.73
6103.41
5790.08
5476.74
5163.38
4850.02
4534.18
4188.84
3785.01
3310.81
2763.86
2096.46
1395.71
378.559
25037.6
24105.9
23622.9
23052.2
22556.1
22089.5
21658.9
21260.5
20892
20551
20229.1
19913
19597.1
19281.4
18966
18650.8
18335.8
18020.9
17706.2
17391.7
17077.2
16762.9
16448.7
16134.6
15820.6
15506.6
15192.8
14879
14565.2
14251.5
13937.9
13624.3
13310.7
12997.2
12683.7
12370.2
12056.8
11743.3
11429.9
11116.6
10803.2
10489.8
10176.5
9863.12
9549.79
9236.47
8923.16
8609.85
8296.54
7983.24
7669.94
7356.64
7043.34
6730.04
6416.73
6103.42
5790.1
5476.76
5163.42
4850.07
4534.25
4188.95
3785.15
3311.05
2764.33
2096.62
1398
376.618
25057.5
24112.3
23625.7
23053.8
22556.6
22089.7
21658.9
21260.5
20891.9
20551
20229.1
19913
19597.1
19281.4
18966
18650.8
18335.8
18020.9
17706.2
17391.7
17077.2
16762.9
16448.7
16134.6
15820.6
15506.7
15192.8
14879
14565.2
14251.5
13937.9
13624.3
13310.7
12997.2
12683.7
12370.2
12056.8
11743.3
11429.9
11116.5
10803.2
10489.8
10176.5
9863.12
9549.79
9236.47
8923.15
8609.85
8296.54
7983.24
7669.94
7356.65
7043.35
6730.05
6416.75
6103.44
5790.13
5476.81
5163.48
4850.15
4534.35
4189.09
3785.31
3311.34
2764.72
2096.88
1399.87
374.708
25076.3
24120.3
23629.1
23056.2
22557.4
22090.2
21659.2
21260.6
20892
20551
20229.1
19913
19597.1
19281.5
18966.1
18650.8
18335.8
18021
17706.3
17391.7
17077.3
16763
16448.7
16134.6
15820.6
15506.7
15192.8
14879
14565.2
14251.5
13937.9
13624.3
13310.7
12997.2
12683.7
12370.2
12056.8
11743.3
11429.9
11116.5
10803.2
10489.8
10176.5
9863.12
9549.79
9236.47
8923.15
8609.85
8296.55
7983.25
7669.95
7356.66
7043.36
6730.07
6416.78
6103.48
5790.17
5476.87
5163.56
4850.24
4534.47
4189.24
3785.49
3311.65
2765.04
2097.21
1401.34
372.769
25092.7
24128.6
23632.6
23058.9
22558.6
22090.9
21659.5
21260.8
20892.1
20551.1
20229.1
19913
19597.1
19281.5
18966.1
18650.9
18335.8
18021
17706.3
17391.7
17077.3
16763
16448.8
16134.7
15820.6
15506.7
15192.8
14879
14565.3
14251.6
13937.9
13624.3
13310.7
12997.2
12683.7
12370.2
12056.8
11743.3
11429.9
11116.5
10803.2
10489.8
10176.5
9863.12
9549.79
9236.47
8923.16
8609.85
8296.55
7983.26
7669.97
7356.68
7043.39
6730.1
6416.81
6103.53
5790.24
5476.94
5163.65
4850.35
4534.61
4189.41
3785.67
3311.96
2765.29
2097.56
1402.49
370.897
25105.2
24135.9
23635.4
23061.4
22559.6
22091.6
21659.9
21261
20892.2
20551.2
20229.2
19913.1
19597.2
19281.6
18966.1
18650.9
18335.9
18021
17706.3
17391.8
17077.3
16763
16448.8
16134.7
15820.7
15506.7
15192.8
14879
14565.3
14251.6
13937.9
13624.3
13310.7
12997.2
12683.7
12370.2
12056.8
11743.3
11429.9
11116.5
10803.2
10489.8
10176.5
9863.12
9549.79
9236.48
8923.17
8609.86
8296.57
7983.28
7669.99
7356.7
7043.42
6730.14
6416.86
6103.59
5790.31
5477.03
5163.75
4850.48
4534.75
4189.58
3785.86
3312.27
2765.49
2097.94
1403.34
369.147
25112.6
24141.2
23636.9
23063.2
22560.3
22092.1
21660.2
21261.2
20892.4
20551.3
20229.3
19913.2
19597.3
19281.6
18966.2
18651
18336
18021.1
17706.4
17391.8
17077.4
16763.1
16448.8
16134.7
15820.7
15506.7
15192.9
14879
14565.3
14251.6
13937.9
13624.3
13310.7
12997.2
12683.7
12370.2
12056.8
11743.3
11429.9
11116.5
10803.2
10489.8
10176.5
9863.13
9549.8
9236.49
8923.18
8609.88
8296.59
7983.3
7670.02
7356.74
7043.46
6730.19
6416.92
6103.65
5790.39
5477.13
5163.87
4850.61
4534.9
4189.76
3786.04
3312.57
2765.64
2098.31
1403.96
367.556
25113.4
24143.4
23636.4
23063.7
22560.3
22092.2
21660.3
21261.3
20892.4
20551.4
20229.4
19913.2
19597.4
19281.7
18966.3
18651.1
18336
18021.2
17706.4
17391.9
17077.4
16763.1
16448.9
16134.8
15820.7
15506.8
15192.9
14879.1
14565.3
14251.6
13937.9
13624.3
13310.7
12997.2
12683.7
12370.2
12056.8
11743.3
11429.9
11116.5
10803.2
10489.8
10176.5
9863.13
9549.81
9236.5
8923.19
8609.9
8296.61
7983.33
7670.05
7356.78
7043.51
6730.25
6416.99
6103.73
5790.48
5477.23
5163.99
4850.75
4535.06
4189.94
3786.22
3312.85
2765.74
2098.68
1404.36
366.142
25105.9
24141.6
23633.1
23062.7
22559.4
22091.7
21660
21261.2
20892.4
20551.4
20229.4
19913.3
19597.4
19281.8
18966.4
18651.2
18336.1
18021.3
17706.5
17391.9
17077.5
16763.2
16448.9
16134.8
15820.8
15506.8
15192.9
14879.1
14565.3
14251.6
13938
13624.3
13310.8
12997.2
12683.7
12370.2
12056.8
11743.3
11429.9
11116.5
10803.2
10489.8
10176.5
9863.14
9549.82
9236.51
8923.21
8609.92
8296.63
7983.35
7670.08
7356.82
7043.56
6730.31
6417.06
6103.82
5790.58
5477.34
5164.11
4850.89
4535.22
4190.12
3786.4
3313.12
2765.82
2099.06
1404.57
364.908
25088.7
24135.4
23627
23060
22557.6
22090.8
21659.5
21260.9
20892.4
20551.5
20229.5
19913.4
19597.6
19282
18966.5
18651.3
18336.2
18021.4
17706.6
17392
17077.6
16763.2
16449
16134.9
15820.8
15506.8
15192.9
14879.1
14565.3
14251.6
13938
13624.3
13310.8
12997.2
12683.7
12370.2
12056.8
11743.4
11429.9
11116.5
10803.2
10489.8
10176.5
9863.15
9549.83
9236.52
8923.22
8609.93
8296.65
7983.38
7670.12
7356.86
7043.61
6730.37
6417.13
6103.9
5790.68
5477.46
5164.25
4851.04
4535.39
4190.31
3786.6
3313.4
2765.87
2099.5
1404.58
363.847
25060.1
24124.7
23618
23055.7
22554.9
22089.3
21658.8
21260.6
20892.2
20551.5
20229.6
19913.6
19597.7
19282.1
18966.7
18651.4
18336.4
18021.5
17706.7
17392.1
17077.7
16763.3
16449.1
16134.9
15820.8
15506.9
15193
14879.1
14565.4
14251.6
13938
13624.4
13310.8
12997.2
12683.7
12370.2
12056.8
11743.4
11429.9
11116.6
10803.2
10489.8
10176.5
9863.15
9549.84
9236.53
8923.24
8609.95
8296.67
7983.41
7670.15
7356.9
7043.66
6730.43
6417.2
6103.99
5790.78
5477.58
5164.38
4851.19
4535.56
4190.5
3786.8
3313.71
2765.92
2100.07
1404.34
362.952
25021.6
24113.9
23609.3
23052.8
22553.6
22089.2
21659.1
21261.1
20892.8
20552.1
20230.2
19914.1
19598.2
19282.5
18967
18651.7
18336.6
18021.7
17706.9
17392.3
17077.8
16763.4
16449.1
16135
15820.9
15506.9
15193
14879.2
14565.4
14251.7
13938
13624.4
13310.8
12997.2
12683.7
12370.2
12056.8
11743.4
11429.9
11116.6
10803.2
10489.8
10176.5
9863.15
9549.84
9236.53
8923.24
8609.96
8296.68
7983.42
7670.17
7356.93
7043.69
6730.47
6417.26
6104.06
5790.87
5477.69
5164.52
4851.36
4535.77
4190.74
3787.07
3314.11
2766.01
2100.95
1403.63
361.84
24968.6
24100.9
23597.6
23048.5
22551.3
22088.2
21658.7
21261.1
20893
20552.3
20230.4
19914.3
19598.4
19282.7
18967.2
18651.9
18336.8
18021.8
17707
17392.4
17077.8
16763.4
16449.2
16135
15820.9
15506.9
15193
14879.2
14565.4
14251.7
13938
13624.4
13310.8
12997.2
12683.7
12370.2
12056.8
11743.4
11429.9
11116.5
10803.2
10489.8
10176.5
9863.15
9549.84
9236.53
8923.24
8609.96
8296.69
7983.43
7670.19
7356.95
7043.72
6730.51
6417.31
6104.12
5790.94
5477.78
5164.64
4851.5
4535.93
4190.94
3787.3
3314.52
2765.92
2102.3
1402.53
361.486
24936.4
24130.1
23611.8
23064.5
22563.3
22097.3
21665.6
21266.3
20896.9
20555.3
20232.7
19916.1
19599.7
19283.7
18967.9
18652.4
18337.2
18022.1
17707.2
17392.5
17077.9
16763.5
16449.2
16135
15820.9
15506.9
15193
14879.2
14565.4
14251.6
13938
13624.3
13310.8
12997.2
12683.7
12370.2
12056.8
11743.3
11429.9
11116.5
10803.2
10489.8
10176.5
9863.12
9549.8
9236.5
8923.2
8609.92
8296.64
7983.38
7670.13
7356.9
7043.67
6730.46
6417.27
6104.1
5790.95
5477.83
5164.73
4851.67
4536.19
4191.32
3787.87
3315.62
2766.29
2106.76
1399.13
354.906
24995.6
24138.1
23628.1
23062.8
22562.1
22093.8
21661.8
21262.4
20893.2
20551.8
20229.6
19913.3
19597.3
19281.5
18966
18650.8
18335.7
18020.9
17706.2
17391.6
17077.2
16762.9
16448.7
16134.6
15820.6
15506.7
15192.8
14879
14565.3
14251.6
13937.9
13624.3
13310.7
12997.2
12683.7
12370.2
12056.8
11743.4
11430
11116.6
10803.2
10489.9
10176.5
9863.16
9549.83
9236.52
8923.21
8609.91
8296.61
7983.31
7670.02
7356.72
7043.42
6730.12
6416.81
6103.49
5790.16
5476.8
5163.43
4850.03
4534.15
4188.74
3784.69
3310.75
2761.41
2097.52
1382.25
417.916
24983.4
24119.3
23623.6
23057.8
22559.9
22092.3
21660.9
21261.9
20892.9
20551.7
20229.5
19913.2
19597.2
19281.5
18966.1
18650.8
18335.8
18020.9
17706.2
17391.6
17077.2
16762.9
16448.7
16134.6
15820.6
15506.7
15192.8
14879
14565.2
14251.6
13937.9
13624.3
13310.7
12997.2
12683.7
12370.2
12056.8
11743.4
11430
11116.6
10803.2
10489.8
10176.5
9863.15
9549.82
9236.5
8923.19
8609.89
8296.59
7983.29
7669.99
7356.69
7043.39
6730.09
6416.77
6103.45
5790.11
5476.76
5163.38
4849.99
4534.11
4188.71
3784.72
3310.61
2762.02
2097.15
1385.34
378.98
24988
24107.3
23621.5
23054.3
22558.2
22091.1
21660.2
21261.4
20892.6
20551.5
20229.4
19913.2
19597.2
19281.5
18966.1
18650.8
18335.8
18020.9
17706.2
17391.7
17077.2
16762.9
16448.7
16134.6
15820.6
15506.7
15192.8
14879
14565.2
14251.5
13937.9
13624.3
13310.7
12997.2
12683.7
12370.2
12056.8
11743.4
11430
11116.6
10803.2
10489.8
10176.5
9863.14
9549.81
9236.49
8923.18
8609.88
8296.57
7983.27
7669.97
7356.67
7043.37
6730.06
6416.75
6103.42
5790.09
5476.73
5163.36
4849.97
4534.11
4188.71
3784.79
3310.56
2762.71
2096.65
1389.62
379.033
25001.2
24102.4
23620.8
23052.3
22557
22090.3
21659.6
21261.1
20892.4
20551.4
20229.3
19913.1
19597.2
19281.5
18966.1
18650.8
18335.8
18020.9
17706.2
17391.7
17077.2
16762.9
16448.7
16134.6
15820.6
15506.7
15192.8
14879
14565.2
14251.5
13937.9
13624.3
13310.7
12997.2
12683.7
12370.2
12056.8
11743.4
11430
11116.6
10803.2
10489.8
10176.5
9863.13
9549.8
9236.48
8923.17
8609.86
8296.56
7983.26
7669.96
7356.65
7043.35
6730.05
6416.73
6103.41
5790.08
5476.73
5163.37
4849.98
4534.13
4188.76
3784.89
3310.64
2763.32
2096.45
1393.02
380.341
25018.4
24102.3
23621.2
23051.7
22556.3
22089.7
21659.2
21260.8
20892.2
20551.2
20229.2
19913.1
19597.2
19281.5
18966.1
18650.8
18335.8
18020.9
17706.2
17391.7
17077.2
16762.9
16448.7
16134.6
15820.6
15506.7
15192.8
14879
14565.2
14251.5
13937.9
13624.3
13310.7
12997.2
12683.7
12370.2
12056.8
11743.4
11430
11116.6
10803.2
10489.8
10176.5
9863.12
9549.79
9236.48
8923.16
8609.86
8296.55
7983.25
7669.95
7356.65
7043.34
6730.04
6416.73
6103.41
5790.08
5476.74
5163.38
4850.02
4534.18
4188.84
3785.01
3310.81
2763.86
2096.46
1395.71
378.565
25037.8
24106
23623
23052.3
22556.2
22089.6
21659
21260.6
20892
20551.1
20229.2
19913
19597.2
19281.5
18966.1
18650.9
18335.8
18021
17706.3
17391.7
17077.3
16762.9
16448.7
16134.6
15820.6
15506.7
15192.8
14879
14565.2
14251.5
13937.9
13624.3
13310.7
12997.2
12683.7
12370.2
12056.8
11743.3
11429.9
11116.6
10803.2
10489.8
10176.5
9863.12
9549.79
9236.47
8923.16
8609.85
8296.54
7983.24
7669.94
7356.64
7043.34
6730.04
6416.73
6103.42
5790.1
5476.77
5163.42
4850.07
4534.25
4188.95
3785.15
3311.05
2764.33
2096.62
1398
376.624
25057.7
24112.5
23625.9
23054
22556.7
22089.8
21659.1
21260.6
20892
20551.1
20229.2
19913
19597.2
19281.5
18966.1
18650.9
18335.8
18021
17706.3
17391.7
17077.3
16763
16448.8
16134.6
15820.6
15506.7
15192.8
14879
14565.2
14251.5
13937.9
13624.3
13310.7
12997.2
12683.7
12370.2
12056.8
11743.3
11429.9
11116.6
10803.2
10489.8
10176.5
9863.12
9549.79
9236.47
8923.15
8609.85
8296.54
7983.24
7669.94
7356.65
7043.35
6730.05
6416.75
6103.44
5790.13
5476.81
5163.48
4850.15
4534.35
4189.09
3785.32
3311.34
2764.72
2096.88
1399.87
374.715
25076.5
24120.5
23629.3
23056.4
22557.6
22090.3
21659.3
21260.7
20892.1
20551.1
20229.2
19913
19597.2
19281.5
18966.1
18650.9
18335.9
18021
17706.3
17391.7
17077.3
16763
16448.8
16134.7
15820.6
15506.7
15192.8
14879
14565.3
14251.6
13937.9
13624.3
13310.7
12997.2
12683.7
12370.2
12056.8
11743.3
11429.9
11116.5
10803.2
10489.8
10176.5
9863.12
9549.79
9236.47
8923.15
8609.85
8296.55
7983.25
7669.95
7356.66
7043.37
6730.07
6416.78
6103.48
5790.18
5476.87
5163.56
4850.24
4534.47
4189.24
3785.49
3311.65
2765.04
2097.21
1401.35
372.777
25092.9
24128.8
23632.8
23059.1
22558.7
22091.1
21659.7
21260.9
20892.2
20551.2
20229.2
19913.1
19597.2
19281.6
18966.1
18650.9
18335.9
18021
17706.3
17391.8
17077.3
16763
16448.8
16134.7
15820.7
15506.7
15192.8
14879
14565.3
14251.6
13937.9
13624.3
13310.7
12997.2
12683.7
12370.2
12056.8
11743.3
11429.9
11116.5
10803.2
10489.8
10176.5
9863.12
9549.79
9236.47
8923.16
8609.85
8296.56
7983.26
7669.97
7356.68
7043.39
6730.1
6416.81
6103.53
5790.24
5476.94
5163.65
4850.35
4534.61
4189.41
3785.67
3311.96
2765.29
2097.57
1402.49
370.906
25105.4
24136.1
23635.6
23061.6
22559.8
22091.8
21660.1
21261.1
20892.3
20551.3
20229.3
19913.1
19597.3
19281.6
18966.2
18651
18335.9
18021.1
17706.4
17391.8
17077.4
16763
16448.8
16134.7
15820.7
15506.7
15192.8
14879
14565.3
14251.6
13937.9
13624.3
13310.7
12997.2
12683.7
12370.2
12056.8
11743.3
11429.9
11116.5
10803.2
10489.8
10176.5
9863.12
9549.8
9236.48
8923.17
8609.86
8296.57
7983.28
7669.99
7356.71
7043.42
6730.14
6416.86
6103.59
5790.31
5477.03
5163.75
4850.48
4534.75
4189.58
3785.86
3312.27
2765.49
2097.94
1403.34
369.155
25112.8
24141.4
23637.1
23063.3
22560.5
22092.3
21660.3
21261.3
20892.5
20551.4
20229.4
19913.2
19597.3
19281.7
18966.3
18651
18336
18021.1
17706.4
17391.9
17077.4
16763.1
16448.9
16134.7
15820.7
15506.8
15192.9
14879.1
14565.3
14251.6
13937.9
13624.3
13310.7
12997.2
12683.7
12370.2
12056.8
11743.3
11429.9
11116.5
10803.2
10489.8
10176.5
9863.13
9549.8
9236.49
8923.18
8609.88
8296.59
7983.3
7670.02
7356.74
7043.46
6730.19
6416.92
6103.65
5790.39
5477.13
5163.87
4850.61
4534.9
4189.76
3786.04
3312.57
2765.64
2098.31
1403.96
367.564
25113.6
24143.6
23636.5
23063.9
22560.5
22092.3
21660.4
21261.4
20892.5
20551.5
20229.5
19913.3
19597.4
19281.8
18966.3
18651.1
18336.1
18021.2
17706.5
17391.9
17077.5
16763.1
16448.9
16134.8
15820.7
15506.8
15192.9
14879.1
14565.3
14251.6
13937.9
13624.3
13310.8
12997.2
12683.7
12370.2
12056.8
11743.3
11429.9
11116.5
10803.2
10489.8
10176.5
9863.14
9549.81
9236.5
8923.19
8609.9
8296.61
7983.33
7670.05
7356.78
7043.51
6730.25
6416.99
6103.73
5790.48
5477.23
5163.99
4850.75
4535.06
4189.94
3786.22
3312.85
2765.74
2098.68
1404.36
366.15
25106.1
24141.8
23633.3
23062.8
22559.5
22091.9
21660.1
21261.3
20892.5
20551.5
20229.5
19913.4
19597.5
19281.9
18966.4
18651.2
18336.2
18021.3
17706.6
17392
17077.5
16763.2
16449
16134.8
15820.8
15506.8
15192.9
14879.1
14565.3
14251.6
13938
13624.3
13310.8
12997.2
12683.7
12370.2
12056.8
11743.4
11429.9
11116.5
10803.2
10489.8
10176.5
9863.14
9549.82
9236.51
8923.21
8609.92
8296.63
7983.36
7670.08
7356.82
7043.56
6730.31
6417.06
6103.82
5790.58
5477.34
5164.12
4850.89
4535.22
4190.12
3786.41
3313.12
2765.82
2099.07
1404.57
364.918
25088.9
24135.5
23627.2
23060.1
22557.7
22090.9
21659.6
21261
20892.4
20551.5
20229.6
19913.5
19597.7
19282
18966.6
18651.4
18336.3
18021.4
17706.7
17392.1
17077.6
16763.3
16449
16134.9
15820.8
15506.9
15193
14879.1
14565.4
14251.6
13938
13624.4
13310.8
12997.2
12683.7
12370.2
12056.8
11743.4
11429.9
11116.6
10803.2
10489.8
10176.5
9863.15
9549.83
9236.52
8923.22
8609.93
8296.65
7983.38
7670.12
7356.86
7043.61
6730.37
6417.13
6103.9
5790.68
5477.46
5164.25
4851.04
4535.39
4190.31
3786.6
3313.4
2765.87
2099.5
1404.58
363.857
25060.3
24124.9
23618.2
23055.9
22555.1
22089.5
21658.9
21260.7
20892.3
20551.6
20229.7
19913.6
19597.8
19282.2
18966.7
18651.5
18336.4
18021.5
17706.8
17392.2
17077.7
16763.3
16449.1
16134.9
15820.9
15506.9
15193
14879.2
14565.4
14251.7
13938
13624.4
13310.8
12997.2
12683.7
12370.2
12056.8
11743.4
11429.9
11116.6
10803.2
10489.8
10176.5
9863.16
9549.84
9236.53
8923.24
8609.95
8296.68
7983.41
7670.15
7356.9
7043.66
6730.43
6417.2
6103.99
5790.78
5477.58
5164.38
4851.19
4535.57
4190.5
3786.8
3313.71
2765.92
2100.07
1404.34
362.962
25021.8
24114.1
23609.5
23052.9
22553.8
22089.3
21659.2
21261.2
20892.9
20552.1
20230.3
19914.2
19598.3
19282.6
18967.1
18651.8
18336.7
18021.7
17706.9
17392.3
17077.8
16763.4
16449.1
16135
15820.9
15506.9
15193
14879.2
14565.4
14251.7
13938
13624.4
13310.8
12997.2
12683.7
12370.2
12056.8
11743.4
11429.9
11116.6
10803.2
10489.8
10176.5
9863.15
9549.84
9236.53
8923.24
8609.96
8296.68
7983.42
7670.17
7356.93
7043.69
6730.47
6417.26
6104.06
5790.87
5477.69
5164.52
4851.36
4535.77
4190.74
3787.07
3314.11
2766.01
2100.95
1403.63
361.849
24968.8
24101.1
23597.8
23048.6
22551.4
22088.3
21658.9
21261.2
20893.1
20552.4
20230.5
19914.4
19598.5
19282.8
18967.3
18652
18336.8
18021.9
17707
17392.4
17077.9
16763.5
16449.2
16135
15820.9
15506.9
15193
14879.2
14565.4
14251.7
13938
13624.4
13310.8
12997.2
12683.7
12370.2
12056.8
11743.4
11429.9
11116.6
10803.2
10489.8
10176.5
9863.15
9549.84
9236.53
8923.24
8609.96
8296.69
7983.43
7670.19
7356.95
7043.72
6730.51
6417.31
6104.12
5790.94
5477.78
5164.64
4851.5
4535.93
4190.94
3787.3
3314.52
2765.92
2102.3
1402.52
361.495
24936.6
24130.3
23611.9
23064.6
22563.4
22097.4
21665.7
21266.4
20897
20555.4
20232.8
19916.2
19599.8
19283.8
18968
18652.5
18337.2
18022.1
17707.2
17392.5
17078
16763.5
16449.2
16135
15820.9
15506.9
15193
14879.2
14565.4
14251.7
13938
13624.4
13310.8
12997.2
12683.7
12370.2
12056.8
11743.3
11429.9
11116.5
10803.2
10489.8
10176.5
9863.12
9549.81
9236.5
8923.2
8609.92
8296.65
7983.38
7670.13
7356.9
7043.67
6730.46
6417.27
6104.1
5790.95
5477.83
5164.73
4851.67
4536.19
4191.32
3787.87
3315.62
2766.29
2106.76
1399.12
354.912
24995.4
24137.9
23628
23062.6
22562
22093.7
21661.7
21262.3
20893.1
20551.8
20229.5
19913.2
19597.2
19281.5
18966
18650.7
18335.7
18020.8
17706.1
17391.6
17077.2
16762.9
16448.7
16134.6
15820.6
15506.6
15192.8
14879
14565.2
14251.5
13937.9
13624.3
13310.7
12997.2
12683.7
12370.2
12056.8
11743.4
11430
11116.6
10803.2
10489.8
10176.5
9863.15
9549.83
9236.51
8923.21
8609.91
8296.61
7983.31
7670.01
7356.72
7043.42
6730.12
6416.81
6103.49
5790.15
5476.8
5163.43
4850.03
4534.15
4188.74
3784.68
3310.75
2761.41
2097.52
1382.25
417.883
24983.2
24119.1
23623.5
23057.6
22559.7
22092.1
21660.8
21261.8
20892.8
20551.6
20229.4
19913.2
19597.2
19281.5
18966
18650.8
18335.7
18020.9
17706.2
17391.6
17077.2
16762.9
16448.7
16134.6
15820.6
15506.6
15192.8
14879
14565.2
14251.5
13937.9
13624.3
13310.7
12997.2
12683.7
12370.2
12056.8
11743.4
11430
11116.6
10803.2
10489.8
10176.5
9863.14
9549.81
9236.5
8923.19
8609.89
8296.59
7983.29
7669.99
7356.69
7043.39
6730.08
6416.77
6103.45
5790.11
5476.75
5163.38
4849.99
4534.11
4188.7
3784.72
3310.6
2762.02
2097.14
1385.34
378.967
24987.8
24107.1
23621.3
23054.1
22558.1
22091
21660.1
21261.3
20892.5
20551.4
20229.3
19913.1
19597.2
19281.5
18966
18650.8
18335.7
18020.9
17706.2
17391.6
17077.2
16762.9
16448.7
16134.6
15820.6
15506.6
15192.8
14879
14565.2
14251.5
13937.9
13624.3
13310.7
12997.2
12683.7
12370.2
12056.8
11743.4
11430
11116.6
10803.2
10489.8
10176.5
9863.13
9549.8
9236.49
8923.18
8609.87
8296.57
7983.27
7669.97
7356.67
7043.36
6730.06
6416.75
6103.42
5790.08
5476.73
5163.36
4849.97
4534.1
4188.71
3784.79
3310.55
2762.7
2096.64
1389.63
379.022
25001
24102.3
23620.6
23052.2
22556.9
22090.1
21659.5
21261
20892.3
20551.3
20229.2
19913.1
19597.1
19281.5
18966
18650.8
18335.7
18020.9
17706.2
17391.6
17077.2
16762.9
16448.7
16134.6
15820.6
15506.6
15192.8
14879
14565.2
14251.5
13937.9
13624.3
13310.7
12997.2
12683.7
12370.2
12056.8
11743.4
11430
11116.6
10803.2
10489.8
10176.5
9863.13
9549.8
9236.48
8923.17
8609.86
8296.56
7983.25
7669.95
7356.65
7043.35
6730.04
6416.73
6103.41
5790.07
5476.73
5163.36
4849.98
4534.13
4188.76
3784.88
3310.63
2763.32
2096.44
1393.02
380.327
25018.2
24102.2
23621.1
23051.5
22556.2
22089.6
21659.1
21260.7
20892.1
20551.1
20229.2
19913
19597.1
19281.5
18966
18650.8
18335.8
18020.9
17706.2
17391.6
17077.2
16762.9
16448.7
16134.6
15820.6
15506.6
15192.8
14879
14565.2
14251.5
13937.9
13624.3
13310.7
12997.2
12683.7
12370.2
12056.8
11743.3
11429.9
11116.6
10803.2
10489.8
10176.5
9863.12
9549.79
9236.47
8923.16
8609.85
8296.55
7983.24
7669.94
7356.64
7043.34
6730.04
6416.72
6103.41
5790.08
5476.74
5163.38
4850.01
4534.18
4188.84
3785.01
3310.81
2763.86
2096.45
1395.72
378.55
25037.6
24105.9
23622.9
23052.2
22556.1
22089.5
21658.9
21260.5
20892
20551
20229.1
19913
19597.1
19281.4
18966
18650.8
18335.8
18020.9
17706.2
17391.7
17077.2
16762.9
16448.7
16134.6
15820.6
15506.6
15192.8
14879
14565.2
14251.5
13937.9
13624.3
13310.7
12997.2
12683.7
12370.2
12056.8
11743.3
11429.9
11116.6
10803.2
10489.8
10176.5
9863.12
9549.79
9236.47
8923.15
8609.85
8296.54
7983.24
7669.94
7356.64
7043.34
6730.04
6416.73
6103.42
5790.09
5476.76
5163.42
4850.07
4534.25
4188.95
3785.15
3311.05
2764.32
2096.61
1398
376.61
25057.5
24112.3
23625.7
23053.8
22556.6
22089.7
21658.9
21260.5
20891.9
20551
20229.1
19913
19597.1
19281.4
18966
18650.8
18335.8
18020.9
17706.2
17391.7
17077.2
16762.9
16448.7
16134.6
15820.6
15506.7
15192.8
14879
14565.2
14251.5
13937.9
13624.3
13310.7
12997.2
12683.7
12370.2
12056.8
11743.3
11429.9
11116.5
10803.2
10489.8
10176.5
9863.11
9549.78
9236.46
8923.15
8609.84
8296.54
7983.24
7669.94
7356.64
7043.35
6730.05
6416.75
6103.44
5790.13
5476.81
5163.48
4850.15
4534.35
4189.09
3785.31
3311.33
2764.72
2096.88
1399.87
374.7
25076.3
24120.3
23629.1
23056.2
22557.4
22090.2
21659.2
21260.6
20892
20551
20229.1
19913
19597.1
19281.5
18966.1
18650.8
18335.8
18021
17706.3
17391.7
17077.3
16763
16448.7
16134.6
15820.6
15506.7
15192.8
14879
14565.2
14251.5
13937.9
13624.3
13310.7
12997.2
12683.7
12370.2
12056.8
11743.3
11429.9
11116.5
10803.2
10489.8
10176.5
9863.11
9549.78
9236.46
8923.15
8609.84
8296.54
7983.25
7669.95
7356.66
7043.36
6730.07
6416.77
6103.47
5790.17
5476.87
5163.56
4850.24
4534.47
4189.24
3785.49
3311.64
2765.04
2097.2
1401.35
372.761
25092.7
24128.6
23632.6
23058.9
22558.6
22090.9
21659.5
21260.8
20892.1
20551.1
20229.1
19913
19597.1
19281.5
18966.1
18650.9
18335.9
18021
17706.3
17391.7
17077.3
16763
16448.8
16134.7
15820.6
15506.7
15192.8
14879
14565.3
14251.6
13937.9
13624.3
13310.7
12997.2
12683.7
12370.2
12056.8
11743.3
11429.9
11116.5
10803.2
10489.8
10176.5
9863.12
9549.79
9236.47
8923.16
8609.85
8296.55
7983.26
7669.97
7356.68
7043.39
6730.1
6416.81
6103.52
5790.23
5476.94
5163.65
4850.35
4534.6
4189.41
3785.67
3311.96
2765.29
2097.56
1402.49
370.889
25105.2
24135.9
23635.5
23061.4
22559.6
22091.6
21659.9
21261
20892.2
20551.2
20229.2
19913.1
19597.2
19281.6
18966.1
18650.9
18335.9
18021
17706.3
17391.8
17077.3
16763
16448.8
16134.7
15820.7
15506.7
15192.8
14879
14565.3
14251.6
13937.9
13624.3
13310.7
12997.2
12683.7
12370.2
12056.8
11743.3
11429.9
11116.5
10803.2
10489.8
10176.5
9863.12
9549.79
9236.47
8923.16
8609.86
8296.57
7983.27
7669.99
7356.7
7043.42
6730.14
6416.86
6103.58
5790.31
5477.03
5163.75
4850.47
4534.75
4189.58
3785.86
3312.27
2765.49
2097.93
1403.35
369.145
25112.6
24141.2
23636.9
23063.2
22560.3
22092.1
21660.2
21261.2
20892.4
20551.3
20229.3
19913.2
19597.3
19281.6
18966.2
18651
18336
18021.1
17706.4
17391.8
17077.4
16763.1
16448.8
16134.7
15820.7
15506.7
15192.9
14879
14565.3
14251.6
13937.9
13624.3
13310.7
12997.2
12683.7
12370.2
12056.8
11743.3
11429.9
11116.5
10803.2
10489.8
10176.5
9863.12
9549.8
9236.48
8923.18
8609.88
8296.58
7983.3
7670.01
7356.74
7043.46
6730.19
6416.92
6103.65
5790.39
5477.12
5163.86
4850.61
4534.9
4189.76
3786.04
3312.56
2765.63
2098.3
1403.96
367.554
25113.4
24143.4
23636.4
23063.7
22560.3
22092.2
21660.3
21261.3
20892.4
20551.4
20229.4
19913.2
19597.4
19281.7
18966.3
18651.1
18336
18021.2
17706.5
17391.9
17077.4
16763.1
16448.9
16134.8
15820.7
15506.8
15192.9
14879.1
14565.3
14251.6
13937.9
13624.3
13310.7
12997.2
12683.7
12370.2
12056.8
11743.3
11429.9
11116.5
10803.2
10489.8
10176.5
9863.13
9549.81
9236.49
8923.19
8609.89
8296.61
7983.32
7670.05
7356.77
7043.51
6730.24
6416.98
6103.73
5790.48
5477.23
5163.99
4850.74
4535.06
4189.94
3786.22
3312.85
2765.74
2098.68
1404.36
366.136
25105.9
24141.6
23633.1
23062.7
22559.4
22091.7
21660
21261.2
20892.4
20551.4
20229.4
19913.3
19597.4
19281.8
18966.4
18651.2
18336.1
18021.3
17706.5
17391.9
17077.5
16763.2
16448.9
16134.8
15820.8
15506.8
15192.9
14879.1
14565.3
14251.6
13938
13624.3
13310.8
12997.2
12683.7
12370.2
12056.8
11743.3
11429.9
11116.5
10803.2
10489.8
10176.5
9863.14
9549.82
9236.51
8923.21
8609.91
8296.63
7983.35
7670.08
7356.82
7043.56
6730.3
6417.06
6103.81
5790.57
5477.34
5164.11
4850.89
4535.22
4190.12
3786.4
3313.12
2765.81
2099.06
1404.57
364.903
25088.7
24135.4
23627
23060
22557.6
22090.8
21659.5
21260.9
20892.4
20551.5
20229.5
19913.4
19597.6
19282
18966.5
18651.3
18336.3
18021.4
17706.6
17392
17077.6
16763.2
16449
16134.9
15820.8
15506.8
15192.9
14879.1
14565.3
14251.6
13938
13624.3
13310.8
12997.2
12683.7
12370.2
12056.8
11743.3
11429.9
11116.5
10803.2
10489.8
10176.5
9863.15
9549.83
9236.52
8923.22
8609.93
8296.65
7983.38
7670.12
7356.86
7043.61
6730.37
6417.13
6103.9
5790.68
5477.46
5164.25
4851.04
4535.39
4190.3
3786.59
3313.4
2765.87
2099.5
1404.58
363.841
25060.1
24124.7
23618
23055.7
22554.9
22089.4
21658.8
21260.6
20892.2
20551.5
20229.6
19913.6
19597.7
19282.1
18966.7
18651.5
18336.4
18021.5
17706.7
17392.1
17077.7
16763.3
16449.1
16134.9
15820.8
15506.9
15193
14879.1
14565.4
14251.6
13938
13624.4
13310.8
12997.2
12683.7
12370.2
12056.8
11743.4
11429.9
11116.6
10803.2
10489.8
10176.5
9863.15
9549.83
9236.53
8923.23
8609.95
8296.67
7983.41
7670.15
7356.9
7043.66
6730.42
6417.2
6103.98
5790.77
5477.57
5164.38
4851.19
4535.56
4190.5
3786.8
3313.7
2765.92
2100.07
1404.34
362.946
25021.6
24113.9
23609.3
23052.8
22553.6
22089.2
21659.1
21261.1
20892.8
20552.1
20230.2
19914.1
19598.2
19282.5
18967
18651.7
18336.6
18021.7
17706.9
17392.3
17077.8
16763.4
16449.1
16135
15820.9
15506.9
15193
14879.2
14565.4
14251.7
13938
13624.4
13310.8
12997.2
12683.7
12370.2
12056.8
11743.4
11429.9
11116.5
10803.2
10489.8
10176.5
9863.15
9549.83
9236.53
8923.24
8609.95
8296.68
7983.42
7670.17
7356.93
7043.69
6730.47
6417.26
6104.06
5790.87
5477.69
5164.52
4851.36
4535.77
4190.74
3787.07
3314.11
2766.01
2100.95
1403.62
361.836
24968.6
24100.9
23597.6
23048.5
22551.3
22088.2
21658.7
21261.1
20893
20552.3
20230.4
19914.3
19598.4
19282.7
18967.2
18651.9
18336.8
18021.8
17707
17392.4
17077.8
16763.4
16449.2
16135
15820.9
15506.9
15193
14879.2
14565.4
14251.7
13938
13624.4
13310.8
12997.2
12683.7
12370.2
12056.8
11743.4
11429.9
11116.5
10803.2
10489.8
10176.5
9863.15
9549.83
9236.53
8923.24
8609.96
8296.69
7983.43
7670.18
7356.95
7043.72
6730.51
6417.31
6104.12
5790.94
5477.78
5164.63
4851.5
4535.93
4190.94
3787.29
3314.52
2765.92
2102.3
1402.52
361.482
24936.4
24130.1
23611.8
23064.5
22563.3
22097.3
21665.6
21266.3
20896.9
20555.3
20232.7
19916.1
19599.8
19283.7
18967.9
18652.4
18337.2
18022.1
17707.2
17392.5
17077.9
16763.5
16449.2
16135
15820.9
15506.9
15193
14879.2
14565.4
14251.6
13938
13624.3
13310.8
12997.2
12683.7
12370.2
12056.8
11743.3
11429.9
11116.5
10803.2
10489.8
10176.5
9863.12
9549.8
9236.49
8923.2
8609.92
8296.64
7983.38
7670.13
7356.89
7043.67
6730.46
6417.27
6104.1
5790.95
5477.82
5164.73
4851.66
4536.19
4191.32
3787.87
3315.62
2766.29
2106.76
1399.12
354.902
24994.8
24137.4
23627.5
23062.2
22561.6
22093.3
21661.3
21262
20892.8
20551.5
20229.3
19913
19597
19281.3
18965.8
18650.6
18335.6
18020.7
17706
17391.5
17077.1
16762.8
16448.6
16134.5
15820.5
15506.6
15192.7
14878.9
14565.2
14251.5
13937.9
13624.3
13310.7
12997.2
12683.7
12370.2
12056.8
11743.3
11430
11116.6
10803.2
10489.8
10176.5
9863.15
9549.82
9236.51
8923.2
8609.9
8296.6
7983.3
7670.01
7356.71
7043.42
6730.11
6416.8
6103.48
5790.15
5476.79
5163.42
4850.02
4534.14
4188.73
3784.68
3310.74
2761.4
2097.5
1382.25
417.849
24982.6
24118.6
23623
23057.2
22559.3
22091.8
21660.5
21261.5
20892.5
20551.3
20229.2
19912.9
19597
19281.3
18965.8
18650.6
18335.6
18020.7
17706
17391.5
17077.1
16762.8
16448.6
16134.5
15820.5
15506.6
15192.7
14878.9
14565.2
14251.5
13937.9
13624.3
13310.7
12997.2
12683.7
12370.2
12056.8
11743.3
11429.9
11116.6
10803.2
10489.8
10176.5
9863.13
9549.81
9236.49
8923.18
8609.88
8296.58
7983.28
7669.98
7356.68
7043.38
6730.08
6416.76
6103.44
5790.1
5476.75
5163.37
4849.98
4534.1
4188.69
3784.71
3310.59
2762.01
2097.13
1385.34
378.935
24987.1
24106.6
23620.8
23053.7
22557.6
22090.6
21659.7
21261
20892.2
20551.2
20229.1
19912.9
19597
19281.3
18965.8
18650.6
18335.6
18020.7
17706.1
17391.5
17077.1
16762.8
16448.6
16134.5
15820.5
15506.6
15192.7
14878.9
14565.2
14251.5
13937.9
13624.3
13310.7
12997.2
12683.7
12370.2
12056.8
11743.3
11429.9
11116.6
10803.2
10489.8
10176.5
9863.12
9549.8
9236.48
8923.17
8609.87
8296.56
7983.26
7669.96
7356.66
7043.36
6730.05
6416.74
6103.42
5790.08
5476.73
5163.36
4849.96
4534.1
4188.7
3784.78
3310.55
2762.7
2096.63
1389.62
378.989
25000.4
24101.7
23620.1
23051.7
22556.5
22089.8
21659.2
21260.6
20892
20551
20229
19912.8
19596.9
19281.3
18965.8
18650.6
18335.6
18020.8
17706.1
17391.5
17077.1
16762.8
16448.6
16134.5
15820.5
15506.6
15192.7
14878.9
14565.2
14251.5
13937.8
13624.2
13310.7
12997.2
12683.7
12370.2
12056.7
11743.3
11429.9
11116.5
10803.2
10489.8
10176.5
9863.12
9549.79
9236.47
8923.16
8609.85
8296.55
7983.25
7669.95
7356.65
7043.34
6730.04
6416.72
6103.4
5790.07
5476.72
5163.36
4849.98
4534.12
4188.75
3784.88
3310.63
2763.31
2096.43
1393.02
380.293
25017.6
24101.6
23620.6
23051.1
22555.8
22089.2
21658.8
21260.4
20891.8
20550.9
20228.9
19912.8
19596.9
19281.3
18965.8
18650.6
18335.6
18020.8
17706.1
17391.5
17077.1
16762.8
16448.6
16134.5
15820.5
15506.6
15192.7
14878.9
14565.2
14251.5
13937.8
13624.2
13310.7
12997.2
12683.7
12370.2
12056.7
11743.3
11429.9
11116.5
10803.2
10489.8
10176.5
9863.11
9549.78
9236.46
8923.15
8609.84
8296.54
7983.24
7669.94
7356.64
7043.34
6730.03
6416.72
6103.4
5790.07
5476.73
5163.38
4850.01
4534.17
4188.83
3785
3310.8
2763.85
2096.44
1395.71
378.517
25037
24105.3
23622.4
23051.7
22555.7
22089.1
21658.6
21260.2
20891.7
20550.8
20228.9
19912.7
19596.9
19281.3
18965.8
18650.6
18335.6
18020.8
17706.1
17391.5
17077.1
16762.8
16448.6
16134.5
15820.5
15506.6
15192.7
14878.9
14565.2
14251.5
13937.8
13624.2
13310.7
12997.2
12683.7
12370.2
12056.7
11743.3
11429.9
11116.5
10803.2
10489.8
10176.4
9863.11
9549.78
9236.46
8923.15
8609.84
8296.53
7983.23
7669.93
7356.63
7043.33
6730.03
6416.72
6103.41
5790.09
5476.76
5163.41
4850.06
4534.24
4188.94
3785.14
3311.04
2764.32
2096.6
1398
376.575
25056.9
24111.8
23625.2
23053.4
22556.1
22089.3
21658.6
21260.2
20891.6
20550.7
20228.8
19912.7
19596.9
19281.3
18965.9
18650.7
18335.6
18020.8
17706.1
17391.6
17077.1
16762.8
16448.6
16134.5
15820.5
15506.6
15192.7
14878.9
14565.2
14251.5
13937.9
13624.2
13310.7
12997.2
12683.7
12370.2
12056.7
11743.3
11429.9
11116.5
10803.2
10489.8
10176.4
9863.1
9549.78
9236.46
8923.14
8609.84
8296.53
7983.23
7669.94
7356.64
7043.34
6730.04
6416.74
6103.43
5790.12
5476.8
5163.47
4850.14
4534.34
4189.08
3785.3
3311.33
2764.71
2096.86
1399.87
374.666
25075.7
24119.8
23628.6
23055.8
22557
22089.9
21658.8
21260.3
20891.7
20550.8
20228.8
19912.7
19596.9
19281.3
18965.9
18650.7
18335.7
18020.8
17706.1
17391.6
17077.2
16762.9
16448.7
16134.6
15820.5
15506.6
15192.7
14878.9
14565.2
14251.5
13937.9
13624.3
13310.7
12997.2
12683.7
12370.2
12056.7
11743.3
11429.9
11116.5
10803.2
10489.8
10176.4
9863.1
9549.78
9236.46
8923.14
8609.84
8296.54
7983.24
7669.94
7356.65
7043.36
6730.06
6416.77
6103.47
5790.17
5476.86
5163.55
4850.23
4534.46
4189.23
3785.48
3311.64
2765.03
2097.19
1401.35
372.727
25092.1
24128
23632.1
23058.5
22558.2
22090.6
21659.2
21260.5
20891.8
20550.8
20228.9
19912.8
19596.9
19281.3
18965.9
18650.7
18335.7
18020.9
17706.2
17391.6
17077.2
16762.9
16448.7
16134.6
15820.6
15506.6
15192.8
14879
14565.2
14251.5
13937.9
13624.3
13310.7
12997.2
12683.7
12370.2
12056.7
11743.3
11429.9
11116.5
10803.1
10489.8
10176.4
9863.11
9549.78
9236.46
8923.15
8609.84
8296.55
7983.25
7669.96
7356.67
7043.38
6730.09
6416.81
6103.52
5790.23
5476.93
5163.64
4850.34
4534.6
4189.4
3785.66
3311.95
2765.28
2097.55
1402.49
370.854
25104.6
24135.4
23635
23061
22559.2
22091.3
21659.6
21260.7
20892
20551
20229
19912.9
19597
19281.4
18966
18650.8
18335.8
18020.9
17706.2
17391.7
17077.2
16762.9
16448.7
16134.6
15820.6
15506.6
15192.8
14879
14565.2
14251.5
13937.9
13624.3
13310.7
12997.2
12683.7
12370.2
12056.7
11743.3
11429.9
11116.5
10803.1
10489.8
10176.4
9863.11
9549.78
9236.47
8923.16
8609.86
8296.56
7983.27
7669.98
7356.7
7043.41
6730.13
6416.86
6103.58
5790.3
5477.02
5163.74
4850.47
4534.74
4189.57
3785.85
3312.26
2765.48
2097.92
1403.35
369.108
25112
24140.7
23636.4
23062.7
22559.9
22091.8
21659.9
21260.9
20892.1
20551.1
20229.1
19912.9
19597.1
19281.4
18966
18650.8
18335.8
18021
17706.3
17391.7
17077.3
16763
16448.8
16134.6
15820.6
15506.7
15192.8
14879
14565.2
14251.5
13937.9
13624.3
13310.7
12997.2
12683.7
12370.2
12056.7
11743.3
11429.9
11116.5
10803.2
10489.8
10176.4
9863.11
9549.79
9236.48
8923.17
8609.87
8296.58
7983.29
7670.01
7356.73
7043.46
6730.18
6416.91
6103.65
5790.38
5477.12
5163.86
4850.6
4534.89
4189.75
3786.03
3312.56
2765.63
2098.29
1403.96
367.516
25112.7
24142.9
23635.9
23063.3
22559.9
22091.8
21660
21261
20892.2
20551.1
20229.1
19913
19597.1
19281.5
18966.1
18650.9
18335.9
18021
17706.3
17391.8
17077.3
16763
16448.8
16134.7
15820.7
15506.7
15192.8
14879
14565.3
14251.6
13937.9
13624.3
13310.7
12997.2
12683.7
12370.2
12056.7
11743.3
11429.9
11116.5
10803.2
10489.8
10176.5
9863.12
9549.8
9236.49
8923.18
8609.89
8296.6
7983.32
7670.04
7356.77
7043.5
6730.24
6416.98
6103.73
5790.47
5477.22
5163.98
4850.74
4535.05
4189.93
3786.21
3312.84
2765.73
2098.66
1404.36
366.1
25105.3
24141
23632.6
23062.2
22559
22091.4
21659.7
21260.9
20892.1
20551.2
20229.2
19913.1
19597.2
19281.6
18966.2
18651
18336
18021.1
17706.4
17391.8
17077.4
16763.1
16448.8
16134.7
15820.7
15506.7
15192.9
14879
14565.3
14251.6
13937.9
13624.3
13310.7
12997.2
12683.7
12370.2
12056.8
11743.3
11429.9
11116.5
10803.2
10489.8
10176.5
9863.13
9549.81
9236.5
8923.2
8609.91
8296.62
7983.35
7670.08
7356.81
7043.55
6730.3
6417.05
6103.81
5790.57
5477.34
5164.11
4850.88
4535.21
4190.11
3786.4
3313.12
2765.81
2099.05
1404.57
364.868
25088.1
24134.8
23626.5
23059.5
22557.2
22090.4
21659.2
21260.6
20892.1
20551.2
20229.3
19913.2
19597.4
19281.8
18966.4
18651.1
18336.1
18021.2
17706.5
17391.9
17077.5
16763.1
16448.9
16134.8
15820.7
15506.8
15192.9
14879.1
14565.3
14251.6
13937.9
13624.3
13310.7
12997.2
12683.7
12370.2
12056.8
11743.3
11429.9
11116.5
10803.2
10489.8
10176.5
9863.14
9549.82
9236.51
8923.21
8609.93
8296.65
7983.37
7670.11
7356.85
7043.6
6730.36
6417.12
6103.89
5790.67
5477.45
5164.24
4851.03
4535.38
4190.3
3786.59
3313.4
2765.87
2099.49
1404.58
363.806
25059.5
24124.2
23617.5
23055.3
22554.5
22089
21658.4
21260.3
20891.9
20551.2
20229.4
19913.4
19597.5
19281.9
18966.5
18651.3
18336.2
18021.4
17706.6
17392
17077.6
16763.2
16449
16134.8
15820.8
15506.8
15192.9
14879.1
14565.3
14251.6
13937.9
13624.3
13310.7
12997.2
12683.7
12370.2
12056.8
11743.3
11429.9
11116.5
10803.2
10489.8
10176.5
9863.14
9549.83
9236.52
8923.23
8609.94
8296.67
7983.4
7670.14
7356.89
7043.65
6730.42
6417.2
6103.98
5790.77
5477.57
5164.37
4851.19
4535.56
4190.49
3786.79
3313.7
2765.91
2100.05
1404.34
362.912
25021
24113.4
23608.8
23052.4
22553.2
22088.8
21658.7
21260.8
20892.5
20551.8
20229.9
19913.9
19598
19282.3
18966.8
18651.6
18336.5
18021.5
17706.8
17392.2
17077.7
16763.3
16449
16134.9
15820.8
15506.8
15192.9
14879.1
14565.3
14251.6
13937.9
13624.3
13310.8
12997.2
12683.7
12370.2
12056.8
11743.3
11429.9
11116.5
10803.2
10489.8
10176.5
9863.14
9549.82
9236.52
8923.23
8609.95
8296.68
7983.41
7670.16
7356.92
7043.69
6730.47
6417.25
6104.05
5790.86
5477.68
5164.52
4851.36
4535.76
4190.73
3787.06
3314.1
2766
2100.94
1403.63
361.803
24968
24100.4
23597.2
23048
22550.9
22087.8
21658.4
21260.8
20892.7
20552
20230.2
19914.1
19598.2
19282.5
18967
18651.7
18336.6
18021.7
17706.9
17392.2
17077.7
16763.4
16449.1
16134.9
15820.9
15506.9
15193
14879.1
14565.3
14251.6
13938
13624.3
13310.8
12997.2
12683.7
12370.2
12056.8
11743.3
11429.9
11116.5
10803.2
10489.8
10176.5
9863.14
9549.83
9236.52
8923.23
8609.95
8296.68
7983.43
7670.18
7356.94
7043.72
6730.5
6417.3
6104.11
5790.94
5477.78
5164.63
4851.49
4535.93
4190.93
3787.29
3314.51
2765.91
2102.29
1402.52
361.451
24935.8
24129.6
23611.3
23064
22562.9
22096.9
21665.3
21266
20896.6
20555
20232.5
19915.9
19599.5
19283.5
18967.8
18652.3
18337
18021.9
17707.1
17392.4
17077.8
16763.4
16449.1
16134.9
15820.8
15506.9
15192.9
14879.1
14565.3
14251.6
13937.9
13624.3
13310.7
12997.2
12683.7
12370.2
12056.7
11743.3
11429.9
11116.5
10803.1
10489.8
10176.4
9863.11
9549.79
9236.49
8923.19
8609.91
8296.64
7983.38
7670.13
7356.89
7043.67
6730.46
6417.27
6104.09
5790.94
5477.82
5164.72
4851.66
4536.19
4191.32
3787.86
3315.61
2766.29
2106.75
1399.12
354.878
24993.8
24136.5
23626.7
23061.4
22560.9
22092.7
21660.8
21261.5
20892.3
20551.1
20228.9
19912.6
19596.6
19280.9
18965.5
18650.3
18335.3
18020.5
17705.8
17391.3
17076.9
16762.6
16448.5
16134.4
15820.4
15506.5
15192.6
14878.8
14565.1
14251.4
13937.8
13624.2
13310.6
12997.1
12683.6
12370.2
12056.7
11743.3
11429.9
11116.5
10803.2
10489.8
10176.5
9863.13
9549.81
9236.49
8923.19
8609.89
8296.59
7983.3
7670
7356.71
7043.41
6730.11
6416.8
6103.47
5790.14
5476.78
5163.41
4850.01
4534.13
4188.72
3784.66
3310.73
2761.39
2097.48
1382.24
417.795
24981.6
24117.7
23622.1
23056.4
22558.6
22091.1
21659.9
21260.9
20892
20550.9
20228.8
19912.6
19596.6
19281
18965.5
18650.3
18335.3
18020.5
17705.8
17391.3
17076.9
16762.6
16448.5
16134.4
15820.4
15506.5
15192.6
14878.8
14565.1
14251.4
13937.8
13624.2
13310.6
12997.1
12683.6
12370.2
12056.7
11743.3
11429.9
11116.5
10803.2
10489.8
10176.5
9863.12
9549.79
9236.48
8923.17
8609.87
8296.57
7983.27
7669.97
7356.67
7043.37
6730.07
6416.76
6103.43
5790.09
5476.74
5163.36
4849.97
4534.09
4188.68
3784.7
3310.58
2762
2097.11
1385.33
378.891
24986.1
24105.7
23620
23052.9
22557
22090
21659.2
21260.5
20891.8
20550.7
20228.7
19912.5
19596.6
19281
18965.5
18650.3
18335.3
18020.5
17705.8
17391.3
17076.9
16762.6
16448.5
16134.4
15820.4
15506.5
15192.6
14878.8
14565.1
14251.4
13937.8
13624.2
13310.6
12997.1
12683.6
12370.2
12056.7
11743.3
11429.9
11116.5
10803.2
10489.8
10176.4
9863.11
9549.78
9236.47
8923.16
8609.86
8296.55
7983.25
7669.95
7356.65
7043.35
6730.04
6416.73
6103.41
5790.07
5476.72
5163.35
4849.95
4534.08
4188.69
3784.77
3310.53
2762.68
2096.61
1389.62
378.939
24999.4
24100.8
23619.3
23051
22555.8
22089.1
21658.6
21260.1
20891.5
20550.6
20228.6
19912.5
19596.6
19281
18965.6
18650.4
18335.4
18020.5
17705.9
17391.3
17076.9
16762.6
16448.5
16134.4
15820.4
15506.5
15192.6
14878.8
14565.1
14251.4
13937.8
13624.2
13310.6
12997.1
12683.6
12370.2
12056.7
11743.3
11429.9
11116.5
10803.2
10489.8
10176.4
9863.1
9549.78
9236.46
8923.15
8609.84
8296.54
7983.24
7669.94
7356.64
7043.34
6730.03
6416.72
6103.39
5790.06
5476.71
5163.35
4849.96
4534.11
4188.74
3784.86
3310.61
2763.3
2096.41
1393.01
380.241
25016.6
24100.7
23619.8
23050.3
22555.1
22088.6
21658.2
21259.8
20891.3
20550.4
20228.5
19912.4
19596.6
19280.9
18965.6
18650.4
18335.4
18020.5
17705.9
17391.3
17076.9
16762.7
16448.5
16134.4
15820.4
15506.5
15192.6
14878.8
14565.1
14251.4
13937.8
13624.2
13310.6
12997.1
12683.6
12370.2
12056.7
11743.3
11429.9
11116.5
10803.1
10489.8
10176.4
9863.1
9549.77
9236.45
8923.14
8609.83
8296.53
7983.23
7669.93
7356.63
7043.33
6730.02
6416.71
6103.39
5790.06
5476.72
5163.37
4850
4534.16
4188.82
3784.99
3310.79
2763.84
2096.42
1395.71
378.463
25036
24104.4
23621.5
23051
22555
22088.5
21658
21259.7
20891.2
20550.3
20228.5
19912.4
19596.5
19280.9
18965.6
18650.4
18335.4
18020.6
17705.9
17391.4
17077
16762.7
16448.5
16134.4
15820.4
15506.5
15192.6
14878.8
14565.1
14251.4
13937.8
13624.2
13310.6
12997.1
12683.6
12370.2
12056.7
11743.3
11429.9
11116.5
10803.1
10489.8
10176.4
9863.09
9549.77
9236.45
8923.13
8609.83
8296.53
7983.22
7669.93
7356.63
7043.33
6730.02
6416.72
6103.4
5790.08
5476.75
5163.41
4850.05
4534.23
4188.93
3785.13
3311.03
2764.31
2096.58
1398
376.52
25055.8
24110.9
23624.4
23052.6
22555.5
22088.7
21658
21259.7
20891.2
20550.3
20228.4
19912.4
19596.5
19280.9
18965.6
18650.4
18335.4
18020.6
17705.9
17391.4
17077
16762.7
16448.5
16134.4
15820.4
15506.5
15192.6
14878.8
14565.1
14251.4
13937.8
13624.2
13310.6
12997.1
12683.6
12370.2
12056.7
11743.3
11429.9
11116.5
10803.1
10489.8
10176.4
9863.09
9549.76
9236.44
8923.13
8609.83
8296.52
7983.22
7669.93
7356.63
7043.33
6730.03
6416.73
6103.42
5790.11
5476.79
5163.46
4850.13
4534.33
4189.07
3785.29
3311.31
2764.7
2096.84
1399.87
374.609
25074.7
24118.9
23627.8
23055
22556.4
22089.2
21658.3
21259.8
20891.2
20550.3
20228.4
19912.4
19596.6
19281
18965.6
18650.4
18335.4
18020.6
17705.9
17391.4
17077
16762.7
16448.5
16134.4
15820.4
15506.5
15192.6
14878.9
14565.1
14251.4
13937.8
13624.2
13310.6
12997.1
12683.6
12370.2
12056.7
11743.3
11429.9
11116.5
10803.1
10489.8
10176.4
9863.09
9549.76
9236.44
8923.13
8609.83
8296.53
7983.23
7669.94
7356.64
7043.35
6730.06
6416.76
6103.46
5790.16
5476.85
5163.54
4850.22
4534.45
4189.22
3785.47
3311.62
2765.02
2097.17
1401.35
372.669
25091
24127.1
23631.3
23057.7
22557.5
22089.9
21658.6
21260
20891.3
20550.4
20228.5
19912.4
19596.6
19281
18965.6
18650.5
18335.5
18020.6
17706
17391.4
17077
16762.7
16448.5
16134.5
15820.4
15506.5
15192.7
14878.9
14565.1
14251.4
13937.8
13624.2
13310.6
12997.1
12683.6
12370.2
12056.7
11743.3
11429.9
11116.5
10803.1
10489.8
10176.4
9863.09
9549.76
9236.45
8923.14
8609.83
8296.54
7983.24
7669.95
7356.66
7043.37
6730.09
6416.8
6103.51
5790.22
5476.93
5163.63
4850.34
4534.59
4189.39
3785.65
3311.94
2765.27
2097.53
1402.49
370.794
25103.6
24134.5
23634.1
23060.2
22558.5
22090.6
21659
21260.2
20891.5
20550.5
20228.6
19912.5
19596.6
19281.1
18965.7
18650.5
18335.5
18020.7
17706
17391.5
17077.1
16762.8
16448.6
16134.5
15820.5
15506.5
15192.7
14878.9
14565.1
14251.5
13937.8
13624.2
13310.6
12997.1
12683.6
12370.2
12056.7
11743.3
11429.9
11116.5
10803.1
10489.8
10176.4
9863.09
9549.77
9236.45
8923.15
8609.85
8296.55
7983.26
7669.97
7356.69
7043.41
6730.13
6416.85
6103.57
5790.29
5477.01
5163.74
4850.46
4534.73
4189.56
3785.84
3312.25
2765.47
2097.9
1403.35
369.047
25111
24139.8
23635.6
23062
22559.2
22091.1
21659.3
21260.4
20891.6
20550.6
20228.7
19912.6
19596.7
19281.1
18965.7
18650.6
18335.6
18020.7
17706.1
17391.5
17077.1
16762.8
16448.6
16134.5
15820.5
15506.6
15192.7
14878.9
14565.2
14251.5
13937.8
13624.2
13310.7
12997.1
12683.6
12370.2
12056.7
11743.3
11429.9
11116.5
10803.1
10489.8
10176.4
9863.1
9549.78
9236.46
8923.16
8609.86
8296.57
7983.28
7670
7356.72
7043.45
6730.18
6416.91
6103.64
5790.37
5477.11
5163.85
4850.59
4534.88
4189.74
3786.02
3312.55
2765.62
2098.27
1403.96
367.455
25111.7
24142
23635
23062.5
22559.2
22091.2
21659.4
21260.5
20891.7
20550.7
20228.7
19912.6
19596.8
19281.2
18965.8
18650.6
18335.6
18020.8
17706.1
17391.6
17077.2
16762.9
16448.7
16134.6
15820.5
15506.6
15192.7
14878.9
14565.2
14251.5
13937.8
13624.2
13310.7
12997.1
12683.6
12370.2
12056.7
11743.3
11429.9
11116.5
10803.1
10489.8
10176.4
9863.11
9549.79
9236.47
8923.17
8609.88
8296.59
7983.31
7670.03
7356.76
7043.49
6730.23
6416.97
6103.72
5790.47
5477.22
5163.97
4850.73
4535.04
4189.92
3786.2
3312.83
2765.72
2098.64
1404.37
366.039
25104.3
24140.2
23631.8
23061.5
22558.3
22090.7
21659.1
21260.3
20891.7
20550.7
20228.8
19912.7
19596.9
19281.3
18965.9
18650.7
18335.7
18020.9
17706.2
17391.7
17077.2
16762.9
16448.7
16134.6
15820.6
15506.6
15192.8
14878.9
14565.2
14251.5
13937.9
13624.2
13310.7
12997.1
12683.6
12370.2
12056.7
11743.3
11429.9
11116.5
10803.1
10489.8
10176.4
9863.11
9549.8
9236.49
8923.19
8609.9
8296.61
7983.34
7670.07
7356.8
7043.55
6730.29
6417.04
6103.8
5790.56
5477.33
5164.1
4850.87
4535.2
4190.1
3786.39
3313.1
2765.8
2099.03
1404.58
364.807
25087.1
24133.9
23625.7
23058.8
22556.5
22089.8
21658.6
21260.1
20891.6
20550.8
20228.9
19912.8
19597
19281.5
18966.1
18650.9
18335.9
18021
17706.3
17391.7
17077.3
16763
16448.8
16134.7
15820.6
15506.7
15192.8
14879
14565.2
14251.5
13937.9
13624.3
13310.7
12997.2
12683.7
12370.2
12056.7
11743.3
11429.9
11116.5
10803.1
10489.8
10176.4
9863.12
9549.8
9236.5
8923.2
8609.92
8296.64
7983.37
7670.1
7356.85
7043.6
6730.35
6417.12
6103.89
5790.66
5477.44
5164.23
4851.02
4535.37
4190.29
3786.58
3313.39
2765.86
2099.47
1404.58
363.747
25058.4
24123.3
23616.7
23054.6
22553.8
22088.4
21657.9
21259.8
20891.5
20550.8
20229
19913
19597.2
19281.6
18966.2
18651
18336
18021.1
17706.4
17391.8
17077.4
16763.1
16448.8
16134.7
15820.7
15506.7
15192.8
14879
14565.2
14251.5
13937.9
13624.3
13310.7
12997.2
12683.7
12370.2
12056.7
11743.3
11429.9
11116.5
10803.1
10489.8
10176.5
9863.13
9549.81
9236.51
8923.22
8609.93
8296.66
7983.39
7670.14
7356.89
7043.65
6730.41
6417.19
6103.97
5790.76
5477.56
5164.37
4851.18
4535.55
4190.49
3786.78
3313.69
2765.9
2100.04
1404.34
362.855
25020
24112.5
23608
23051.6
22552.5
22088.2
21658.2
21260.3
20892.1
20551.4
20229.5
19913.5
19597.6
19282
18966.6
18651.3
18336.2
18021.3
17706.6
17392
17077.5
16763.1
16448.9
16134.8
15820.7
15506.7
15192.8
14879
14565.3
14251.5
13937.9
13624.3
13310.7
12997.2
12683.7
12370.2
12056.7
11743.3
11429.9
11116.5
10803.1
10489.8
10176.5
9863.13
9549.81
9236.51
8923.22
8609.94
8296.67
7983.41
7670.15
7356.91
7043.68
6730.46
6417.25
6104.05
5790.86
5477.68
5164.51
4851.35
4535.75
4190.73
3787.05
3314.09
2765.99
2100.92
1403.63
361.748
24967
24099.5
23596.3
23047.3
22550.2
22087.2
21657.8
21260.3
20892.2
20551.6
20229.8
19913.7
19597.9
19282.2
18966.8
18651.5
18336.4
18021.5
17706.7
17392.1
17077.6
16763.2
16448.9
16134.8
15820.7
15506.8
15192.9
14879
14565.3
14251.6
13937.9
13624.3
13310.7
12997.2
12683.7
12370.2
12056.7
11743.3
11429.9
11116.5
10803.1
10489.8
10176.4
9863.12
9549.81
9236.51
8923.22
8609.94
8296.67
7983.42
7670.17
7356.93
7043.71
6730.5
6417.29
6104.11
5790.93
5477.77
5164.62
4851.49
4535.92
4190.92
3787.28
3314.5
2765.9
2102.27
1402.52
361.399
24934.8
24128.7
23610.5
23063.3
22562.2
22096.3
21664.7
21265.4
20896.1
20554.6
20232.1
19915.5
19599.2
19283.2
18967.5
18652
18336.8
18021.7
17706.9
17392.2
17077.7
16763.3
16449
16134.8
15820.7
15506.8
15192.8
14879
14565.2
14251.5
13937.9
13624.3
13310.7
12997.1
12683.6
12370.2
12056.7
11743.3
11429.9
11116.5
10803.1
10489.8
10176.4
9863.1
9549.78
9236.48
8923.18
8609.9
8296.63
7983.37
7670.12
7356.88
7043.66
6730.45
6417.26
6104.09
5790.94
5477.81
5164.72
4851.65
4536.18
4191.31
3787.85
3315.6
2766.28
2106.73
1399.12
354.84
24992.3
24135.2
23625.5
23060.4
22559.9
22091.8
21660
21260.7
20891.7
20550.4
20228.3
19912.1
19596.2
19280.5
18965.1
18649.9
18335
18020.2
17705.5
17391
17076.7
16762.4
16448.3
16134.2
15820.2
15506.3
15192.5
14878.7
14565
14251.3
13937.7
13624.1
13310.6
12997.1
12683.6
12370.1
12056.7
11743.3
11429.9
11116.5
10803.1
10489.8
10176.4
9863.11
9549.79
9236.48
8923.17
8609.88
8296.58
7983.28
7669.99
7356.69
7043.4
6730.09
6416.78
6103.46
5790.13
5476.77
5163.4
4850
4534.12
4188.7
3784.65
3310.71
2761.37
2097.45
1382.22
417.739
24980.2
24116.4
23621
23055.4
22557.7
22090.3
21659.1
21260.2
20891.4
20550.3
20228.2
19912
19596.2
19280.5
18965.1
18650
18335
18020.2
17705.6
17391.1
17076.7
16762.4
16448.3
16134.2
15820.2
15506.3
15192.5
14878.7
14565
14251.3
13937.7
13624.1
13310.6
12997.1
12683.6
12370.1
12056.7
11743.3
11429.9
11116.5
10803.1
10489.8
10176.4
9863.1
9549.78
9236.46
8923.16
8609.86
8296.56
7983.26
7669.96
7356.66
7043.36
6730.06
6416.74
6103.42
5790.08
5476.73
5163.35
4849.95
4534.08
4188.67
3784.68
3310.56
2761.98
2097.08
1385.32
378.832
24984.7
24104.4
23618.8
23051.9
22556
22089.1
21658.4
21259.8
20891.1
20550.1
20228.1
19912
19596.1
19280.5
18965.1
18650
18335
18020.2
17705.6
17391.1
17076.7
16762.4
16448.3
16134.2
15820.2
15506.3
15192.5
14878.7
14565
14251.3
13937.7
13624.1
13310.6
12997.1
12683.6
12370.1
12056.7
11743.3
11429.9
11116.5
10803.1
10489.8
10176.4
9863.09
9549.77
9236.45
8923.14
8609.84
8296.54
7983.24
7669.94
7356.64
7043.34
6730.03
6416.72
6103.39
5790.06
5476.7
5163.33
4849.94
4534.07
4188.67
3784.75
3310.51
2762.67
2096.58
1389.61
378.871
24998
24099.6
23618.1
23049.9
22554.8
22088.3
21657.8
21259.4
20890.9
20550
20228
19911.9
19596.1
19280.5
18965.1
18650
18335
18020.2
17705.6
17391.1
17076.7
16762.4
16448.3
16134.2
15820.2
15506.3
15192.5
14878.7
14565
14251.3
13937.7
13624.1
13310.6
12997.1
12683.6
12370.1
12056.7
11743.3
11429.9
11116.5
10803.1
10489.8
10176.4
9863.08
9549.76
9236.44
8923.13
8609.83
8296.53
7983.23
7669.93
7356.63
7043.33
6730.02
6416.71
6103.38
5790.05
5476.7
5163.33
4849.95
4534.09
4188.72
3784.85
3310.59
2763.28
2096.38
1393.01
380.17
25015.2
24099.5
23618.6
23049.3
22554.2
22087.8
21657.4
21259.1
20890.7
20549.8
20227.9
19911.9
19596.1
19280.5
18965.1
18650
18335
18020.2
17705.6
17391.1
17076.7
16762.4
16448.3
16134.2
15820.2
15506.3
15192.5
14878.7
14565
14251.3
13937.7
13624.1
13310.6
12997
12683.6
12370.1
12056.7
11743.3
11429.9
11116.5
10803.1
10489.8
10176.4
9863.08
9549.75
9236.44
8923.13
8609.82
8296.52
7983.22
7669.92
7356.62
7043.32
6730.01
6416.7
6103.38
5790.05
5476.71
5163.35
4849.98
4534.14
4188.8
3784.97
3310.77
2763.82
2096.39
1395.71
378.388
25034.5
24103.2
23620.4
23049.9
22554.1
22087.6
21657.2
21258.9
20890.5
20549.7
20227.9
19911.9
19596.1
19280.5
18965.2
18650
18335
18020.2
17705.6
17391.1
17076.7
16762.5
16448.3
16134.2
15820.2
15506.3
15192.5
14878.7
14565
14251.3
13937.7
13624.1
13310.6
12997
12683.6
12370.1
12056.7
11743.3
11429.9
11116.5
10803.1
10489.8
10176.4
9863.07
9549.75
9236.43
8923.12
8609.81
8296.51
7983.21
7669.91
7356.62
7043.32
6730.01
6416.7
6103.39
5790.07
5476.74
5163.39
4850.04
4534.22
4188.92
3785.11
3311.01
2764.29
2096.55
1398
376.442
25054.4
24109.6
23623.2
23051.6
22554.5
22087.8
21657.2
21258.9
20890.5
20549.7
20227.9
19911.8
19596.1
19280.5
18965.2
18650
18335.1
18020.3
17705.6
17391.1
17076.7
16762.5
16448.3
16134.2
15820.3
15506.3
15192.5
14878.7
14565
14251.3
13937.7
13624.1
13310.6
12997
12683.6
12370.1
12056.7
11743.2
11429.9
11116.5
10803.1
10489.7
10176.4
9863.07
9549.74
9236.43
8923.12
8609.81
8296.51
7983.21
7669.92
7356.62
7043.32
6730.02
6416.72
6103.41
5790.1
5476.78
5163.45
4850.12
4534.32
4189.05
3785.28
3311.3
2764.68
2096.81
1399.87
374.529
25073.2
24117.6
23626.7
23054
22555.4
22088.4
21657.5
21259
20890.5
20549.7
20227.9
19911.9
19596.1
19280.5
18965.2
18650
18335.1
18020.3
17705.7
17391.1
17076.8
16762.5
16448.3
16134.3
15820.3
15506.4
15192.5
14878.7
14565
14251.3
13937.7
13624.1
13310.6
12997.1
12683.6
12370.1
12056.7
11743.2
11429.8
11116.5
10803.1
10489.7
10176.4
9863.07
9549.74
9236.43
8923.12
8609.81
8296.51
7983.22
7669.92
7356.63
7043.34
6730.05
6416.75
6103.45
5790.15
5476.84
5163.53
4850.21
4534.44
4189.21
3785.45
3311.61
2765.01
2097.14
1401.35
372.586
25089.6
24125.9
23630.1
23056.7
22556.5
22089.1
21657.9
21259.2
20890.7
20549.8
20227.9
19911.9
19596.1
19280.6
18965.2
18650.1
18335.1
18020.3
17705.7
17391.2
17076.8
16762.5
16448.4
16134.3
15820.3
15506.4
15192.5
14878.8
14565
14251.3
13937.7
13624.1
13310.6
12997.1
12683.6
12370.1
12056.7
11743.2
11429.8
11116.5
10803.1
10489.7
10176.4
9863.07
9549.75
9236.43
8923.12
8609.82
8296.52
7983.23
7669.94
7356.65
7043.36
6730.08
6416.79
6103.5
5790.21
5476.91
5163.62
4850.32
4534.57
4189.38
3785.64
3311.92
2765.26
2097.5
1402.5
370.71
25102.2
24133.3
23633
23059.2
22557.6
22089.8
21658.2
21259.5
20890.8
20549.9
20228
19912
19596.2
19280.6
18965.3
18650.1
18335.2
18020.4
17705.7
17391.2
17076.8
16762.6
16448.4
16134.3
15820.3
15506.4
15192.6
14878.8
14565
14251.4
13937.7
13624.1
13310.6
12997.1
12683.6
12370.1
12056.7
11743.2
11429.8
11116.5
10803.1
10489.7
10176.4
9863.07
9549.75
9236.44
8923.13
8609.83
8296.54
7983.25
7669.96
7356.68
7043.4
6730.12
6416.84
6103.56
5790.28
5477
5163.72
4850.45
4534.72
4189.55
3785.82
3312.23
2765.46
2097.87
1403.35
368.961
25109.6
24138.6
23634.5
23060.9
22558.3
22090.3
21658.5
21259.7
20891
20550
20228.1
19912
19596.2
19280.7
18965.3
18650.2
18335.2
18020.4
17705.8
17391.3
17076.9
16762.6
16448.4
16134.3
15820.3
15506.4
15192.6
14878.8
14565.1
14251.4
13937.7
13624.1
13310.6
12997.1
12683.6
12370.1
12056.7
11743.2
11429.8
11116.5
10803.1
10489.7
10176.4
9863.08
9549.76
9236.45
8923.14
8609.85
8296.56
7983.27
7669.99
7356.71
7043.44
6730.17
6416.9
6103.63
5790.36
5477.1
5163.84
4850.58
4534.87
4189.73
3786.01
3312.53
2765.6
2098.24
1403.97
367.368
25110.3
24140.7
23633.9
23061.5
22558.3
22090.4
21658.6
21259.7
20891
20550.1
20228.2
19912.1
19596.3
19280.8
18965.4
18650.3
18335.3
18020.5
17705.8
17391.3
17076.9
16762.6
16448.5
16134.4
15820.4
15506.5
15192.6
14878.8
14565.1
14251.4
13937.8
13624.2
13310.6
12997.1
12683.6
12370.1
12056.7
11743.3
11429.9
11116.5
10803.1
10489.8
10176.4
9863.08
9549.77
9236.46
8923.16
8609.86
8296.58
7983.3
7670.02
7356.75
7043.48
6730.22
6416.96
6103.71
5790.46
5477.21
5163.96
4850.72
4535.03
4189.91
3786.19
3312.81
2765.71
2098.62
1404.37
365.952
25102.8
24138.9
23630.7
23060.4
22557.4
22089.9
21658.3
21259.6
20891
20550.1
20228.2
19912.2
19596.4
19280.9
18965.5
18650.4
18335.4
18020.6
17705.9
17391.4
17077
16762.7
16448.5
16134.4
15820.4
15506.5
15192.6
14878.8
14565.1
14251.4
13937.8
13624.2
13310.6
12997.1
12683.6
12370.1
12056.7
11743.3
11429.9
11116.5
10803.1
10489.8
10176.4
9863.09
9549.78
9236.47
8923.17
8609.88
8296.6
7983.33
7670.06
7356.79
7043.54
6730.28
6417.04
6103.79
5790.55
5477.32
5164.09
4850.86
4535.19
4190.09
3786.37
3313.09
2765.79
2099
1404.58
364.721
25085.7
24132.7
23624.6
23057.7
22555.5
22088.9
21657.8
21259.4
20890.9
20550.1
20228.3
19912.3
19596.6
19281
18965.7
18650.5
18335.5
18020.7
17706
17391.5
17077.1
16762.8
16448.6
16134.5
15820.5
15506.5
15192.7
14878.9
14565.1
14251.4
13937.8
13624.2
13310.6
12997.1
12683.6
12370.1
12056.7
11743.3
11429.9
11116.5
10803.1
10489.8
10176.4
9863.1
9549.79
9236.48
8923.19
8609.9
8296.62
7983.35
7670.09
7356.84
7043.59
6730.34
6417.11
6103.88
5790.65
5477.44
5164.22
4851.01
4535.36
4190.28
3786.57
3313.37
2765.84
2099.44
1404.59
363.662
25057
24122
23615.5
23053.5
22552.9
22087.5
21657.1
21259
20890.8
20550.2
20228.4
19912.5
19596.7
19281.2
18965.8
18650.7
18335.7
18020.8
17706.1
17391.6
17077.2
16762.8
16448.6
16134.5
15820.5
15506.6
15192.7
14878.9
14565.1
14251.4
13937.8
13624.2
13310.6
12997.1
12683.6
12370.1
12056.7
11743.3
11429.9
11116.5
10803.1
10489.8
10176.4
9863.11
9549.79
9236.49
8923.2
8609.92
8296.65
7983.38
7670.12
7356.88
7043.64
6730.4
6417.18
6103.96
5790.75
5477.55
5164.36
4851.17
4535.54
4190.47
3786.77
3313.67
2765.89
2100.01
1404.35
362.773
25018.6
24111.2
23606.8
23050.6
22551.6
22087.3
21657.4
21259.5
20891.4
20550.7
20229
19913
19597.2
19281.6
18966.1
18650.9
18335.9
18021
17706.3
17391.7
17077.3
16762.9
16448.7
16134.6
15820.5
15506.6
15192.7
14878.9
14565.2
14251.5
13937.8
13624.2
13310.6
12997.1
12683.6
12370.1
12056.7
11743.3
11429.9
11116.5
10803.1
10489.8
10176.4
9863.1
9549.79
9236.49
8923.2
8609.92
8296.65
7983.39
7670.14
7356.9
7043.67
6730.45
6417.24
6104.04
5790.85
5477.67
5164.5
4851.34
4535.74
4190.72
3787.04
3314.08
2765.98
2100.89
1403.63
361.671
24965.6
24098.2
23595.2
23046.2
22549.3
22086.3
21657
21259.5
20891.6
20551
20229.2
19913.2
19597.4
19281.8
18966.4
18651.1
18336
18021.1
17706.4
17391.8
17077.3
16763
16448.8
16134.6
15820.6
15506.6
15192.7
14878.9
14565.2
14251.5
13937.8
13624.2
13310.6
12997.1
12683.6
12370.1
12056.7
11743.3
11429.9
11116.5
10803.1
10489.8
10176.4
9863.1
9549.79
9236.49
8923.21
8609.93
8296.66
7983.41
7670.16
7356.92
7043.7
6730.49
6417.29
6104.1
5790.92
5477.76
5164.61
4851.48
4535.91
4190.91
3787.27
3314.49
2765.89
2102.25
1402.53
361.327
24933.4
24127.4
23609.3
23062.3
22561.2
22095.4
21663.9
21264.7
20895.5
20554
20231.5
19915
19598.7
19282.8
18967.1
18651.6
18336.4
18021.4
17706.6
17391.9
17077.4
16763
16448.8
16134.6
15820.6
15506.6
15192.7
14878.9
14565.1
14251.4
13937.8
13624.2
13310.6
12997.1
12683.6
12370.1
12056.7
11743.2
11429.8
11116.5
10803.1
10489.7
10176.4
9863.08
9549.76
9236.46
8923.17
8609.89
8296.62
7983.36
7670.11
7356.87
7043.65
6730.44
6417.25
6104.08
5790.93
5477.8
5164.71
4851.64
4536.17
4191.3
3787.84
3315.59
2766.27
2106.72
1399.12
354.786
24990.5
24133.6
23624
23059
22558.7
22090.7
21658.9
21259.8
20890.8
20549.7
20227.6
19911.4
19595.5
19279.9
18964.6
18649.5
18334.5
18019.8
17705.2
17390.7
17076.4
16762.2
16448
16134
15820
15506.2
15192.3
14878.6
14564.9
14251.2
13937.6
13624
13310.5
12997
12683.5
12370.1
12056.6
11743.2
11429.8
11116.5
10803.1
10489.8
10176.4
9863.08
9549.77
9236.46
8923.15
8609.86
8296.56
7983.27
7669.98
7356.68
7043.38
6730.08
6416.77
6103.45
5790.11
5476.76
5163.38
4849.98
4534.1
4188.68
3784.62
3310.68
2761.34
2097.41
1382.2
417.679
24978.4
24114.8
23619.5
23054
22556.4
22089.2
21658.1
21259.3
20890.5
20549.5
20227.5
19911.4
19595.5
19280
18964.6
18649.5
18334.6
18019.8
17705.2
17390.7
17076.4
16762.2
16448
16134
15820
15506.1
15192.3
14878.6
14564.9
14251.2
13937.6
13624
13310.5
12997
12683.5
12370.1
12056.6
11743.2
11429.8
11116.5
10803.1
10489.7
10176.4
9863.07
9549.75
9236.44
8923.14
8609.84
8296.54
7983.24
7669.95
7356.65
7043.35
6730.04
6416.73
6103.41
5790.07
5476.71
5163.34
4849.94
4534.06
4188.65
3784.66
3310.53
2761.95
2097.04
1385.31
378.759
24982.9
24102.8
23617.3
23050.5
22554.8
22088
21657.4
21258.8
20890.2
20549.3
20227.4
19911.3
19595.5
19280
18964.6
18649.5
18334.6
18019.8
17705.2
17390.7
17076.4
16762.2
16448
16134
15820
15506.1
15192.3
14878.6
14564.9
14251.2
13937.6
13624
13310.5
12997
12683.5
12370
12056.6
11743.2
11429.8
11116.5
10803.1
10489.7
10176.4
9863.06
9549.74
9236.43
8923.12
8609.82
8296.52
7983.23
7669.93
7356.63
7043.33
6730.02
6416.71
6103.38
5790.04
5476.69
5163.32
4849.92
4534.05
4188.65
3784.73
3310.49
2762.64
2096.54
1389.6
378.785
24996.1
24098
23616.6
23048.6
22553.6
22087.2
21656.8
21258.5
20890
20549.2
20227.3
19911.3
19595.5
19279.9
18964.6
18649.5
18334.6
18019.8
17705.2
17390.7
17076.4
16762.2
16448
16134
15820
15506.1
15192.3
14878.6
14564.9
14251.2
13937.6
13624
13310.5
12997
12683.5
12370
12056.6
11743.2
11429.8
11116.4
10803.1
10489.7
10176.4
9863.06
9549.73
9236.42
8923.11
8609.81
8296.51
7983.21
7669.91
7356.61
7043.31
6730.01
6416.69
6103.37
5790.03
5476.68
5163.32
4849.93
4534.08
4188.7
3784.83
3310.57
2763.26
2096.34
1393
380.079
25013.3
24097.9
23617.1
23047.9
22552.9
22086.6
21656.4
21258.2
20889.8
20549
20227.2
19911.2
19595.5
19279.9
18964.6
18649.5
18334.6
18019.8
17705.2
17390.8
17076.4
16762.2
16448
16134
15820
15506.1
15192.3
14878.6
14564.9
14251.2
13937.6
13624
13310.5
12997
12683.5
12370
12056.6
11743.2
11429.8
11116.4
10803.1
10489.7
10176.4
9863.05
9549.73
9236.41
8923.11
8609.8
8296.5
7983.2
7669.9
7356.61
7043.3
6730
6416.69
6103.37
5790.04
5476.69
5163.34
4849.97
4534.13
4188.78
3784.95
3310.74
2763.8
2096.35
1395.71
378.293
25032.7
24101.6
23618.9
23048.6
22552.8
22086.5
21656.2
21258
20889.7
20548.9
20227.2
19911.2
19595.4
19279.9
18964.6
18649.5
18334.6
18019.9
17705.2
17390.8
17076.4
16762.2
16448.1
16134
15820
15506.2
15192.3
14878.6
14564.9
14251.2
13937.6
13624
13310.5
12997
12683.5
12370
12056.6
11743.2
11429.8
11116.4
10803.1
10489.7
10176.4
9863.04
9549.72
9236.41
8923.1
8609.8
8296.5
7983.2
7669.9
7356.6
7043.3
6730
6416.69
6103.38
5790.05
5476.72
5163.38
4850.02
4534.2
4188.9
3785.09
3310.99
2764.27
2096.51
1398
376.342
25052.6
24108
23621.7
23050.2
22553.3
22086.7
21656.2
21258
20889.6
20548.9
20227.1
19911.2
19595.4
19279.9
18964.6
18649.5
18334.6
18019.9
17705.3
17390.8
17076.4
16762.2
16448.1
16134
15820.1
15506.2
15192.3
14878.6
14564.9
14251.2
13937.6
13624
13310.5
12997
12683.5
12370
12056.6
11743.2
11429.8
11116.4
10803.1
10489.7
10176.4
9863.04
9549.72
9236.41
8923.1
8609.79
8296.49
7983.2
7669.9
7356.61
7043.31
6730.01
6416.71
6103.4
5790.09
5476.77
5163.44
4850.1
4534.3
4189.03
3785.26
3311.27
2764.66
2096.78
1399.88
374.425
25071.4
24116
23625.2
23052.6
22554.2
22087.3
21656.5
21258.1
20889.7
20548.9
20227.2
19911.2
19595.5
19280
18964.7
18649.6
18334.7
18019.9
17705.3
17390.8
17076.5
16762.2
16448.1
16134
15820.1
15506.2
15192.4
14878.6
14564.9
14251.2
13937.6
13624
13310.5
12997
12683.5
12370
12056.6
11743.2
11429.8
11116.4
10803.1
10489.7
10176.4
9863.04
9549.72
9236.41
8923.1
8609.8
8296.5
7983.2
7669.91
7356.62
7043.33
6730.03
6416.74
6103.44
5790.13
5476.83
5163.51
4850.2
4534.42
4189.19
3785.44
3311.59
2764.99
2097.1
1401.36
372.48
25087.8
24124.3
23628.6
23055.3
22555.3
22088
21656.8
21258.3
20889.8
20549
20227.2
19911.2
19595.5
19280
18964.7
18649.6
18334.7
18019.9
17705.3
17390.8
17076.5
16762.3
16448.1
16134.1
15820.1
15506.2
15192.4
14878.6
14564.9
14251.2
13937.6
13624
13310.5
12997
12683.5
12370
12056.6
11743.2
11429.8
11116.4
10803.1
10489.7
10176.4
9863.04
9549.72
9236.41
8923.1
8609.8
8296.51
7983.22
7669.93
7356.64
7043.35
6730.06
6416.78
6103.49
5790.19
5476.9
5163.61
4850.31
4534.56
4189.36
3785.62
3311.9
2765.24
2097.46
1402.5
370.601
25100.3
24131.6
23631.5
23057.8
22556.4
22088.7
21657.2
21258.6
20890
20549.1
20227.3
19911.3
19595.6
19280
18964.8
18649.7
18334.7
18020
17705.4
17390.9
17076.5
16762.3
16448.1
16134.1
15820.1
15506.2
15192.4
14878.6
14564.9
14251.2
13937.6
13624
13310.5
12997
12683.5
12370
12056.6
11743.2
11429.8
11116.4
10803.1
10489.7
10176.4
9863.05
9549.73
9236.42
8923.11
8609.81
8296.52
7983.23
7669.95
7356.67
7043.38
6730.1
6416.83
6103.55
5790.27
5476.99
5163.71
4850.43
4534.7
4189.53
3785.81
3312.21
2765.44
2097.83
1403.36
368.85
25107.7
24136.9
23633
23059.6
22557.1
22089.2
21657.5
21258.7
20890.1
20549.2
20227.4
19911.4
19595.6
19280.1
18964.8
18649.7
18334.8
18020
17705.4
17390.9
17076.6
16762.3
16448.2
16134.1
15820.1
15506.2
15192.4
14878.6
14564.9
14251.3
13937.6
13624
13310.5
12997
12683.5
12370
12056.6
11743.2
11429.8
11116.4
10803.1
10489.7
10176.4
9863.05
9549.73
9236.42
8923.12
8609.83
8296.54
7983.26
7669.98
7356.7
7043.43
6730.15
6416.89
6103.62
5790.35
5477.09
5163.83
4850.56
4534.86
4189.71
3785.99
3312.51
2765.59
2098.21
1403.97
367.256
25108.5
24139.1
23632.4
23060.1
22557.1
22089.2
21657.6
21258.8
20890.2
20549.3
20227.5
19911.5
19595.7
19280.2
18964.9
18649.8
18334.9
18020.1
17705.5
17391
17076.6
16762.4
16448.2
16134.2
15820.2
15506.3
15192.4
14878.7
14564.9
14251.3
13937.6
13624.1
13310.5
12997
12683.5
12370.1
12056.6
11743.2
11429.8
11116.4
10803.1
10489.7
10176.4
9863.06
9549.74
9236.44
8923.14
8609.85
8296.56
7983.28
7670.01
7356.74
7043.47
6730.21
6416.95
6103.7
5790.44
5477.19
5163.95
4850.7
4535.02
4189.89
3786.18
3312.8
2765.69
2098.58
1404.38
365.84
25101
24137.3
23629.2
23059.1
22556.1
22088.8
21657.3
21258.7
20890.1
20549.3
20227.5
19911.5
19595.8
19280.3
18965
18649.9
18335
18020.2
17705.6
17391.1
17076.7
16762.4
16448.3
16134.2
15820.2
15506.3
15192.5
14878.7
14565
14251.3
13937.7
13624.1
13310.5
12997
12683.5
12370.1
12056.6
11743.2
11429.8
11116.4
10803.1
10489.7
10176.4
9863.07
9549.75
9236.45
8923.15
8609.87
8296.59
7983.31
7670.04
7356.78
7043.52
6730.27
6417.02
6103.78
5790.54
5477.31
5164.08
4850.85
4535.18
4190.07
3786.36
3313.07
2765.77
2098.97
1404.59
364.609
25083.8
24131.1
23623.1
23056.4
22554.3
22087.8
21656.8
21258.5
20890.1
20549.4
20227.6
19911.7
19595.9
19280.4
18965.1
18650
18335.1
18020.3
17705.7
17391.2
17076.8
16762.5
16448.3
16134.3
15820.3
15506.3
15192.5
14878.7
14565
14251.3
13937.7
13624.1
13310.5
12997
12683.5
12370.1
12056.6
11743.2
11429.8
11116.4
10803.1
10489.7
10176.4
9863.07
9549.76
9236.46
8923.17
8609.88
8296.61
7983.34
7670.08
7356.82
7043.58
6730.33
6417.1
6103.87
5790.64
5477.42
5164.21
4851
4535.35
4190.26
3786.55
3313.35
2765.83
2099.41
1404.59
363.553
25055.2
24120.4
23614
23052.2
22551.7
22086.4
21656.1
21258.1
20890
20549.4
20227.7
19911.8
19596.1
19280.6
18965.3
18650.2
18335.2
18020.4
17705.8
17391.3
17076.9
16762.6
16448.4
16134.3
15820.3
15506.4
15192.5
14878.7
14565
14251.3
13937.7
13624.1
13310.5
12997
12683.5
12370.1
12056.6
11743.2
11429.8
11116.4
10803.1
10489.7
10176.4
9863.08
9549.77
9236.47
8923.18
8609.9
8296.63
7983.37
7670.11
7356.86
7043.62
6730.39
6417.17
6103.95
5790.74
5477.54
5164.35
4851.16
4535.53
4190.46
3786.76
3313.66
2765.87
2099.98
1404.35
362.666
25016.8
24109.6
23605.3
23049.2
22550.4
22086.2
21656.4
21258.6
20890.5
20550
20228.3
19912.3
19596.5
19281
18965.6
18650.5
18335.5
18020.6
17705.9
17391.4
17077
16762.7
16448.5
16134.4
15820.3
15506.4
15192.6
14878.8
14565
14251.3
13937.7
13624.1
13310.5
12997
12683.5
12370.1
12056.6
11743.2
11429.8
11116.4
10803.1
10489.7
10176.4
9863.08
9549.77
9236.47
8923.18
8609.91
8296.64
7983.38
7670.13
7356.89
7043.66
6730.44
6417.23
6104.03
5790.84
5477.66
5164.49
4851.33
4535.73
4190.7
3787.03
3314.07
2765.96
2100.86
1403.64
361.571
24963.8
24096.6
23593.7
23044.9
22548
22085.2
21656
21258.6
20890.7
20550.2
20228.5
19912.6
19596.8
19281.2
18965.8
18650.6
18335.6
18020.7
17706
17391.5
17077
16762.7
16448.5
16134.4
15820.4
15506.4
15192.6
14878.8
14565
14251.3
13937.7
13624.1
13310.5
12997
12683.5
12370.1
12056.6
11743.2
11429.8
11116.4
10803.1
10489.7
10176.4
9863.08
9549.77
9236.47
8923.19
8609.91
8296.65
7983.39
7670.15
7356.91
7043.69
6730.48
6417.27
6104.09
5790.91
5477.75
5164.6
4851.47
4535.9
4190.9
3787.26
3314.48
2765.88
2102.22
1402.53
361.233
24931.6
24125.8
23607.8
23060.9
22560
22094.3
21662.9
21263.8
20894.6
20553.2
20230.8
19914.3
19598.1
19282.2
18966.6
18651.2
18336
18021
17706.2
17391.6
17077.1
16762.8
16448.5
16134.4
15820.4
15506.4
15192.6
14878.8
14565
14251.3
13937.7
13624.1
13310.5
12997
12683.5
12370.1
12056.6
11743.2
11429.8
11116.4
10803.1
10489.7
10176.4
9863.05
9549.74
9236.44
8923.15
8609.87
8296.6
7983.34
7670.09
7356.86
7043.64
6730.43
6417.24
6104.07
5790.92
5477.79
5164.7
4851.63
4536.16
4191.29
3787.83
3315.58
2766.25
2106.69
1399.12
354.716
24988.3
24131.6
23622.2
23057.4
22557.2
22089.3
21657.7
21258.7
20889.8
20548.7
20226.7
19910.6
19594.8
19279.3
18964
18648.9
18334
18019.3
17704.7
17390.3
17076
16761.8
16447.7
16133.7
15819.8
15505.9
15192.1
14878.4
14564.7
14251.1
13937.5
13623.9
13310.4
12996.9
12683.4
12370
12056.6
11743.2
11429.8
11116.4
10803.1
10489.7
10176.4
9863.05
9549.74
9236.43
8923.13
8609.84
8296.54
7983.25
7669.96
7356.67
7043.37
6730.07
6416.75
6103.43
5790.1
5476.74
5163.36
4849.96
4534.08
4188.66
3784.6
3310.65
2761.31
2097.36
1382.17
417.618
24976.1
24112.8
23617.7
23052.4
22554.9
22087.8
21656.8
21258.1
20889.5
20548.5
20226.6
19910.6
19594.8
19279.3
18964
18648.9
18334
18019.3
17704.8
17390.3
17076
16761.8
16447.7
16133.7
15819.8
15505.9
15192.1
14878.4
14564.7
14251.1
13937.5
13623.9
13310.4
12996.9
12683.4
12370
12056.6
11743.2
11429.8
11116.4
10803
10489.7
10176.4
9863.04
9549.72
9236.42
8923.11
8609.82
8296.52
7983.23
7669.93
7356.63
7043.34
6730.03
6416.72
6103.39
5790.05
5476.69
5163.32
4849.92
4534.04
4188.62
3784.63
3310.5
2761.92
2096.99
1385.29
378.672
24980.6
24100.8
23615.5
23048.9
22553.3
22086.6
21656.1
21257.7
20889.2
20548.4
20226.5
19910.5
19594.8
19279.3
18964
18648.9
18334
18019.3
17704.8
17390.3
17076
16761.8
16447.7
16133.7
15819.8
15505.9
15192.1
14878.4
14564.7
14251.1
13937.5
13623.9
13310.4
12996.9
12683.4
12370
12056.6
11743.2
11429.8
11116.4
10803
10489.7
10176.4
9863.03
9549.71
9236.4
8923.1
8609.8
8296.5
7983.21
7669.91
7356.61
7043.31
6730.01
6416.69
6103.37
5790.03
5476.67
5163.3
4849.9
4534.03
4188.63
3784.7
3310.46
2762.61
2096.49
1389.59
378.681
24993.9
24096
23614.8
23046.9
22552.1
22085.8
21655.6
21257.3
20889
20548.2
20226.4
19910.5
19594.7
19279.3
18964
18648.9
18334.1
18019.3
17704.8
17390.3
17076
16761.8
16447.7
16133.7
15819.8
15505.9
15192.1
14878.4
14564.7
14251.1
13937.5
13623.9
13310.4
12996.9
12683.4
12370
12056.5
11743.1
11429.8
11116.4
10803
10489.7
10176.4
9863.02
9549.71
9236.4
8923.09
8609.79
8296.49
7983.2
7669.9
7356.6
7043.3
6729.99
6416.68
6103.35
5790.02
5476.67
5163.3
4849.92
4534.05
4188.68
3784.8
3310.54
2763.23
2096.29
1392.99
379.967
25011.1
24095.9
23615.3
23046.3
22551.4
22085.3
21655.2
21257
20888.8
20548.1
20226.3
19910.4
19594.7
19279.3
18964
18648.9
18334.1
18019.4
17704.8
17390.4
17076
16761.8
16447.7
16133.7
15819.8
15505.9
15192.1
14878.4
14564.7
14251.1
13937.5
13623.9
13310.4
12996.9
12683.4
12370
12056.5
11743.1
11429.8
11116.4
10803
10489.7
10176.3
9863.02
9549.7
9236.39
8923.08
8609.78
8296.48
7983.19
7669.89
7356.59
7043.29
6729.98
6416.67
6103.35
5790.02
5476.68
5163.32
4849.95
4534.11
4188.76
3784.93
3310.72
2763.78
2096.31
1395.71
378.177
25030.5
24099.6
23617.1
23046.9
22551.3
22085.1
21655
21256.9
20888.6
20548
20226.3
19910.4
19594.7
19279.2
18964
18649
18334.1
18019.4
17704.8
17390.4
17076.1
16761.9
16447.8
16133.7
15819.8
15505.9
15192.1
14878.4
14564.7
14251.1
13937.5
13623.9
13310.4
12996.9
12683.4
12370
12056.5
11743.1
11429.8
11116.4
10803
10489.7
10176.3
9863.01
9549.69
9236.38
8923.08
8609.78
8296.48
7983.18
7669.88
7356.59
7043.29
6729.98
6416.68
6103.36
5790.04
5476.7
5163.36
4850
4534.18
4188.88
3785.07
3310.96
2764.25
2096.47
1398.01
376.221
25050.3
24106.1
23619.9
23048.6
22551.8
22085.4
21655
21256.9
20888.6
20548
20226.3
19910.4
19594.7
19279.3
18964
18649
18334.1
18019.4
17704.8
17390.4
17076.1
16761.9
16447.8
16133.7
15819.8
15505.9
15192.1
14878.4
14564.7
14251.1
13937.5
13623.9
13310.4
12996.9
12683.4
12370
12056.5
11743.1
11429.7
11116.4
10803
10489.7
10176.3
9863.01
9549.69
9236.38
8923.07
8609.77
8296.48
7983.18
7669.89
7356.59
7043.29
6730
6416.69
6103.39
5790.07
5476.75
5163.42
4850.08
4534.28
4189.01
3785.24
3311.25
2764.64
2096.73
1399.88
374.298
25069.2
24114
23623.3
23051
22552.7
22085.9
21655.2
21257
20888.7
20548
20226.3
19910.4
19594.7
19279.3
18964
18649
18334.1
18019.4
17704.9
17390.4
17076.1
16761.9
16447.8
16133.8
15819.8
15506
15192.2
14878.4
14564.7
14251.1
13937.5
13623.9
13310.4
12996.9
12683.4
12370
12056.5
11743.1
11429.7
11116.4
10803
10489.7
10176.3
9863.01
9549.69
9236.38
8923.08
8609.78
8296.48
7983.19
7669.89
7356.6
7043.31
6730.02
6416.72
6103.42
5790.12
5476.81
5163.5
4850.18
4534.4
4189.17
3785.41
3311.56
2764.96
2097.06
1401.36
372.349
25085.5
24122.3
23626.8
23053.7
22553.8
22086.6
21655.6
21257.2
20888.8
20548.1
20226.3
19910.4
19594.7
19279.3
18964.1
18649
18334.2
18019.5
17704.9
17390.4
17076.1
16761.9
16447.8
16133.8
15819.8
15506
15192.2
14878.4
14564.7
14251.1
13937.5
13623.9
13310.4
12996.9
12683.4
12370
12056.5
11743.1
11429.7
11116.4
10803
10489.7
10176.3
9863.01
9549.69
9236.38
8923.08
8609.78
8296.49
7983.2
7669.91
7356.62
7043.34
6730.05
6416.76
6103.47
5790.18
5476.89
5163.59
4850.29
4534.54
4189.34
3785.6
3311.88
2765.22
2097.42
1402.51
370.467
25098.1
24129.7
23629.7
23056.2
22554.9
22087.3
21656
21257.4
20888.9
20548.2
20226.4
19910.5
19594.8
19279.4
18964.1
18649.1
18334.2
18019.5
17704.9
17390.5
17076.2
16762
16447.8
16133.8
15819.9
15506
15192.2
14878.4
14564.7
14251.1
13937.5
13623.9
13310.4
12996.9
12683.4
12370
12056.5
11743.1
11429.7
11116.4
10803
10489.7
10176.3
9863.01
9549.7
9236.39
8923.09
8609.79
8296.5
7983.22
7669.93
7356.65
7043.37
6730.09
6416.81
6103.53
5790.25
5476.97
5163.69
4850.41
4534.69
4189.52
3785.79
3312.19
2765.42
2097.79
1403.37
368.713
25105.5
24135
23631.2
23057.9
22555.6
22087.8
21656.3
21257.6
20889.1
20548.3
20226.5
19910.6
19594.9
19279.4
18964.2
18649.1
18334.3
18019.6
17705
17390.5
17076.2
16762
16447.9
16133.8
15819.9
15506
15192.2
14878.5
14564.8
14251.1
13937.5
13623.9
13310.4
12996.9
12683.4
12370
12056.5
11743.1
11429.7
11116.4
10803
10489.7
10176.3
9863.02
9549.7
9236.4
8923.1
8609.81
8296.52
7983.24
7669.96
7356.68
7043.41
6730.14
6416.87
6103.6
5790.34
5477.07
5163.81
4850.55
4534.84
4189.69
3785.97
3312.49
2765.57
2098.16
1403.98
367.118
25106.2
24137.1
23630.6
23058.5
22555.6
22087.9
21656.3
21257.7
20889.1
20548.3
20226.6
19910.6
19595
19279.5
18964.3
18649.2
18334.3
18019.6
17705
17390.6
17076.3
16762
16447.9
16133.9
15819.9
15506.1
15192.2
14878.5
14564.8
14251.1
13937.5
13623.9
13310.4
12996.9
12683.4
12370
12056.5
11743.1
11429.8
11116.4
10803
10489.7
10176.3
9863.03
9549.71
9236.41
8923.11
8609.83
8296.54
7983.26
7669.99
7356.72
7043.46
6730.2
6416.94
6103.68
5790.43
5477.18
5163.93
4850.69
4535
4189.87
3786.16
3312.77
2765.67
2098.54
1404.39
365.701
25098.7
24135.3
23627.4
23057.4
22554.6
22087.4
21656.1
21257.6
20889.1
20548.4
20226.6
19910.7
19595.1
19279.6
18964.4
18649.3
18334.4
18019.7
17705.1
17390.7
17076.3
16762.1
16448
16133.9
15820
15506.1
15192.3
14878.5
14564.8
14251.1
13937.5
13624
13310.4
12996.9
12683.4
12370
12056.6
11743.1
11429.8
11116.4
10803
10489.7
10176.4
9863.03
9549.72
9236.42
8923.13
8609.84
8296.57
7983.29
7670.03
7356.77
7043.51
6730.26
6417.01
6103.77
5790.53
5477.29
5164.06
4850.83
4535.16
4190.06
3786.34
3313.05
2765.75
2098.93
1404.6
364.471
25081.6
24129.1
23621.3
23054.8
22552.8
22086.4
21655.6
21257.3
20889
20548.4
20226.7
19910.8
19595.2
19279.8
18964.5
18649.5
18334.6
18019.8
17705.2
17390.8
17076.4
16762.2
16448
16134
15820
15506.1
15192.3
14878.5
14564.8
14251.2
13937.5
13624
13310.4
12996.9
12683.4
12370
12056.6
11743.1
11429.8
11116.4
10803
10489.7
10176.4
9863.04
9549.73
9236.43
8923.15
8609.86
8296.59
7983.32
7670.06
7356.81
7043.56
6730.32
6417.08
6103.85
5790.63
5477.41
5164.2
4850.99
4535.33
4190.25
3786.53
3313.33
2765.81
2099.37
1404.6
363.417
25052.9
24118.5
23612.2
23050.5
22550.2
22085
21654.8
21257
20888.9
20548.4
20226.8
19911
19595.4
19279.9
18964.7
18649.6
18334.7
18019.9
17705.3
17390.9
17076.5
16762.2
16448.1
16134
15820.1
15506.2
15192.3
14878.6
14564.8
14251.2
13937.6
13624
13310.4
12996.9
12683.4
12370
12056.6
11743.2
11429.8
11116.4
10803
10489.7
10176.4
9863.05
9549.74
9236.45
8923.16
8609.88
8296.61
7983.35
7670.1
7356.85
7043.61
6730.38
6417.16
6103.94
5790.73
5477.53
5164.33
4851.14
4535.51
4190.44
3786.74
3313.64
2765.85
2099.94
1404.36
362.535
25014.5
24107.6
23603.5
23047.6
22548.9
22084.8
21655.1
21257.5
20889.5
20549
20227.4
19911.5
19595.8
19280.3
18965
18649.9
18334.9
18020.1
17705.5
17391
17076.6
16762.3
16448.2
16134.1
15820.1
15506.2
15192.4
14878.6
14564.9
14251.2
13937.6
13624
13310.4
12996.9
12683.4
12370
12056.6
11743.2
11429.8
11116.4
10803
10489.7
10176.4
9863.05
9549.74
9236.45
8923.16
8609.89
8296.62
7983.36
7670.11
7356.88
7043.65
6730.42
6417.21
6104.01
5790.82
5477.64
5164.47
4851.31
4535.72
4190.69
3787.01
3314.05
2765.95
2100.83
1403.64
361.447
24961.5
24094.6
23591.9
23043.3
22546.5
22083.8
21654.8
21257.5
20889.7
20549.2
20227.6
19911.7
19596
19280.5
18965.2
18650.1
18335.1
18020.3
17705.6
17391.1
17076.7
16762.4
16448.2
16134.1
15820.1
15506.2
15192.4
14878.6
14564.9
14251.2
13937.6
13624
13310.4
12996.9
12683.4
12370
12056.6
11743.2
11429.8
11116.4
10803
10489.7
10176.4
9863.05
9549.74
9236.45
8923.17
8609.89
8296.63
7983.37
7670.13
7356.9
7043.67
6730.46
6417.26
6104.07
5790.9
5477.74
5164.59
4851.45
4535.88
4190.89
3787.24
3314.46
2765.86
2102.19
1402.53
361.117
24929.4
24123.8
23606
23059.3
22558.5
22093
21661.7
21262.7
20893.6
20552.2
20229.9
19913.5
19597.4
19281.5
18965.9
18650.6
18335.5
18020.5
17705.8
17391.2
17076.8
16762.4
16448.2
16134.1
15820.1
15506.2
15192.4
14878.6
14564.8
14251.2
13937.5
13624
13310.4
12996.9
12683.4
12370
12056.5
11743.1
11429.7
11116.4
10803
10489.7
10176.3
9863.02
9549.71
9236.41
8923.13
8609.85
8296.58
7983.32
7670.08
7356.84
7043.62
6730.42
6417.23
6104.06
5790.91
5477.78
5164.69
4851.62
4536.15
4191.27
3787.82
3315.56
2766.24
2106.66
1399.12
354.629
24985.6
24129.3
23620
23055.4
22555.4
22087.7
21656.2
21257.3
20888.5
20547.6
20225.7
19909.6
19593.9
19278.4
18963.2
18648.2
18333.4
18018.7
17704.2
17389.8
17075.6
16761.4
16447.4
16133.4
15819.5
15505.7
15191.9
14878.2
14564.5
14250.9
13937.3
13623.8
13310.3
12996.8
12683.3
12369.9
12056.5
11743.1
11429.7
11116.4
10803
10489.7
10176.3
9863.02
9549.7
9236.4
8923.1
8609.81
8296.52
7983.23
7669.94
7356.65
7043.35
6730.05
6416.74
6103.41
5790.08
5476.72
5163.34
4849.94
4534.05
4188.63
3784.57
3310.62
2761.27
2097.29
1382.14
417.552
24973.5
24110.5
23615.5
23050.4
22553.2
22086.2
21655.4
21256.8
20888.2
20547.4
20225.6
19909.6
19593.9
19278.5
18963.2
18648.2
18333.4
18018.7
17704.2
17389.9
17075.6
16761.4
16447.4
16133.4
15819.5
15505.7
15191.9
14878.2
14564.5
14250.9
13937.3
13623.8
13310.3
12996.8
12683.3
12369.9
12056.5
11743.1
11429.7
11116.3
10803
10489.7
10176.3
9863
9549.69
9236.39
8923.09
8609.79
8296.5
7983.21
7669.91
7356.62
7043.32
6730.01
6416.7
6103.37
5790.03
5476.67
5163.3
4849.9
4534.01
4188.6
3784.6
3310.47
2761.89
2096.93
1385.26
378.57
24978
24098.5
23613.3
23046.9
22551.5
22085
21654.7
21256.4
20888
20547.2
20225.5
19909.6
19593.9
19278.5
18963.3
18648.2
18333.4
18018.8
17704.2
17389.9
17075.6
16761.4
16447.4
16133.4
15819.5
15505.7
15191.9
14878.2
14564.5
14250.9
13937.3
13623.8
13310.3
12996.8
12683.3
12369.9
12056.5
11743.1
11429.7
11116.3
10803
10489.6
10176.3
9862.99
9549.68
9236.37
8923.07
8609.78
8296.48
7983.19
7669.89
7356.6
7043.29
6729.99
6416.67
6103.35
5790.01
5476.65
5163.28
4849.88
4534.01
4188.6
3784.67
3310.42
2762.58
2096.43
1389.57
378.557
24991.2
24093.6
23612.6
23045
22550.4
22084.2
21654.1
21256
20887.7
20547.1
20225.4
19909.5
19593.9
19278.5
18963.3
18648.3
18333.4
18018.8
17704.3
17389.9
17075.6
16761.5
16447.4
16133.4
15819.5
15505.7
15191.9
14878.2
14564.5
14250.9
13937.3
13623.8
13310.3
12996.8
12683.3
12369.9
12056.5
11743.1
11429.7
11116.3
10803
10489.6
10176.3
9862.99
9549.67
9236.37
8923.06
8609.77
8296.47
7983.17
7669.88
7356.58
7043.28
6729.97
6416.66
6103.33
5790
5476.65
5163.28
4849.89
4534.03
4188.65
3784.77
3310.51
2763.2
2096.23
1392.99
379.836
25008.4
24093.6
23613.1
23044.3
22549.7
22083.7
21653.7
21255.7
20887.5
20547
20225.3
19909.5
19593.8
19278.4
18963.3
18648.3
18333.4
18018.8
17704.3
17389.9
17075.6
16761.5
16447.4
16133.4
15819.5
15505.7
15191.9
14878.2
14564.5
14250.9
13937.3
13623.8
13310.2
12996.8
12683.3
12369.9
12056.5
11743.1
11429.7
11116.3
10803
10489.6
10176.3
9862.98
9549.67
9236.36
8923.06
8609.76
8296.46
7983.16
7669.87
7356.57
7043.27
6729.97
6416.65
6103.33
5790
5476.66
5163.3
4849.93
4534.08
4188.74
3784.9
3310.68
2763.75
2096.25
1395.7
378.038
25027.8
24097.3
23614.9
23045
22549.6
22083.5
21653.5
21255.5
20887.4
20546.9
20225.2
19909.4
19593.8
19278.4
18963.3
18648.3
18333.5
18018.8
17704.3
17389.9
17075.6
16761.5
16447.4
16133.4
15819.5
15505.7
15191.9
14878.2
14564.5
14250.9
13937.3
13623.8
13310.2
12996.8
12683.3
12369.9
12056.5
11743.1
11429.7
11116.3
10803
10489.6
10176.3
9862.98
9549.66
9236.35
8923.05
8609.75
8296.45
7983.16
7669.86
7356.57
7043.27
6729.97
6416.66
6103.34
5790.02
5476.69
5163.34
4849.98
4534.16
4188.85
3785.04
3310.93
2764.22
2096.41
1398.01
376.075
25047.7
24103.7
23617.7
23046.6
22550
22083.8
21653.5
21255.5
20887.4
20546.8
20225.2
19909.4
19593.8
19278.4
18963.3
18648.3
18333.5
18018.8
17704.3
17389.9
17075.7
16761.5
16447.4
16133.4
15819.5
15505.7
15191.9
14878.2
14564.5
14250.9
13937.3
13623.8
13310.2
12996.8
12683.3
12369.9
12056.5
11743.1
11429.7
11116.3
10803
10489.6
10176.3
9862.97
9549.66
9236.35
8923.05
8609.75
8296.45
7983.16
7669.87
7356.57
7043.28
6729.98
6416.68
6103.37
5790.05
5476.73
5163.4
4850.06
4534.26
4188.99
3785.21
3311.22
2764.61
2096.68
1399.89
374.147
25066.5
24111.7
23621.2
23049
22550.9
22084.3
21653.8
21255.6
20887.4
20546.9
20225.2
19909.4
19593.8
19278.5
18963.3
18648.3
18333.5
18018.9
17704.3
17390
17075.7
16761.5
16447.4
16133.5
15819.5
15505.7
15191.9
14878.2
14564.5
14250.9
13937.3
13623.8
13310.3
12996.8
12683.3
12369.9
12056.5
11743.1
11429.7
11116.3
10803
10489.6
10176.3
9862.97
9549.66
9236.35
8923.05
8609.75
8296.46
7983.17
7669.88
7356.59
7043.29
6730
6416.7
6103.41
5790.1
5476.79
5163.48
4850.16
4534.38
4189.15
3785.39
3311.53
2764.94
2097
1401.37
372.192
25082.9
24120
23624.7
23051.7
22552
22085
21654.1
21255.9
20887.6
20546.9
20225.3
19909.5
19593.9
19278.5
18963.3
18648.4
18333.5
18018.9
17704.4
17390
17075.7
16761.5
16447.5
16133.5
15819.6
15505.7
15191.9
14878.2
14564.5
14250.9
13937.3
13623.8
13310.3
12996.8
12683.3
12369.9
12056.5
11743.1
11429.7
11116.3
10803
10489.6
10176.3
9862.97
9549.66
9236.35
8923.05
8609.76
8296.47
7983.18
7669.89
7356.6
7043.32
6730.03
6416.74
6103.45
5790.16
5476.87
5163.57
4850.27
4534.52
4189.32
3785.57
3311.85
2765.2
2097.36
1402.52
370.306
25095.4
24127.3
23627.5
23054.2
22553.1
22085.7
21654.5
21256.1
20887.7
20547
20225.4
19909.5
19593.9
19278.6
18963.4
18648.4
18333.6
18018.9
17704.4
17390
17075.7
16761.6
16447.5
16133.5
15819.6
15505.7
15192
14878.2
14564.6
14250.9
13937.3
13623.8
13310.3
12996.8
12683.3
12369.9
12056.5
11743.1
11429.7
11116.3
10803
10489.6
10176.3
9862.98
9549.66
9236.36
8923.06
8609.77
8296.48
7983.19
7669.91
7356.63
7043.35
6730.07
6416.8
6103.52
5790.24
5476.96
5163.68
4850.4
4534.67
4189.49
3785.76
3312.16
2765.39
2097.74
1403.38
368.549
25102.8
24132.6
23629
23056
22553.8
22086.2
21654.8
21256.3
20887.8
20547.1
20225.5
19909.6
19594
19278.6
18963.5
18648.5
18333.7
18019
17704.5
17390.1
17075.8
16761.6
16447.5
16133.5
15819.6
15505.8
15192
14878.2
14564.6
14250.9
13937.3
13623.8
13310.3
12996.8
12683.3
12369.9
12056.5
11743.1
11429.7
11116.3
10803
10489.6
10176.3
9862.98
9549.67
9236.37
8923.07
8609.78
8296.5
7983.22
7669.94
7356.67
7043.39
6730.12
6416.85
6103.59
5790.32
5477.06
5163.79
4850.53
4534.82
4189.67
3785.95
3312.46
2765.54
2098.11
1403.99
366.952
25103.5
24134.8
23628.4
23056.5
22553.8
22086.3
21654.9
21256.3
20887.9
20547.2
20225.5
19909.7
19594.1
19278.7
18963.5
18648.6
18333.7
18019.1
17704.5
17390.1
17075.8
16761.7
16447.6
16133.6
15819.6
15505.8
15192
14878.3
14564.6
14251
13937.4
13623.8
13310.3
12996.8
12683.3
12369.9
12056.5
11743.1
11429.7
11116.3
10803
10489.6
10176.3
9862.99
9549.68
9236.38
8923.09
8609.8
8296.52
7983.24
7669.97
7356.71
7043.44
6730.18
6416.92
6103.67
5790.41
5477.16
5163.92
4850.67
4534.98
4189.85
3786.13
3312.75
2765.65
2098.48
1404.4
365.535
25096.1
24133
23625.2
23055.5
22552.9
22085.8
21654.6
21256.2
20887.9
20547.2
20225.6
19909.8
19594.2
19278.8
18963.6
18648.6
18333.8
18019.2
17704.6
17390.2
17075.9
16761.7
16447.6
16133.6
15819.7
15505.8
15192
14878.3
14564.6
14251
13937.4
13623.8
13310.3
12996.8
12683.3
12369.9
12056.5
11743.1
11429.7
11116.3
10803
10489.6
10176.3
9863
9549.69
9236.39
8923.1
8609.82
8296.54
7983.27
7670.01
7356.75
7043.49
6730.24
6416.99
6103.75
5790.51
5477.28
5164.04
4850.82
4535.14
4190.04
3786.32
3313.02
2765.73
2098.87
1404.61
364.306
25078.9
24126.8
23619.1
23052.8
22551.1
22084.8
21654.1
21256
20887.8
20547.3
20225.7
19909.9
19594.3
19279
18963.8
18648.8
18333.9
18019.3
17704.7
17390.3
17076
16761.8
16447.7
16133.7
15819.7
15505.9
15192.1
14878.3
14564.6
14251
13937.4
13623.8
13310.3
12996.8
12683.3
12369.9
12056.5
11743.1
11429.7
11116.3
10803
10489.6
10176.3
9863.01
9549.7
9236.41
8923.12
8609.84
8296.57
7983.3
7670.04
7356.79
7043.55
6730.3
6417.07
6103.84
5790.61
5477.39
5164.18
4850.97
4535.32
4190.23
3786.51
3313.31
2765.78
2099.32
1404.61
363.254
25050.3
24116.1
23610.1
23048.6
22548.4
22083.4
21653.4
21255.6
20887.7
20547.3
20225.8
19910
19594.5
19279.1
18963.9
18648.9
18334.1
18019.4
17704.8
17390.4
17076.1
16761.9
16447.7
16133.7
15819.8
15505.9
15192.1
14878.3
14564.6
14251
13937.4
13623.8
13310.3
12996.8
12683.3
12369.9
12056.5
11743.1
11429.7
11116.3
10803
10489.6
10176.3
9863.01
9549.71
9236.42
8923.13
8609.86
8296.59
7983.33
7670.08
7356.83
7043.59
6730.36
6417.14
6103.92
5790.71
5477.51
5164.32
4851.13
4535.49
4190.43
3786.72
3313.61
2765.83
2099.89
1404.37
362.378
25011.9
24105.3
23601.4
23045.6
22547.1
22083.2
21653.7
21256.2
20888.3
20547.9
20226.3
19910.5
19594.9
19279.5
18964.3
18649.2
18334.3
18019.6
17705
17390.5
17076.2
16761.9
16447.8
16133.8
15819.8
15505.9
15192.1
14878.4
14564.7
14251
13937.4
13623.8
13310.3
12996.8
12683.3
12369.9
12056.5
11743.1
11429.7
11116.3
10803
10489.6
10176.3
9863.01
9549.71
9236.42
8923.14
8609.86
8296.6
7983.34
7670.1
7356.86
7043.63
6730.41
6417.2
6104
5790.81
5477.63
5164.46
4851.3
4535.7
4190.67
3786.99
3314.02
2765.92
2100.78
1403.65
361.299
24958.9
24092.3
23589.7
23041.3
22544.8
22082.2
21653.3
21256.2
20888.4
20548.1
20226.6
19910.8
19595.2
19279.7
18964.5
18649.4
18334.5
18019.7
17705.1
17390.6
17076.3
16762
16447.9
16133.8
15819.8
15506
15192.1
14878.4
14564.7
14251
13937.4
13623.8
13310.3
12996.8
12683.3
12369.9
12056.5
11743.1
11429.7
11116.3
10803
10489.6
10176.3
9863.01
9549.71
9236.42
8923.14
8609.87
8296.61
7983.36
7670.11
7356.88
7043.66
6730.45
6417.25
6104.06
5790.89
5477.72
5164.57
4851.44
4535.87
4190.87
3787.22
3314.44
2765.84
2102.15
1402.54
360.977
24926.8
24121.5
23603.9
23057.3
22556.8
22091.4
21660.2
21261.3
20892.4
20551.1
20228.9
19912.5
19596.5
19280.7
18965.2
18649.9
18334.9
18020
17705.3
17390.7
17076.3
16762.1
16447.9
16133.8
15819.8
15505.9
15192.1
14878.4
14564.7
14251
13937.4
13623.8
13310.3
12996.8
12683.3
12369.9
12056.5
11743.1
11429.7
11116.3
10803
10489.6
10176.3
9862.98
9549.68
9236.38
8923.1
8609.82
8296.56
7983.3
7670.06
7356.83
7043.61
6730.4
6417.21
6104.04
5790.89
5477.77
5164.67
4851.61
4536.13
4191.26
3787.8
3315.54
2766.22
2106.63
1399.12
354.525
24982.5
24126.6
23617.5
23053.2
22553.4
22085.8
21654.5
21255.8
20887.1
20546.3
20224.5
19908.5
19592.9
19277.5
18962.4
18647.4
18332.7
18018.1
17703.6
17389.3
17075.1
16761
16447
16133
15819.2
15505.4
15191.6
14878
14564.3
14250.7
13937.1
13623.6
13310.1
12996.7
12683.2
12369.8
12056.4
11743
11429.6
11116.3
10802.9
10489.6
10176.3
9862.97
9549.67
9236.37
8923.07
8609.78
8296.5
7983.21
7669.92
7356.63
7043.33
6730.03
6416.72
6103.39
5790.05
5476.7
5163.32
4849.91
4534.03
4188.6
3784.53
3310.58
2761.23
2097.22
1382.1
417.478
24970.4
24107.8
23613
23048.2
22551.1
22084.3
21653.7
21255.3
20886.8
20546.1
20224.4
19908.5
19592.9
19277.5
18962.4
18647.5
18332.7
18018.1
17703.6
17389.3
17075.1
16761
16447
16133
15819.2
15505.4
15191.6
14877.9
14564.3
14250.7
13937.1
13623.6
13310.1
12996.6
12683.2
12369.8
12056.4
11743
11429.6
11116.3
10802.9
10489.6
10176.3
9862.96
9549.65
9236.35
8923.06
8609.76
8296.47
7983.18
7669.89
7356.6
7043.3
6729.99
6416.68
6103.35
5790.01
5476.65
5163.27
4849.87
4533.98
4188.57
3784.57
3310.43
2761.85
2096.86
1385.24
378.452
24974.9
24095.8
23610.9
23044.7
22549.5
22083.2
21653
21254.8
20886.6
20545.9
20224.3
19908.5
19592.9
19277.5
18962.4
18647.5
18332.7
18018.1
17703.7
17389.3
17075.1
16761
16447
16133
15819.2
15505.4
15191.6
14877.9
14564.3
14250.7
13937.1
13623.6
13310.1
12996.6
12683.2
12369.8
12056.4
11743
11429.6
11116.3
10802.9
10489.6
10176.3
9862.95
9549.64
9236.34
8923.04
8609.75
8296.46
7983.16
7669.87
7356.58
7043.27
6729.97
6416.65
6103.33
5789.99
5476.63
5163.25
4849.86
4533.98
4188.57
3784.64
3310.38
2762.54
2096.37
1389.55
378.413
24988.2
24091
23610.2
23042.7
22548.3
22082.3
21652.4
21254.5
20886.3
20545.8
20224.2
19908.4
19592.9
19277.5
18962.4
18647.5
18332.7
18018.1
17703.7
17389.3
17075.1
16761
16447
16133
15819.2
15505.4
15191.6
14877.9
14564.3
14250.7
13937.1
13623.6
13310.1
12996.6
12683.2
12369.8
12056.4
11743
11429.6
11116.3
10802.9
10489.6
10176.3
9862.94
9549.64
9236.33
8923.03
8609.74
8296.44
7983.15
7669.86
7356.56
7043.26
6729.95
6416.64
6103.31
5789.98
5476.63
5163.26
4849.87
4534
4188.62
3784.74
3310.47
2763.17
2096.17
1392.98
379.683
25005.4
24090.9
23610.7
23042.1
22547.6
22081.8
21652
21254.2
20886.1
20545.7
20224.1
19908.4
19592.8
19277.5
18962.4
18647.5
18332.7
18018.1
17703.7
17389.4
17075.1
16761
16447
16133.1
15819.2
15505.4
15191.6
14877.9
14564.3
14250.7
13937.1
13623.6
13310.1
12996.6
12683.2
12369.8
12056.4
11743
11429.6
11116.3
10802.9
10489.6
10176.3
9862.94
9549.63
9236.32
8923.02
8609.73
8296.44
7983.14
7669.85
7356.55
7043.25
6729.95
6416.63
6103.31
5789.98
5476.64
5163.28
4849.9
4534.06
4188.71
3784.87
3310.65
2763.71
2096.18
1395.7
377.876
25024.7
24094.6
23612.4
23042.7
22547.5
22081.7
21651.8
21254
20886
20545.6
20224
19908.3
19592.8
19277.5
18962.4
18647.5
18332.8
18018.2
17703.7
17389.4
17075.2
16761
16447
16133.1
15819.2
15505.4
15191.6
14877.9
14564.3
14250.7
13937.1
13623.6
13310.1
12996.6
12683.2
12369.8
12056.4
11743
11429.6
11116.3
10802.9
10489.6
10176.3
9862.93
9549.62
9236.32
8923.02
8609.72
8296.43
7983.14
7669.84
7356.55
7043.25
6729.95
6416.64
6103.32
5790
5476.66
5163.32
4849.96
4534.13
4188.82
3785.01
3310.89
2764.19
2096.35
1398.01
375.905
25044.6
24101
23615.3
23044.4
22548
22081.9
21651.8
21254
20886
20545.5
20224
19908.3
19592.8
19277.5
18962.4
18647.5
18332.8
18018.2
17703.7
17389.4
17075.2
16761.1
16447
16133.1
15819.2
15505.4
15191.6
14878
14564.3
14250.7
13937.1
13623.6
13310.1
12996.6
12683.2
12369.8
12056.4
11743
11429.6
11116.3
10802.9
10489.6
10176.2
9862.93
9549.62
9236.32
8923.02
8609.72
8296.43
7983.14
7669.85
7356.55
7043.26
6729.96
6416.66
6103.35
5790.03
5476.71
5163.38
4850.04
4534.24
4188.96
3785.18
3311.18
2764.58
2096.61
1399.89
373.97
25063.4
24109
23618.7
23046.8
22548.9
22082.4
21652.1
21254.1
20886
20545.6
20224
19908.3
19592.8
19277.5
18962.5
18647.5
18332.8
18018.2
17703.8
17389.4
17075.2
16761.1
16447
16133.1
15819.2
15505.4
15191.7
14878
14564.3
14250.7
13937.1
13623.6
13310.1
12996.6
12683.2
12369.8
12056.4
11743
11429.6
11116.3
10802.9
10489.6
10176.2
9862.93
9549.62
9236.32
8923.02
8609.72
8296.43
7983.14
7669.85
7356.56
7043.27
6729.98
6416.69
6103.39
5790.08
5476.77
5163.46
4850.14
4534.36
4189.12
3785.36
3311.5
2764.91
2096.94
1401.38
372.009
25079.8
24117.3
23622.2
23049.5
22550
22083.1
21652.5
21254.3
20886.1
20545.6
20224.1
19908.4
19592.9
19277.6
18962.5
18647.6
18332.8
18018.2
17703.8
17389.4
17075.2
16761.1
16447.1
16133.1
15819.2
15505.4
15191.7
14878
14564.3
14250.7
13937.1
13623.6
13310.1
12996.6
12683.2
12369.8
12056.4
11743
11429.6
11116.3
10802.9
10489.6
10176.2
9862.93
9549.62
9236.32
8923.02
8609.73
8296.44
7983.15
7669.87
7356.58
7043.3
6730.01
6416.73
6103.44
5790.14
5476.85
5163.55
4850.25
4534.5
4189.29
3785.55
3311.82
2765.17
2097.3
1402.53
370.119
25092.4
24124.7
23625
23052
22551.1
22083.9
21652.9
21254.6
20886.3
20545.7
20224.2
19908.4
19592.9
19277.6
18962.5
18647.6
18332.9
18018.3
17703.8
17389.5
17075.3
16761.1
16447.1
16133.1
15819.3
15505.4
15191.7
14878
14564.3
14250.7
13937.2
13623.6
13310.1
12996.6
12683.2
12369.8
12056.4
11743
11429.6
11116.3
10802.9
10489.6
10176.2
9862.93
9549.63
9236.33
8923.03
8609.74
8296.46
7983.17
7669.89
7356.61
7043.33
6730.06
6416.78
6103.5
5790.22
5476.94
5163.66
4850.37
4534.64
4189.47
3785.74
3312.13
2765.37
2097.67
1403.39
368.358
25099.7
24129.9
23626.5
23053.8
22551.8
22084.4
21653.1
21254.8
20886.4
20545.9
20224.3
19908.5
19593
19277.7
18962.6
18647.7
18332.9
18018.3
17703.9
17389.5
17075.3
16761.2
16447.1
16133.2
15819.3
15505.5
15191.7
14878
14564.4
14250.7
13937.2
13623.6
13310.1
12996.7
12683.2
12369.8
12056.4
11743
11429.6
11116.3
10802.9
10489.6
10176.3
9862.94
9549.63
9236.34
8923.04
8609.76
8296.47
7983.2
7669.92
7356.65
7043.38
6730.11
6416.84
6103.57
5790.3
5477.04
5163.77
4850.51
4534.8
4189.65
3785.92
3312.43
2765.51
2098.05
1404.01
366.759
25100.5
24132.1
23626
23054.3
22551.8
22084.4
21653.2
21254.8
20886.5
20545.9
20224.3
19908.6
19593.1
19277.8
18962.7
18647.8
18333
18018.4
17703.9
17389.6
17075.4
16761.2
16447.2
16133.2
15819.3
15505.5
15191.7
14878
14564.4
14250.8
13937.2
13623.6
13310.1
12996.7
12683.2
12369.8
12056.4
11743
11429.6
11116.3
10802.9
10489.6
10176.3
9862.95
9549.64
9236.35
8923.06
8609.77
8296.5
7983.22
7669.95
7356.69
7043.42
6730.16
6416.9
6103.65
5790.4
5477.14
5163.9
4850.65
4534.96
4189.83
3786.11
3312.72
2765.62
2098.42
1404.41
365.341
25093
24130.3
23622.7
23053.2
22550.8
22084
21652.9
21254.7
20886.5
20546
20224.4
19908.7
19593.2
19277.9
18962.8
18647.9
18333.1
18018.5
17704
17389.7
17075.4
16761.3
16447.2
16133.3
15819.4
15505.5
15191.8
14878.1
14564.4
14250.8
13937.2
13623.7
13310.1
12996.7
12683.2
12369.8
12056.4
11743
11429.6
11116.3
10802.9
10489.6
10176.3
9862.96
9549.65
9236.36
8923.07
8609.79
8296.52
7983.25
7669.99
7356.73
7043.47
6730.22
6416.98
6103.73
5790.49
5477.26
5164.03
4850.8
4535.12
4190.01
3786.29
3312.99
2765.7
2098.82
1404.62
364.113
25075.8
24124.1
23616.6
23050.6
22549
22083
21652.4
21254.5
20886.4
20546
20224.5
19908.8
19593.3
19278
18962.9
18648
18333.2
18018.6
17704.1
17389.8
17075.5
16761.3
16447.3
16133.3
15819.4
15505.6
15191.8
14878.1
14564.4
14250.8
13937.2
13623.7
13310.2
12996.7
12683.2
12369.8
12056.4
11743
11429.6
11116.3
10802.9
10489.6
10176.3
9862.96
9549.66
9236.37
8923.09
8609.81
8296.54
7983.28
7670.02
7356.77
7043.53
6730.29
6417.05
6103.82
5790.6
5477.38
5164.16
4850.95
4535.3
4190.21
3786.49
3313.28
2765.76
2099.26
1404.62
363.065
25047.2
24113.4
23607.6
23046.3
22546.4
22081.6
21651.7
21254.1
20886.3
20546
20224.6
19908.9
19593.5
19278.2
18963.1
18648.2
18333.4
18018.7
17704.2
17389.9
17075.6
16761.4
16447.3
16133.4
15819.4
15505.6
15191.8
14878.1
14564.4
14250.8
13937.2
13623.7
13310.2
12996.7
12683.2
12369.8
12056.4
11743
11429.6
11116.3
10802.9
10489.6
10176.3
9862.97
9549.67
9236.38
8923.1
8609.83
8296.57
7983.31
7670.06
7356.81
7043.58
6730.35
6417.12
6103.91
5790.7
5477.5
5164.3
4851.11
4535.47
4190.41
3786.7
3313.59
2765.81
2099.84
1404.38
362.194
25008.8
24102.6
23598.9
23043.4
22545.1
22081.4
21652
21254.6
20886.9
20546.6
20225.1
19909.4
19593.9
19278.6
18963.4
18648.4
18333.6
18018.9
17704.4
17390
17075.7
16761.5
16447.4
16133.4
15819.5
15505.6
15191.9
14878.1
14564.4
14250.8
13937.2
13623.7
13310.2
12996.7
12683.2
12369.8
12056.4
11743
11429.6
11116.3
10802.9
10489.6
10176.3
9862.97
9549.67
9236.38
8923.11
8609.84
8296.57
7983.32
7670.08
7356.84
7043.61
6730.39
6417.18
6103.98
5790.79
5477.61
5164.44
4851.28
4535.68
4190.65
3786.97
3314
2765.9
2100.73
1403.66
361.126
24955.9
24089.6
23587.3
23039.1
22542.7
22080.4
21651.7
21254.6
20887
20546.8
20225.4
19909.7
19594.2
19278.8
18963.6
18648.6
18333.8
18019.1
17704.5
17390.1
17075.8
16761.6
16447.5
16133.5
15819.5
15505.7
15191.9
14878.1
14564.5
14250.8
13937.2
13623.7
13310.2
12996.7
12683.2
12369.8
12056.4
11743
11429.6
11116.3
10802.9
10489.6
10176.3
9862.97
9549.67
9236.39
8923.11
8609.84
8296.58
7983.33
7670.09
7356.86
7043.64
6730.43
6417.23
6104.04
5790.87
5477.71
5164.56
4851.42
4535.85
4190.85
3787.2
3314.41
2765.82
2102.1
1402.54
360.814
24923.7
24118.8
23601.4
23055.1
22554.8
22089.5
21658.6
21259.8
20891
20549.8
20227.7
19911.5
19595.5
19279.8
18964.4
18649.2
18334.2
18019.3
17704.7
17390.2
17075.9
16761.6
16447.5
16133.5
15819.5
15505.7
15191.9
14878.1
14564.4
14250.8
13937.2
13623.7
13310.2
12996.7
12683.2
12369.8
12056.4
11743
11429.6
11116.2
10802.9
10489.6
10176.2
9862.94
9549.64
9236.35
8923.07
8609.8
8296.54
7983.28
7670.04
7356.81
7043.59
6730.39
6417.2
6104.03
5790.88
5477.75
5164.66
4851.59
4536.12
4191.24
3787.78
3315.52
2766.2
2106.59
1399.12
354.402
24979
24123.5
23614.7
23050.6
22551.1
22083.7
21652.6
21254
20885.5
20544.8
20223.1
19907.3
19591.8
19276.5
18961.4
18646.6
18331.9
18017.4
17703
17388.7
17074.6
16760.5
16446.5
16132.6
15818.8
15505.1
15191.3
14877.7
14564.1
14250.5
13937
13623.4
13310
12996.5
12683.1
12369.7
12056.3
11742.9
11429.6
11116.2
10802.9
10489.6
10176.2
9862.93
9549.63
9236.33
8923.04
8609.75
8296.47
7983.18
7669.89
7356.6
7043.31
6730.01
6416.7
6103.37
5790.03
5476.67
5163.29
4849.89
4534
4188.57
3784.5
3310.53
2761.18
2097.14
1382.06
417.396
24966.9
24104.7
23610.2
23045.6
22548.8
22082.2
21651.8
21253.5
20885.2
20544.6
20223
19907.3
19591.8
19276.5
18961.4
18646.6
18331.9
18017.4
17703
17388.7
17074.6
16760.5
16446.5
16132.6
15818.8
15505
15191.3
14877.7
14564.1
14250.5
13936.9
13623.4
13310
12996.5
12683.1
12369.7
12056.3
11742.9
11429.6
11116.2
10802.9
10489.5
10176.2
9862.91
9549.61
9236.31
8923.02
8609.73
8296.45
7983.16
7669.87
7356.57
7043.28
6729.97
6416.66
6103.33
5789.99
5476.63
5163.25
4849.84
4533.95
4188.53
3784.53
3310.39
2761.8
2096.78
1385.2
378.316
24971.4
24092.7
23608
23042.1
22547.2
22081.1
21651.1
21253.1
20885
20544.5
20222.9
19907.2
19591.7
19276.5
18961.5
18646.6
18331.9
18017.4
17703
17388.7
17074.6
16760.5
16446.5
16132.6
15818.8
15505
15191.3
14877.7
14564.1
14250.5
13936.9
13623.4
13310
12996.5
12683.1
12369.7
12056.3
11742.9
11429.5
11116.2
10802.9
10489.5
10176.2
9862.91
9549.6
9236.3
8923.01
8609.72
8296.43
7983.14
7669.85
7356.55
7043.25
6729.95
6416.63
6103.3
5789.96
5476.61
5163.23
4849.83
4533.95
4188.54
3784.61
3310.34
2762.5
2096.29
1389.53
378.248
24984.7
24087.9
23607.3
23040.2
22546
22080.2
21650.5
21252.7
20884.7
20544.3
20222.9
19907.2
19591.7
19276.5
18961.5
18646.6
18331.9
18017.4
17703
17388.7
17074.6
16760.5
16446.5
16132.6
15818.8
15505
15191.3
14877.7
14564.1
14250.5
13936.9
13623.4
13310
12996.5
12683.1
12369.7
12056.3
11742.9
11429.5
11116.2
10802.9
10489.5
10176.2
9862.9
9549.59
9236.29
8923
8609.71
8296.42
7983.13
7669.83
7356.54
7043.24
6729.93
6416.62
6103.29
5789.95
5476.6
5163.23
4849.84
4533.98
4188.59
3784.71
3310.43
2763.13
2096.09
1392.96
379.508
25001.9
24087.8
23607.8
23039.6
22545.3
22079.7
21650.1
21252.4
20884.5
20544.2
20222.8
19907.1
19591.7
19276.5
18961.5
18646.6
18331.9
18017.4
17703
17388.8
17074.6
16760.5
16446.5
16132.6
15818.8
15505
15191.3
14877.7
14564.1
14250.5
13936.9
13623.4
13310
12996.5
12683.1
12369.7
12056.3
11742.9
11429.5
11116.2
10802.9
10489.5
10176.2
9862.89
9549.59
9236.29
8922.99
8609.7
8296.41
7983.12
7669.82
7356.53
7043.23
6729.93
6416.61
6103.29
5789.96
5476.61
5163.25
4849.88
4534.03
4188.68
3784.83
3310.61
2763.68
2096.11
1395.7
377.691
25021.2
24091.5
23609.6
23040.2
22545.2
22079.6
21649.9
21252.3
20884.4
20544.1
20222.7
19907.1
19591.7
19276.5
18961.5
18646.6
18332
18017.4
17703
17388.8
17074.6
16760.5
16446.6
16132.7
15818.8
15505.1
15191.3
14877.7
14564.1
14250.5
13936.9
13623.4
13310
12996.5
12683.1
12369.7
12056.3
11742.9
11429.5
11116.2
10802.8
10489.5
10176.2
9862.89
9549.58
9236.28
8922.99
8609.69
8296.4
7983.11
7669.82
7356.53
7043.23
6729.93
6416.62
6103.3
5789.98
5476.64
5163.29
4849.93
4534.11
4188.79
3784.98
3310.85
2764.15
2096.27
1398.01
375.711
25041.1
24098
23612.5
23041.9
22545.7
22079.8
21649.9
21252.3
20884.4
20544.1
20222.7
19907.1
19591.7
19276.5
18961.5
18646.7
18332
18017.5
17703.1
17388.8
17074.6
16760.6
16446.6
16132.7
15818.8
15505.1
15191.3
14877.7
14564.1
14250.5
13936.9
13623.4
13310
12996.5
12683.1
12369.7
12056.3
11742.9
11429.5
11116.2
10802.8
10489.5
10176.2
9862.88
9549.58
9236.28
8922.98
8609.69
8296.4
7983.11
7669.82
7356.53
7043.24
6729.94
6416.64
6103.33
5790.01
5476.69
5163.35
4850.01
4534.21
4188.93
3785.15
3311.14
2764.55
2096.54
1399.9
373.768
25059.9
24106
23615.9
23044.3
22546.6
22080.4
21650.2
21252.4
20884.4
20544.1
20222.7
19907.1
19591.7
19276.5
18961.5
18646.7
18332
18017.5
17703.1
17388.8
17074.7
16760.6
16446.6
16132.7
15818.9
15505.1
15191.4
14877.7
14564.1
14250.5
13936.9
13623.4
13310
12996.5
12683.1
12369.7
12056.3
11742.9
11429.5
11116.2
10802.8
10489.5
10176.2
9862.88
9549.58
9236.28
8922.98
8609.69
8296.4
7983.12
7669.83
7356.54
7043.25
6729.96
6416.67
6103.37
5790.06
5476.75
5163.43
4850.11
4534.33
4189.09
3785.33
3311.46
2764.87
2096.87
1401.39
371.8
25076.3
24114.2
23619.4
23047
22547.7
22081.1
21650.6
21252.6
20884.6
20544.2
20222.8
19907.1
19591.7
19276.5
18961.5
18646.7
18332
18017.5
17703.1
17388.9
17074.7
16760.6
16446.6
16132.7
15818.9
15505.1
15191.4
14877.7
14564.1
14250.5
13937
13623.4
13310
12996.5
12683.1
12369.7
12056.3
11742.9
11429.5
11116.2
10802.8
10489.5
10176.2
9862.88
9549.58
9236.28
8922.99
8609.7
8296.41
7983.13
7669.85
7356.56
7043.28
6729.99
6416.71
6103.42
5790.12
5476.83
5163.53
4850.22
4534.47
4189.26
3785.52
3311.78
2765.13
2097.23
1402.54
369.904
25088.9
24121.6
23622.2
23049.5
22548.8
22081.8
21651
21252.8
20884.7
20544.3
20222.8
19907.2
19591.8
19276.6
18961.6
18646.8
18332.1
18017.6
17703.2
17388.9
17074.7
16760.6
16446.7
16132.7
15818.9
15505.1
15191.4
14877.7
14564.1
14250.5
13937
13623.4
13310
12996.5
12683.1
12369.7
12056.3
11742.9
11429.5
11116.2
10802.8
10489.5
10176.2
9862.89
9549.58
9236.29
8923
8609.71
8296.43
7983.15
7669.87
7356.59
7043.31
6730.04
6416.76
6103.48
5790.2
5476.92
5163.63
4850.35
4534.62
4189.44
3785.71
3312.09
2765.33
2097.6
1403.4
368.14
25096.2
24126.9
23623.7
23051.2
22549.5
22082.3
21651.2
21253
20884.9
20544.4
20222.9
19907.3
19591.9
19276.7
18961.7
18646.8
18332.2
18017.6
17703.2
17388.9
17074.8
16760.7
16446.7
16132.8
15818.9
15505.1
15191.4
14877.7
14564.1
14250.5
13937
13623.5
13310
12996.5
12683.1
12369.7
12056.3
11742.9
11429.5
11116.2
10802.8
10489.5
10176.2
9862.89
9549.59
9236.3
8923.01
8609.73
8296.45
7983.17
7669.9
7356.63
7043.36
6730.09
6416.82
6103.55
5790.28
5477.02
5163.75
4850.49
4534.77
4189.62
3785.89
3312.4
2765.48
2097.98
1404.02
366.538
25097
24129.1
23623.1
23051.8
22549.5
22082.3
21651.3
21253.1
20884.9
20544.5
20223
19907.4
19591.9
19276.7
18961.7
18646.9
18332.2
18017.7
17703.3
17389
17074.8
16760.7
16446.7
16132.8
15819
15505.2
15191.4
14877.8
14564.1
14250.5
13937
13623.5
13310
12996.5
12683.1
12369.7
12056.3
11742.9
11429.5
11116.2
10802.8
10489.5
10176.2
9862.9
9549.6
9236.31
8923.02
8609.74
8296.47
7983.2
7669.93
7356.67
7043.4
6730.14
6416.89
6103.63
5790.38
5477.12
5163.87
4850.63
4534.93
4189.8
3786.08
3312.68
2765.59
2098.36
1404.42
365.119
25089.5
24127.2
23619.9
23050.7
22548.5
22081.9
21651
21253
20884.9
20544.5
20223.1
19907.4
19592
19276.8
18961.8
18647
18332.3
18017.8
17703.4
17389.1
17074.9
16760.8
16446.8
16132.9
15819
15505.2
15191.5
14877.8
14564.2
14250.6
13937
13623.5
13310
12996.5
12683.1
12369.7
12056.3
11742.9
11429.5
11116.2
10802.9
10489.5
10176.2
9862.91
9549.61
9236.32
8923.04
8609.76
8296.49
7983.23
7669.97
7356.71
7043.46
6730.21
6416.96
6103.72
5790.48
5477.24
5164.01
4850.78
4535.1
4189.99
3786.26
3312.96
2765.67
2098.75
1404.63
363.892
25072.4
24121
23613.8
23048
22546.7
22080.9
21650.5
21252.7
20884.8
20544.5
20223.2
19907.6
19592.2
19277
18962
18647.1
18332.4
18017.9
17703.5
17389.2
17075
16760.9
16446.8
16132.9
15819
15505.2
15191.5
14877.8
14564.2
14250.6
13937
13623.5
13310
12996.5
12683.1
12369.7
12056.3
11742.9
11429.5
11116.2
10802.9
10489.5
10176.2
9862.92
9549.62
9236.34
8923.06
8609.78
8296.52
7983.26
7670
7356.75
7043.51
6730.27
6417.03
6103.8
5790.58
5477.36
5164.14
4850.93
4535.27
4190.18
3786.46
3313.25
2765.73
2099.2
1404.64
362.846
25043.7
24110.4
23604.8
23043.8
22544.1
22079.5
21649.8
21252.4
20884.7
20544.5
20223.2
19907.7
19592.3
19277.2
18962.1
18647.3
18332.6
18018
17703.6
17389.3
17075
16760.9
16446.9
16133
15819.1
15505.3
15191.5
14877.8
14564.2
14250.6
13937
13623.5
13310
12996.5
12683.1
12369.7
12056.3
11742.9
11429.5
11116.2
10802.9
10489.5
10176.2
9862.92
9549.63
9236.35
8923.07
8609.8
8296.54
7983.28
7670.04
7356.79
7043.56
6730.33
6417.11
6103.89
5790.68
5477.48
5164.28
4851.09
4535.45
4190.38
3786.67
3313.56
2765.78
2099.77
1404.39
361.982
25005.3
24099.5
23596.1
23040.9
22542.8
22079.3
21650.1
21252.9
20885.3
20545.1
20223.8
19908.2
19592.8
19277.5
18962.5
18647.6
18332.8
18018.2
17703.7
17389.4
17075.1
16761
16447
16133
15819.1
15505.3
15191.6
14877.9
14564.2
14250.6
13937
13623.5
13310
12996.5
12683.1
12369.7
12056.3
11742.9
11429.5
11116.2
10802.9
10489.5
10176.2
9862.92
9549.63
9236.35
8923.07
8609.81
8296.55
7983.3
7670.05
7356.82
7043.59
6730.38
6417.17
6103.97
5790.78
5477.6
5164.43
4851.26
4535.66
4190.63
3786.95
3313.97
2765.87
2100.67
1403.67
360.925
24952.4
24086.6
23584.5
23036.5
22540.4
22078.3
21649.8
21252.9
20885.5
20545.4
20224.1
19908.5
19593
19277.8
18962.7
18647.7
18333
18018.3
17703.8
17389.5
17075.2
16761.1
16447
16133
15819.2
15505.3
15191.6
14877.9
14564.2
14250.6
13937
13623.5
13310
12996.5
12683.1
12369.7
12056.3
11742.9
11429.5
11116.2
10802.9
10489.5
10176.2
9862.92
9549.63
9236.35
8923.08
8609.81
8296.56
7983.31
7670.07
7356.84
7043.62
6730.41
6417.22
6104.03
5790.85
5477.69
5164.54
4851.4
4535.83
4190.83
3787.18
3314.39
2765.79
2102.05
1402.55
360.625
24920.3
24115.8
23598.6
23052.6
22552.5
22087.5
21656.7
21258.1
20889.4
20548.4
20226.4
19910.2
19594.4
19278.8
18963.4
18648.3
18333.4
18018.6
17704
17389.6
17075.3
16761.1
16447
16133.1
15819.2
15505.3
15191.6
14877.9
14564.2
14250.6
13937
13623.5
13310
12996.5
12683.1
12369.7
12056.3
11742.9
11429.5
11116.2
10802.8
10489.5
10176.2
9862.89
9549.6
9236.31
8923.04
8609.77
8296.51
7983.26
7670.02
7356.79
7043.57
6730.37
6417.18
6104.01
5790.86
5477.74
5164.64
4851.57
4536.1
4191.22
3787.76
3315.5
2766.18
2106.55
1399.13
354.26
24975.1
24120.1
23611.5
23047.8
22548.5
22081.4
21650.5
21252.1
20883.8
20543.2
20221.6
19905.9
19590.5
19275.3
18960.4
18645.6
18331
18016.6
17702.2
17388.1
17074
16760
16446
16132.2
15818.4
15504.7
15191
14877.4
14563.8
14250.3
13936.7
13623.3
13309.8
12996.4
12682.9
12369.6
12056.2
11742.8
11429.5
11116.1
10802.8
10489.5
10176.2
9862.88
9549.58
9236.29
8923
8609.72
8296.44
7983.15
7669.87
7356.58
7043.29
6729.98
6416.67
6103.35
5790.01
5476.65
5163.26
4849.86
4533.96
4188.53
3784.45
3310.48
2761.13
2097.05
1382.01
417.305
24963
24101.3
23607
23042.8
22546.2
22079.9
21649.7
21251.6
20883.5
20543
20221.5
19905.9
19590.5
19275.3
18960.4
18645.6
18331
18016.6
17702.3
17388.1
17074
16760
16446
16132.2
15818.4
15504.7
15191
14877.4
14563.8
14250.2
13936.7
13623.2
13309.8
12996.4
12682.9
12369.5
12056.2
11742.8
11429.5
11116.1
10802.8
10489.5
10176.2
9862.86
9549.57
9236.27
8922.99
8609.7
8296.42
7983.13
7669.84
7356.55
7043.25
6729.95
6416.63
6103.31
5789.96
5476.6
5163.22
4849.81
4533.92
4188.5
3784.49
3310.34
2761.75
2096.7
1385.17
378.162
24967.5
24089.3
23604.9
23039.3
22544.6
22078.7
21648.9
21251.2
20883.2
20542.9
20221.5
19905.8
19590.5
19275.3
18960.4
18645.6
18331
18016.6
17702.3
17388.1
17074
16760
16446
16132.2
15818.4
15504.7
15191
14877.4
14563.8
14250.2
13936.7
13623.2
13309.8
12996.3
12682.9
12369.5
12056.2
11742.8
11429.5
11116.1
10802.8
10489.5
10176.2
9862.85
9549.56
9236.26
8922.97
8609.69
8296.4
7983.11
7669.82
7356.53
7043.23
6729.92
6416.61
6103.28
5789.94
5476.58
5163.2
4849.8
4533.92
4188.51
3784.57
3310.29
2762.45
2096.21
1389.51
378.06
24980.8
24084.5
23604.2
23037.4
22543.4
22077.9
21648.4
21250.8
20883
20542.7
20221.4
19905.8
19590.5
19275.3
18960.4
18645.7
18331.1
18016.6
17702.3
17388.1
17074
16760
16446.1
16132.2
15818.4
15504.7
15191
14877.4
14563.8
14250.2
13936.7
13623.2
13309.8
12996.3
12682.9
12369.5
12056.2
11742.8
11429.4
11116.1
10802.8
10489.5
10176.2
9862.85
9549.55
9236.25
8922.96
8609.67
8296.39
7983.1
7669.81
7356.51
7043.21
6729.91
6416.6
6103.27
5789.93
5476.58
5163.2
4849.81
4533.94
4188.56
3784.67
3310.38
2763.08
2096.01
1392.95
379.308
24998
24084.4
23604.7
23036.7
22542.8
22077.4
21648
21250.5
20882.8
20542.6
20221.3
19905.7
19590.4
19275.3
18960.4
18645.7
18331.1
18016.6
17702.3
17388.1
17074
16760
16446.1
16132.2
15818.4
15504.7
15191
14877.4
14563.8
14250.2
13936.7
13623.2
13309.8
12996.3
12682.9
12369.5
12056.2
11742.8
11429.4
11116.1
10802.8
10489.5
10176.1
9862.84
9549.54
9236.25
8922.95
8609.67
8296.38
7983.09
7669.8
7356.5
7043.21
6729.9
6416.59
6103.27
5789.93
5476.59
5163.23
4849.85
4534
4188.64
3784.79
3310.56
2763.63
2096.03
1395.69
377.481
25017.3
24088.1
23606.5
23037.4
22542.7
22077.3
21647.8
21250.4
20882.7
20542.5
20221.2
19905.7
19590.4
19275.3
18960.4
18645.7
18331.1
18016.6
17702.3
17388.1
17074
16760
16446.1
16132.2
15818.4
15504.7
15191
14877.4
14563.8
14250.2
13936.7
13623.2
13309.8
12996.3
12682.9
12369.5
12056.2
11742.8
11429.4
11116.1
10802.8
10489.5
10176.1
9862.84
9549.54
9236.24
8922.95
8609.66
8296.37
7983.08
7669.79
7356.5
7043.21
6729.9
6416.6
6103.28
5789.95
5476.62
5163.27
4849.91
4534.08
4188.76
3784.94
3310.81
2764.11
2096.19
1398.02
375.49
25037.2
24094.6
23609.3
23039
22543.1
22077.5
21647.8
21250.3
20882.6
20542.5
20221.2
19905.7
19590.4
19275.3
18960.4
18645.7
18331.1
18016.7
17702.3
17388.1
17074
16760
16446.1
16132.2
15818.4
15504.7
15191
14877.4
14563.8
14250.2
13936.7
13623.2
13309.8
12996.3
12682.9
12369.5
12056.2
11742.8
11429.4
11116.1
10802.8
10489.4
10176.1
9862.83
9549.53
9236.24
8922.95
8609.66
8296.37
7983.08
7669.8
7356.51
7043.21
6729.92
6416.61
6103.3
5789.99
5476.66
5163.33
4849.99
4534.18
4188.9
3785.11
3311.1
2764.51
2096.46
1399.91
373.538
25056
24102.5
23612.8
23041.4
22544
22078
21648.1
21250.5
20882.7
20542.5
20221.2
19905.7
19590.4
19275.4
18960.5
18645.7
18331.1
18016.7
17702.4
17388.2
17074.1
16760
16446.1
16132.2
15818.5
15504.7
15191
14877.4
14563.8
14250.3
13936.7
13623.2
13309.8
12996.3
12682.9
12369.5
12056.2
11742.8
11429.4
11116.1
10802.8
10489.4
10176.1
9862.83
9549.53
9236.24
8922.95
8609.66
8296.37
7983.09
7669.81
7356.52
7043.23
6729.94
6416.64
6103.34
5790.04
5476.73
5163.41
4850.08
4534.3
4189.06
3785.29
3311.42
2764.84
2096.79
1401.4
371.563
25072.4
24110.8
23616.2
23044.1
22545.1
22078.7
21648.4
21250.7
20882.8
20542.6
20221.3
19905.8
19590.5
19275.4
18960.5
18645.8
18331.2
18016.7
17702.4
17388.2
17074.1
16760.1
16446.1
16132.3
15818.5
15504.7
15191
14877.4
14563.8
14250.3
13936.7
13623.2
13309.8
12996.3
12682.9
12369.5
12056.2
11742.8
11429.4
11116.1
10802.8
10489.4
10176.1
9862.83
9549.53
9236.24
8922.95
8609.67
8296.38
7983.1
7669.82
7356.54
7043.26
6729.97
6416.68
6103.39
5790.1
5476.8
5163.5
4850.2
4534.44
4189.23
3785.48
3311.74
2765.1
2097.15
1402.56
369.661
25084.9
24118.2
23619.1
23046.6
22546.2
22079.4
21648.8
21250.9
20883
20542.7
20221.4
19905.8
19590.5
19275.4
18960.5
18645.8
18331.2
18016.8
17702.4
17388.2
17074.1
16760.1
16446.2
16132.3
15818.5
15504.8
15191.1
14877.4
14563.8
14250.3
13936.7
13623.3
13309.8
12996.4
12682.9
12369.5
12056.2
11742.8
11429.4
11116.1
10802.8
10489.5
10176.1
9862.84
9549.54
9236.25
8922.96
8609.68
8296.4
7983.12
7669.84
7356.57
7043.29
6730.01
6416.74
6103.46
5790.18
5476.89
5163.61
4850.33
4534.59
4189.41
3785.67
3312.05
2765.3
2097.52
1403.42
367.892
25092.3
24123.5
23620.6
23048.4
22546.9
22079.9
21649.1
21251.1
20883.1
20542.8
20221.4
19905.9
19590.6
19275.5
18960.6
18645.9
18331.3
18016.8
17702.5
17388.3
17074.2
16760.1
16446.2
16132.3
15818.5
15504.8
15191.1
14877.4
14563.8
14250.3
13936.8
13623.3
13309.8
12996.4
12682.9
12369.5
12056.2
11742.8
11429.4
11116.1
10802.8
10489.5
10176.1
9862.84
9549.55
9236.26
8922.97
8609.69
8296.42
7983.14
7669.87
7356.6
7043.33
6730.06
6416.8
6103.53
5790.26
5476.99
5163.73
4850.46
4534.75
4189.59
3785.86
3312.36
2765.45
2097.9
1404.04
366.287
25093.1
24125.6
23620
23048.9
22546.9
22080
21649.2
21251.2
20883.2
20542.9
20221.5
19906
19590.7
19275.6
18960.7
18645.9
18331.4
18016.9
17702.6
17388.3
17074.2
16760.2
16446.2
16132.4
15818.6
15504.8
15191.1
14877.5
14563.9
14250.3
13936.8
13623.3
13309.8
12996.4
12682.9
12369.5
12056.2
11742.8
11429.4
11116.1
10802.8
10489.5
10176.2
9862.85
9549.56
9236.27
8922.99
8609.71
8296.44
7983.17
7669.91
7356.64
7043.38
6730.12
6416.87
6103.61
5790.36
5477.1
5163.85
4850.6
4534.91
4189.78
3786.05
3312.65
2765.56
2098.28
1404.44
364.867
25085.6
24123.8
23616.8
23047.9
22546
22079.5
21648.9
21251
20883.1
20542.9
20221.6
19906.1
19590.8
19275.7
18960.8
18646
18331.4
18017
17702.6
17388.4
17074.3
16760.2
16446.3
16132.4
15818.6
15504.8
15191.1
14877.5
14563.9
14250.3
13936.8
13623.3
13309.8
12996.4
12683
12369.6
12056.2
11742.8
11429.4
11116.1
10802.8
10489.5
10176.2
9862.86
9549.57
9236.28
8923
8609.73
8296.46
7983.2
7669.94
7356.69
7043.43
6730.18
6416.94
6103.7
5790.46
5477.22
5163.98
4850.75
4535.08
4189.96
3786.23
3312.93
2765.64
2098.67
1404.65
363.64
25068.4
24117.6
23610.7
23045.2
22544.2
22078.6
21648.4
21250.8
20883.1
20542.9
20221.7
19906.2
19590.9
19275.8
18960.9
18646.2
18331.6
18017.1
17702.7
17388.5
17074.4
16760.3
16446.4
16132.5
15818.6
15504.9
15191.2
14877.5
14563.9
14250.3
13936.8
13623.3
13309.8
12996.4
12683
12369.6
12056.2
11742.8
11429.5
11116.1
10802.8
10489.5
10176.2
9862.87
9549.58
9236.3
8923.02
8609.75
8296.49
7983.23
7669.98
7356.73
7043.49
6730.25
6417.01
6103.78
5790.56
5477.34
5164.12
4850.91
4535.25
4190.16
3786.43
3313.21
2765.7
2099.12
1404.65
362.598
25039.8
24107
23601.6
23041
22541.5
22077.2
21647.7
21250.4
20882.9
20542.9
20221.8
19906.3
19591.1
19276
18961.1
18646.3
18331.7
18017.2
17702.9
17388.6
17074.4
16760.4
16446.4
16132.5
15818.7
15504.9
15191.2
14877.5
14563.9
14250.4
13936.8
13623.3
13309.8
12996.4
12683
12369.6
12056.2
11742.8
11429.5
11116.1
10802.8
10489.5
10176.2
9862.87
9549.59
9236.31
8923.03
8609.77
8296.51
7983.26
7670.01
7356.77
7043.54
6730.31
6417.09
6103.87
5790.66
5477.46
5164.26
4851.07
4535.43
4190.36
3786.64
3313.52
2765.75
2099.7
1404.41
361.74
25001.4
24096.1
23593
23038
22540.2
22077
21648
21251
20883.5
20543.5
20222.3
19906.8
19591.5
19276.4
18961.4
18646.6
18331.9
18017.4
17703
17388.7
17074.6
16760.5
16446.5
16132.6
15818.7
15504.9
15191.2
14877.6
14563.9
14250.4
13936.8
13623.3
13309.8
12996.4
12683
12369.6
12056.2
11742.8
11429.5
11116.1
10802.8
10489.5
10176.2
9862.87
9549.59
9236.31
8923.04
8609.77
8296.52
7983.27
7670.03
7356.8
7043.57
6730.36
6417.15
6103.95
5790.76
5477.58
5164.41
4851.24
4535.64
4190.61
3786.92
3313.94
2765.84
2100.61
1403.69
360.697
24948.5
24083.1
23581.3
23033.7
22537.9
22076
21647.7
21251
20883.7
20543.8
20222.6
19907.1
19591.8
19276.6
18961.6
18646.8
18332.1
18017.5
17703.1
17388.8
17074.6
16760.5
16446.5
16132.6
15818.8
15505
15191.2
14877.6
14564
14250.4
13936.8
13623.3
13309.8
12996.4
12683
12369.6
12056.2
11742.8
11429.5
11116.1
10802.8
10489.5
10176.2
9862.87
9549.59
9236.31
8923.04
8609.78
8296.53
7983.28
7670.05
7356.82
7043.6
6730.39
6417.2
6104.01
5790.84
5477.67
5164.52
4851.38
4535.81
4190.81
3787.15
3314.36
2765.76
2101.99
1402.56
360.41
24916.4
24112.4
23595.5
23049.8
22549.9
22085.2
21654.6
21256.2
20887.6
20546.8
20224.9
19908.9
19593.1
19277.6
18962.4
18647.3
18332.5
18017.8
17703.3
17389
17074.7
16760.6
16446.6
16132.6
15818.8
15505
15191.2
14877.6
14563.9
14250.4
13936.8
13623.3
13309.8
12996.4
12682.9
12369.5
12056.2
11742.8
11429.4
11116.1
10802.8
10489.4
10176.1
9862.84
9549.55
9236.27
8923
8609.74
8296.48
7983.23
7669.99
7356.77
7043.55
6730.35
6417.16
6103.99
5790.84
5477.72
5164.62
4851.55
4536.08
4191.2
3787.74
3315.47
2766.15
2106.5
1399.13
354.096
24970.8
24116.3
23608.1
23044.6
22545.7
22078.8
21648.2
21250
20881.8
20541.4
20220
19904.4
19589.1
19274.1
18959.2
18644.5
18330
18015.7
17701.5
17387.3
17073.3
16759.4
16445.5
16131.7
15818
15504.3
15190.7
14877.1
14563.5
14250
13936.5
13623
13309.6
12996.2
12682.8
12369.4
12056.1
11742.7
11429.4
11116
10802.7
10489.4
10176.1
9862.82
9549.53
9236.25
8922.96
8609.68
8296.41
7983.12
7669.84
7356.55
7043.26
6729.96
6416.65
6103.32
5789.98
5476.62
5163.23
4849.82
4533.93
4188.49
3784.41
3310.43
2761.07
2096.95
1381.95
417.202
24958.7
24097.5
23603.6
23039.6
22543.4
22077.3
21647.3
21249.5
20881.5
20541.2
20219.9
19904.4
19589.1
19274.1
18959.2
18644.6
18330.1
18015.7
17701.5
17387.3
17073.3
16759.4
16445.5
16131.7
15818
15504.3
15190.7
14877.1
14563.5
14250
13936.5
13623
13309.6
12996.2
12682.8
12369.4
12056
11742.7
11429.4
11116
10802.7
10489.4
10176.1
9862.81
9549.52
9236.23
8922.95
8609.67
8296.38
7983.1
7669.81
7356.52
7043.23
6729.92
6416.61
6103.28
5789.94
5476.58
5163.19
4849.78
4533.89
4188.46
3784.45
3310.28
2761.7
2096.6
1385.13
377.987
24963.2
24085.5
23601.4
23036.1
22541.7
22076.2
21646.6
21249
20881.3
20541.1
20219.8
19904.3
19589.1
19274.1
18959.2
18644.6
18330.1
18015.7
17701.5
17387.4
17073.3
16759.4
16445.5
16131.7
15818
15504.3
15190.7
14877.1
14563.5
14250
13936.5
13623
13309.6
12996.2
12682.8
12369.4
12056
11742.7
11429.4
11116
10802.7
10489.4
10176.1
9862.8
9549.51
9236.22
8922.93
8609.65
8296.37
7983.08
7669.79
7356.5
7043.2
6729.9
6416.58
6103.26
5789.91
5476.55
5163.17
4849.77
4533.88
4188.47
3784.52
3310.24
2762.4
2096.11
1389.48
377.848
24976.5
24080.7
23600.7
23034.2
22540.6
22075.3
21646.1
21248.7
20881
20540.9
20219.7
19904.3
19589.1
19274.1
18959.3
18644.6
18330.1
18015.7
17701.5
17387.4
17073.3
16759.4
16445.5
16131.7
15818
15504.3
15190.7
14877.1
14563.5
14250
13936.5
13623
13309.6
12996.2
12682.8
12369.4
12056
11742.7
11429.4
11116
10802.7
10489.4
10176.1
9862.79
9549.5
9236.21
8922.92
8609.64
8296.35
7983.07
7669.78
7356.49
7043.19
6729.89
6416.57
6103.24
5789.91
5476.55
5163.18
4849.78
4533.91
4188.52
3784.63
3310.33
2763.03
2095.91
1392.94
379.083
24993.6
24080.6
23601.2
23033.6
22539.9
22074.8
21645.7
21248.4
20880.8
20540.8
20219.6
19904.2
19589.1
19274.1
18959.3
18644.6
18330.1
18015.8
17701.5
17387.4
17073.3
16759.4
16445.5
16131.7
15818
15504.3
15190.7
14877.1
14563.5
14250
13936.5
13623
13309.6
12996.2
12682.8
12369.4
12056
11742.7
11429.3
11116
10802.7
10489.4
10176.1
9862.79
9549.49
9236.2
8922.92
8609.63
8296.35
7983.06
7669.77
7356.48
7043.18
6729.88
6416.57
6103.24
5789.91
5476.56
5163.2
4849.82
4533.96
4188.61
3784.75
3310.51
2763.59
2095.94
1395.69
377.244
25013
24084.3
23603
23034.2
22539.8
22074.7
21645.5
21248.2
20880.7
20540.7
20219.6
19904.2
19589
19274.1
18959.3
18644.6
18330.1
18015.8
17701.5
17387.4
17073.4
16759.4
16445.5
16131.7
15818
15504.3
15190.7
14877.1
14563.5
14250
13936.5
13623
13309.6
12996.2
12682.8
12369.4
12056
11742.7
11429.3
11116
10802.7
10489.4
10176.1
9862.78
9549.49
9236.2
8922.91
8609.62
8296.34
7983.05
7669.77
7356.48
7043.18
6729.88
6416.57
6103.26
5789.93
5476.59
5163.24
4849.88
4534.04
4188.72
3784.9
3310.76
2764.07
2096.1
1398.02
375.243
25032.9
24090.8
23605.8
23035.9
22540.3
22074.9
21645.5
21248.2
20880.7
20540.7
20219.6
19904.2
19589
19274.1
18959.3
18644.6
18330.2
18015.8
17701.6
17387.4
17073.4
16759.4
16445.6
16131.7
15818
15504.3
15190.7
14877.1
14563.5
14250
13936.5
13623
13309.6
12996.2
12682.8
12369.4
12056
11742.7
11429.3
11116
10802.7
10489.4
10176.1
9862.78
9549.48
9236.19
8922.91
8609.62
8296.34
7983.05
7669.77
7356.48
7043.19
6729.89
6416.59
6103.28
5789.96
5476.64
5163.3
4849.96
4534.15
4188.87
3785.07
3311.06
2764.47
2096.37
1399.92
373.28
25051.7
24098.8
23609.3
23038.3
22541.2
22075.5
21645.8
21248.3
20880.7
20540.7
20219.6
19904.2
19589.1
19274.1
18959.3
18644.7
18330.2
18015.8
17701.6
17387.4
17073.4
16759.4
16445.6
16131.8
15818
15504.3
15190.7
14877.1
14563.5
14250
13936.5
13623
13309.6
12996.2
12682.8
12369.4
12056
11742.7
11429.3
11116
10802.7
10489.4
10176.1
9862.78
9549.48
9236.19
8922.91
8609.62
8296.34
7983.06
7669.78
7356.49
7043.21
6729.92
6416.62
6103.32
5790.01
5476.7
5163.38
4850.06
4534.27
4189.03
3785.26
3311.37
2764.8
2096.7
1401.42
371.296
25068
24107
23612.8
23041
22542.3
22076.2
21646.1
21248.6
20880.9
20540.8
20219.6
19904.3
19589.1
19274.1
18959.3
18644.7
18330.2
18015.9
17701.6
17387.5
17073.4
16759.5
16445.6
16131.8
15818
15504.3
15190.7
14877.1
14563.5
14250
13936.5
13623
13309.6
12996.2
12682.8
12369.4
12056
11742.7
11429.3
11116
10802.7
10489.4
10176.1
9862.78
9549.49
9236.2
8922.91
8609.63
8296.35
7983.07
7669.79
7356.51
7043.23
6729.95
6416.66
6103.37
5790.08
5476.78
5163.48
4850.17
4534.41
4189.2
3785.45
3311.7
2765.06
2097.06
1402.58
369.388
25080.6
24114.4
23615.6
23043.5
22543.4
22076.9
21646.5
21248.8
20881
20540.9
20219.7
19904.3
19589.2
19274.2
18959.4
18644.8
18330.3
18015.9
17701.7
17387.5
17073.5
16759.5
16445.6
16131.8
15818.1
15504.4
15190.7
14877.1
14563.5
14250
13936.5
13623
13309.6
12996.2
12682.8
12369.4
12056
11742.7
11429.3
11116
10802.7
10489.4
10176.1
9862.78
9549.49
9236.2
8922.92
8609.64
8296.37
7983.09
7669.82
7356.54
7043.27
6729.99
6416.71
6103.43
5790.15
5476.87
5163.58
4850.3
4534.56
4189.38
3785.64
3312.01
2765.26
2097.44
1403.44
367.613
25088
24119.7
23617.1
23045.3
22544.1
22077.4
21646.8
21249
20881.2
20541
20219.8
19904.4
19589.2
19274.3
18959.5
18644.8
18330.3
18016
17701.7
17387.6
17073.5
16759.6
16445.7
16131.8
15818.1
15504.4
15190.7
14877.1
14563.6
14250
13936.5
13623.1
13309.6
12996.2
12682.8
12369.4
12056
11742.7
11429.3
11116
10802.7
10489.4
10176.1
9862.79
9549.5
9236.21
8922.93
8609.66
8296.39
7983.11
7669.85
7356.58
7043.31
6730.04
6416.77
6103.51
5790.24
5476.97
5163.7
4850.43
4534.72
4189.56
3785.83
3312.32
2765.41
2097.81
1404.06
366.005
25088.7
24121.9
23616.5
23045.8
22544.1
22077.5
21646.9
21249
20881.2
20541.1
20219.9
19904.5
19589.3
19274.3
18959.5
18644.9
18330.4
18016
17701.8
17387.6
17073.6
16759.6
16445.7
16131.9
15818.1
15504.4
15190.8
14877.1
14563.6
14250
13936.5
13623.1
13309.6
12996.2
12682.8
12369.4
12056
11742.7
11429.3
11116
10802.7
10489.4
10176.1
9862.8
9549.51
9236.23
8922.95
8609.68
8296.41
7983.14
7669.88
7356.62
7043.36
6730.1
6416.84
6103.59
5790.33
5477.08
5163.83
4850.58
4534.88
4189.75
3786.01
3312.6
2765.52
2098.19
1404.46
364.584
25081.3
24120
23613.3
23044.7
22543.1
22077
21646.6
21248.9
20881.2
20541.1
20220
19904.6
19589.4
19274.4
18959.6
18645
18330.5
18016.1
17701.9
17387.7
17073.6
16759.7
16445.8
16131.9
15818.2
15504.4
15190.8
14877.2
14563.6
14250.1
13936.6
13623.1
13309.6
12996.2
12682.8
12369.4
12056
11742.7
11429.4
11116
10802.7
10489.4
10176.1
9862.81
9549.52
9236.24
8922.97
8609.7
8296.43
7983.17
7669.92
7356.66
7043.41
6730.16
6416.92
6103.67
5790.43
5477.2
5163.96
4850.73
4535.05
4189.93
3786.2
3312.89
2765.6
2098.59
1404.67
363.358
25064.1
24113.8
23607.2
23042.1
22541.3
22076
21646.1
21248.7
20881.1
20541.1
20220
19904.7
19589.6
19274.6
18959.8
18645.1
18330.6
18016.2
17702
17387.8
17073.7
16759.7
16445.8
16132
15818.2
15504.5
15190.8
14877.2
14563.6
14250.1
13936.6
13623.1
13309.6
12996.2
12682.8
12369.4
12056.1
11742.7
11429.4
11116
10802.7
10489.4
10176.1
9862.81
9549.53
9236.25
8922.98
8609.72
8296.46
7983.2
7669.95
7356.71
7043.46
6730.23
6416.99
6103.76
5790.54
5477.32
5164.1
4850.88
4535.22
4190.13
3786.4
3313.18
2765.66
2099.04
1404.67
362.319
25035.5
24103.2
23598.2
23037.8
22538.7
22074.6
21645.3
21248.3
20881
20541.2
20220.1
19904.8
19589.7
19274.7
18959.9
18645.3
18330.8
18016.4
17702.1
17387.9
17073.8
16759.8
16445.9
16132
15818.2
15504.5
15190.8
14877.2
14563.6
14250.1
13936.6
13623.1
13309.6
12996.2
12682.8
12369.4
12056.1
11742.7
11429.4
11116
10802.7
10489.4
10176.1
9862.82
9549.54
9236.26
8923
8609.73
8296.48
7983.23
7669.99
7356.75
7043.52
6730.29
6417.07
6103.85
5790.64
5477.44
5164.24
4851.04
4535.41
4190.33
3786.61
3313.49
2765.71
2099.63
1404.43
361.468
24997.1
24092.3
23589.5
23034.9
22537.4
22074.4
21645.7
21248.9
20881.6
20541.8
20220.7
19905.3
19590.2
19275.1
18960.3
18645.6
18331
18016.5
17702.2
17388
17073.9
16759.9
16445.9
16132.1
15818.3
15504.6
15190.9
14877.2
14563.7
14250.1
13936.6
13623.1
13309.7
12996.2
12682.8
12369.4
12056.1
11742.7
11429.4
11116
10802.7
10489.4
10176.1
9862.82
9549.54
9236.27
8923
8609.74
8296.49
7983.24
7670.01
7356.77
7043.55
6730.34
6417.13
6103.93
5790.74
5477.56
5164.39
4851.22
4535.62
4190.58
3786.89
3313.91
2765.81
2100.54
1403.7
360.439
24944.2
24079.4
23577.9
23030.6
22535.1
22073.4
21645.3
21248.9
20881.8
20542
20221
19905.6
19590.4
19275.4
18960.5
18645.7
18331.1
18016.7
17702.3
17388.1
17074
16759.9
16446
16132.1
15818.3
15504.6
15190.9
14877.3
14563.7
14250.1
13936.6
13623.1
13309.7
12996.2
12682.8
12369.4
12056.1
11742.7
11429.4
11116
10802.7
10489.4
10176.1
9862.82
9549.54
9236.27
8923
8609.75
8296.5
7983.26
7670.02
7356.8
7043.58
6730.37
6417.18
6103.99
5790.82
5477.65
5164.5
4851.36
4535.79
4190.78
3787.13
3314.33
2765.73
2101.92
1402.57
360.166
24912.2
24108.6
23592.1
23046.6
22547.1
22082.6
21652.3
21254.1
20885.7
20545
20223.3
19907.4
19591.7
19276.4
18961.2
18646.3
18331.5
18017
17702.5
17388.2
17074.1
16760
16446
16132.1
15818.3
15504.6
15190.9
14877.2
14563.6
14250.1
13936.6
13623.1
13309.6
12996.2
12682.8
12369.4
12056
11742.7
11429.3
11116
10802.7
10489.4
10176.1
9862.79
9549.51
9236.23
8922.96
8609.7
8296.45
7983.2
7669.97
7356.74
7043.53
6730.33
6417.14
6103.97
5790.83
5477.7
5164.6
4851.54
4536.06
4191.18
3787.72
3315.45
2766.12
2106.45
1399.14
353.91
24966.1
24112.1
23604.2
23041.2
22542.6
22076
21645.6
21247.7
20879.7
20539.5
20218.2
19902.8
19587.6
19272.7
18958
18643.4
18329
18014.7
17700.6
17386.6
17072.6
16758.7
16444.9
16131.2
15817.5
15503.9
15190.3
14876.7
14563.2
14249.7
13936.3
13622.8
13309.4
12996
12682.6
12369.3
12055.9
11742.6
11429.3
11116
10802.6
10489.3
10176.1
9862.76
9549.48
9236.2
8922.92
8609.65
8296.37
7983.09
7669.81
7356.53
7043.23
6729.93
6416.62
6103.3
5789.95
5476.59
5163.2
4849.79
4533.89
4188.45
3784.36
3310.37
2761.01
2096.84
1381.89
417.088
24954
24093.3
23599.7
23036.2
22540.3
22074.5
21644.8
21247.2
20879.4
20539.3
20218.1
19902.8
19587.6
19272.7
18958
18643.4
18329
18014.8
17700.6
17386.6
17072.6
16758.7
16444.9
16131.2
15817.5
15503.9
15190.3
14876.7
14563.2
14249.7
13936.3
13622.8
13309.4
12996
12682.6
12369.3
12055.9
11742.6
11429.3
11115.9
10802.6
10489.3
10176
9862.75
9549.47
9236.18
8922.91
8609.63
8296.35
7983.07
7669.78
7356.5
7043.2
6729.9
6416.58
6103.26
5789.91
5476.55
5163.16
4849.75
4533.85
4188.42
3784.4
3310.23
2761.64
2096.5
1385.09
377.791
24958.5
24081.4
23597.6
23032.7
22538.6
22073.4
21644.1
21246.7
20879.2
20539.2
20218
19902.7
19587.6
19272.7
18958
18643.5
18329.1
18014.8
17700.6
17386.6
17072.6
16758.7
16444.9
16131.2
15817.5
15503.9
15190.3
14876.7
14563.2
14249.7
13936.2
13622.8
13309.4
12996
12682.6
12369.3
12055.9
11742.6
11429.3
11115.9
10802.6
10489.3
10176
9862.74
9549.46
9236.17
8922.89
8609.61
8296.33
7983.05
7669.77
7356.48
7043.18
6729.87
6416.56
6103.23
5789.89
5476.53
5163.14
4849.74
4533.85
4188.43
3784.48
3310.19
2762.35
2096.01
1389.46
377.61
24971.7
24076.6
23596.9
23030.8
22537.5
22072.5
21643.5
21246.4
20878.9
20539
20218
19902.7
19587.6
19272.7
18958
18643.5
18329.1
18014.8
17700.6
17386.6
17072.6
16758.8
16444.9
16131.2
15817.5
15503.9
15190.3
14876.7
14563.2
14249.7
13936.2
13622.8
13309.4
12996
12682.6
12369.3
12055.9
11742.6
11429.2
11115.9
10802.6
10489.3
10176
9862.73
9549.45
9236.16
8922.88
8609.6
8296.32
7983.04
7669.75
7356.46
7043.16
6729.86
6416.55
6103.22
5789.88
5476.52
5163.15
4849.75
4533.87
4188.48
3784.58
3310.27
2762.98
2095.81
1392.93
378.831
24988.9
24076.5
23597.4
23030.2
22536.8
22072
21643.1
21246.1
20878.7
20538.9
20217.9
19902.6
19587.6
19272.7
18958
18643.5
18329.1
18014.8
17700.7
17386.6
17072.6
16758.8
16445
16131.2
15817.5
15503.9
15190.3
14876.7
14563.2
14249.7
13936.2
13622.8
13309.4
12996
12682.6
12369.3
12055.9
11742.6
11429.2
11115.9
10802.6
10489.3
10176
9862.73
9549.44
9236.16
8922.87
8609.59
8296.31
7983.03
7669.74
7356.45
7043.16
6729.85
6416.54
6103.22
5789.88
5476.53
5163.17
4849.79
4533.93
4188.57
3784.71
3310.46
2763.54
2095.83
1395.69
376.98
25008.2
24080.2
23599.2
23030.8
22536.7
22071.9
21642.9
21245.9
20878.6
20538.8
20217.8
19902.6
19587.6
19272.7
18958
18643.5
18329.1
18014.8
17700.7
17386.6
17072.7
16758.8
16445
16131.2
15817.5
15503.9
15190.3
14876.7
14563.2
14249.7
13936.2
13622.8
13309.4
12996
12682.6
12369.3
12055.9
11742.6
11429.2
11115.9
10802.6
10489.3
10176
9862.72
9549.43
9236.15
8922.87
8609.59
8296.31
7983.02
7669.74
7356.45
7043.16
6729.86
6416.55
6103.23
5789.9
5476.56
5163.21
4849.85
4534.01
4188.69
3784.86
3310.71
2764.02
2096
1398.03
374.965
25028.1
24086.7
23602
23032.5
22537.2
22072.1
21643
21245.9
20878.6
20538.8
20217.8
19902.6
19587.6
19272.7
18958
18643.5
18329.1
18014.9
17700.7
17386.6
17072.7
16758.8
16445
16131.2
15817.5
15503.9
15190.3
14876.7
14563.2
14249.7
13936.2
13622.8
13309.4
12996
12682.6
12369.3
12055.9
11742.6
11429.2
11115.9
10802.6
10489.3
10176
9862.72
9549.43
9236.15
8922.87
8609.59
8296.31
7983.02
7669.74
7356.45
7043.16
6729.87
6416.57
6103.26
5789.94
5476.61
5163.27
4849.93
4534.11
4188.83
3785.03
3311.01
2764.42
2096.27
1399.93
372.992
25046.9
24094.6
23605.5
23034.9
22538.1
22072.7
21643.2
21246
20878.6
20538.8
20217.8
19902.6
19587.6
19272.7
18958.1
18643.5
18329.1
18014.9
17700.7
17386.7
17072.7
16758.8
16445
16131.2
15817.5
15503.9
15190.3
14876.7
14563.2
14249.7
13936.3
13622.8
13309.4
12996
12682.6
12369.3
12055.9
11742.6
11429.2
11115.9
10802.6
10489.3
10176
9862.72
9549.43
9236.15
8922.87
8609.59
8296.31
7983.03
7669.75
7356.47
7043.18
6729.89
6416.6
6103.3
5789.99
5476.67
5163.35
4850.03
4534.24
4188.99
3785.22
3311.32
2764.75
2096.6
1401.44
370.999
25063.3
24102.9
23609
23037.6
22539.2
22073.4
21643.6
21246.3
20878.8
20538.9
20217.9
19902.6
19587.6
19272.8
18958.1
18643.6
18329.2
18014.9
17700.8
17386.7
17072.7
16758.8
16445
16131.3
15817.6
15503.9
15190.3
14876.8
14563.2
14249.7
13936.3
13622.8
13309.4
12996
12682.6
12369.3
12055.9
11742.6
11429.2
11115.9
10802.6
10489.3
10176
9862.72
9549.43
9236.15
8922.87
8609.59
8296.32
7983.04
7669.77
7356.49
7043.21
6729.92
6416.64
6103.35
5790.05
5476.75
5163.45
4850.14
4534.38
4189.17
3785.41
3311.65
2765.02
2096.96
1402.6
369.083
25075.9
24110.3
23611.8
23040.1
22540.3
22074.1
21644
21246.5
20878.9
20539
20218
19902.7
19587.7
19272.8
18958.2
18643.6
18329.2
18015
17700.8
17386.7
17072.8
16758.9
16445.1
16131.3
15817.6
15503.9
15190.3
14876.8
14563.2
14249.7
13936.3
13622.8
13309.4
12996
12682.6
12369.3
12055.9
11742.6
11429.2
11115.9
10802.6
10489.3
10176
9862.72
9549.44
9236.16
8922.88
8609.61
8296.33
7983.06
7669.79
7356.52
7043.24
6729.97
6416.69
6103.41
5790.13
5476.84
5163.56
4850.27
4534.53
4189.35
3785.6
3311.97
2765.22
2097.34
1403.46
367.303
25083.2
24115.6
23613.3
23041.8
22541
22074.6
21644.3
21246.7
20879.1
20539.1
20218
19902.8
19587.8
19272.9
18958.2
18643.7
18329.3
18015
17700.9
17386.8
17072.8
16758.9
16445.1
16131.3
15817.6
15504
15190.4
14876.8
14563.3
14249.8
13936.3
13622.8
13309.4
12996
12682.6
12369.3
12055.9
11742.6
11429.2
11115.9
10802.6
10489.3
10176
9862.73
9549.45
9236.17
8922.89
8609.62
8296.35
7983.08
7669.82
7356.55
7043.29
6730.02
6416.75
6103.48
5790.22
5476.95
5163.68
4850.41
4534.69
4189.53
3785.79
3312.27
2765.37
2097.72
1404.08
365.691
25084
24117.7
23612.7
23042.4
22541
22074.7
21644.3
21246.7
20879.1
20539.2
20218.1
19902.9
19587.8
19273
18958.3
18643.8
18329.4
18015.1
17700.9
17386.9
17072.9
16759
16445.1
16131.4
15817.7
15504
15190.4
14876.8
14563.3
14249.8
13936.3
13622.8
13309.4
12996
12682.6
12369.3
12055.9
11742.6
11429.2
11115.9
10802.6
10489.3
10176
9862.74
9549.46
9236.18
8922.91
8609.64
8296.37
7983.11
7669.85
7356.59
7043.33
6730.08
6416.82
6103.57
5790.31
5477.06
5163.8
4850.55
4534.85
4189.71
3785.98
3312.56
2765.48
2098.1
1404.49
364.268
25076.5
24115.9
23609.5
23041.3
22540
22074.2
21644.1
21246.6
20879.1
20539.2
20218.2
19903
19587.9
19273.1
18958.4
18643.9
18329.5
18015.2
17701
17386.9
17072.9
16759
16445.2
16131.4
15817.7
15504
15190.4
14876.8
14563.3
14249.8
13936.3
13622.9
13309.4
12996
12682.6
12369.3
12055.9
11742.6
11429.3
11115.9
10802.6
10489.3
10176
9862.75
9549.47
9236.19
8922.93
8609.66
8296.4
7983.14
7669.89
7356.64
7043.39
6730.14
6416.9
6103.65
5790.41
5477.17
5163.94
4850.7
4535.02
4189.9
3786.17
3312.84
2765.56
2098.5
1404.69
363.042
25059.3
24109.6
23603.4
23038.6
22538.2
22073.2
21643.6
21246.4
20879
20539.2
20218.3
19903.1
19588.1
19273.2
18958.5
18644
18329.6
18015.3
17701.1
17387
17073
16759.1
16445.2
16131.5
15817.7
15504.1
15190.4
14876.9
14563.3
14249.8
13936.3
13622.9
13309.4
12996
12682.6
12369.3
12055.9
11742.6
11429.3
11115.9
10802.6
10489.3
10176
9862.76
9549.48
9236.21
8922.94
8609.68
8296.42
7983.17
7669.92
7356.68
7043.44
6730.2
6416.97
6103.74
5790.52
5477.29
5164.08
4850.86
4535.2
4190.1
3786.37
3313.13
2765.62
2098.95
1404.69
362.007
25030.7
24099
23594.4
23034.4
22535.6
22071.8
21642.8
21246
20878.9
20539.2
20218.4
19903.2
19588.2
19273.4
18958.7
18644.1
18329.7
18015.4
17701.2
17387.1
17073.1
16759.2
16445.3
16131.5
15817.8
15504.1
15190.5
14876.9
14563.3
14249.8
13936.3
13622.9
13309.4
12996
12682.7
12369.3
12055.9
11742.6
11429.3
11115.9
10802.6
10489.3
10176
9862.76
9549.49
9236.22
8922.96
8609.7
8296.45
7983.2
7669.96
7356.72
7043.49
6730.27
6417.05
6103.83
5790.62
5477.42
5164.22
4851.02
4535.38
4190.3
3786.58
3313.45
2765.68
2099.54
1404.45
361.163
24992.3
24088.2
23585.7
23031.5
22534.3
22071.6
21643.1
21246.6
20879.5
20539.8
20218.9
19903.7
19588.7
19273.8
18959
18644.4
18330
18015.6
17701.4
17387.2
17073.2
16759.2
16445.4
16131.6
15817.8
15504.1
15190.5
14876.9
14563.3
14249.8
13936.3
13622.9
13309.5
12996
12682.7
12369.3
12055.9
11742.6
11429.3
11115.9
10802.6
10489.3
10176
9862.76
9549.49
9236.22
8922.96
8609.7
8296.46
7983.21
7669.98
7356.75
7043.53
6730.31
6417.11
6103.91
5790.72
5477.54
5164.36
4851.2
4535.59
4190.55
3786.86
3313.87
2765.78
2100.46
1403.72
360.149
24939.4
24075.2
23574.1
23027.2
22532
22070.6
21642.8
21246.6
20879.7
20540.1
20219.2
19904
19588.9
19274
18959.2
18644.6
18330.1
18015.7
17701.5
17387.3
17073.3
16759.3
16445.4
16131.6
15817.9
15504.2
15190.5
14876.9
14563.4
14249.8
13936.3
13622.9
13309.5
12996
12682.7
12369.3
12055.9
11742.6
11429.3
11115.9
10802.6
10489.3
10176
9862.76
9549.49
9236.22
8922.96
8609.71
8296.47
7983.23
7670
7356.77
7043.56
6730.35
6417.16
6103.97
5790.8
5477.63
5164.48
4851.34
4535.77
4190.76
3787.1
3314.29
2765.7
2101.85
1402.59
359.891
24907.5
24104.5
23588.3
23043.2
22544
22079.8
21649.7
21251.8
20883.6
20543.1
20221.5
19905.8
19590.3
19275
18960
18645.2
18330.5
18016
17701.7
17387.5
17073.4
16759.4
16445.5
16131.6
15817.9
15504.1
15190.5
14876.9
14563.3
14249.8
13936.3
13622.9
13309.4
12996
12682.6
12369.3
12055.9
11742.6
11429.2
11115.9
10802.6
10489.3
10176
9862.73
9549.46
9236.19
8922.92
8609.67
8296.42
7983.18
7669.94
7356.72
7043.51
6730.31
6417.12
6103.96
5790.81
5477.68
5164.58
4851.52
4536.04
4191.16
3787.69
3315.42
2766.1
2106.39
1399.16
353.699
24960.9
24107.5
23600.1
23037.5
22539.2
22073
21642.9
21245.2
20877.4
20537.4
20216.3
19901
19586
19271.2
18956.6
18642.2
18327.9
18013.7
17699.7
17385.7
17071.9
16758.1
16444.3
16130.6
15817
15503.4
15189.9
14876.4
14562.9
14249.4
13936
13622.6
13309.2
12995.8
12682.5
12369.1
12055.8
11742.5
11429.2
11115.9
10802.6
10489.3
10176
9862.7
9549.42
9236.15
8922.88
8609.61
8296.34
7983.06
7669.78
7356.5
7043.21
6729.91
6416.6
6103.27
5789.93
5476.56
5163.17
4849.75
4533.85
4188.41
3784.31
3310.31
2760.94
2096.72
1381.83
416.961
24948.8
24088.8
23595.6
23032.5
22536.9
22071.5
21642
21244.7
20877.2
20537.2
20216.2
19901
19586
19271.3
18956.7
18642.2
18327.9
18013.8
17699.7
17385.7
17071.9
16758.1
16444.3
16130.6
15817
15503.4
15189.9
14876.4
14562.9
14249.4
13936
13622.6
13309.2
12995.8
12682.5
12369.1
12055.8
11742.5
11429.2
11115.8
10802.5
10489.3
10176
9862.69
9549.41
9236.14
8922.86
8609.59
8296.31
7983.04
7669.75
7356.47
7043.17
6729.87
6416.56
6103.23
5789.88
5476.52
5163.13
4849.71
4533.81
4188.37
3784.35
3310.17
2761.58
2096.38
1385.04
377.571
24953.3
24076.9
23593.4
23029
22535.3
22070.3
21641.3
21244.2
20876.9
20537.1
20216.1
19901
19586
19271.3
18956.7
18642.2
18327.9
18013.8
17699.7
17385.8
17071.9
16758.1
16444.3
16130.6
15817
15503.4
15189.9
14876.4
14562.9
14249.4
13936
13622.6
13309.2
12995.8
12682.5
12369.1
12055.8
11742.5
11429.1
11115.8
10802.5
10489.3
10176
9862.68
9549.4
9236.12
8922.85
8609.57
8296.3
7983.02
7669.74
7356.45
7043.15
6729.85
6416.53
6103.2
5789.86
5476.5
5163.11
4849.7
4533.81
4188.39
3784.43
3310.13
2762.29
2095.9
1389.43
377.343
24966.5
24072
23592.8
23027.1
22534.1
22069.5
21640.8
21243.9
20876.7
20536.9
20216.1
19900.9
19586
19271.3
18956.7
18642.3
18328
18013.8
17699.7
17385.8
17071.9
16758.1
16444.3
16130.6
15817
15503.4
15189.9
14876.4
14562.9
14249.4
13936
13622.6
13309.2
12995.8
12682.5
12369.1
12055.8
11742.5
11429.1
11115.8
10802.5
10489.2
10176
9862.67
9549.39
9236.12
8922.84
8609.56
8296.29
7983.01
7669.72
7356.43
7043.14
6729.83
6416.52
6103.19
5789.85
5476.49
5163.11
4849.72
4533.84
4188.44
3784.54
3310.22
2762.93
2095.7
1392.92
378.55
24983.7
24072
23593.3
23026.5
22533.5
22069
21640.4
21243.6
20876.5
20536.8
20216
19900.9
19586
19271.2
18956.7
18642.3
18328
18013.8
17699.8
17385.8
17071.9
16758.1
16444.3
16130.7
15817
15503.4
15189.9
14876.4
14562.9
14249.4
13936
13622.6
13309.2
12995.8
12682.4
12369.1
12055.8
11742.4
11429.1
11115.8
10802.5
10489.2
10175.9
9862.67
9549.39
9236.11
8922.83
8609.55
8296.28
7983
7669.71
7356.42
7043.13
6729.83
6416.52
6103.19
5789.86
5476.51
5163.14
4849.75
4533.89
4188.53
3784.67
3310.4
2763.49
2095.72
1395.69
376.685
25003
24075.7
23595
23027.1
22533.4
22068.9
21640.2
21243.5
20876.4
20536.7
20215.9
19900.8
19586
19271.2
18956.7
18642.3
18328
18013.8
17699.8
17385.8
17071.9
16758.1
16444.4
16130.7
15817
15503.4
15189.9
14876.4
14562.9
14249.4
13936
13622.6
13309.2
12995.8
12682.4
12369.1
12055.8
11742.4
11429.1
11115.8
10802.5
10489.2
10175.9
9862.66
9549.38
9236.1
8922.82
8609.55
8296.27
7982.99
7669.71
7356.42
7043.13
6729.83
6416.52
6103.21
5789.88
5476.54
5163.18
4849.81
4533.97
4188.65
3784.82
3310.66
2763.97
2095.89
1398.04
374.657
25022.9
24082.2
23597.9
23028.8
22533.9
22069.1
21640.2
21243.4
20876.3
20536.7
20215.9
19900.8
19586
19271.3
18956.7
18642.3
18328
18013.9
17699.8
17385.8
17071.9
16758.1
16444.4
16130.7
15817
15503.4
15189.9
14876.4
14562.9
14249.4
13936
13622.6
13309.2
12995.8
12682.4
12369.1
12055.8
11742.4
11429.1
11115.8
10802.5
10489.2
10175.9
9862.66
9549.38
9236.1
8922.82
8609.55
8296.27
7982.99
7669.71
7356.43
7043.14
6729.84
6416.54
6103.23
5789.91
5476.58
5163.24
4849.89
4534.08
4188.79
3784.99
3310.95
2764.38
2096.16
1399.95
372.671
25041.7
24090.1
23601.3
23031.2
22534.8
22069.7
21640.5
21243.6
20876.4
20536.7
20215.9
19900.9
19586
19271.3
18956.7
18642.3
18328
18013.9
17699.8
17385.8
17072
16758.1
16444.4
16130.7
15817.1
15503.5
15189.9
14876.4
14562.9
14249.4
13936
13622.6
13309.2
12995.8
12682.4
12369.1
12055.8
11742.4
11429.1
11115.8
10802.5
10489.2
10175.9
9862.66
9549.38
9236.1
8922.82
8609.55
8296.27
7983
7669.72
7356.44
7043.16
6729.87
6416.57
6103.27
5789.96
5476.65
5163.33
4850
4534.21
4188.95
3785.18
3311.27
2764.71
2096.49
1401.46
370.669
25058.1
24098.4
23604.8
23033.9
22535.9
22070.4
21640.9
21243.8
20876.5
20536.8
20216
19900.9
19586
19271.3
18956.8
18642.4
18328.1
18013.9
17699.9
17385.9
17072
16758.2
16444.4
16130.7
15817.1
15503.5
15189.9
14876.4
14562.9
14249.4
13936
13622.6
13309.2
12995.8
12682.5
12369.1
12055.8
11742.4
11429.1
11115.8
10802.5
10489.2
10175.9
9862.66
9549.38
9236.1
8922.83
8609.56
8296.28
7983.01
7669.74
7356.46
7043.18
6729.9
6416.61
6103.32
5790.03
5476.73
5163.42
4850.11
4534.35
4189.13
3785.37
3311.6
2764.97
2096.86
1402.62
368.745
25070.7
24105.8
23607.7
23036.4
22537
22071.1
21641.3
21244
20876.7
20536.9
20216.1
19901
19586.1
19271.4
18956.8
18642.4
18328.1
18014
17699.9
17385.9
17072
16758.2
16444.4
16130.7
15817.1
15503.5
15189.9
14876.4
14562.9
14249.4
13936
13622.6
13309.2
12995.8
12682.5
12369.1
12055.8
11742.4
11429.1
11115.8
10802.5
10489.2
10175.9
9862.66
9549.39
9236.11
8922.84
8609.57
8296.3
7983.03
7669.76
7356.49
7043.22
6729.94
6416.67
6103.39
5790.1
5476.82
5163.53
4850.24
4534.5
4189.31
3785.56
3311.92
2765.18
2097.24
1403.49
366.959
25078
24111
23609.2
23038.1
22537.6
22071.6
21641.6
21244.2
20876.8
20537
20216.1
19901.1
19586.2
19271.4
18956.9
18642.5
18328.2
18014
17700
17386
17072.1
16758.2
16444.5
16130.8
15817.1
15503.5
15190
14876.4
14562.9
14249.5
13936
13622.6
13309.2
12995.8
12682.5
12369.1
12055.8
11742.5
11429.1
11115.8
10802.5
10489.2
10176
9862.67
9549.39
9236.12
8922.85
8609.58
8296.32
7983.05
7669.79
7356.53
7043.26
6729.99
6416.73
6103.46
5790.19
5476.92
5163.65
4850.38
4534.66
4189.5
3785.75
3312.22
2765.33
2097.62
1404.11
365.343
25078.8
24113.2
23608.6
23038.7
22537.6
22071.7
21641.6
21244.3
20876.9
20537.1
20216.2
19901.1
19586.2
19271.5
18957
18642.6
18328.3
18014.1
17700
17386
17072.1
16758.3
16444.5
16130.8
15817.2
15503.5
15190
14876.4
14562.9
14249.5
13936
13622.6
13309.2
12995.8
12682.5
12369.1
12055.8
11742.5
11429.1
11115.8
10802.5
10489.2
10176
9862.68
9549.4
9236.13
8922.87
8609.6
8296.34
7983.08
7669.82
7356.57
7043.31
6730.05
6416.8
6103.54
5790.29
5477.03
5163.78
4850.52
4534.82
4189.68
3785.94
3312.51
2765.44
2098
1404.51
363.917
25071.3
24111.4
23605.4
23037.6
22536.7
22071.2
21641.3
21244.1
20876.8
20537.1
20216.3
19901.2
19586.3
19271.6
18957.1
18642.7
18328.4
18014.2
17700.1
17386.1
17072.2
16758.4
16444.6
16130.9
15817.2
15503.6
15190
14876.5
14563
14249.5
13936
13622.6
13309.2
12995.8
12682.5
12369.1
12055.8
11742.5
11429.1
11115.8
10802.5
10489.2
10176
9862.69
9549.41
9236.15
8922.88
8609.62
8296.37
7983.11
7669.86
7356.61
7043.36
6730.12
6416.87
6103.63
5790.39
5477.15
5163.91
4850.67
4534.99
4189.87
3786.13
3312.8
2765.52
2098.4
1404.72
362.692
25054.1
24105.1
23599.3
23034.9
22534.9
22070.2
21640.8
21243.9
20876.8
20537.2
20216.4
19901.3
19586.5
19271.8
18957.2
18642.8
18328.5
18014.3
17700.2
17386.2
17072.3
16758.4
16444.6
16130.9
15817.2
15503.6
15190
14876.5
14563
14249.5
13936.1
13622.6
13309.2
12995.8
12682.5
12369.1
12055.8
11742.5
11429.1
11115.8
10802.5
10489.3
10176
9862.7
9549.43
9236.16
8922.9
8609.64
8296.39
7983.14
7669.9
7356.66
7043.42
6730.18
6416.95
6103.72
5790.5
5477.27
5164.05
4850.83
4535.17
4190.07
3786.33
3313.09
2765.58
2098.85
1404.72
361.66
25025.5
24094.5
23590.2
23030.7
22532.2
22068.8
21640.1
21243.5
20876.6
20537.2
20216.5
19901.5
19586.6
19271.9
18957.4
18642.9
18328.6
18014.4
17700.3
17386.3
17072.4
16758.5
16444.7
16131
15817.3
15503.7
15190.1
14876.5
14563
14249.5
13936.1
13622.6
13309.2
12995.9
12682.5
12369.1
12055.8
11742.5
11429.2
11115.8
10802.5
10489.3
10176
9862.7
9549.43
9236.17
8922.91
8609.66
8296.41
7983.17
7669.93
7356.7
7043.47
6730.24
6417.02
6103.81
5790.6
5477.39
5164.19
4850.99
4535.35
4190.27
3786.55
3313.41
2765.64
2099.45
1404.47
360.823
24987.2
24083.7
23581.6
23027.7
22530.9
22068.6
21640.4
21244.1
20877.2
20537.8
20217
19902
19587.1
19272.3
18957.7
18643.2
18328.9
18014.6
17700.5
17386.4
17072.5
16758.6
16444.8
16131
15817.3
15503.7
15190.1
14876.5
14563
14249.5
13936.1
13622.6
13309.2
12995.9
12682.5
12369.1
12055.8
11742.5
11429.1
11115.8
10802.5
10489.3
10176
9862.7
9549.43
9236.17
8922.92
8609.67
8296.42
7983.18
7669.95
7356.73
7043.51
6730.29
6417.09
6103.89
5790.7
5477.52
5164.34
4851.18
4535.57
4190.53
3786.83
3313.83
2765.74
2100.37
1403.75
359.825
24934.3
24070.7
23569.9
23023.4
22528.6
22067.6
21640.1
21244.1
20877.4
20538
20217.3
19902.2
19587.3
19272.5
18957.9
18643.4
18329
18014.7
17700.6
17386.5
17072.5
16758.6
16444.8
16131.1
15817.4
15503.7
15190.1
14876.6
14563
14249.5
13936.1
13622.7
13309.2
12995.9
12682.5
12369.1
12055.8
11742.5
11429.1
11115.8
10802.5
10489.3
10176
9862.7
9549.44
9236.18
8922.92
8609.67
8296.43
7983.2
7669.97
7356.75
7043.54
6730.33
6417.14
6103.95
5790.78
5477.61
5164.46
4851.32
4535.74
4190.73
3787.07
3314.26
2765.66
2101.77
1402.6
359.583
24902.4
24100
23584.2
23039.5
22540.7
22076.8
21647
21249.3
20881.4
20541
20219.6
19904
19588.7
19273.6
18958.7
18644
18329.4
18015
17700.8
17386.6
17072.6
16758.7
16444.8
16131.1
15817.4
15503.7
15190.1
14876.5
14563
14249.5
13936.1
13622.6
13309.2
12995.8
12682.5
12369.1
12055.8
11742.4
11429.1
11115.8
10802.5
10489.2
10175.9
9862.67
9549.4
9236.14
8922.88
8609.63
8296.38
7983.15
7669.92
7356.69
7043.48
6730.29
6417.1
6103.94
5790.79
5477.66
5164.57
4851.5
4536.02
4191.14
3787.67
3315.39
2766.07
2106.33
1399.17
353.462
24955.3
24102.6
23595.6
23033.4
22535.6
22069.7
21639.9
21242.5
20875
20535.2
20214.3
19899.2
19584.3
19269.7
18955.2
18640.9
18326.7
18012.7
17698.7
17384.9
17071.1
16757.3
16443.7
16130.1
15816.5
15503
15189.5
14876
14562.5
14249.1
13935.7
13622.3
13309
12995.6
12682.3
12369
12055.6
11742.3
11429
11115.8
10802.5
10489.2
10175.9
9862.64
9549.37
9236.1
8922.83
8609.57
8296.3
7983.03
7669.75
7356.47
7043.18
6729.88
6416.57
6103.24
5789.9
5476.53
5163.14
4849.72
4533.81
4188.36
3784.26
3310.24
2760.87
2096.59
1381.76
416.822
24943.2
24083.9
23591.1
23028.5
22533.3
22068.2
21639.1
21242
20874.7
20535
20214.2
19899.2
19584.3
19269.7
18955.2
18640.9
18326.8
18012.7
17698.7
17384.9
17071.1
16757.4
16443.7
16130.1
15816.5
15503
15189.5
14876
14562.5
14249.1
13935.7
13622.3
13309
12995.6
12682.3
12369
12055.6
11742.3
11429
11115.7
10802.5
10489.2
10175.9
9862.63
9549.35
9236.09
8922.82
8609.55
8296.28
7983
7669.72
7356.44
7043.15
6729.84
6416.53
6103.2
5789.85
5476.49
5163.1
4849.68
4533.77
4188.33
3784.3
3310.1
2761.51
2096.26
1385
377.327
24947.7
24072
23589
23025
22531.7
22067.1
21638.4
21241.6
20874.5
20534.9
20214.1
19899.1
19584.3
19269.7
18955.3
18641
18326.8
18012.7
17698.8
17384.9
17071.1
16757.4
16443.7
16130.1
15816.5
15503
15189.4
14876
14562.5
14249.1
13935.7
13622.3
13309
12995.6
12682.3
12369
12055.6
11742.3
11429
11115.7
10802.5
10489.2
10175.9
9862.62
9549.34
9236.07
8922.8
8609.53
8296.26
7982.99
7669.7
7356.42
7043.13
6729.82
6416.51
6103.18
5789.83
5476.47
5163.08
4849.67
4533.77
4188.34
3784.38
3310.06
2762.23
2095.77
1389.41
377.047
24960.9
24067.2
23588.3
23023.1
22530.5
22066.3
21637.8
21241.2
20874.2
20534.7
20214
19899.1
19584.3
19269.7
18955.3
18641
18326.8
18012.7
17698.8
17384.9
17071.1
16757.4
16443.7
16130.1
15816.5
15503
15189.4
14876
14562.5
14249.1
13935.7
13622.3
13309
12995.6
12682.3
12368.9
12055.6
11742.3
11429
11115.7
10802.4
10489.2
10175.9
9862.61
9549.34
9236.06
8922.79
8609.52
8296.25
7982.97
7669.69
7356.4
7043.11
6729.81
6416.49
6103.17
5789.82
5476.46
5163.08
4849.68
4533.8
4188.4
3784.49
3310.16
2762.87
2095.58
1392.91
378.239
24978.1
24067.1
23588.8
23022.5
22529.9
22065.8
21637.5
21240.9
20874.1
20534.6
20213.9
19899
19584.3
19269.7
18955.3
18641
18326.8
18012.8
17698.8
17384.9
17071.1
16757.4
16443.7
16130.1
15816.5
15503
15189.4
14876
14562.5
14249.1
13935.7
13622.3
13309
12995.6
12682.3
12368.9
12055.6
11742.3
11429
11115.7
10802.4
10489.2
10175.9
9862.6
9549.33
9236.06
8922.79
8609.51
8296.24
7982.96
7669.68
7356.4
7043.1
6729.8
6416.49
6103.17
5789.83
5476.48
5163.11
4849.72
4533.86
4188.49
3784.62
3310.34
2763.43
2095.61
1395.69
376.359
24997.4
24070.8
23590.6
23023.1
22529.8
22065.6
21637.3
21240.8
20873.9
20534.5
20213.9
19899
19584.3
19269.7
18955.3
18641
18326.8
18012.8
17698.8
17384.9
17071.1
16757.4
16443.7
16130.1
15816.5
15503
15189.5
14876
14562.5
14249.1
13935.7
13622.3
13309
12995.6
12682.3
12368.9
12055.6
11742.3
11429
11115.7
10802.4
10489.2
10175.9
9862.6
9549.32
9236.05
8922.78
8609.51
8296.23
7982.96
7669.68
7356.39
7043.1
6729.8
6416.5
6103.18
5789.85
5476.51
5163.15
4849.78
4533.94
4188.61
3784.77
3310.6
2763.92
2095.77
1398.05
374.315
25017.3
24077.3
23593.4
23024.8
22530.3
22065.9
21637.3
21240.8
20873.9
20534.5
20213.9
19899
19584.3
19269.7
18955.3
18641
18326.8
18012.8
17698.8
17384.9
17071.1
16757.4
16443.7
16130.1
15816.5
15503
15189.5
14876
14562.5
14249.1
13935.7
13622.3
13309
12995.6
12682.3
12368.9
12055.6
11742.3
11429
11115.7
10802.4
10489.1
10175.9
9862.59
9549.32
9236.05
8922.78
8609.51
8296.23
7982.96
7669.68
7356.4
7043.11
6729.82
6416.52
6103.21
5789.89
5476.56
5163.21
4849.86
4534.04
4188.75
3784.95
3310.9
2764.33
2096.04
1399.97
372.318
25036.1
24085.3
23596.9
23027.2
22531.2
22066.4
21637.6
21240.9
20874
20534.5
20213.9
19899
19584.3
19269.7
18955.3
18641
18326.9
18012.8
17698.9
17385
17071.2
16757.4
16443.7
16130.1
15816.5
15503
15189.5
14876
14562.5
14249.1
13935.7
13622.3
13309
12995.6
12682.3
12368.9
12055.6
11742.3
11429
11115.7
10802.4
10489.1
10175.9
9862.59
9549.32
9236.05
8922.78
8609.51
8296.24
7982.97
7669.69
7356.41
7043.13
6729.84
6416.55
6103.25
5789.94
5476.62
5163.3
4849.96
4534.17
4188.92
3785.13
3311.22
2764.66
2096.38
1401.48
370.305
25052.5
24093.5
23600.4
23029.9
22532.3
22067.1
21637.9
21241.1
20874.1
20534.6
20214
19899
19584.3
19269.8
18955.4
18641.1
18326.9
18012.9
17698.9
17385
17071.2
16757.5
16443.8
16130.1
15816.5
15503
15189.5
14876
14562.6
14249.1
13935.7
13622.3
13309
12995.6
12682.3
12368.9
12055.6
11742.3
11429
11115.7
10802.4
10489.1
10175.9
9862.6
9549.32
9236.05
8922.78
8609.52
8296.25
7982.98
7669.71
7356.43
7043.16
6729.87
6416.59
6103.3
5790
5476.7
5163.39
4850.08
4534.31
4189.09
3785.32
3311.54
2764.92
2096.74
1402.65
368.372
25065
24100.9
23603.2
23032.4
22533.4
22067.8
21638.3
21241.4
20874.3
20534.7
20214
19899.1
19584.4
19269.8
18955.4
18641.1
18327
18012.9
17698.9
17385
17071.2
16757.5
16443.8
16130.2
15816.6
15503
15189.5
14876
14562.6
14249.1
13935.7
13622.3
13309
12995.6
12682.3
12368.9
12055.6
11742.3
11429
11115.7
10802.4
10489.2
10175.9
9862.6
9549.33
9236.06
8922.79
8609.53
8296.26
7983
7669.73
7356.46
7043.19
6729.92
6416.64
6103.36
5790.08
5476.79
5163.5
4850.21
4534.47
4189.27
3785.52
3311.87
2765.13
2097.12
1403.52
366.58
25072.4
24106.2
23604.7
23034.1
22534
22068.3
21638.6
21241.6
20874.4
20534.8
20214.1
19899.2
19584.5
19269.9
18955.5
18641.2
18327
18013
17699
17385.1
17071.3
16757.5
16443.8
16130.2
15816.6
15503
15189.5
14876
14562.6
14249.2
13935.7
13622.4
13309
12995.6
12682.3
12369
12055.6
11742.3
11429
11115.7
10802.4
10489.2
10175.9
9862.61
9549.34
9236.07
8922.81
8609.54
8296.28
7983.02
7669.76
7356.5
7043.23
6729.97
6416.7
6103.44
5790.17
5476.9
5163.62
4850.35
4534.63
4189.46
3785.71
3312.17
2765.28
2097.5
1404.14
364.959
25073.2
24108.3
23604.1
23034.7
22534
22068.4
21638.7
21241.6
20874.5
20534.9
20214.2
19899.3
19584.5
19270
18955.6
18641.3
18327.1
18013
17699.1
17385.2
17071.3
16757.6
16443.9
16130.2
15816.6
15503.1
15189.6
14876.1
14562.6
14249.2
13935.8
13622.4
13309
12995.6
12682.3
12369
12055.6
11742.3
11429
11115.7
10802.4
10489.2
10175.9
9862.62
9549.35
9236.08
8922.82
8609.56
8296.31
7983.05
7669.79
7356.54
7043.28
6730.03
6416.77
6103.52
5790.26
5477.01
5163.75
4850.5
4534.79
4189.65
3785.9
3312.46
2765.39
2097.89
1404.54
363.531
25065.7
24106.5
23600.9
23033.6
22533.1
22067.9
21638.4
21241.5
20874.4
20534.9
20214.3
19899.4
19584.6
19270.1
18955.7
18641.4
18327.2
18013.1
17699.1
17385.2
17071.4
16757.6
16443.9
16130.3
15816.7
15503.1
15189.6
14876.1
14562.6
14249.2
13935.8
13622.4
13309
12995.6
12682.3
12369
12055.6
11742.3
11429
11115.7
10802.5
10489.2
10175.9
9862.62
9549.36
9236.1
8922.84
8609.58
8296.33
7983.08
7669.83
7356.58
7043.34
6730.09
6416.85
6103.61
5790.37
5477.13
5163.89
4850.65
4534.96
4189.84
3786.09
3312.75
2765.47
2098.29
1404.75
362.305
25048.5
24100.2
23594.8
23030.9
22531.3
22067
21637.9
21241.2
20874.4
20534.9
20214.3
19899.5
19584.8
19270.2
18955.8
18641.5
18327.3
18013.2
17699.2
17385.3
17071.5
16757.7
16444
16130.3
15816.7
15503.1
15189.6
14876.1
14562.6
14249.2
13935.8
13622.4
13309
12995.6
12682.3
12369
12055.6
11742.3
11429
11115.7
10802.5
10489.2
10175.9
9862.63
9549.37
9236.11
8922.85
8609.6
8296.36
7983.11
7669.87
7356.63
7043.39
6730.16
6416.93
6103.7
5790.47
5477.25
5164.03
4850.81
4535.14
4190.04
3786.29
3313.04
2765.54
2098.75
1404.75
361.276
25019.9
24089.6
23585.7
23026.7
22528.6
22065.5
21637.1
21240.9
20874.2
20534.9
20214.4
19899.6
19584.9
19270.4
18956
18641.6
18327.4
18013.3
17699.3
17385.4
17071.6
16757.8
16444.1
16130.4
15816.8
15503.2
15189.6
14876.1
14562.7
14249.2
13935.8
13622.4
13309
12995.7
12682.3
12369
12055.7
11742.3
11429
11115.7
10802.5
10489.2
10175.9
9862.64
9549.38
9236.12
8922.87
8609.62
8296.38
7983.14
7669.9
7356.67
7043.45
6730.22
6417
6103.79
5790.58
5477.37
5164.17
4850.97
4535.33
4190.24
3786.51
3313.36
2765.59
2099.34
1404.5
360.447
24981.5
24078.8
23577.1
23023.7
22527.3
22065.3
21637.5
21241.4
20874.8
20535.5
20215
19900.1
19585.4
19270.8
18956.3
18641.9
18327.7
18013.5
17699.5
17385.5
17071.7
16757.9
16444.1
16130.4
15816.8
15503.2
15189.7
14876.2
14562.7
14249.2
13935.8
13622.4
13309
12995.7
12682.3
12369
12055.6
11742.3
11429
11115.7
10802.5
10489.2
10175.9
9862.64
9549.38
9236.12
8922.87
8609.63
8296.39
7983.15
7669.92
7356.7
7043.48
6730.27
6417.07
6103.87
5790.68
5477.5
5164.32
4851.15
4535.54
4190.5
3786.8
3313.79
2765.7
2100.28
1403.77
359.466
24928.7
24065.8
23565.5
23019.4
22525
22064.4
21637.1
21241.4
20875
20535.8
20215.3
19900.4
19585.6
19271
18956.5
18642.1
18327.8
18013.7
17699.6
17385.6
17071.7
16757.9
16444.2
16130.5
15816.8
15503.2
15189.7
14876.2
14562.7
14249.2
13935.8
13622.4
13309
12995.7
12682.3
12369
12055.6
11742.3
11429
11115.7
10802.5
10489.2
10175.9
9862.64
9549.38
9236.13
8922.88
8609.63
8296.4
7983.17
7669.94
7356.72
7043.51
6730.31
6417.12
6103.93
5790.76
5477.59
5164.44
4851.3
4535.72
4190.71
3787.04
3314.22
2765.63
2101.68
1402.62
359.24
24896.8
24095.1
23579.7
23035.5
22537.1
22073.6
21644.1
21246.7
20879
20538.8
20217.6
19902.2
19587
19272
18957.3
18642.7
18328.3
18014
17699.8
17385.8
17071.8
16758
16444.2
16130.5
15816.8
15503.2
15189.7
14876.2
14562.7
14249.2
13935.8
13622.4
13309
12995.6
12682.3
12369
12055.6
11742.3
11429
11115.7
10802.4
10489.2
10175.9
9862.61
9549.35
9236.09
8922.84
8609.59
8296.35
7983.11
7669.89
7356.67
7043.46
6730.27
6417.08
6103.92
5790.77
5477.65
5164.55
4851.48
4536
4191.11
3787.64
3315.36
2766.04
2106.27
1399.19
353.196
24949.2
24097.4
23590.8
23029.1
22531.7
22066.2
21636.8
21239.7
20872.4
20532.8
20212.1
19897.2
19582.5
19268
18953.7
18639.5
18325.5
18011.6
17697.7
17383.9
17070.2
16756.6
16443
16129.5
15815.9
15502.5
15189
14875.6
14562.2
14248.8
13935.4
13622.1
13308.7
12995.4
12682.1
12368.8
12055.5
11742.2
11428.9
11115.6
10802.4
10489.1
10175.8
9862.57
9549.31
9236.05
8922.79
8609.53
8296.26
7982.99
7669.72
7356.44
7043.15
6729.85
6416.54
6103.21
5789.87
5476.5
5163.1
4849.68
4533.77
4188.32
3784.2
3310.17
2760.8
2096.46
1381.69
416.668
24937.1
24078.6
23586.3
23024.2
22529.5
22064.8
21636
21239.2
20872.2
20532.7
20212
19897.2
19582.5
19268.1
18953.7
18639.6
18325.5
18011.6
17697.7
17384
17070.3
16756.6
16443
16129.5
15815.9
15502.5
15189
14875.6
14562.2
14248.8
13935.4
13622.1
13308.7
12995.4
12682.1
12368.8
12055.5
11742.2
11428.9
11115.6
10802.4
10489.1
10175.8
9862.56
9549.3
9236.03
8922.77
8609.51
8296.24
7982.97
7669.69
7356.41
7043.12
6729.82
6416.5
6103.17
5789.83
5476.46
5163.06
4849.64
4533.73
4188.28
3784.25
3310.04
2761.44
2096.12
1384.95
377.055
24941.6
24066.7
23584.2
23020.7
22527.8
22063.6
21635.3
21238.7
20871.9
20532.5
20212
19897.1
19582.5
19268.1
18953.8
18639.6
18325.5
18011.6
17697.7
17384
17070.3
16756.6
16443
16129.5
15815.9
15502.5
15189
14875.6
14562.2
14248.8
13935.4
13622.1
13308.7
12995.4
12682.1
12368.8
12055.5
11742.2
11428.9
11115.6
10802.4
10489.1
10175.8
9862.55
9549.29
9236.02
8922.76
8609.49
8296.22
7982.95
7669.67
7356.39
7043.1
6729.8
6416.48
6103.15
5789.8
5476.44
5163.05
4849.63
4533.73
4188.3
3784.33
3310
2762.16
2095.64
1389.38
376.719
24954.9
24061.9
23583.5
23018.8
22526.7
22062.8
21634.7
21238.4
20871.7
20532.4
20211.9
19897.1
19582.5
19268.1
18953.8
18639.6
18325.6
18011.6
17697.8
17384
17070.3
16756.6
16443
16129.5
15815.9
15502.5
15189
14875.6
14562.2
14248.8
13935.4
13622.1
13308.7
12995.4
12682.1
12368.8
12055.5
11742.2
11428.9
11115.6
10802.4
10489.1
10175.8
9862.54
9549.28
9236.01
8922.75
8609.48
8296.21
7982.94
7669.66
7356.38
7043.08
6729.78
6416.47
6103.14
5789.8
5476.43
5163.05
4849.65
4533.76
4188.35
3784.44
3310.09
2762.81
2095.45
1392.9
377.895
24972
24061.9
23584
23018.2
22526
22062.3
21634.3
21238.1
20871.5
20532.2
20211.8
19897.1
19582.5
19268.1
18953.8
18639.6
18325.6
18011.6
17697.8
17384
17070.3
16756.6
16443
16129.5
15815.9
15502.5
15189
14875.6
14562.2
14248.8
13935.4
13622.1
13308.7
12995.4
12682.1
12368.8
12055.5
11742.2
11428.9
11115.6
10802.3
10489.1
10175.8
9862.54
9549.27
9236.01
8922.74
8609.47
8296.2
7982.93
7669.65
7356.37
7043.08
6729.78
6416.46
6103.14
5789.8
5476.45
5163.08
4849.68
4533.82
4188.44
3784.57
3310.28
2763.37
2095.48
1395.7
375.998
24991.4
24065.6
23585.8
23018.8
22525.9
22062.2
21634.1
21238
20871.4
20532.2
20211.7
19897
19582.5
19268.1
18953.8
18639.6
18325.6
18011.7
17697.8
17384
17070.3
16756.6
16443
16129.5
15816
15502.5
15189
14875.6
14562.2
14248.8
13935.4
13622.1
13308.7
12995.4
12682.1
12368.8
12055.5
11742.2
11428.9
11115.6
10802.3
10489.1
10175.8
9862.53
9549.27
9236
8922.73
8609.47
8296.2
7982.92
7669.65
7356.37
7043.08
6729.78
6416.47
6103.15
5789.82
5476.48
5163.12
4849.75
4533.9
4188.57
3784.73
3310.54
2763.86
2095.65
1398.06
373.939
25011.2
24072.1
23588.6
23020.5
22526.4
22062.4
21634.2
21238
20871.3
20532.1
20211.7
19897
19582.5
19268.1
18953.8
18639.7
18325.6
18011.7
17697.8
17384
17070.3
16756.7
16443.1
16129.5
15816
15502.5
15189
14875.6
14562.2
14248.8
13935.4
13622.1
13308.7
12995.4
12682.1
12368.8
12055.5
11742.2
11428.9
11115.6
10802.3
10489.1
10175.8
9862.53
9549.26
9236
8922.73
8609.47
8296.2
7982.93
7669.65
7356.37
7043.08
6729.79
6416.49
6103.18
5789.86
5476.53
5163.18
4849.83
4534.01
4188.71
3784.9
3310.84
2764.27
2095.92
1399.99
371.928
25030
24080
23592.1
23022.9
22527.3
22063
21634.4
21238.1
20871.4
20532.2
20211.7
19897
19582.5
19268.1
18953.8
18639.7
18325.6
18011.7
17697.8
17384.1
17070.3
16756.7
16443.1
16129.5
15816
15502.5
15189
14875.6
14562.2
14248.8
13935.4
13622.1
13308.7
12995.4
12682.1
12368.8
12055.5
11742.2
11428.9
11115.6
10802.3
10489.1
10175.8
9862.53
9549.26
9236
8922.73
8609.47
8296.2
7982.93
7669.66
7356.38
7043.1
6729.82
6416.52
6103.22
5789.91
5476.59
5163.27
4849.93
4534.14
4188.88
3785.09
3311.16
2764.61
2096.25
1401.51
369.904
25046.4
24088.3
23595.6
23025.6
22528.4
22063.7
21634.8
21238.3
20871.5
20532.3
20211.8
19897.1
19582.5
19268.1
18953.9
18639.7
18325.7
18011.7
17697.9
17384.1
17070.4
16756.7
16443.1
16129.5
15816
15502.5
15189
14875.6
14562.2
14248.8
13935.4
13622.1
13308.7
12995.4
12682.1
12368.8
12055.5
11742.2
11428.9
11115.6
10802.3
10489.1
10175.8
9862.53
9549.27
9236
8922.74
8609.47
8296.21
7982.95
7669.68
7356.41
7043.13
6729.85
6416.56
6103.27
5789.98
5476.67
5163.36
4850.05
4534.28
4189.05
3785.28
3311.49
2764.87
2096.62
1402.68
367.963
25059
24095.6
23598.4
23028.1
22529.5
22064.4
21635.2
21238.5
20871.7
20532.4
20211.9
19897.2
19582.6
19268.2
18953.9
18639.8
18325.7
18011.8
17697.9
17384.1
17070.4
16756.7
16443.1
16129.6
15816
15502.5
15189.1
14875.6
14562.2
14248.8
13935.4
13622.1
13308.7
12995.4
12682.1
12368.8
12055.5
11742.2
11428.9
11115.6
10802.3
10489.1
10175.8
9862.54
9549.27
9236.01
8922.75
8609.49
8296.23
7982.96
7669.7
7356.43
7043.17
6729.89
6416.62
6103.34
5790.05
5476.77
5163.48
4850.18
4534.43
4189.24
3785.47
3311.81
2765.08
2097
1403.55
366.163
25066.4
24100.9
23599.9
23029.9
22530.2
22064.9
21635.5
21238.7
20871.8
20532.5
20212
19897.2
19582.7
19268.3
18954
18639.8
18325.8
18011.8
17698
17384.2
17070.5
16756.8
16443.2
16129.6
15816.1
15502.6
15189.1
14875.6
14562.2
14248.8
13935.5
13622.1
13308.8
12995.4
12682.1
12368.8
12055.5
11742.2
11428.9
11115.6
10802.3
10489.1
10175.8
9862.54
9549.28
9236.02
8922.76
8609.5
8296.25
7982.99
7669.73
7356.47
7043.21
6729.95
6416.68
6103.41
5790.14
5476.87
5163.6
4850.32
4534.59
4189.42
3785.67
3312.12
2765.23
2097.38
1404.17
364.538
25067.1
24103.1
23599.3
23030.4
22530.2
22064.9
21635.6
21238.8
20871.9
20532.5
20212.1
19897.3
19582.8
19268.3
18954.1
18639.9
18325.9
18011.9
17698
17384.2
17070.5
16756.8
16443.2
16129.6
15816.1
15502.6
15189.1
14875.7
14562.2
14248.8
13935.5
13622.1
13308.8
12995.4
12682.1
12368.8
12055.5
11742.2
11428.9
11115.6
10802.4
10489.1
10175.8
9862.55
9549.29
9236.03
8922.78
8609.52
8296.27
7983.02
7669.76
7356.51
7043.26
6730.01
6416.75
6103.5
5790.24
5476.98
5163.72
4850.47
4534.76
4189.61
3785.86
3312.41
2765.34
2097.77
1404.58
363.107
25059.6
24101.2
23596.1
23029.3
22529.2
22064.5
21635.3
21238.7
20871.9
20532.6
20212.1
19897.4
19582.8
19268.4
18954.2
18640
18326
18012
17698.1
17384.3
17070.6
16756.9
16443.3
16129.7
15816.1
15502.6
15189.1
14875.7
14562.3
14248.9
13935.5
13622.1
13308.8
12995.4
12682.1
12368.8
12055.5
11742.2
11428.9
11115.6
10802.4
10489.1
10175.8
9862.56
9549.3
9236.05
8922.79
8609.54
8296.29
7983.05
7669.8
7356.56
7043.31
6730.07
6416.83
6103.58
5790.34
5477.1
5163.86
4850.62
4534.93
4189.8
3786.05
3312.7
2765.43
2098.17
1404.78
361.88
25042.4
24095
23590
23026.6
22527.4
22063.5
21634.8
21238.4
20871.8
20532.6
20212.2
19897.5
19583
19268.6
18954.3
18640.1
18326.1
18012.1
17698.2
17384.4
17070.7
16757
16443.3
16129.7
15816.2
15502.7
15189.2
14875.7
14562.3
14248.9
13935.5
13622.1
13308.8
12995.4
12682.1
12368.8
12055.5
11742.2
11428.9
11115.6
10802.4
10489.1
10175.8
9862.57
9549.31
9236.06
8922.81
8609.56
8296.32
7983.08
7669.84
7356.6
7043.37
6730.14
6416.91
6103.68
5790.45
5477.23
5164
4850.78
4535.11
4190
3786.26
3313
2765.49
2098.63
1404.78
360.853
25013.8
24084.3
23580.9
23022.4
22524.8
22062.1
21634
21238.1
20871.7
20532.6
20212.3
19897.6
19583.1
19268.7
18954.5
18640.3
18326.2
18012.2
17698.3
17384.5
17070.7
16757
16443.4
16129.8
15816.2
15502.7
15189.2
14875.7
14562.3
14248.9
13935.5
13622.1
13308.8
12995.4
12682.1
12368.8
12055.5
11742.2
11428.9
11115.6
10802.4
10489.1
10175.8
9862.58
9549.32
9236.07
8922.82
8609.58
8296.34
7983.11
7669.87
7356.65
7043.42
6730.2
6416.98
6103.77
5790.56
5477.35
5164.15
4850.94
4535.3
4190.21
3786.48
3313.32
2765.55
2099.23
1404.53
360.031
24975.5
24073.5
23572.3
23019.4
22523.5
22061.9
21634.3
21238.6
20872.3
20533.2
20212.8
19898.2
19583.6
19269.1
18954.8
18640.6
18326.5
18012.4
17698.5
17384.6
17070.8
16757.1
16443.4
16129.8
15816.3
15502.7
15189.2
14875.8
14562.3
14248.9
13935.5
13622.1
13308.8
12995.4
12682.1
12368.8
12055.5
11742.2
11428.9
11115.6
10802.4
10489.1
10175.8
9862.57
9549.32
9236.07
8922.83
8609.59
8296.35
7983.12
7669.9
7356.67
7043.46
6730.25
6417.05
6103.85
5790.66
5477.48
5164.3
4851.13
4535.52
4190.47
3786.77
3313.75
2765.66
2100.17
1403.8
359.067
24922.6
24060.5
23560.7
23015.1
22521.1
22060.9
21634
21238.6
20872.4
20533.4
20213.1
19898.4
19583.8
19269.4
18955
18640.8
18326.6
18012.6
17698.6
17384.7
17070.9
16757.2
16443.5
16129.9
15816.3
15502.7
15189.2
14875.8
14562.3
14248.9
13935.5
13622.1
13308.8
12995.4
12682.1
12368.8
12055.5
11742.2
11428.9
11115.6
10802.4
10489.1
10175.8
9862.57
9549.32
9236.08
8922.83
8609.59
8296.36
7983.13
7669.91
7356.7
7043.49
6730.29
6417.1
6103.91
5790.74
5477.58
5164.42
4851.28
4535.7
4190.68
3787.01
3314.18
2765.59
2101.59
1402.65
358.859
24890.8
24089.8
23575
23031.3
22533.2
22070.1
21641
21243.8
20876.4
20536.5
20215.5
19900.2
19585.2
19270.4
18955.8
18641.3
18327
18012.9
17698.8
17384.9
17071
16757.2
16443.5
16129.9
15816.3
15502.7
15189.2
14875.8
14562.3
14248.9
13935.5
13622.1
13308.8
12995.4
12682.1
12368.8
12055.5
11742.2
11428.9
11115.6
10802.3
10489.1
10175.8
9862.54
9549.29
9236.04
8922.79
8609.55
8296.31
7983.08
7669.86
7356.64
7043.44
6730.24
6417.06
6103.9
5790.75
5477.63
5164.53
4851.46
4535.98
4191.09
3787.62
3315.33
2766.01
2106.2
1399.22
352.898
24942.7
24091.7
23585.6
23024.5
22527.6
22062.6
21633.5
21236.7
20869.7
20530.3
20209.8
19895.1
19580.6
19266.3
18952.2
18638.1
18324.2
18010.4
17696.7
17383
17069.4
16755.8
16442.3
16128.8
15815.4
15502
15188.6
14875.2
14561.8
14248.5
13935.1
13621.8
13308.5
12995.2
12681.9
12368.6
12055.3
11742.1
11428.8
11115.5
10802.3
10489
10175.8
9862.5
9549.25
9236
8922.74
8609.48
8296.22
7982.96
7669.69
7356.41
7043.12
6729.83
6416.51
6103.19
5789.84
5476.47
5163.07
4849.64
4533.73
4188.27
3784.15
3310.1
2760.72
2096.31
1381.62
416.499
24930.6
24073
23581.2
23019.6
22525.3
22061.1
21632.6
21236.2
20869.4
20530.2
20209.8
19895.1
19580.6
19266.3
18952.2
18638.2
18324.2
18010.4
17696.7
17383
17069.4
16755.8
16442.3
16128.8
15815.4
15501.9
15188.5
14875.2
14561.8
14248.5
13935.1
13621.8
13308.5
12995.2
12681.9
12368.6
12055.3
11742.1
11428.8
11115.5
10802.3
10489
10175.7
9862.49
9549.24
9235.98
8922.72
8609.46
8296.2
7982.93
7669.66
7356.38
7043.09
6729.79
6416.48
6103.15
5789.8
5476.43
5163.03
4849.6
4533.69
4188.24
3784.19
3309.97
2761.37
2095.98
1384.9
376.753
24935.1
24061.1
23579
23016.1
22523.7
22059.9
21631.9
21235.7
20869.2
20530
20209.7
19895.1
19580.6
19266.3
18952.2
18638.2
18324.3
18010.4
17696.7
17383
17069.4
16755.8
16442.3
16128.8
15815.4
15501.9
15188.5
14875.2
14561.8
14248.5
13935.1
13621.8
13308.5
12995.2
12681.9
12368.6
12055.3
11742.1
11428.8
11115.5
10802.3
10489
10175.7
9862.48
9549.23
9235.97
8922.71
8609.45
8296.19
7982.92
7669.64
7356.36
7043.07
6729.77
6416.45
6103.12
5789.78
5476.41
5163.01
4849.59
4533.69
4188.25
3784.28
3309.93
2762.09
2095.5
1389.35
376.357
24948.4
24056.3
23578.3
23014.2
22522.6
22059.1
21631.4
21235.4
20869
20529.9
20209.6
19895
19580.6
19266.3
18952.2
18638.2
18324.3
18010.4
17696.7
17383
17069.4
16755.8
16442.3
16128.8
15815.4
15501.9
15188.5
14875.2
14561.8
14248.5
13935.1
13621.8
13308.5
12995.2
12681.9
12368.6
12055.3
11742.1
11428.8
11115.5
10802.3
10489
10175.7
9862.48
9549.22
9235.96
8922.7
8609.44
8296.17
7982.9
7669.63
7356.35
7043.06
6729.76
6416.44
6103.11
5789.77
5476.4
5163.02
4849.61
4533.72
4188.31
3784.39
3310.03
2762.74
2095.31
1392.89
377.515
24965.5
24056.3
23578.9
23013.6
22521.9
22058.6
21631
21235.1
20868.8
20529.8
20209.5
19895
19580.6
19266.3
18952.2
18638.2
18324.3
18010.5
17696.7
17383
17069.4
16755.8
16442.3
16128.8
15815.4
15502
15188.5
14875.2
14561.8
14248.5
13935.1
13621.8
13308.5
12995.2
12681.9
12368.6
12055.3
11742.1
11428.8
11115.5
10802.3
10489
10175.7
9862.47
9549.21
9235.95
8922.69
8609.43
8296.16
7982.9
7669.62
7356.34
7043.05
6729.75
6416.44
6103.11
5789.77
5476.42
5163.04
4849.65
4533.78
4188.4
3784.52
3310.22
2763.31
2095.34
1395.71
375.601
24984.9
24060
23580.7
23014.2
22521.8
22058.5
21630.8
21235
20868.7
20529.7
20209.5
19895
19580.6
19266.3
18952.2
18638.2
18324.3
18010.5
17696.7
17383.1
17069.4
16755.9
16442.3
16128.8
15815.4
15502
15188.6
14875.2
14561.8
14248.5
13935.1
13621.8
13308.5
12995.2
12681.9
12368.6
12055.3
11742.1
11428.8
11115.5
10802.2
10489
10175.7
9862.46
9549.21
9235.95
8922.69
8609.42
8296.16
7982.89
7669.62
7356.34
7043.05
6729.75
6416.45
6103.13
5789.8
5476.45
5163.09
4849.71
4533.86
4188.52
3784.68
3310.48
2763.81
2095.51
1398.08
373.525
25004.7
24066.5
23583.5
23015.9
22522.3
22058.7
21630.9
21235
20868.6
20529.7
20209.5
19894.9
19580.6
19266.4
18952.2
18638.2
18324.3
18010.5
17696.8
17383.1
17069.5
16755.9
16442.4
16128.9
15815.4
15502
15188.6
14875.2
14561.8
14248.5
13935.1
13621.8
13308.5
12995.2
12681.9
12368.6
12055.3
11742
11428.8
11115.5
10802.2
10489
10175.7
9862.46
9549.2
9235.94
8922.68
8609.42
8296.16
7982.89
7669.62
7356.34
7043.06
6729.77
6416.47
6103.15
5789.83
5476.5
5163.16
4849.8
4533.97
4188.67
3784.85
3310.78
2764.22
2095.78
1400.02
371.5
25023.6
24074.4
23587
23018.3
22523.2
22059.3
21631.1
21235.1
20868.7
20529.7
20209.5
19895
19580.6
19266.4
18952.3
18638.3
18324.4
18010.5
17696.8
17383.1
17069.5
16755.9
16442.4
16128.9
15815.4
15502
15188.6
14875.2
14561.8
14248.5
13935.1
13621.8
13308.5
12995.2
12681.9
12368.6
12055.3
11742
11428.8
11115.5
10802.2
10489
10175.7
9862.46
9549.2
9235.95
8922.69
8609.43
8296.16
7982.9
7669.63
7356.36
7043.08
6729.79
6416.5
6103.2
5789.89
5476.57
5163.24
4849.9
4534.1
4188.84
3785.04
3311.1
2764.56
2096.12
1401.55
369.465
25039.9
24082.7
23590.5
23021
22524.3
22060
21631.5
21235.3
20868.8
20529.8
20209.5
19895
19580.6
19266.4
18952.3
18638.3
18324.4
18010.6
17696.8
17383.1
17069.5
16755.9
16442.4
16128.9
15815.4
15502
15188.6
14875.2
14561.8
14248.5
13935.1
13621.8
13308.5
12995.2
12681.9
12368.6
12055.3
11742.1
11428.8
11115.5
10802.2
10489
10175.7
9862.46
9549.21
9235.95
8922.69
8609.43
8296.17
7982.91
7669.65
7356.38
7043.1
6729.82
6416.54
6103.25
5789.95
5476.65
5163.34
4850.02
4534.24
4189.01
3785.24
3311.43
2764.82
2096.49
1402.72
367.514
25052.5
24090
23593.3
23023.5
22525.4
22060.7
21631.9
21235.5
20869
20529.9
20209.6
19895.1
19580.7
19266.5
18952.4
18638.4
18324.4
18010.6
17696.9
17383.2
17069.6
16756
16442.4
16128.9
15815.5
15502
15188.6
14875.2
14561.8
14248.5
13935.1
13621.8
13308.5
12995.2
12681.9
12368.6
12055.3
11742.1
11428.8
11115.5
10802.2
10489
10175.7
9862.47
9549.21
9235.96
8922.7
8609.45
8296.19
7982.93
7669.67
7356.41
7043.14
6729.87
6416.59
6103.31
5790.03
5476.74
5163.45
4850.15
4534.4
4189.2
3785.43
3311.75
2765.03
2096.87
1403.59
365.708
25059.9
24095.3
23594.8
23025.3
22526.1
22061.2
21632.2
21235.7
20869.1
20530
20209.7
19895.2
19580.8
19266.5
18952.4
18638.4
18324.5
18010.7
17696.9
17383.2
17069.6
16756
16442.5
16129
15815.5
15502
15188.6
14875.2
14561.9
14248.5
13935.2
13621.8
13308.5
12995.2
12681.9
12368.6
12055.3
11742.1
11428.8
11115.5
10802.3
10489
10175.7
9862.48
9549.22
9235.97
8922.71
8609.46
8296.21
7982.96
7669.7
7356.44
7043.18
6729.92
6416.66
6103.39
5790.12
5476.85
5163.57
4850.29
4534.56
4189.39
3785.62
3312.06
2765.18
2097.25
1404.21
364.077
25060.6
24097.5
23594.2
23025.8
22526.1
22061.3
21632.2
21235.8
20869.2
20530.1
20209.8
19895.2
19580.9
19266.6
18952.5
18638.5
18324.6
18010.8
17697
17383.3
17069.7
16756.1
16442.5
16129
15815.5
15502.1
15188.7
14875.3
14561.9
14248.5
13935.2
13621.8
13308.5
12995.2
12681.9
12368.6
12055.3
11742.1
11428.8
11115.5
10802.3
10489
10175.7
9862.48
9549.23
9235.98
8922.73
8609.48
8296.23
7982.98
7669.74
7356.49
7043.23
6729.98
6416.73
6103.47
5790.22
5476.96
5163.7
4850.44
4534.73
4189.57
3785.82
3312.36
2765.29
2097.64
1404.62
362.643
25053.1
24095.6
23591
23024.7
22525.1
22060.8
21632
21235.7
20869.1
20530.1
20209.8
19895.3
19581
19266.7
18952.6
18638.6
18324.7
18010.8
17697.1
17383.4
17069.7
16756.1
16442.6
16129
15815.6
15502.1
15188.7
14875.3
14561.9
14248.5
13935.2
13621.8
13308.5
12995.2
12681.9
12368.6
12055.3
11742.1
11428.8
11115.5
10802.3
10489
10175.7
9862.49
9549.24
9235.99
8922.75
8609.5
8296.26
7983.02
7669.77
7356.53
7043.29
6730.05
6416.8
6103.56
5790.32
5477.08
5163.84
4850.59
4534.9
4189.77
3786.01
3312.65
2765.38
2098.04
1404.82
361.415
25035.9
24089.3
23584.9
23022
22523.3
22059.8
21631.5
21235.4
20869.1
20530.1
20209.9
19895.4
19581.1
19266.9
18952.7
18638.7
18324.8
18010.9
17697.2
17383.4
17069.8
16756.2
16442.6
16129.1
15815.6
15502.1
15188.7
14875.3
14561.9
14248.5
13935.2
13621.9
13308.5
12995.2
12681.9
12368.6
12055.3
11742.1
11428.8
11115.5
10802.3
10489
10175.8
9862.5
9549.25
9236.01
8922.76
8609.52
8296.28
7983.05
7669.81
7356.58
7043.34
6730.11
6416.88
6103.66
5790.43
5477.2
5163.98
4850.75
4535.08
4189.97
3786.22
3312.95
2765.44
2098.51
1404.82
360.389
25007.3
24078.7
23575.8
23017.8
22520.6
22058.4
21630.7
21235.1
20868.9
20530.1
20210
19895.6
19581.2
19267
18952.9
18638.9
18324.9
18011.1
17697.3
17383.5
17069.9
16756.2
16442.7
16129.1
15815.6
15502.2
15188.7
14875.3
14561.9
14248.6
13935.2
13621.9
13308.5
12995.2
12681.9
12368.6
12055.4
11742.1
11428.8
11115.5
10802.3
10489
10175.8
9862.51
9549.26
9236.02
8922.78
8609.54
8296.31
7983.08
7669.85
7356.62
7043.4
6730.18
6416.96
6103.75
5790.54
5477.33
5164.12
4850.92
4535.27
4190.18
3786.44
3313.27
2765.5
2099.12
1404.56
359.573
24969
24067.9
23567.1
23014.8
22519.4
22058.2
21631
21235.6
20869.5
20530.7
20210.6
19896.1
19581.7
19267.4
18953.2
18639.2
18325.2
18011.3
17697.4
17383.7
17070
16756.3
16442.7
16129.2
15815.7
15502.2
15188.8
14875.3
14561.9
14248.6
13935.2
13621.9
13308.5
12995.2
12681.9
12368.6
12055.3
11742.1
11428.8
11115.5
10802.3
10489
10175.8
9862.51
9549.26
9236.02
8922.78
8609.55
8296.32
7983.09
7669.87
7356.65
7043.44
6730.23
6417.02
6103.83
5790.64
5477.46
5164.28
4851.11
4535.49
4190.44
3786.73
3313.71
2765.62
2100.07
1403.84
358.626
24916.1
24054.9
23555.5
23010.5
22517
22057.2
21630.7
21235.6
20869.7
20531
20210.8
19896.3
19581.9
19267.6
18953.4
18639.3
18325.3
18011.4
17697.5
17383.8
17070.1
16756.4
16442.8
16129.2
15815.7
15502.2
15188.8
14875.4
14562
14248.6
13935.2
13621.9
13308.5
12995.2
12681.9
12368.6
12055.3
11742.1
11428.8
11115.5
10802.3
10489
10175.8
9862.51
9549.26
9236.02
8922.79
8609.55
8296.33
7983.1
7669.89
7356.67
7043.47
6730.27
6417.08
6103.89
5790.72
5477.56
5164.4
4851.26
4535.67
4190.66
3786.98
3314.15
2765.55
2101.49
1402.68
358.436
24884.4
24084.2
23569.9
23026.7
22529.2
22066.5
21637.7
21240.9
20873.7
20534
20213.2
19898.2
19583.3
19268.7
18954.2
18639.9
18325.7
18011.7
17697.8
17383.9
17070.2
16756.5
16442.8
16129.3
15815.7
15502.2
15188.8
14875.3
14561.9
14248.6
13935.2
13621.9
13308.5
12995.2
12681.9
12368.6
12055.3
11742.1
11428.8
11115.5
10802.2
10489
10175.7
9862.48
9549.23
9235.99
8922.74
8609.51
8296.28
7983.05
7669.83
7356.62
7043.42
6730.22
6417.04
6103.88
5790.73
5477.61
5164.51
4851.44
4535.96
4191.07
3787.6
3315.31
2765.99
2106.13
1399.25
352.566
24935.8
24085.7
23580.2
23019.7
22523.2
22058.6
21630
21233.5
20866.8
20527.7
20207.5
19893
19578.7
19264.5
18950.5
18636.6
18322.9
18009.2
17695.6
17382
17068.5
16755
16441.6
16128.2
15814.8
15501.4
15188.1
14874.8
14561.4
14248.1
13934.8
13621.5
13308.3
12995
12681.7
12368.5
12055.2
11741.9
11428.7
11115.4
10802.2
10488.9
10175.7
9862.44
9549.19
9235.94
8922.69
8609.44
8296.18
7982.92
7669.66
7356.38
7043.1
6729.8
6416.49
6103.16
5789.81
5476.44
5163.04
4849.61
4533.69
4188.22
3784.09
3310.03
2760.64
2096.15
1381.54
416.315
24923.7
24067
23575.7
23014.7
22521
22057.2
21629.1
21233
20866.6
20527.6
20207.4
19892.9
19578.7
19264.5
18950.6
18636.7
18322.9
18009.2
17695.6
17382
17068.5
16755
16441.6
16128.2
15814.8
15501.4
15188.1
14874.7
14561.4
14248.1
13934.8
13621.5
13308.3
12995
12681.7
12368.4
12055.2
11741.9
11428.7
11115.4
10802.2
10488.9
10175.7
9862.42
9549.18
9235.93
8922.68
8609.42
8296.16
7982.9
7669.63
7356.35
7043.06
6729.76
6416.45
6103.12
5789.77
5476.4
5163
4849.57
4533.65
4188.19
3784.14
3309.9
2761.3
2095.83
1384.85
376.421
24928.2
24055.1
23573.6
23011.3
22519.4
22056
21628.4
21232.6
20866.3
20527.4
20207.3
19892.9
19578.7
19264.5
18950.6
18636.7
18322.9
18009.2
17695.6
17382
17068.5
16755
16441.6
16128.2
15814.8
15501.4
15188.1
14874.7
14561.4
14248.1
13934.8
13621.5
13308.3
12995
12681.7
12368.4
12055.2
11741.9
11428.7
11115.4
10802.2
10488.9
10175.7
9862.42
9549.17
9235.92
8922.66
8609.41
8296.15
7982.88
7669.61
7356.33
7043.04
6729.74
6416.43
6103.1
5789.75
5476.38
5162.98
4849.56
4533.65
4188.21
3784.22
3309.86
2762.03
2095.36
1389.33
375.957
24941.4
24050.3
23572.9
23009.4
22518.2
22055.2
21627.9
21232.2
20866.1
20527.3
20207.2
19892.9
19578.6
19264.5
18950.6
18636.7
18322.9
18009.2
17695.6
17382
17068.5
16755
16441.6
16128.2
15814.8
15501.4
15188.1
14874.7
14561.4
14248.1
13934.8
13621.5
13308.2
12995
12681.7
12368.4
12055.2
11741.9
11428.7
11115.4
10802.2
10488.9
10175.7
9862.41
9549.16
9235.91
8922.65
8609.4
8296.14
7982.87
7669.6
7356.32
7043.03
6729.73
6416.42
6103.09
5789.74
5476.38
5162.99
4849.58
4533.68
4188.26
3784.33
3309.96
2762.68
2095.17
1392.89
377.097
24958.6
24050.3
23573.4
23008.8
22517.6
22054.7
21627.5
21232
20865.9
20527.2
20207.2
19892.8
19578.6
19264.5
18950.6
18636.7
18323
18009.3
17695.6
17382.1
17068.5
16755
16441.6
16128.2
15814.8
15501.4
15188.1
14874.7
14561.4
14248.1
13934.8
13621.5
13308.2
12995
12681.7
12368.4
12055.2
11741.9
11428.7
11115.4
10802.2
10488.9
10175.7
9862.4
9549.15
9235.9
8922.65
8609.39
8296.13
7982.86
7669.59
7356.31
7043.02
6729.72
6416.41
6103.09
5789.75
5476.39
5163.01
4849.62
4533.74
4188.36
3784.47
3310.15
2763.25
2095.2
1395.72
375.165
24977.9
24054
23575.2
23009.4
22517.5
22054.6
21627.3
21231.8
20865.8
20527.1
20207.1
19892.8
19578.6
19264.5
18950.6
18636.7
18323
18009.3
17695.6
17382.1
17068.5
16755.1
16441.6
16128.2
15814.8
15501.4
15188.1
14874.7
14561.4
14248.1
13934.8
13621.5
13308.2
12995
12681.7
12368.4
12055.2
11741.9
11428.7
11115.4
10802.1
10488.9
10175.6
9862.4
9549.15
9235.89
8922.64
8609.38
8296.12
7982.86
7669.59
7356.31
7043.02
6729.73
6416.42
6103.1
5789.77
5476.42
5163.06
4849.68
4533.83
4188.48
3784.63
3310.41
2763.75
2095.37
1398.11
373.072
24997.8
24060.5
23578.1
23011.1
22518
22054.8
21627.4
21231.8
20865.8
20527.1
20207.1
19892.8
19578.6
19264.6
18950.6
18636.8
18323
18009.3
17695.7
17382.1
17068.6
16755.1
16441.6
16128.2
15814.8
15501.4
15188.1
14874.7
14561.4
14248.1
13934.8
13621.5
13308.2
12995
12681.7
12368.4
12055.2
11741.9
11428.7
11115.4
10802.1
10488.9
10175.6
9862.39
9549.14
9235.89
8922.64
8609.38
8296.12
7982.86
7669.59
7356.31
7043.03
6729.74
6416.44
6103.13
5789.81
5476.47
5163.13
4849.77
4533.94
4188.63
3784.81
3310.72
2764.16
2095.64
1400.05
371.032
25016.6
24068.5
23581.5
23013.5
22518.9
22055.4
21627.6
21231.9
20865.8
20527.1
20207.1
19892.8
19578.6
19264.6
18950.6
18636.8
18323
18009.3
17695.7
17382.1
17068.6
16755.1
16441.6
16128.2
15814.8
15501.5
15188.1
14874.8
14561.4
14248.1
13934.8
13621.5
13308.2
12995
12681.7
12368.4
12055.2
11741.9
11428.7
11115.4
10802.1
10488.9
10175.6
9862.39
9549.14
9235.89
8922.64
8609.38
8296.13
7982.87
7669.6
7356.33
7043.05
6729.77
6416.47
6103.17
5789.86
5476.54
5163.21
4849.87
4534.07
4188.8
3784.99
3311.04
2764.5
2095.98
1401.58
368.984
25033
24076.7
23585
23016.2
22520
22056.1
21628
21232.2
20866
20527.2
20207.2
19892.9
19578.7
19264.6
18950.7
18636.8
18323.1
18009.4
17695.7
17382.2
17068.6
16755.1
16441.7
16128.2
15814.8
15501.5
15188.1
14874.8
14561.4
14248.1
13934.8
13621.5
13308.3
12995
12681.7
12368.4
12055.2
11741.9
11428.7
11115.4
10802.1
10488.9
10175.6
9862.4
9549.15
9235.9
8922.65
8609.39
8296.14
7982.88
7669.62
7356.35
7043.08
6729.8
6416.52
6103.23
5789.93
5476.62
5163.31
4849.99
4534.21
4188.98
3785.19
3311.37
2764.77
2096.35
1402.76
367.024
25045.5
24084.1
23587.9
23018.7
22521.1
22056.8
21628.4
21232.4
20866.1
20527.3
20207.3
19892.9
19578.7
19264.7
18950.7
18636.9
18323.1
18009.4
17695.8
17382.2
17068.7
16755.2
16441.7
16128.3
15814.9
15501.5
15188.1
14874.8
14561.5
14248.1
13934.8
13621.5
13308.3
12995
12681.7
12368.4
12055.2
11741.9
11428.7
11115.4
10802.1
10488.9
10175.6
9862.4
9549.15
9235.9
8922.65
8609.4
8296.15
7982.9
7669.64
7356.38
7043.11
6729.84
6416.57
6103.29
5790.01
5476.72
5163.42
4850.12
4534.37
4189.16
3785.39
3311.7
2764.98
2096.73
1403.64
365.21
25052.9
24089.3
23589.3
23020.4
22521.8
22057.3
21628.7
21232.6
20866.3
20527.4
20207.3
19893
19578.8
19264.8
18950.8
18636.9
18323.2
18009.5
17695.8
17382.2
17068.7
16755.2
16441.7
16128.3
15814.9
15501.5
15188.2
14874.8
14561.5
14248.2
13934.9
13621.6
13308.3
12995
12681.7
12368.4
12055.2
11741.9
11428.7
11115.4
10802.2
10488.9
10175.7
9862.41
9549.16
9235.91
8922.67
8609.42
8296.17
7982.92
7669.67
7356.42
7043.16
6729.9
6416.63
6103.37
5790.1
5476.82
5163.54
4850.26
4534.53
4189.35
3785.58
3312.01
2765.13
2097.11
1404.26
363.574
25053.6
24091.5
23588.8
23021
22521.7
22057.4
21628.8
21232.6
20866.3
20527.5
20207.4
19893.1
19578.9
19264.8
18950.9
18637
18323.2
18009.5
17695.9
17382.3
17068.8
16755.3
16441.8
16128.3
15814.9
15501.5
15188.2
14874.8
14561.5
14248.2
13934.9
13621.6
13308.3
12995
12681.7
12368.4
12055.2
11741.9
11428.7
11115.4
10802.2
10488.9
10175.7
9862.42
9549.17
9235.93
8922.68
8609.44
8296.2
7982.95
7669.71
7356.46
7043.21
6729.96
6416.71
6103.45
5790.19
5476.93
5163.67
4850.41
4534.7
4189.54
3785.77
3312.3
2765.24
2097.5
1404.66
362.136
25046.1
24089.6
23585.5
23019.9
22520.8
22056.9
21628.5
21232.5
20866.3
20527.5
20207.5
19893.2
19579
19264.9
18951
18637.1
18323.3
18009.6
17696
17382.4
17068.8
16755.3
16441.8
16128.4
15815
15501.6
15188.2
14874.8
14561.5
14248.2
13934.9
13621.6
13308.3
12995
12681.7
12368.5
12055.2
11741.9
11428.7
11115.4
10802.2
10488.9
10175.7
9862.43
9549.18
9235.94
8922.7
8609.46
8296.22
7982.98
7669.74
7356.5
7043.26
6730.02
6416.78
6103.54
5790.3
5477.05
5163.81
4850.56
4534.87
4189.73
3785.97
3312.59
2765.32
2097.91
1404.86
360.906
25028.9
24083.3
23579.4
23017.2
22519
22055.9
21628
21232.3
20866.2
20527.5
20207.6
19893.3
19579.1
19265.1
18951.1
18637.2
18323.5
18009.7
17696.1
17382.5
17068.9
16755.4
16441.9
16128.4
15815
15501.6
15188.2
14874.9
14561.5
14248.2
13934.9
13621.6
13308.3
12995
12681.7
12368.5
12055.2
11741.9
11428.7
11115.4
10802.2
10488.9
10175.7
9862.43
9549.19
9235.96
8922.72
8609.48
8296.25
7983.01
7669.78
7356.55
7043.32
6730.09
6416.86
6103.64
5790.41
5477.18
5163.96
4850.73
4535.05
4189.93
3786.18
3312.89
2765.39
2098.38
1404.86
359.881
25000.3
24072.7
23570.3
23012.9
22516.3
22054.5
21627.2
21231.9
20866.1
20527.5
20207.6
19893.4
19579.3
19265.2
18951.3
18637.4
18323.6
18009.9
17696.2
17382.6
17069
16755.4
16441.9
16128.5
15815.1
15501.6
15188.3
14874.9
14561.6
14248.2
13934.9
13621.6
13308.3
12995
12681.7
12368.5
12055.2
11741.9
11428.7
11115.4
10802.2
10488.9
10175.7
9862.44
9549.2
9235.97
8922.73
8609.5
8296.27
7983.04
7669.82
7356.59
7043.37
6730.16
6416.94
6103.73
5790.52
5477.31
5164.1
4850.9
4535.24
4190.15
3786.4
3313.22
2765.46
2098.99
1404.6
359.071
24962
24061.8
23561.7
23010
22515
22054.3
21627.5
21232.4
20866.7
20528.1
20208.2
19893.9
19579.7
19265.6
18951.6
18637.7
18323.8
18010
17696.3
17382.7
17069.1
16755.5
16442
16128.5
15815.1
15501.7
15188.3
14874.9
14561.6
14248.2
13934.9
13621.6
13308.3
12995
12681.7
12368.5
12055.2
11741.9
11428.7
11115.4
10802.2
10488.9
10175.7
9862.44
9549.2
9235.97
8922.74
8609.51
8296.28
7983.06
7669.84
7356.62
7043.41
6730.21
6417.01
6103.81
5790.62
5477.44
5164.26
4851.09
4535.47
4190.41
3786.7
3313.66
2765.58
2099.95
1403.88
358.141
24909.1
24048.9
23550.1
23005.7
22512.7
22053.3
21627.2
21232.4
20866.8
20528.4
20208.5
19894.2
19580
19265.8
18951.8
18637.9
18324
18010.2
17696.4
17382.8
17069.2
16755.6
16442.1
16128.6
15815.1
15501.7
15188.3
14874.9
14561.6
14248.2
13934.9
13621.6
13308.3
12995
12681.7
12368.5
12055.2
11741.9
11428.7
11115.4
10802.2
10488.9
10175.7
9862.44
9549.2
9235.97
8922.74
8609.51
8296.29
7983.07
7669.86
7356.65
7043.45
6730.25
6417.06
6103.88
5790.7
5477.54
5164.38
4851.24
4535.65
4190.63
3786.95
3314.11
2765.51
2101.38
1402.71
357.968
24877.5
24078.2
23564.4
23021.9
22524.8
22062.6
21634.2
21237.7
20870.9
20531.4
20210.9
19896
19581.4
19266.9
18952.6
18638.4
18324.4
18010.5
17696.7
17382.9
17069.3
16755.7
16442.1
16128.6
15815.1
15501.7
15188.3
14874.9
14561.6
14248.2
13934.9
13621.6
13308.3
12995
12681.7
12368.4
12055.2
11741.9
11428.7
11115.4
10802.1
10488.9
10175.7
9862.41
9549.17
9235.93
8922.7
8609.47
8296.24
7983.02
7669.8
7356.59
7043.39
6730.2
6417.03
6103.86
5790.72
5477.59
5164.5
4851.42
4535.94
4191.05
3787.58
3315.28
2765.96
2106.06
1399.3
352.195
24928.4
24079.3
23574.4
23014.5
22518.6
22054.5
21626.3
21230.2
20863.9
20525
20205
19890.7
19576.6
19262.7
18948.8
18635.1
18321.5
18007.9
17694.4
17381
17067.6
16754.2
16440.8
16127.5
15814.2
15500.9
15187.6
14874.3
14561
14247.8
13934.5
13621.3
13308
12994.8
12681.5
12368.3
12055
11741.8
11428.6
11115.3
10802.1
10488.8
10175.6
9862.37
9549.13
9235.89
8922.65
8609.4
8296.15
7982.89
7669.63
7356.35
7043.07
6729.77
6416.46
6103.13
5789.78
5476.41
5163.01
4849.57
4533.64
4188.17
3784.04
3309.95
2760.56
2095.99
1381.47
416.114
24916.3
24060.6
23569.9
23009.6
22516.4
22053.1
21625.5
21229.7
20863.6
20524.9
20204.9
19890.7
19576.6
19262.7
18948.9
18635.1
18321.5
18008
17694.5
17381
17067.6
16754.2
16440.8
16127.5
15814.2
15500.9
15187.6
14874.3
14561
14247.8
13934.5
13621.3
13308
12994.8
12681.5
12368.3
12055
11741.8
11428.5
11115.3
10802.1
10488.8
10175.6
9862.36
9549.12
9235.87
8922.63
8609.38
8296.13
7982.87
7669.6
7356.32
7043.04
6729.74
6416.43
6103.09
5789.74
5476.37
5162.97
4849.53
4533.61
4188.14
3784.08
3309.82
2761.22
2095.67
1384.81
376.054
24920.8
24048.8
23567.8
23006.1
22514.8
22051.9
21624.8
21229.3
20863.3
20524.7
20204.8
19890.7
19576.6
19262.7
18948.9
18635.2
18321.5
18008
17694.5
17381
17067.6
16754.2
16440.8
16127.5
15814.2
15500.9
15187.6
14874.3
14561
14247.8
13934.5
13621.3
13308
12994.8
12681.5
12368.3
12055
11741.8
11428.5
11115.3
10802.1
10488.8
10175.6
9862.35
9549.11
9235.86
8922.62
8609.37
8296.11
7982.85
7669.58
7356.3
7043.02
6729.72
6416.4
6103.07
5789.72
5476.35
5162.95
4849.53
4533.61
4188.16
3784.17
3309.79
2761.96
2095.2
1389.31
375.517
24934
24044
23567.1
23004.2
22513.6
22051.1
21624.2
21228.9
20863.1
20524.6
20204.8
19890.6
19576.6
19262.7
18948.9
18635.2
18321.6
18008
17694.5
17381
17067.6
16754.2
16440.8
16127.5
15814.2
15500.9
15187.6
14874.3
14561
14247.8
13934.5
13621.2
13308
12994.7
12681.5
12368.3
12055
11741.8
11428.5
11115.3
10802.1
10488.8
10175.6
9862.34
9549.1
9235.85
8922.61
8609.35
8296.1
7982.84
7669.57
7356.29
7043
6729.7
6416.39
6103.06
5789.72
5476.35
5162.96
4849.54
4533.64
4188.22
3784.28
3309.89
2762.62
2095.01
1392.89
376.638
24951.2
24043.9
23567.6
23003.6
22513
22050.6
21623.9
21228.7
20862.9
20524.5
20204.7
19890.6
19576.6
19262.7
18948.9
18635.2
18321.6
18008
17694.5
17381
17067.6
16754.2
16440.9
16127.5
15814.2
15500.9
15187.6
14874.3
14561
14247.8
13934.5
13621.2
13308
12994.7
12681.5
12368.3
12055
11741.8
11428.5
11115.3
10802.1
10488.8
10175.6
9862.33
9549.09
9235.85
8922.6
8609.35
8296.09
7982.83
7669.56
7356.28
7043
6729.7
6416.39
6103.06
5789.72
5476.36
5162.99
4849.58
4533.7
4188.32
3784.42
3310.09
2763.19
2095.04
1395.74
374.687
24970.5
24047.7
23569.4
23004.3
22512.9
22050.5
21623.7
21228.5
20862.8
20524.4
20204.6
19890.5
19576.6
19262.7
18948.9
18635.2
18321.6
18008
17694.5
17381.1
17067.6
16754.2
16440.9
16127.5
15814.2
15500.9
15187.6
14874.3
14561
14247.8
13934.5
13621.2
13308
12994.7
12681.5
12368.3
12055
11741.8
11428.5
11115.3
10802.1
10488.8
10175.6
9862.33
9549.09
9235.84
8922.59
8609.34
8296.09
7982.82
7669.56
7356.28
7043
6729.7
6416.4
6103.08
5789.75
5476.4
5163.03
4849.65
4533.79
4188.44
3784.58
3310.35
2763.69
2095.22
1398.14
372.575
24990.4
24054.1
23572.3
23006
22513.4
22050.8
21623.7
21228.5
20862.8
20524.4
20204.6
19890.5
19576.6
19262.7
18948.9
18635.2
18321.6
18008.1
17694.5
17381.1
17067.6
16754.3
16440.9
16127.5
15814.2
15500.9
15187.6
14874.3
14561
14247.8
13934.5
13621.2
13308
12994.7
12681.5
12368.3
12055
11741.8
11428.5
11115.3
10802
10488.8
10175.6
9862.33
9549.08
9235.84
8922.59
8609.34
8296.09
7982.83
7669.56
7356.29
7043.01
6729.72
6416.42
6103.11
5789.78
5476.45
5163.1
4849.73
4533.9
4188.59
3784.76
3310.65
2764.11
2095.49
1400.09
370.52
25009.2
24062.1
23575.8
23008.4
22514.3
22051.3
21624
21228.6
20862.9
20524.4
20204.7
19890.6
19576.6
19262.7
18949
18635.3
18321.6
18008.1
17694.6
17381.1
17067.7
16754.3
16440.9
16127.6
15814.2
15500.9
15187.6
14874.3
14561
14247.8
13934.5
13621.3
13308
12994.7
12681.5
12368.3
12055
11741.8
11428.5
11115.3
10802
10488.8
10175.6
9862.33
9549.08
9235.84
8922.59
8609.34
8296.09
7982.83
7669.57
7356.3
7043.03
6729.74
6416.45
6103.15
5789.84
5476.52
5163.18
4849.84
4534.03
4188.76
3784.95
3310.98
2764.45
2095.83
1401.63
368.46
25025.6
24070.4
23579.2
23011.1
22515.4
22052
21624.4
21228.9
20863
20524.5
20204.7
19890.6
19576.6
19262.8
18949
18635.3
18321.7
18008.1
17694.6
17381.1
17067.7
16754.3
16440.9
16127.6
15814.2
15500.9
15187.6
14874.3
14561.1
14247.8
13934.5
13621.3
13308
12994.8
12681.5
12368.3
12055
11741.8
11428.5
11115.3
10802
10488.8
10175.6
9862.33
9549.09
9235.84
8922.6
8609.35
8296.1
7982.85
7669.59
7356.32
7043.05
6729.78
6416.49
6103.2
5789.9
5476.6
5163.28
4849.96
4534.18
4188.94
3785.14
3311.31
2764.72
2096.2
1402.81
366.489
25038.1
24077.7
23582.1
23013.6
22516.5
22052.7
21624.8
21229.1
20863.2
20524.6
20204.8
19890.7
19576.7
19262.8
18949.1
18635.4
18321.7
18008.2
17694.7
17381.2
17067.7
16754.3
16441
16127.6
15814.3
15501
15187.6
14874.4
14561.1
14247.8
13934.5
13621.3
13308
12994.8
12681.5
12368.3
12055
11741.8
11428.5
11115.3
10802.1
10488.8
10175.6
9862.33
9549.09
9235.85
8922.61
8609.36
8296.12
7982.87
7669.61
7356.35
7043.09
6729.82
6416.55
6103.27
5789.98
5476.69
5163.39
4850.09
4534.33
4189.12
3785.34
3311.64
2764.92
2096.58
1403.69
364.668
25045.5
24083
23583.6
23015.3
22517.2
22053.2
21625
21229.3
20863.3
20524.7
20204.9
19890.8
19576.8
19262.9
18949.1
18635.4
18321.8
18008.2
17694.7
17381.2
17067.8
16754.4
16441
16127.6
15814.3
15501
15187.7
14874.4
14561.1
14247.8
13934.5
13621.3
13308
12994.8
12681.5
12368.3
12055
11741.8
11428.5
11115.3
10802.1
10488.8
10175.6
9862.34
9549.1
9235.86
8922.62
8609.38
8296.14
7982.89
7669.64
7356.39
7043.13
6729.88
6416.61
6103.35
5790.07
5476.8
5163.52
4850.23
4534.5
4189.31
3785.54
3311.95
2765.08
2096.97
1404.31
363.026
25046.2
24085.1
23583
23015.8
22517.2
22053.3
21625.1
21229.3
20863.3
20524.8
20205
19890.8
19576.9
19263
18949.2
18635.5
18321.9
18008.3
17694.8
17381.3
17067.8
16754.4
16441
16127.7
15814.3
15501
15187.7
14874.4
14561.1
14247.8
13934.6
13621.3
13308
12994.8
12681.5
12368.3
12055
11741.8
11428.5
11115.3
10802.1
10488.8
10175.6
9862.35
9549.11
9235.88
8922.64
8609.4
8296.16
7982.92
7669.68
7356.43
7043.19
6729.94
6416.68
6103.43
5790.17
5476.91
5163.65
4850.38
4534.66
4189.5
3785.73
3312.25
2765.19
2097.36
1404.71
361.584
25038.7
24083.2
23579.7
23014.7
22516.2
22052.8
21624.8
21229.2
20863.3
20524.8
20205
19890.9
19576.9
19263.1
18949.3
18635.6
18322
18008.4
17694.8
17381.4
17067.9
16754.5
16441.1
16127.7
15814.4
15501
15187.7
14874.4
14561.1
14247.8
13934.6
13621.3
13308
12994.8
12681.5
12368.3
12055
11741.8
11428.5
11115.3
10802.1
10488.8
10175.6
9862.36
9549.12
9235.89
8922.66
8609.42
8296.19
7982.95
7669.72
7356.48
7043.24
6730
6416.76
6103.52
5790.28
5477.03
5163.79
4850.54
4534.84
4189.7
3785.93
3312.54
2765.27
2097.77
1404.91
360.351
25021.5
24076.9
23573.6
23012
22514.4
22051.8
21624.3
21229
20863.2
20524.8
20205.1
19891
19577.1
19263.2
18949.4
18635.7
18322.1
18008.5
17694.9
17381.4
17068
16754.5
16441.1
16127.8
15814.4
15501.1
15187.7
14874.4
14561.1
14247.9
13934.6
13621.3
13308
12994.8
12681.5
12368.3
12055
11741.8
11428.5
11115.3
10802.1
10488.8
10175.6
9862.37
9549.13
9235.9
8922.67
8609.44
8296.21
7982.98
7669.75
7356.53
7043.3
6730.07
6416.84
6103.62
5790.39
5477.16
5163.93
4850.7
4535.02
4189.9
3786.14
3312.84
2765.34
2098.24
1404.9
359.326
24992.8
24066.3
23564.5
23007.8
22511.7
22050.4
21623.5
21228.6
20863.1
20524.8
20205.2
19891.1
19577.2
19263.4
18949.6
18635.9
18322.2
18008.6
17695
17381.5
17068.1
16754.6
16441.2
16127.8
15814.5
15501.1
15187.8
14874.5
14561.2
14247.9
13934.6
13621.3
13308
12994.8
12681.5
12368.3
12055
11741.8
11428.6
11115.3
10802.1
10488.8
10175.6
9862.37
9549.14
9235.91
8922.69
8609.46
8296.24
7983.01
7669.79
7356.57
7043.35
6730.14
6416.92
6103.71
5790.5
5477.29
5164.08
4850.87
4535.22
4190.12
3786.36
3313.17
2765.41
2098.86
1404.64
358.519
24954.5
24055.4
23555.9
23004.8
22510.4
22050.2
21623.8
21229.1
20863.7
20525.4
20205.7
19891.7
19577.7
19263.8
18949.9
18636.1
18322.4
18008.8
17695.2
17381.7
17068.2
16754.7
16441.3
16127.9
15814.5
15501.1
15187.8
14874.5
14561.2
14247.9
13934.6
13621.3
13308.1
12994.8
12681.5
12368.3
12055
11741.8
11428.5
11115.3
10802.1
10488.8
10175.6
9862.37
9549.14
9235.92
8922.69
8609.47
8296.25
7983.03
7669.81
7356.6
7043.39
6730.19
6416.99
6103.79
5790.6
5477.42
5164.24
4851.06
4535.45
4190.39
3786.67
3313.62
2765.53
2099.83
1403.92
357.606
24901.7
24042.5
23544.3
23000.5
22508.1
22049.2
21623.5
21229.1
20863.9
20525.6
20206
19891.9
19577.9
19264
18950.1
18636.3
18322.6
18008.9
17695.3
17381.8
17068.2
16754.8
16441.3
16127.9
15814.5
15501.2
15187.8
14874.5
14561.2
14247.9
13934.6
13621.3
13308.1
12994.8
12681.5
12368.3
12055
11741.8
11428.5
11115.3
10802.1
10488.8
10175.6
9862.37
9549.14
9235.92
8922.69
8609.47
8296.26
7983.04
7669.83
7356.62
7043.42
6730.23
6417.04
6103.86
5790.69
5477.52
5164.37
4851.22
4535.63
4190.61
3786.92
3314.07
2765.47
2101.27
1402.75
357.451
24870.1
24071.8
23558.7
23016.7
22520.3
22058.5
21630.5
21234.4
20867.9
20528.7
20208.4
19893.8
19579.3
19265
18950.9
18636.9
18323
18009.2
17695.5
17381.9
17068.4
16754.8
16441.4
16127.9
15814.5
15501.2
15187.8
14874.5
14561.2
14247.9
13934.6
13621.3
13308
12994.8
12681.5
12368.3
12055
11741.8
11428.5
11115.3
10802
10488.8
10175.6
9862.34
9549.11
9235.88
8922.65
8609.43
8296.21
7982.99
7669.78
7356.57
7043.37
6730.19
6417.01
6103.85
5790.7
5477.58
5164.48
4851.41
4535.93
4191.04
3787.56
3315.26
2765.94
2105.99
1399.35
351.783
24920.5
24072.5
23568.2
23009.1
22513.8
22050.2
21622.5
21226.7
20860.8
20522.2
20202.4
19888.4
19574.5
19260.7
18947.1
18633.5
18320.1
18006.7
17693.3
17379.9
17066.6
16753.3
16440.1
16126.8
15813.6
15500.3
15187.1
14873.9
14560.6
14247.4
13934.2
13621
13307.8
12994.5
12681.3
12368.1
12054.9
11741.7
11428.4
11115.2
10802
10488.8
10175.5
9862.3
9549.07
9235.83
8922.6
8609.36
8296.11
7982.86
7669.6
7356.33
7043.05
6729.75
6416.44
6103.11
5789.76
5476.38
5162.98
4849.54
4533.6
4188.13
3783.98
3309.88
2760.48
2095.82
1381.4
415.898
24908.5
24053.9
23563.8
23004.2
22511.6
22048.8
21621.6
21226.3
20860.5
20522.1
20202.4
19888.4
19574.5
19260.8
18947.1
18633.6
18320.1
18006.7
17693.3
17380
17066.6
16753.4
16440.1
16126.8
15813.6
15500.3
15187.1
14873.9
14560.6
14247.4
13934.2
13621
13307.8
12994.5
12681.3
12368.1
12054.9
11741.6
11428.4
11115.2
10802
10488.7
10175.5
9862.29
9549.05
9235.82
8922.58
8609.34
8296.09
7982.83
7669.57
7356.3
7043.01
6729.72
6416.4
6103.07
5789.72
5476.34
5162.94
4849.5
4533.57
4188.1
3784.03
3309.75
2761.15
2095.51
1384.77
375.651
24912.9
24042
23561.7
23000.7
22510
22047.6
21620.9
21225.8
20860.2
20521.9
20202.3
19888.3
19574.5
19260.8
18947.1
18633.6
18320.1
18006.7
17693.3
17380
17066.6
16753.4
16440.1
16126.8
15813.6
15500.3
15187.1
14873.9
14560.6
14247.4
13934.2
13621
13307.7
12994.5
12681.3
12368.1
12054.9
11741.6
11428.4
11115.2
10802
10488.7
10175.5
9862.28
9549.05
9235.81
8922.57
8609.32
8296.07
7982.82
7669.55
7356.28
7042.99
6729.69
6416.38
6103.05
5789.7
5476.32
5162.92
4849.49
4533.58
4188.12
3784.12
3309.72
2761.89
2095.04
1389.3
375.034
24926.2
24037.3
23561
22998.8
22508.8
22046.8
21620.4
21225.5
20860
20521.8
20202.2
19888.3
19574.5
19260.8
18947.2
18633.6
18320.1
18006.7
17693.3
17380
17066.7
16753.4
16440.1
16126.8
15813.6
15500.3
15187.1
14873.9
14560.6
14247.4
13934.2
13621
13307.7
12994.5
12681.3
12368.1
12054.9
11741.6
11428.4
11115.2
10802
10488.7
10175.5
9862.27
9549.04
9235.8
8922.56
8609.31
8296.06
7982.8
7669.54
7356.26
7042.98
6729.68
6416.37
6103.04
5789.69
5476.32
5162.93
4849.51
4533.61
4188.18
3784.23
3309.82
2762.55
2094.85
1392.9
376.135
24943.3
24037.2
23561.5
22998.2
22508.2
22046.4
21620
21225.2
20859.8
20521.7
20202.1
19888.2
19574.5
19260.8
18947.2
18633.6
18320.2
18006.7
17693.3
17380
17066.7
16753.4
16440.1
16126.8
15813.6
15500.3
15187.1
14873.9
14560.6
14247.4
13934.2
13621
13307.7
12994.5
12681.3
12368.1
12054.9
11741.6
11428.4
11115.2
10802
10488.7
10175.5
9862.27
9549.03
9235.79
8922.55
8609.3
8296.05
7982.8
7669.53
7356.26
7042.97
6729.68
6416.37
6103.04
5789.7
5476.34
5162.96
4849.55
4533.67
4188.27
3784.37
3310.02
2763.13
2094.88
1395.76
374.164
24962.7
24041
23563.3
22998.9
22508.1
22046.2
21619.9
21225.1
20859.7
20521.6
20202.1
19888.2
19574.5
19260.8
18947.2
18633.6
18320.2
18006.7
17693.4
17380
17066.7
16753.4
16440.1
16126.8
15813.6
15500.3
15187.1
14873.9
14560.6
14247.4
13934.2
13621
13307.7
12994.5
12681.3
12368.1
12054.9
11741.6
11428.4
11115.2
10802
10488.7
10175.5
9862.26
9549.03
9235.79
8922.55
8609.3
8296.05
7982.79
7669.53
7356.26
7042.97
6729.68
6416.38
6103.06
5789.72
5476.37
5163.01
4849.62
4533.76
4188.4
3784.53
3310.28
2763.63
2095.06
1398.18
372.032
24982.5
24047.4
23566.2
23000.6
22508.6
22046.5
21619.9
21225.1
20859.7
20521.6
20202.1
19888.2
19574.5
19260.8
18947.2
18633.7
18320.2
18006.8
17693.4
17380
17066.7
16753.4
16440.1
16126.9
15813.6
15500.4
15187.1
14873.9
14560.6
14247.4
13934.2
13621
13307.7
12994.5
12681.3
12368.1
12054.9
11741.6
11428.4
11115.2
10801.9
10488.7
10175.5
9862.26
9549.02
9235.79
8922.54
8609.3
8296.05
7982.79
7669.53
7356.26
7042.98
6729.7
6416.4
6103.09
5789.76
5476.42
5163.07
4849.7
4533.87
4188.55
3784.71
3310.59
2764.05
2095.33
1400.14
369.961
25001.3
24055.4
23569.7
23003
22509.5
22047
21620.2
21225.2
20859.8
20521.6
20202.1
19888.2
19574.5
19260.8
18947.2
18633.7
18320.2
18006.8
17693.4
17380.1
17066.7
16753.4
16440.1
16126.9
15813.6
15500.4
15187.1
14873.9
14560.6
14247.4
13934.2
13621
13307.7
12994.5
12681.3
12368.1
12054.9
11741.6
11428.4
11115.2
10801.9
10488.7
10175.5
9862.26
9549.02
9235.79
8922.55
8609.3
8296.05
7982.8
7669.54
7356.28
7043
6729.72
6416.43
6103.13
5789.82
5476.49
5163.16
4849.81
4534
4188.72
3784.9
3310.92
2764.39
2095.67
1401.68
367.889
25017.7
24063.7
23573.1
23005.7
22510.6
22047.8
21620.5
21225.4
20859.9
20521.7
20202.2
19888.3
19574.5
19260.9
18947.3
18633.7
18320.3
18006.8
17693.5
17380.1
17066.8
16753.5
16440.2
16126.9
15813.6
15500.4
15187.1
14873.9
14560.7
14247.4
13934.2
13621
13307.8
12994.5
12681.3
12368.1
12054.9
11741.6
11428.4
11115.2
10801.9
10488.7
10175.5
9862.26
9549.03
9235.79
8922.55
8609.31
8296.06
7982.81
7669.56
7356.3
7043.03
6729.76
6416.47
6103.18
5789.88
5476.57
5163.26
4849.93
4534.14
4188.9
3785.1
3311.25
2764.66
2096.04
1402.86
365.909
25030.3
24071
23576
23008.2
22511.7
22048.5
21620.9
21225.7
20860.1
20521.8
20202.2
19888.4
19574.6
19260.9
18947.3
18633.8
18320.3
18006.9
17693.5
17380.1
17066.8
16753.5
16440.2
16126.9
15813.7
15500.4
15187.2
14873.9
14560.7
14247.4
13934.2
13621
13307.8
12994.5
12681.3
12368.1
12054.9
11741.6
11428.4
11115.2
10802
10488.7
10175.5
9862.26
9549.03
9235.8
8922.56
8609.32
8296.08
7982.83
7669.58
7356.33
7043.07
6729.8
6416.53
6103.25
5789.96
5476.67
5163.37
4850.06
4534.3
4189.09
3785.3
3311.58
2764.87
2096.43
1403.74
364.08
25037.6
24076.3
23577.5
23009.9
22512.4
22048.9
21621.2
21225.9
20860.2
20521.9
20202.3
19888.4
19574.7
19261
18947.4
18633.9
18320.4
18006.9
17693.6
17380.2
17066.9
16753.5
16440.2
16127
15813.7
15500.4
15187.2
14873.9
14560.7
14247.5
13934.2
13621
13307.8
12994.5
12681.3
12368.1
12054.9
11741.6
11428.4
11115.2
10802
10488.7
10175.5
9862.27
9549.04
9235.81
8922.58
8609.34
8296.1
7982.86
7669.61
7356.37
7043.11
6729.85
6416.59
6103.33
5790.05
5476.78
5163.49
4850.21
4534.46
4189.28
3785.49
3311.89
2765.02
2096.81
1404.36
362.432
25038.3
24078.4
23576.9
23010.4
22512.3
22049
21621.3
21225.9
20860.2
20522
20202.4
19888.5
19574.7
19261.1
18947.5
18633.9
18320.5
18007
17693.6
17380.2
17066.9
16753.6
16440.3
16127
15813.7
15500.5
15187.2
14874
14560.7
14247.5
13934.2
13621
13307.8
12994.5
12681.3
12368.1
12054.9
11741.6
11428.4
11115.2
10802
10488.7
10175.5
9862.28
9549.05
9235.82
8922.59
8609.36
8296.12
7982.89
7669.65
7356.41
7043.16
6729.92
6416.67
6103.41
5790.15
5476.89
5163.62
4850.36
4534.63
4189.47
3785.69
3312.19
2765.13
2097.2
1404.76
360.985
25030.8
24076.5
23573.6
23009.3
22511.4
22048.5
21621
21225.8
20860.2
20522
20202.5
19888.6
19574.8
19261.2
18947.6
18634
18320.5
18007.1
17693.7
17380.3
17067
16753.6
16440.3
16127
15813.8
15500.5
15187.2
14874
14560.7
14247.5
13934.2
13621
13307.8
12994.6
12681.3
12368.1
12054.9
11741.6
11428.4
11115.2
10802
10488.7
10175.5
9862.29
9549.06
9235.84
8922.61
8609.38
8296.15
7982.92
7669.69
7356.46
7043.22
6729.98
6416.74
6103.5
5790.26
5477.01
5163.76
4850.51
4534.81
4189.66
3785.88
3312.48
2765.22
2097.62
1404.96
359.748
25013.6
24070.2
23567.5
23006.6
22509.5
22047.5
21620.4
21225.5
20860.1
20522
20202.5
19888.7
19575
19261.3
18947.7
18634.2
18320.7
18007.2
17693.8
17380.4
17067
16753.7
16440.4
16127.1
15813.8
15500.5
15187.3
14874
14560.7
14247.5
13934.3
13621
13307.8
12994.6
12681.3
12368.1
12054.9
11741.6
11428.4
11115.2
10802
10488.7
10175.5
9862.3
9549.08
9235.85
8922.63
8609.4
8296.18
7982.95
7669.73
7356.5
7043.28
6730.05
6416.82
6103.6
5790.37
5477.14
5163.91
4850.68
4535
4189.87
3786.1
3312.79
2765.29
2098.09
1404.95
358.721
24984.9
24059.5
23558.4
23002.3
22506.9
22046.1
21619.7
21225.1
20860
20522
20202.6
19888.8
19575.1
19261.4
18947.8
18634.3
18320.8
18007.3
17693.9
17380.5
17067.1
16753.8
16440.4
16127.1
15813.8
15500.6
15187.3
14874
14560.8
14247.5
13934.3
13621
13307.8
12994.6
12681.3
12368.1
12054.9
11741.7
11428.4
11115.2
10802
10488.8
10175.5
9862.31
9549.08
9235.86
8922.64
8609.42
8296.2
7982.98
7669.76
7356.55
7043.33
6730.12
6416.9
6103.69
5790.48
5477.27
5164.06
4850.85
4535.19
4190.09
3786.32
3313.12
2765.35
2098.71
1404.69
357.917
24946.6
24048.6
23549.7
22999.4
22505.6
22045.9
21620
21225.7
20860.6
20522.6
20203.2
19889.3
19575.6
19261.8
18948.2
18634.6
18321
18007.5
17694.1
17380.6
17067.2
16753.9
16440.5
16127.2
15813.9
15500.6
15187.3
14874
14560.8
14247.5
13934.3
13621
13307.8
12994.6
12681.3
12368.1
12054.9
11741.6
11428.4
11115.2
10802
10488.8
10175.5
9862.31
9549.08
9235.86
8922.65
8609.43
8296.21
7983
7669.79
7356.58
7043.37
6730.17
6416.97
6103.78
5790.59
5477.4
5164.22
4851.04
4535.42
4190.36
3786.63
3313.58
2765.49
2099.69
1403.97
357.019
24893.8
24035.7
23538.1
22995.1
22503.2
22044.9
21619.7
21225.7
20860.7
20522.8
20203.4
19889.6
19575.8
19262.1
18948.4
18634.8
18321.2
18007.6
17694.2
17380.7
17067.3
16753.9
16440.6
16127.2
15813.9
15500.6
15187.3
14874.1
14560.8
14247.5
13934.3
13621
13307.8
12994.6
12681.3
12368.1
12054.9
11741.6
11428.4
11115.2
10802
10488.7
10175.5
9862.31
9549.09
9235.87
8922.65
8609.43
8296.22
7983.01
7669.8
7356.6
7043.4
6730.21
6417.03
6103.85
5790.67
5477.51
5164.35
4851.2
4535.61
4190.58
3786.89
3314.03
2765.43
2101.15
1402.8
356.881
24862.3
24065.1
23552.6
23011.3
22515.4
22054.2
21626.7
21231
20864.8
20525.9
20205.8
19891.5
19577.2
19263.1
18949.2
18635.4
18321.6
18008
17694.4
17380.9
17067.4
16754
16440.6
16127.3
15813.9
15500.6
15187.3
14874
14560.8
14247.5
13934.3
13621
13307.8
12994.6
12681.3
12368.1
12054.9
11741.6
11428.4
11115.2
10801.9
10488.7
10175.5
9862.27
9549.05
9235.83
8922.61
8609.39
8296.17
7982.96
7669.75
7356.55
7043.35
6730.17
6416.99
6103.84
5790.69
5477.57
5164.47
4851.4
4535.91
4191.02
3787.54
3315.24
2765.92
2105.92
1399.41
351.326
24912.2
24065.4
23561.8
23003.4
22508.7
22045.8
21618.5
21223.2
20857.5
20519.3
20199.8
19886
19572.3
19258.8
18945.3
18631.9
18318.6
18005.3
17692.1
17378.9
17065.7
16752.5
16439.3
16126.1
15813
15499.8
15186.6
14873.4
14560.3
14247.1
13933.9
13620.7
13307.5
12994.3
12681.1
12367.9
12054.7
11741.5
11428.3
11115.1
10801.9
10488.7
10175.5
9862.23
9549.01
9235.78
8922.55
8609.32
8296.07
7982.82
7669.57
7356.3
7043.02
6729.73
6416.42
6103.09
5789.74
5476.36
5162.95
4849.5
4533.57
4188.08
3783.92
3309.81
2760.4
2095.64
1381.33
415.666
24900.1
24046.8
23557.3
22998.5
22506.5
22044.3
21617.6
21222.7
20857.3
20519.1
20199.7
19886
19572.3
19258.8
18945.4
18632
18318.6
18005.4
17692.1
17378.9
17065.7
16752.5
16439.3
16126.1
15813
15499.8
15186.6
14873.4
14560.2
14247.1
13933.9
13620.7
13307.5
12994.3
12681.1
12367.9
12054.7
11741.5
11428.3
11115.1
10801.9
10488.7
10175.4
9862.22
9549
9235.77
8922.54
8609.3
8296.05
7982.8
7669.54
7356.27
7042.99
6729.69
6416.38
6103.05
5789.7
5476.32
5162.91
4849.47
4533.54
4188.06
3783.98
3309.68
2761.07
2095.34
1384.73
375.208
24904.6
24034.9
23555.2
22995
22504.9
22043.2
21617
21222.3
20857
20519
20199.7
19885.9
19572.3
19258.8
18945.4
18632
18318.7
18005.4
17692.1
17378.9
17065.7
16752.5
16439.3
16126.1
15813
15499.8
15186.6
14873.4
14560.2
14247.1
13933.9
13620.7
13307.5
12994.3
12681.1
12367.9
12054.7
11741.5
11428.3
11115.1
10801.9
10488.7
10175.4
9862.21
9548.99
9235.76
8922.52
8609.28
8296.04
7982.79
7669.52
7356.25
7042.97
6729.67
6416.36
6103.03
5789.68
5476.3
5162.9
4849.46
4533.54
4188.08
3784.07
3309.65
2761.82
2094.87
1389.29
374.504
24917.8
24030.2
23554.5
22993.2
22503.8
22042.4
21616.4
21221.9
20856.8
20518.9
20199.6
19885.9
19572.3
19258.8
18945.4
18632
18318.7
18005.4
17692.2
17378.9
17065.7
16752.5
16439.3
16126.1
15813
15499.8
15186.6
14873.4
14560.2
14247.1
13933.9
13620.7
13307.5
12994.3
12681.1
12367.9
12054.7
11741.5
11428.3
11115.1
10801.9
10488.6
10175.4
9862.2
9548.98
9235.75
8922.51
8609.27
8296.03
7982.77
7669.51
7356.24
7042.96
6729.66
6416.35
6103.02
5789.67
5476.3
5162.9
4849.48
4533.58
4188.14
3784.18
3309.76
2762.49
2094.68
1392.91
375.585
24935
24030.1
23555.1
22992.6
22503.2
22041.9
21616.1
21221.7
20856.6
20518.8
20199.5
19885.9
19572.3
19258.8
18945.4
18632
18318.7
18005.4
17692.2
17378.9
17065.7
16752.5
16439.3
16126.1
15813
15499.8
15186.6
14873.4
14560.2
14247.1
13933.9
13620.7
13307.5
12994.3
12681.1
12367.9
12054.7
11741.5
11428.3
11115.1
10801.9
10488.6
10175.4
9862.2
9548.97
9235.74
8922.51
8609.26
8296.02
7982.76
7669.5
7356.23
7042.95
6729.66
6416.35
6103.02
5789.68
5476.32
5162.93
4849.53
4533.64
4188.24
3784.32
3309.95
2763.07
2094.71
1395.79
373.593
24954.3
24033.9
23556.9
22993.2
22503.1
22041.8
21615.9
21221.5
20856.5
20518.7
20199.5
19885.8
19572.3
19258.8
18945.4
18632
18318.7
18005.4
17692.2
17379
17065.7
16752.5
16439.3
16126.2
15813
15499.8
15186.6
14873.4
14560.2
14247.1
13933.9
13620.7
13307.5
12994.3
12681.1
12367.9
12054.7
11741.5
11428.3
11115.1
10801.9
10488.6
10175.4
9862.19
9548.97
9235.74
8922.5
8609.26
8296.01
7982.76
7669.5
7356.23
7042.95
6729.66
6416.36
6103.04
5789.7
5476.35
5162.98
4849.59
4533.73
4188.36
3784.49
3310.22
2763.57
2094.89
1398.22
371.44
24974.2
24040.4
23559.8
22994.9
22503.6
22042
21615.9
21221.5
20856.5
20518.7
20199.4
19885.8
19572.3
19258.8
18945.4
18632.1
18318.8
18005.5
17692.2
17379
17065.8
16752.6
16439.4
16126.2
15813
15499.8
15186.6
14873.4
14560.2
14247.1
13933.9
13620.7
13307.5
12994.3
12681.1
12367.9
12054.7
11741.5
11428.3
11115.1
10801.9
10488.6
10175.4
9862.19
9548.96
9235.73
8922.5
8609.26
8296.01
7982.76
7669.5
7356.24
7042.96
6729.67
6416.38
6103.07
5789.74
5476.4
5163.05
4849.68
4533.84
4188.51
3784.67
3310.53
2764
2095.17
1400.19
369.353
24993
24048.3
23563.2
22997.3
22504.5
22042.6
21616.2
21221.7
20856.6
20518.7
20199.5
19885.9
19572.3
19258.9
18945.5
18632.1
18318.8
18005.5
17692.2
17379
17065.8
16752.6
16439.4
16126.2
15813
15499.8
15186.6
14873.4
14560.3
14247.1
13933.9
13620.7
13307.5
12994.3
12681.1
12367.9
12054.7
11741.5
11428.3
11115.1
10801.8
10488.6
10175.4
9862.19
9548.96
9235.73
8922.5
8609.26
8296.02
7982.77
7669.52
7356.25
7042.98
6729.7
6416.41
6103.11
5789.8
5476.47
5163.13
4849.78
4533.97
4188.68
3784.86
3310.86
2764.34
2095.51
1401.74
367.268
25009.4
24056.6
23566.7
23000
22505.6
22043.3
21616.6
21221.9
20856.7
20518.8
20199.5
19885.9
19572.4
19258.9
18945.5
18632.1
18318.8
18005.5
17692.3
17379
17065.8
16752.6
16439.4
16126.2
15813
15499.8
15186.6
14873.5
14560.3
14247.1
13933.9
13620.7
13307.5
12994.3
12681.1
12367.9
12054.7
11741.5
11428.3
11115.1
10801.9
10488.6
10175.4
9862.19
9548.97
9235.74
8922.51
8609.27
8296.03
7982.78
7669.53
7356.27
7043.01
6729.74
6416.45
6103.16
5789.86
5476.55
5163.23
4849.91
4534.12
4188.86
3785.06
3311.19
2764.61
2095.88
1402.92
365.278
25021.9
24063.9
23569.6
23002.5
22506.7
22044
21617
21222.1
20856.9
20518.9
20199.6
19886
19572.4
19259
18945.5
18632.2
18318.9
18005.6
17692.3
17379.1
17065.9
16752.6
16439.4
16126.2
15813
15499.9
15186.7
14873.5
14560.3
14247.1
13933.9
13620.7
13307.5
12994.3
12681.1
12367.9
12054.7
11741.5
11428.3
11115.1
10801.9
10488.6
10175.4
9862.2
9548.97
9235.75
8922.52
8609.28
8296.05
7982.8
7669.56
7356.31
7043.05
6729.78
6416.51
6103.23
5789.94
5476.65
5163.35
4850.04
4534.27
4189.05
3785.25
3311.52
2764.81
2096.26
1403.8
363.443
25029.3
24069.2
23571
23004.3
22507.4
22044.5
21617.2
21222.3
20857
20519
20199.7
19886
19572.5
19259
18945.6
18632.3
18318.9
18005.6
17692.4
17379.1
17065.9
16752.7
16439.5
16126.3
15813.1
15499.9
15186.7
14873.5
14560.3
14247.1
13933.9
13620.7
13307.5
12994.3
12681.1
12367.9
12054.7
11741.5
11428.3
11115.1
10801.9
10488.6
10175.4
9862.2
9548.98
9235.76
8922.53
8609.3
8296.07
7982.83
7669.59
7356.34
7043.09
6729.84
6416.57
6103.31
5790.03
5476.76
5163.47
4850.18
4534.44
4189.24
3785.45
3311.83
2764.96
2096.65
1404.42
361.789
25030
24071.3
23570.4
23004.8
22507.3
22044.5
21617.3
21222.3
20857
20519.1
20199.8
19886.1
19572.6
19259.1
18945.7
18632.3
18319
18005.7
17692.4
17379.2
17066
16752.7
16439.5
16126.3
15813.1
15499.9
15186.7
14873.5
14560.3
14247.1
13933.9
13620.7
13307.5
12994.3
12681.1
12367.9
12054.7
11741.5
11428.3
11115.1
10801.9
10488.6
10175.4
9862.21
9548.99
9235.77
8922.55
8609.32
8296.09
7982.86
7669.62
7356.39
7043.14
6729.9
6416.65
6103.39
5790.13
5476.87
5163.6
4850.33
4534.61
4189.43
3785.65
3312.13
2765.08
2097.04
1404.81
360.336
25022.4
24069.3
23567.1
23003.6
22506.3
22044
21617
21222.2
20857
20519.1
20199.8
19886.2
19572.7
19259.2
18945.8
18632.4
18319.1
18005.8
17692.5
17379.3
17066
16752.8
16439.6
16126.4
15813.1
15499.9
15186.7
14873.5
14560.3
14247.1
13933.9
13620.7
13307.5
12994.3
12681.1
12367.9
12054.7
11741.5
11428.3
11115.1
10801.9
10488.7
10175.4
9862.22
9549.01
9235.79
8922.56
8609.34
8296.12
7982.89
7669.66
7356.43
7043.2
6729.96
6416.73
6103.49
5790.24
5476.99
5163.74
4850.49
4534.78
4189.63
3785.84
3312.43
2765.16
2097.46
1405.01
359.094
25005.2
24063
23561
23000.9
22504.5
22043
21616.4
21221.9
20856.9
20519.1
20199.9
19886.3
19572.8
19259.3
18945.9
18632.5
18319.2
18005.9
17692.6
17379.3
17066.1
16752.9
16439.6
16126.4
15813.2
15500
15186.8
14873.6
14560.3
14247.1
13933.9
13620.7
13307.5
12994.3
12681.1
12367.9
12054.7
11741.5
11428.3
11115.1
10801.9
10488.7
10175.4
9862.23
9549.02
9235.8
8922.58
8609.36
8296.14
7982.92
7669.7
7356.48
7043.26
6730.03
6416.81
6103.58
5790.35
5477.12
5163.89
4850.66
4534.97
4189.84
3786.06
3312.73
2765.23
2097.94
1405
358.063
24976.5
24052.3
23551.9
22996.6
22501.8
22041.6
21615.7
21221.6
20856.8
20519.1
20200
19886.4
19572.9
19259.5
18946.1
18632.7
18319.3
18006
17692.7
17379.4
17066.2
16752.9
16439.7
16126.4
15813.2
15500
15186.8
14873.6
14560.4
14247.2
13934
13620.7
13307.5
12994.3
12681.1
12367.9
12054.7
11741.5
11428.3
11115.1
10801.9
10488.7
10175.5
9862.24
9549.03
9235.81
8922.6
8609.38
8296.17
7982.95
7669.74
7356.53
7043.31
6730.1
6416.89
6103.68
5790.47
5477.25
5164.04
4850.83
4535.17
4190.06
3786.29
3313.07
2765.3
2098.56
1404.74
357.258
24938.2
24041.5
23543.2
22993.7
22500.5
22041.4
21616
21222.1
20857.4
20519.7
20200.5
19886.9
19573.4
19259.9
18946.4
18633
18319.6
18006.2
17692.9
17379.6
17066.3
16753
16439.7
16126.5
15813.3
15500
15186.8
14873.6
14560.4
14247.2
13934
13620.8
13307.5
12994.3
12681.1
12367.9
12054.7
11741.5
11428.3
11115.1
10801.9
10488.7
10175.5
9862.24
9549.03
9235.81
8922.6
8609.39
8296.18
7982.97
7669.76
7356.56
7043.35
6730.15
6416.96
6103.76
5790.57
5477.39
5164.21
4851.03
4535.4
4190.33
3786.6
3313.53
2765.44
2099.56
1404.03
356.374
24885.4
24028.5
23531.6
22989.4
22498.2
22040.4
21615.7
21222.1
20857.5
20519.9
20200.8
19887.2
19573.6
19260.1
18946.6
18633.1
18319.7
18006.3
17693
17379.7
17066.3
16753.1
16439.8
16126.5
15813.3
15500.1
15186.8
14873.6
14560.4
14247.2
13934
13620.8
13307.5
12994.3
12681.1
12367.9
12054.7
11741.5
11428.3
11115.1
10801.9
10488.7
10175.5
9862.24
9549.03
9235.82
8922.6
8609.4
8296.19
7982.98
7669.78
7356.58
7043.39
6730.2
6417.01
6103.83
5790.66
5477.5
5164.34
4851.19
4535.59
4190.56
3786.86
3313.99
2765.39
2101.03
1402.85
356.251
24854
24057.9
23546.1
23005.6
22510.4
22049.8
21622.7
21227.4
20861.6
20523
20203.2
19889.1
19575.1
19261.2
18947.4
18633.8
18320.2
18006.7
17693.2
17379.8
17066.5
16753.1
16439.8
16126.6
15813.3
15500.1
15186.8
14873.6
14560.4
14247.2
13934
13620.7
13307.5
12994.3
12681.1
12367.9
12054.7
11741.5
11428.3
11115.1
10801.9
10488.6
10175.4
9862.21
9548.99
9235.78
8922.56
8609.35
8296.14
7982.93
7669.73
7356.53
7043.34
6730.15
6416.98
6103.82
5790.68
5477.56
5164.46
4851.39
4535.9
4191.01
3787.53
3315.22
2765.91
2105.84
1399.49
350.817
24903.3
24057.9
23555
22997.5
22503.5
22041.1
21614.3
21219.5
20854.2
20516.3
20197.1
19883.5
19570.1
19256.8
18943.5
18630.3
18317.2
18004
17690.9
17377.8
17064.7
16751.6
16438.5
16125.4
15812.3
15499.2
15186.1
14873
14559.9
14246.7
13933.6
13620.4
13307.3
12994.1
12680.9
12367.7
12054.6
11741.4
11428.2
11115
10801.8
10488.6
10175.4
9862.16
9548.95
9235.73
8922.51
8609.28
8296.04
7982.8
7669.54
7356.28
7043
6729.71
6416.4
6103.07
5789.71
5476.33
5162.92
4849.47
4533.53
4188.04
3783.87
3309.74
2760.32
2095.46
1381.27
415.417
24891.3
24039.3
23550.5
22992.5
22501.3
22039.7
21613.5
21219
20854
20516.2
20197
19883.5
19570.1
19256.8
18943.5
18630.3
18317.2
18004
17690.9
17377.8
17064.7
16751.6
16438.5
16125.4
15812.3
15499.2
15186.1
14873
14559.8
14246.7
13933.6
13620.4
13307.2
12994.1
12680.9
12367.7
12054.5
11741.4
11428.2
11115
10801.8
10488.6
10175.4
9862.15
9548.94
9235.72
8922.49
8609.26
8296.02
7982.77
7669.52
7356.25
7042.97
6729.67
6416.36
6103.03
5789.68
5476.29
5162.88
4849.44
4533.5
4188.02
3783.93
3309.61
2761
2095.17
1384.7
374.723
24895.8
24027.5
23548.4
22989.1
22499.7
22038.5
21612.8
21218.6
20853.7
20516
20196.9
19883.5
19570.1
19256.8
18943.6
18630.4
18317.2
18004.1
17690.9
17377.8
17064.7
16751.6
16438.5
16125.4
15812.3
15499.2
15186.1
14873
14559.8
14246.7
13933.6
13620.4
13307.2
12994.1
12680.9
12367.7
12054.5
11741.4
11428.2
11115
10801.8
10488.6
10175.4
9862.14
9548.93
9235.71
8922.48
8609.24
8296
7982.76
7669.5
7356.23
7042.95
6729.65
6416.34
6103.01
5789.66
5476.28
5162.87
4849.44
4533.51
4188.04
3784.02
3309.59
2761.75
2094.7
1389.29
373.923
24909
24022.7
23547.8
22987.3
22498.6
22037.7
21612.3
21218.3
20853.5
20515.9
20196.9
19883.4
19570.1
19256.8
18943.6
18630.4
18317.2
18004.1
17691
17377.9
17064.7
16751.6
16438.5
16125.4
15812.3
15499.2
15186.1
14873
14559.8
14246.7
13933.5
13620.4
13307.2
12994.1
12680.9
12367.7
12054.5
11741.4
11428.2
11115
10801.8
10488.6
10175.4
9862.14
9548.92
9235.7
8922.47
8609.23
8295.99
7982.74
7669.49
7356.22
7042.94
6729.64
6416.33
6103
5789.65
5476.28
5162.88
4849.46
4533.54
4188.1
3784.14
3309.69
2762.42
2094.51
1392.94
374.983
24926.2
24022.7
23548.3
22986.7
22497.9
22037.3
21611.9
21218
20853.3
20515.8
20196.8
19883.4
19570.1
19256.8
18943.6
18630.4
18317.2
18004.1
17691
17377.9
17064.8
16751.7
16438.6
16125.5
15812.3
15499.2
15186.1
14873
14559.8
14246.7
13933.5
13620.4
13307.2
12994.1
12680.9
12367.7
12054.5
11741.3
11428.2
11115
10801.8
10488.6
10175.3
9862.13
9548.91
9235.69
8922.46
8609.23
8295.98
7982.74
7669.48
7356.21
7042.93
6729.64
6416.33
6103
5789.66
5476.3
5162.91
4849.5
4533.61
4188.2
3784.28
3309.89
2763.01
2094.54
1395.84
372.968
24945.5
24026.4
23550.1
22987.3
22497.9
22037.2
21611.8
21217.9
20853.2
20515.7
20196.8
19883.4
19570.1
19256.8
18943.6
18630.4
18317.3
18004.1
17691
17377.9
17064.8
16751.7
16438.6
16125.5
15812.3
15499.2
15186.1
14873
14559.8
14246.7
13933.5
13620.4
13307.2
12994.1
12680.9
12367.7
12054.5
11741.3
11428.2
11115
10801.8
10488.5
10175.3
9862.13
9548.91
9235.68
8922.46
8609.22
8295.98
7982.73
7669.47
7356.21
7042.93
6729.64
6416.34
6103.02
5789.69
5476.33
5162.96
4849.57
4533.7
4188.33
3784.44
3310.16
2763.52
2094.72
1398.28
370.794
24965.4
24032.9
23553
22989
22498.3
22037.4
21611.8
21217.9
20853.2
20515.7
20196.7
19883.4
19570.1
19256.8
18943.6
18630.4
18317.3
18004.1
17691
17377.9
17064.8
16751.7
16438.6
16125.5
15812.4
15499.2
15186.1
14873
14559.8
14246.7
13933.6
13620.4
13307.2
12994.1
12680.9
12367.7
12054.5
11741.3
11428.2
11115
10801.8
10488.5
10175.3
9862.12
9548.91
9235.68
8922.45
8609.22
8295.98
7982.73
7669.48
7356.22
7042.94
6729.66
6416.36
6103.05
5789.72
5476.38
5163.03
4849.65
4533.81
4188.48
3784.62
3310.47
2763.94
2094.99
1400.26
368.691
24984.2
24040.9
23556.5
22991.4
22499.3
22038
21612.1
21218
20853.3
20515.7
20196.8
19883.4
19570.1
19256.9
18943.6
18630.5
18317.3
18004.2
17691.1
17377.9
17064.8
16751.7
16438.6
16125.5
15812.4
15499.3
15186.1
14873
14559.9
14246.7
13933.6
13620.4
13307.2
12994.1
12680.9
12367.7
12054.5
11741.3
11428.2
11115
10801.8
10488.5
10175.3
9862.12
9548.91
9235.68
8922.46
8609.22
8295.99
7982.74
7669.49
7356.23
7042.96
6729.68
6416.39
6103.09
5789.78
5476.45
5163.11
4849.76
4533.94
4188.65
3784.82
3310.8
2764.28
2095.33
1401.81
366.594
25000.5
24049.1
23560
22994.1
22500.4
22038.7
21612.5
21218.2
20853.4
20515.8
20196.8
19883.5
19570.2
19256.9
18943.7
18630.5
18317.4
18004.2
17691.1
17378
17064.9
16751.7
16438.6
16125.5
15812.4
15499.3
15186.1
14873
14559.9
14246.7
13933.6
13620.4
13307.2
12994.1
12680.9
12367.7
12054.5
11741.3
11428.2
11115
10801.8
10488.5
10175.3
9862.13
9548.91
9235.69
8922.46
8609.23
8296
7982.76
7669.51
7356.25
7042.99
6729.72
6416.44
6103.15
5789.85
5476.54
5163.21
4849.88
4534.09
4188.83
3785.01
3311.13
2764.55
2095.71
1402.99
364.595
25013.1
24056.5
23562.8
22996.6
22501.4
22039.4
21612.9
21218.4
20853.6
20515.9
20196.9
19883.5
19570.2
19257
18943.7
18630.6
18317.4
18004.3
17691.1
17378
17064.9
16751.8
16438.7
16125.5
15812.4
15499.3
15186.2
14873
14559.9
14246.7
13933.6
13620.4
13307.2
12994.1
12680.9
12367.7
12054.5
11741.3
11428.2
11115
10801.8
10488.6
10175.3
9862.13
9548.92
9235.7
8922.47
8609.25
8296.01
7982.78
7669.53
7356.28
7043.03
6729.76
6416.49
6103.21
5789.93
5476.63
5163.33
4850.02
4534.24
4189.02
3785.21
3311.46
2764.76
2096.1
1403.87
362.753
25020.4
24061.7
23564.3
22998.3
22502.1
22039.8
21613.1
21218.6
20853.7
20516
20197
19883.6
19570.3
19257
18943.8
18630.6
18317.5
18004.3
17691.2
17378.1
17064.9
16751.8
16438.7
16125.6
15812.5
15499.3
15186.2
14873
14559.9
14246.7
13933.6
13620.4
13307.3
12994.1
12680.9
12367.7
12054.5
11741.4
11428.2
11115
10801.8
10488.6
10175.3
9862.14
9548.93
9235.71
8922.49
8609.26
8296.03
7982.8
7669.56
7356.32
7043.07
6729.82
6416.56
6103.29
5790.02
5476.74
5163.45
4850.16
4534.41
4189.21
3785.41
3311.77
2764.91
2096.48
1404.48
361.094
25021.1
24063.8
23563.7
22998.8
22502.1
22039.9
21613.2
21218.7
20853.7
20516.1
20197.1
19883.7
19570.4
19257.1
18943.9
18630.7
18317.5
18004.4
17691.3
17378.1
17065
16751.9
16438.7
16125.6
15812.5
15499.3
15186.2
14873.1
14559.9
14246.8
13933.6
13620.4
13307.3
12994.1
12680.9
12367.7
12054.5
11741.4
11428.2
11115
10801.8
10488.6
10175.4
9862.15
9548.94
9235.72
8922.5
8609.28
8296.06
7982.83
7669.6
7356.36
7043.12
6729.88
6416.63
6103.38
5790.12
5476.86
5163.59
4850.31
4534.58
4189.4
3785.6
3312.07
2765.02
2096.88
1404.88
359.635
25013.5
24061.8
23560.4
22997.7
22501.1
22039.4
21612.9
21218.5
20853.7
20516.1
20197.1
19883.7
19570.4
19257.2
18944
18630.8
18317.6
18004.5
17691.3
17378.2
17065.1
16751.9
16438.8
16125.7
15812.5
15499.4
15186.2
14873.1
14559.9
14246.8
13933.6
13620.4
13307.3
12994.1
12680.9
12367.7
12054.6
11741.4
11428.2
11115
10801.8
10488.6
10175.4
9862.16
9548.95
9235.74
8922.52
8609.3
8296.08
7982.86
7669.64
7356.41
7043.18
6729.95
6416.71
6103.47
5790.23
5476.98
5163.73
4850.47
4534.76
4189.6
3785.8
3312.37
2765.1
2097.29
1405.07
358.386
24996.3
24055.5
23554.2
22994.9
22499.2
22038.4
21612.3
21218.2
20853.6
20516.1
20197.2
19883.8
19570.6
19257.3
18944.1
18630.9
18317.7
18004.6
17691.4
17378.3
17065.1
16752
16438.8
16125.7
15812.6
15499.4
15186.3
14873.1
14559.9
14246.8
13933.6
13620.5
13307.3
12994.1
12680.9
12367.7
12054.6
11741.4
11428.2
11115
10801.8
10488.6
10175.4
9862.17
9548.96
9235.75
8922.54
8609.33
8296.11
7982.9
7669.68
7356.46
7043.24
6730.02
6416.79
6103.57
5790.34
5477.11
5163.88
4850.64
4534.95
4189.81
3786.02
3312.68
2765.17
2097.78
1405.06
357.348
24967.6
24044.8
23545.1
22990.6
22496.5
22036.9
21611.5
21217.9
20853.4
20516.1
20197.2
19884
19570.7
19257.5
18944.2
18631
18317.9
18004.7
17691.5
17378.4
17065.2
16752.1
16438.9
16125.8
15812.6
15499.4
15186.3
14873.1
14560
14246.8
13933.6
13620.5
13307.3
12994.1
12680.9
12367.7
12054.6
11741.4
11428.2
11115
10801.8
10488.6
10175.4
9862.17
9548.97
9235.76
8922.55
8609.34
8296.14
7982.93
7669.72
7356.51
7043.29
6730.08
6416.87
6103.66
5790.45
5477.24
5164.03
4850.81
4535.14
4190.03
3786.25
3313.02
2765.25
2098.41
1404.8
356.54
24929.2
24033.9
23536.4
22987.7
22495.2
22036.7
21611.8
21218.4
20854
20516.7
20197.8
19884.5
19571.2
19257.9
18944.6
18631.3
18318.1
18004.9
17691.7
17378.5
17065.3
16752.1
16439
16125.8
15812.6
15499.5
15186.3
14873.1
14560
14246.8
13933.6
13620.5
13307.3
12994.1
12680.9
12367.7
12054.6
11741.4
11428.2
11115
10801.8
10488.6
10175.4
9862.17
9548.97
9235.76
8922.56
8609.35
8296.15
7982.94
7669.74
7356.54
7043.34
6730.14
6416.94
6103.75
5790.56
5477.38
5164.19
4851.01
4535.38
4190.31
3786.57
3313.49
2765.39
2099.41
1404.08
355.667
24876.4
24020.9
23524.8
22983.4
22492.9
22035.7
21611.5
21218.4
20854.2
20516.9
20198.1
19884.7
19571.4
19258.1
18944.8
18631.5
18318.3
18005
17691.8
17378.6
17065.4
16752.2
16439
16125.8
15812.7
15499.5
15186.3
14873.2
14560
14246.8
13933.6
13620.5
13307.3
12994.1
12680.9
12367.7
12054.6
11741.4
11428.2
11115
10801.8
10488.6
10175.4
9862.17
9548.97
9235.77
8922.56
8609.36
8296.16
7982.96
7669.76
7356.56
7043.37
6730.18
6417
6103.82
5790.65
5477.49
5164.33
4851.17
4535.58
4190.54
3786.84
3313.95
2765.35
2100.9
1402.9
355.557
24845.2
24050.4
23539.3
22999.7
22505.2
22045.1
21618.6
21223.8
20858.3
20520.1
20200.5
19886.6
19572.8
19259.2
18945.6
18632.1
18318.7
18005.4
17692
17378.8
17065.5
16752.3
16439.1
16125.9
15812.7
15499.5
15186.3
14873.2
14560
14246.8
13933.6
13620.5
13307.3
12994.1
12680.9
12367.7
12054.5
11741.3
11428.2
11115
10801.8
10488.6
10175.3
9862.14
9548.93
9235.73
8922.52
8609.31
8296.11
7982.9
7669.7
7356.51
7043.32
6730.14
6416.97
6103.82
5790.68
5477.56
5164.46
4851.39
4535.9
4191.01
3787.52
3315.21
2765.9
2105.78
1399.58
350.252
24894
24050
23547.9
22991.3
22498
22036.3
21610.1
21215.7
20850.8
20513.2
20194.3
19881
19567.8
19254.7
18941.7
18628.7
18315.7
18002.7
17689.7
17376.7
17063.8
16750.8
16437.8
16124.8
15811.7
15498.7
15185.6
14872.5
14559.5
14246.4
13933.3
13620.1
13307
12993.9
12680.7
12367.6
12054.4
11741.2
11428.1
11114.9
10801.7
10488.5
10175.3
9862.1
9548.89
9235.68
8922.46
8609.24
8296.01
7982.77
7669.52
7356.26
7042.98
6729.69
6416.38
6103.05
5789.7
5476.31
5162.9
4849.45
4533.5
4188
3783.83
3309.67
2760.25
2095.28
1381.21
415.153
24882
24031.4
23543.5
22986.4
22495.8
22034.8
21609.2
21215.2
20850.6
20513.1
20194.3
19881
19567.9
19254.8
18941.7
18628.7
18315.7
18002.7
17689.7
17376.8
17063.8
16750.8
16437.8
16124.7
15811.7
15498.7
15185.6
14872.5
14559.4
14246.3
13933.2
13620.1
13307
12993.9
12680.7
12367.6
12054.4
11741.2
11428
11114.9
10801.7
10488.5
10175.3
9862.09
9548.88
9235.67
8922.45
8609.22
8295.99
7982.74
7669.49
7356.23
7042.95
6729.66
6416.35
6103.01
5789.66
5476.28
5162.86
4849.42
4533.47
4187.98
3783.88
3309.55
2760.93
2094.99
1384.68
374.191
24886.5
24019.6
23541.4
22982.9
22494.2
22033.7
21608.6
21214.8
20850.3
20513
20194.2
19881
19567.9
19254.8
18941.7
18628.7
18315.7
18002.7
17689.7
17376.8
17063.8
16750.8
16437.8
16124.7
15811.7
15498.7
15185.6
14872.5
14559.4
14246.3
13933.2
13620.1
13307
12993.9
12680.7
12367.5
12054.4
11741.2
11428
11114.9
10801.7
10488.5
10175.3
9862.08
9548.87
9235.66
8922.44
8609.21
8295.97
7982.73
7669.47
7356.21
7042.93
6729.64
6416.33
6102.99
5789.64
5476.26
5162.85
4849.41
4533.48
4188
3783.98
3309.52
2761.69
2094.52
1389.3
373.287
24899.7
24014.9
23540.7
22981.1
22493.1
22032.9
21608.1
21214.5
20850.1
20512.8
20194.1
19881
19567.8
19254.8
18941.7
18628.7
18315.7
18002.7
17689.8
17376.8
17063.8
16750.8
16437.8
16124.8
15811.7
15498.7
15185.6
14872.5
14559.4
14246.3
13933.2
13620.1
13307
12993.8
12680.7
12367.5
12054.4
11741.2
11428
11114.9
10801.7
10488.5
10175.3
9862.07
9548.86
9235.65
8922.43
8609.2
8295.96
7982.72
7669.46
7356.2
7042.92
6729.62
6416.31
6102.99
5789.64
5476.26
5162.86
4849.43
4533.52
4188.07
3784.1
3309.63
2762.36
2094.33
1392.97
374.325
24916.8
24014.9
23541.2
22980.5
22492.5
22032.5
21607.7
21214.2
20849.9
20512.7
20194
19880.9
19567.8
19254.8
18941.8
18628.7
18315.8
18002.8
17689.8
17376.8
17063.8
16750.8
16437.8
16124.8
15811.7
15498.7
15185.6
14872.5
14559.4
14246.3
13933.2
13620.1
13307
12993.8
12680.7
12367.5
12054.4
11741.2
11428
11114.9
10801.7
10488.5
10175.3
9862.07
9548.86
9235.64
8922.42
8609.19
8295.95
7982.71
7669.45
7356.19
7042.91
6729.62
6416.31
6102.99
5789.65
5476.28
5162.89
4849.48
4533.58
4188.17
3784.24
3309.83
2762.96
2094.36
1395.89
372.287
24936.2
24018.6
23543.1
22981.2
22492.4
22032.4
21607.5
21214.1
20849.8
20512.7
20194
19880.9
19567.8
19254.8
18941.8
18628.8
18315.8
18002.8
17689.8
17376.8
17063.8
16750.8
16437.8
16124.8
15811.7
15498.7
15185.6
14872.5
14559.4
14246.3
13933.2
13620.1
13307
12993.8
12680.7
12367.5
12054.4
11741.2
11428
11114.8
10801.7
10488.5
10175.3
9862.06
9548.85
9235.64
8922.41
8609.19
8295.95
7982.7
7669.45
7356.19
7042.91
6729.63
6416.32
6103.01
5789.67
5476.32
5162.94
4849.55
4533.67
4188.3
3784.4
3310.1
2763.46
2094.54
1398.34
370.091
24956.1
24025.1
23546
22982.9
22492.9
22032.6
21607.6
21214.1
20849.8
20512.6
20194
19880.9
19567.8
19254.8
18941.8
18628.8
18315.8
18002.8
17689.8
17376.8
17063.8
16750.8
16437.8
16124.8
15811.7
15498.7
15185.6
14872.5
14559.4
14246.3
13933.2
13620.1
13307
12993.8
12680.7
12367.5
12054.4
11741.2
11428
11114.8
10801.7
10488.5
10175.3
9862.06
9548.85
9235.63
8922.41
8609.18
8295.95
7982.71
7669.46
7356.2
7042.92
6729.64
6416.35
6103.04
5789.71
5476.37
5163.01
4849.63
4533.78
4188.45
3784.58
3310.41
2763.89
2094.82
1400.33
367.971
24974.9
24033.1
23549.4
22985.3
22493.8
22033.2
21607.8
21214.2
20849.9
20512.7
20194
19880.9
19567.9
19254.8
18941.8
18628.8
18315.8
18002.8
17689.9
17376.9
17063.9
16750.9
16437.8
16124.8
15811.8
15498.7
15185.6
14872.5
14559.5
14246.4
13933.2
13620.1
13307
12993.8
12680.7
12367.5
12054.4
11741.2
11428
11114.8
10801.7
10488.5
10175.3
9862.06
9548.85
9235.64
8922.41
8609.19
8295.96
7982.72
7669.47
7356.21
7042.94
6729.67
6416.38
6103.08
5789.76
5476.44
5163.1
4849.74
4533.92
4188.62
3784.78
3310.74
2764.23
2095.16
1401.88
365.862
24991.2
24041.3
23552.9
22988
22495
22033.9
21608.2
21214.4
20850
20512.8
20194.1
19881
19567.9
19254.9
18941.9
18628.9
18315.9
18002.9
17689.9
17376.9
17063.9
16750.9
16437.9
16124.8
15811.8
15498.7
15185.6
14872.6
14559.5
14246.4
13933.2
13620.1
13307
12993.8
12680.7
12367.5
12054.4
11741.2
11428
11114.8
10801.7
10488.5
10175.3
9862.06
9548.85
9235.64
8922.42
8609.2
8295.97
7982.73
7669.49
7356.23
7042.97
6729.7
6416.42
6103.13
5789.83
5476.52
5163.2
4849.86
4534.06
4188.8
3784.97
3311.08
2764.5
2095.53
1403.07
363.857
25003.8
24048.6
23555.8
22990.4
22496
22034.6
21608.6
21214.7
20850.2
20512.9
20194.2
19881
19568
19254.9
18941.9
18628.9
18315.9
18002.9
17689.9
17376.9
17063.9
16750.9
16437.9
16124.9
15811.8
15498.7
15185.7
14872.6
14559.5
14246.4
13933.3
13620.1
13307
12993.9
12680.7
12367.5
12054.4
11741.2
11428
11114.8
10801.7
10488.5
10175.3
9862.07
9548.86
9235.65
8922.43
8609.21
8295.98
7982.75
7669.51
7356.26
7043.01
6729.75
6416.48
6103.2
5789.91
5476.62
5163.31
4850
4534.22
4188.99
3785.17
3311.4
2764.7
2095.92
1403.94
362.008
25011.1
24053.8
23557.2
22992.2
22496.7
22035.1
21608.9
21214.8
20850.3
20513
20194.2
19881.1
19568
19255
18942
18629
18316
18003
17690
17377
17064
16751
16437.9
16124.9
15811.8
15498.8
15185.7
14872.6
14559.5
14246.4
13933.3
13620.1
13307
12993.9
12680.7
12367.5
12054.4
11741.2
11428
11114.9
10801.7
10488.5
10175.3
9862.07
9548.87
9235.66
8922.44
8609.23
8296
7982.78
7669.54
7356.3
7043.06
6729.8
6416.55
6103.28
5790.01
5476.72
5163.44
4850.14
4534.39
4189.18
3785.37
3311.72
2764.85
2096.31
1404.55
360.344
25011.7
24055.9
23556.6
22992.6
22496.6
22035.1
21608.9
21214.9
20850.3
20513
20194.3
19881.2
19568.1
19255.1
18942.1
18629.1
18316.1
18003.1
17690.1
17377
17064
16751
16438
16124.9
15811.9
15498.8
15185.7
14872.6
14559.5
14246.4
13933.3
13620.2
13307
12993.9
12680.7
12367.6
12054.4
11741.2
11428
11114.9
10801.7
10488.5
10175.3
9862.08
9548.88
9235.67
8922.46
8609.25
8296.03
7982.81
7669.58
7356.35
7043.11
6729.87
6416.62
6103.37
5790.11
5476.84
5163.57
4850.29
4534.56
4189.37
3785.57
3312.02
2764.96
2096.71
1404.94
358.878
25004.2
24053.9
23553.2
22991.5
22495.6
22034.6
21608.6
21214.7
20850.3
20513
20194.3
19881.2
19568.2
19255.2
18942.1
18629.1
18316.1
18003.1
17690.1
17377.1
17064.1
16751.1
16438
16125
15811.9
15498.8
15185.7
14872.6
14559.5
14246.4
13933.3
13620.2
13307
12993.9
12680.7
12367.6
12054.4
11741.2
11428
11114.9
10801.7
10488.5
10175.3
9862.09
9548.89
9235.69
8922.48
8609.27
8296.05
7982.84
7669.62
7356.39
7043.17
6729.93
6416.7
6103.46
5790.22
5476.97
5163.71
4850.45
4534.73
4189.57
3785.76
3312.31
2765.04
2097.13
1405.13
357.62
24986.9
24047.6
23547.1
22988.7
22493.7
22033.5
21608
21214.4
20850.2
20513
20194.4
19881.3
19568.3
19255.3
18942.3
18629.3
18316.3
18003.2
17690.2
17377.2
17064.2
16751.1
16438.1
16125
15811.9
15498.9
15185.8
14872.7
14559.6
14246.4
13933.3
13620.2
13307
12993.9
12680.7
12367.6
12054.4
11741.2
11428
11114.9
10801.7
10488.5
10175.3
9862.1
9548.9
9235.7
8922.5
8609.29
8296.08
7982.87
7669.66
7356.44
7043.22
6730
6416.78
6103.56
5790.33
5477.1
5163.86
4850.62
4534.92
4189.78
3785.98
3312.62
2765.11
2097.61
1405.12
356.574
24958.1
24036.8
23537.9
22984.4
22491
22032
21607.2
21214
20850
20513
20194.5
19881.4
19568.4
19255.4
18942.4
18629.4
18316.4
18003.4
17690.3
17377.3
17064.2
16751.2
16438.1
16125.1
15812
15498.9
15185.8
14872.7
14559.6
14246.4
13933.3
13620.2
13307
12993.9
12680.7
12367.6
12054.4
11741.2
11428.1
11114.9
10801.7
10488.5
10175.3
9862.11
9548.91
9235.71
8922.51
8609.31
8296.1
7982.9
7669.69
7356.49
7043.28
6730.07
6416.86
6103.65
5790.44
5477.23
5164.01
4850.8
4535.12
4190
3786.22
3312.97
2765.19
2098.24
1404.85
355.758
24919.8
24025.9
23529.3
22981.4
22489.7
22031.9
21607.5
21214.6
20850.6
20513.6
20195
19882
19568.9
19255.8
18942.7
18629.7
18316.6
18003.5
17690.5
17377.4
17064.3
16751.3
16438.2
16125.1
15812
15498.9
15185.8
14872.7
14559.6
14246.5
13933.3
13620.2
13307
12993.9
12680.7
12367.6
12054.4
11741.2
11428
11114.9
10801.7
10488.5
10175.3
9862.11
9548.91
9235.71
8922.52
8609.32
8296.12
7982.92
7669.72
7356.52
7043.32
6730.13
6416.93
6103.74
5790.55
5477.37
5164.19
4851
4535.37
4190.29
3786.54
3313.45
2765.35
2099.27
1404.15
354.893
24867
24012.9
23517.6
22977.1
22487.4
22030.9
21607.2
21214.6
20850.8
20513.8
20195.3
19882.2
19569.1
19256
18942.9
18629.9
18316.8
18003.7
17690.6
17377.5
17064.4
16751.3
16438.2
16125.1
15812
15498.9
15185.8
14872.7
14559.6
14246.5
13933.3
13620.2
13307
12993.9
12680.7
12367.6
12054.4
11741.2
11428
11114.9
10801.7
10488.5
10175.3
9862.11
9548.91
9235.72
8922.52
8609.32
8296.13
7982.93
7669.74
7356.55
7043.36
6730.17
6416.99
6103.82
5790.64
5477.48
5164.32
4851.16
4535.57
4190.53
3786.82
3313.92
2765.31
2100.77
1402.96
354.793
24835.8
24042.4
23532.2
22993.5
22499.7
22040.3
21614.4
21220
20854.9
20517
20197.8
19884.1
19570.6
19257.2
18943.8
18630.5
18317.2
18004
17690.8
17377.7
17064.6
16751.4
16438.3
16125.2
15812.1
15499
15185.8
14872.7
14559.6
14246.5
13933.3
13620.2
13307
12993.9
12680.7
12367.6
12054.4
11741.2
11428
11114.8
10801.7
10488.5
10175.3
9862.08
9548.88
9235.68
8922.48
8609.28
8296.08
7982.88
7669.68
7356.49
7043.31
6730.13
6416.97
6103.81
5790.67
5477.55
5164.46
4851.38
4535.9
4191.01
3787.52
3315.2
2765.89
2105.71
1399.68
349.624
24884.2
24041.7
23540.5
22984.8
22492.4
22031.3
21605.7
21211.8
20847.4
20510.1
20191.5
19878.5
19565.6
19252.7
18939.8
18627
18314.2
18001.4
17688.5
17375.7
17062.8
16749.9
16437
16124.1
15811.1
15498.1
15185.1
14872.1
14559.1
14246
13932.9
13619.9
13306.8
12993.6
12680.5
12367.4
12054.2
11741.1
11427.9
11114.8
10801.6
10488.4
10175.2
9862.04
9548.84
9235.63
8922.42
8609.2
8295.98
7982.74
7669.5
7356.24
7042.96
6729.68
6416.37
6103.04
5789.68
5476.3
5162.88
4849.43
4533.48
4187.97
3783.78
3309.61
2760.18
2095.1
1381.17
414.876
24872.1
24023.2
23536
22979.9
22490.2
22029.9
21604.9
21211.3
20847.1
20510
20191.5
19878.5
19565.6
19252.7
18939.9
18627
18314.2
18001.4
17688.5
17375.7
17062.8
16749.9
16437
16124.1
15811.1
15498.1
15185.1
14872.1
14559.1
14246
13932.9
13619.8
13306.7
12993.6
12680.5
12367.4
12054.2
11741.1
11427.9
11114.8
10801.6
10488.4
10175.2
9862.03
9548.82
9235.62
8922.41
8609.19
8295.96
7982.72
7669.47
7356.21
7042.93
6729.64
6416.33
6103
5789.65
5476.26
5162.85
4849.4
4533.45
4187.95
3783.84
3309.49
2760.87
2094.81
1384.67
373.611
24876.6
24011.4
23533.9
22976.5
22488.6
22028.8
21604.2
21210.9
20846.9
20509.9
20191.4
19878.5
19565.6
19252.7
18939.9
18627.1
18314.2
18001.4
17688.6
17375.7
17062.8
16749.9
16437
16124.1
15811.1
15498.1
15185.1
14872.1
14559.1
14246
13932.9
13619.8
13306.7
12993.6
12680.5
12367.4
12054.2
11741.1
11427.9
11114.8
10801.6
10488.4
10175.2
9862.02
9548.82
9235.61
8922.39
8609.17
8295.94
7982.7
7669.45
7356.19
7042.91
6729.62
6416.31
6102.98
5789.63
5476.25
5162.84
4849.39
4533.46
4187.97
3783.94
3309.47
2761.63
2094.34
1389.32
372.591
24889.9
24006.7
23533.3
22974.7
22487.5
22028
21603.7
21210.6
20846.7
20509.7
20191.3
19878.4
19565.6
19252.7
18939.9
18627.1
18314.3
18001.4
17688.6
17375.7
17062.8
16749.9
16437
16124.1
15811.1
15498.1
15185.1
14872.1
14559
14246
13932.9
13619.8
13306.7
12993.6
12680.5
12367.4
12054.2
11741.1
11427.9
11114.8
10801.6
10488.4
10175.2
9862.01
9548.81
9235.6
8922.39
8609.16
8295.93
7982.69
7669.44
7356.18
7042.9
6729.61
6416.3
6102.97
5789.62
5476.25
5162.85
4849.42
4533.5
4188.04
3784.06
3309.57
2762.31
2094.15
1393.02
373.606
24907
24006.7
23533.9
22974.1
22486.9
22027.5
21603.3
21210.3
20846.5
20509.6
20191.2
19878.4
19565.6
19252.7
18939.9
18627.1
18314.3
18001.4
17688.6
17375.7
17062.8
16749.9
16437
16124.1
15811.1
15498.1
15185.1
14872.1
14559
14246
13932.9
13619.8
13306.7
12993.6
12680.5
12367.4
12054.2
11741.1
11427.9
11114.7
10801.6
10488.4
10175.2
9862
9548.8
9235.59
8922.38
8609.16
8295.92
7982.68
7669.43
7356.17
7042.9
6729.61
6416.3
6102.98
5789.64
5476.27
5162.88
4849.46
4533.56
4188.14
3784.2
3309.77
2762.9
2094.18
1395.95
371.543
24926.4
24010.4
23535.7
22974.8
22486.8
22027.4
21603.2
21210.2
20846.4
20509.6
20191.2
19878.4
19565.5
19252.7
18939.9
18627.1
18314.3
18001.5
17688.6
17375.7
17062.9
16750
16437
16124.1
15811.1
15498.1
15185.1
14872.1
14559
14246
13932.9
13619.8
13306.7
12993.6
12680.5
12367.4
12054.2
11741.1
11427.9
11114.7
10801.6
10488.4
10175.2
9862
9548.8
9235.59
8922.37
8609.15
8295.92
7982.68
7669.43
7356.17
7042.9
6729.61
6416.31
6103
5789.66
5476.3
5162.93
4849.53
4533.65
4188.27
3784.37
3310.04
2763.41
2094.36
1398.42
369.324
24946.2
24016.9
23538.6
22976.5
22487.3
22027.7
21603.2
21210.2
20846.4
20509.5
20191.2
19878.4
19565.6
19252.8
18939.9
18627.1
18314.3
18001.5
17688.6
17375.8
17062.9
16750
16437
16124.1
15811.1
15498.1
15185.1
14872.1
14559.1
14246
13932.9
13619.8
13306.7
12993.6
12680.5
12367.4
12054.2
11741.1
11427.9
11114.7
10801.6
10488.4
10175.2
9862
9548.8
9235.59
8922.37
8609.15
8295.92
7982.68
7669.44
7356.18
7042.91
6729.63
6416.33
6103.02
5789.7
5476.36
5163
4849.62
4533.76
4188.42
3784.55
3310.36
2763.83
2094.64
1400.41
367.189
24965
24024.9
23542
22978.9
22488.2
22028.2
21603.5
21210.4
20846.4
20509.6
20191.2
19878.4
19565.6
19252.8
18940
18627.2
18314.3
18001.5
17688.7
17375.8
17062.9
16750
16437.1
16124.1
15811.1
15498.1
15185.1
14872.1
14559.1
14246
13932.9
13619.8
13306.7
12993.6
12680.5
12367.4
12054.2
11741.1
11427.9
11114.7
10801.6
10488.4
10175.2
9862
9548.8
9235.59
8922.37
8609.15
8295.93
7982.69
7669.45
7356.19
7042.93
6729.66
6416.37
6103.07
5789.75
5476.43
5163.08
4849.72
4533.9
4188.59
3784.74
3310.69
2764.18
2094.98
1401.96
365.07
24981.4
24033.1
23545.5
22981.6
22489.3
22029
21603.9
21210.6
20846.6
20509.7
20191.3
19878.4
19565.6
19252.8
18940
18627.2
18314.4
18001.6
17688.7
17375.8
17062.9
16750
16437.1
16124.1
15811.2
15498.2
15185.2
14872.1
14559.1
14246
13932.9
13619.8
13306.7
12993.6
12680.5
12367.4
12054.2
11741.1
11427.9
11114.7
10801.6
10488.4
10175.2
9862
9548.8
9235.59
8922.38
8609.16
8295.94
7982.71
7669.47
7356.22
7042.96
6729.69
6416.41
6103.12
5789.82
5476.51
5163.18
4849.85
4534.04
4188.78
3784.94
3311.02
2764.44
2095.36
1403.15
363.058
24993.9
24040.4
23548.4
22984
22490.4
22029.6
21604.3
21210.8
20846.7
20509.8
20191.4
19878.5
19565.7
19252.9
18940.1
18627.3
18314.4
18001.6
17688.7
17375.9
17063
16750.1
16437.1
16124.2
15811.2
15498.2
15185.2
14872.1
14559.1
14246
13932.9
13619.9
13306.8
12993.6
12680.5
12367.4
12054.2
11741.1
11427.9
11114.7
10801.6
10488.4
10175.2
9862
9548.81
9235.6
8922.39
8609.18
8295.95
7982.73
7669.49
7356.25
7043
6729.74
6416.47
6103.19
5789.91
5476.61
5163.3
4849.98
4534.2
4188.96
3785.14
3311.35
2764.65
2095.75
1404.02
361.206
25001.2
24045.6
23549.8
22985.7
22491
22030.1
21604.5
21211
20846.8
20509.9
20191.4
19878.6
19565.8
19252.9
18940.1
18627.3
18314.5
18001.7
17688.8
17375.9
17063
16750.1
16437.2
16124.2
15811.2
15498.2
15185.2
14872.2
14559.1
14246
13933
13619.9
13306.8
12993.6
12680.5
12367.4
12054.2
11741.1
11427.9
11114.7
10801.6
10488.4
10175.2
9862.01
9548.82
9235.61
8922.41
8609.19
8295.97
7982.75
7669.52
7356.29
7043.04
6729.79
6416.54
6103.27
5790
5476.71
5163.42
4850.12
4534.37
4189.15
3785.33
3311.67
2764.79
2096.14
1404.63
359.536
25001.9
24047.7
23549.1
22986.2
22491
22030.1
21604.5
21211
20846.9
20509.9
20191.5
19878.7
19565.8
19253
18940.2
18627.4
18314.6
18001.7
17688.9
17376
17063.1
16750.1
16437.2
16124.2
15811.2
15498.2
15185.2
14872.2
14559.1
14246.1
13933
13619.9
13306.8
12993.6
12680.5
12367.4
12054.2
11741.1
11427.9
11114.8
10801.6
10488.4
10175.2
9862.02
9548.83
9235.63
8922.42
8609.21
8296
7982.78
7669.56
7356.33
7043.1
6729.86
6416.61
6103.36
5790.1
5476.83
5163.56
4850.28
4534.54
4189.35
3785.53
3311.97
2764.9
2096.54
1405.01
358.064
24994.2
24045.7
23545.8
22985
22490
22029.6
21604.2
21210.8
20846.8
20509.9
20191.5
19878.7
19565.9
19253.1
18940.3
18627.5
18314.6
18001.8
17688.9
17376
17063.1
16750.2
16437.2
16124.3
15811.3
15498.3
15185.2
14872.2
14559.1
14246.1
13933
13619.9
13306.8
12993.7
12680.5
12367.4
12054.2
11741.1
11427.9
11114.8
10801.6
10488.4
10175.2
9862.03
9548.84
9235.64
8922.44
8609.23
8296.03
7982.81
7669.6
7356.38
7043.15
6729.92
6416.69
6103.45
5790.21
5476.96
5163.7
4850.43
4534.71
4189.54
3785.73
3312.26
2764.98
2096.95
1405.2
356.795
24976.9
24039.3
23539.6
22982.2
22488.1
22028.6
21603.6
21210.5
20846.7
20509.9
20191.6
19878.8
19566
19253.2
18940.4
18627.6
18314.8
18001.9
17689
17376.1
17063.2
16750.3
16437.3
16124.3
15811.3
15498.3
15185.3
14872.2
14559.2
14246.1
13933
13619.9
13306.8
12993.7
12680.5
12367.4
12054.2
11741.1
11427.9
11114.8
10801.6
10488.4
10175.2
9862.04
9548.85
9235.65
8922.46
8609.26
8296.05
7982.85
7669.64
7356.43
7043.21
6729.99
6416.77
6103.55
5790.32
5477.09
5163.85
4850.61
4534.91
4189.76
3785.95
3312.57
2765.05
2097.44
1405.18
355.735
24948.1
24028.5
23530.4
22977.9
22485.3
22027.1
21602.8
21210.1
20846.5
20509.9
20191.6
19878.9
19566.1
19253.4
18940.6
18627.7
18314.9
18002
17689.1
17376.2
17063.3
16750.3
16437.4
16124.4
15811.4
15498.3
15185.3
14872.2
14559.2
14246.1
13933
13619.9
13306.8
12993.7
12680.5
12367.4
12054.2
11741.1
11427.9
11114.8
10801.6
10488.4
10175.2
9862.05
9548.86
9235.67
8922.47
8609.28
8296.08
7982.88
7669.68
7356.47
7043.27
6730.06
6416.86
6103.65
5790.44
5477.22
5164.01
4850.78
4535.11
4189.98
3786.18
3312.92
2765.13
2098.08
1404.91
354.907
24909.8
24017.6
23521.8
22974.9
22484
22026.8
21603.1
21210.7
20847.1
20510.5
20192.2
19879.4
19566.6
19253.7
18940.9
18628
18315.1
18002.2
17689.3
17376.3
17063.4
16750.4
16437.4
16124.4
15811.4
15498.4
15185.3
14872.3
14559.2
14246.1
13933
13619.9
13306.8
12993.7
12680.5
12367.4
12054.2
11741.1
11427.9
11114.8
10801.6
10488.4
10175.2
9862.05
9548.86
9235.67
8922.48
8609.28
8296.09
7982.89
7669.7
7356.5
7043.31
6730.12
6416.93
6103.74
5790.55
5477.36
5164.18
4850.99
4535.36
4190.28
3786.52
3313.41
2765.3
2099.11
1404.21
354.044
24856.9
24004.5
23510.1
22970.6
22481.7
22025.8
21602.8
21210.6
20847.3
20510.7
20192.5
19879.7
19566.8
19254
18941.1
18628.2
18315.3
18002.3
17689.4
17376.4
17063.5
16750.5
16437.5
16124.5
15811.4
15498.4
15185.3
14872.3
14559.2
14246.1
13933
13619.9
13306.8
12993.7
12680.5
12367.4
12054.2
11741.1
11427.9
11114.8
10801.6
10488.4
10175.2
9862.04
9548.86
9235.67
8922.48
8609.29
8296.1
7982.91
7669.72
7356.53
7043.35
6730.16
6416.99
6103.81
5790.64
5477.48
5164.32
4851.16
4535.56
4190.51
3786.8
3313.89
2765.26
2100.63
1403.03
353.95
24825.9
24034.1
23524.8
22987
22494
22035.3
21610
21216.1
20851.5
20513.9
20195
19881.6
19568.3
19255.1
18942
18628.8
18315.8
18002.7
17689.7
17376.6
17063.6
16750.6
16437.5
16124.5
15811.5
15498.4
15185.3
14872.3
14559.2
14246.1
13933
13619.9
13306.8
12993.7
12680.5
12367.4
12054.2
11741.1
11427.9
11114.7
10801.6
10488.4
10175.2
9862.01
9548.82
9235.63
8922.44
8609.24
8296.05
7982.86
7669.67
7356.48
7043.3
6730.13
6416.96
6103.81
5790.67
5477.56
5164.46
4851.39
4535.9
4191.01
3787.52
3315.2
2765.89
2105.66
1399.8
348.925
24873.8
24033.1
23532.7
22978.2
22486.5
22026.2
21601.2
21207.9
20843.9
20507
20188.7
19876
19563.3
19250.6
18938
18625.4
18312.7
18000
17687.3
17374.6
17061.8
16749.1
16436.2
16123.4
15810.5
15497.6
15184.6
14871.7
14558.7
14245.7
13932.6
13619.6
13306.5
12993.4
12680.3
12367.2
12054.1
11741
11427.8
11114.7
10801.5
10488.3
10175.2
9861.98
9548.79
9235.59
8922.39
8609.17
8295.95
7982.72
7669.48
7356.22
7042.95
6729.66
6416.36
6103.03
5789.67
5476.29
5162.87
4849.41
4533.46
4187.94
3783.75
3309.55
2760.11
2094.92
1381.14
414.588
24861.8
24014.6
23528.3
22973.3
22484.4
22024.8
21600.4
21207.4
20843.6
20506.9
20188.6
19875.9
19563.3
19250.7
18938
18625.4
18312.7
18000.1
17687.3
17374.6
17061.9
16749.1
16436.2
16123.4
15810.5
15497.6
15184.6
14871.7
14558.7
14245.7
13932.6
13619.6
13306.5
12993.4
12680.3
12367.2
12054.1
11741
11427.8
11114.7
10801.5
10488.3
10175.2
9861.97
9548.77
9235.57
8922.37
8609.15
8295.93
7982.7
7669.45
7356.19
7042.92
6729.63
6416.32
6102.99
5789.64
5476.25
5162.84
4849.38
4533.43
4187.93
3783.81
3309.43
2760.81
2094.64
1384.67
372.978
24866.3
24002.8
23526.2
22969.9
22482.8
22023.7
21599.8
21207
20843.4
20506.7
20188.6
19875.9
19563.3
19250.7
18938
18625.4
18312.7
18000.1
17687.4
17374.6
17061.9
16749.1
16436.2
16123.4
15810.5
15497.6
15184.6
14871.7
14558.7
14245.7
13932.6
13619.6
13306.5
12993.4
12680.3
12367.2
12054.1
11740.9
11427.8
11114.7
10801.5
10488.3
10175.1
9861.96
9548.76
9235.56
8922.36
8609.14
8295.92
7982.68
7669.43
7356.18
7042.9
6729.61
6416.3
6102.97
5789.62
5476.24
5162.83
4849.38
4533.44
4187.95
3783.91
3309.41
2761.58
2094.16
1389.36
371.829
24879.5
23998.1
23525.6
22968
22481.7
22022.9
21599.2
21206.7
20843.1
20506.6
20188.5
19875.9
19563.3
19250.7
18938.1
18625.4
18312.8
18000.1
17687.4
17374.6
17061.9
16749.1
16436.2
16123.4
15810.5
15497.6
15184.6
14871.7
14558.7
14245.6
13932.6
13619.6
13306.5
12993.4
12680.3
12367.2
12054.1
11740.9
11427.8
11114.6
10801.5
10488.3
10175.1
9861.95
9548.76
9235.56
8922.35
8609.13
8295.91
7982.67
7669.42
7356.16
7042.89
6729.6
6416.29
6102.97
5789.62
5476.24
5162.84
4849.4
4533.48
4188.02
3784.03
3309.52
2762.26
2093.97
1393.08
372.82
24896.6
23998.1
23526.2
22967.5
22481.1
22022.5
21598.9
21206.4
20843
20506.5
20188.4
19875.8
19563.3
19250.7
18938.1
18625.4
18312.8
18000.1
17687.4
17374.7
17061.9
16749.1
16436.3
16123.4
15810.5
15497.6
15184.6
14871.7
14558.7
14245.6
13932.6
13619.6
13306.5
12993.4
12680.3
12367.2
12054.1
11740.9
11427.8
11114.6
10801.5
10488.3
10175.1
9861.94
9548.75
9235.55
8922.34
8609.12
8295.9
7982.66
7669.41
7356.16
7042.89
6729.6
6416.29
6102.97
5789.63
5476.26
5162.87
4849.45
4533.54
4188.12
3784.17
3309.72
2762.85
2094
1396.03
370.731
24916
24001.9
23528
22968.1
22481
22022.4
21598.7
21206.3
20842.9
20506.4
20188.4
19875.8
19563.3
19250.7
18938.1
18625.5
18312.8
18000.1
17687.4
17374.7
17061.9
16749.1
16436.3
16123.4
15810.5
15497.6
15184.6
14871.7
14558.7
14245.6
13932.6
13619.6
13306.5
12993.4
12680.3
12367.2
12054.1
11740.9
11427.8
11114.6
10801.5
10488.3
10175.1
9861.94
9548.75
9235.54
8922.34
8609.12
8295.89
7982.66
7669.41
7356.16
7042.89
6729.6
6416.3
6102.99
5789.65
5476.3
5162.92
4849.52
4533.63
4188.25
3784.34
3309.99
2763.36
2094.18
1398.5
368.49
24935.9
24008.4
23530.9
22969.9
22481.5
22022.6
21598.8
21206.3
20842.9
20506.4
20188.4
19875.8
19563.3
19250.7
18938.1
18625.5
18312.8
18000.2
17687.4
17374.7
17061.9
16749.1
16436.3
16123.4
15810.5
15497.6
15184.6
14871.7
14558.7
14245.7
13932.6
13619.6
13306.5
12993.4
12680.3
12367.2
12054.1
11740.9
11427.8
11114.6
10801.5
10488.3
10175.1
9861.94
9548.74
9235.54
8922.33
8609.12
8295.89
7982.66
7669.42
7356.16
7042.9
6729.62
6416.33
6103.02
5789.69
5476.35
5162.99
4849.61
4533.75
4188.4
3784.52
3310.31
2763.79
2094.45
1400.5
366.34
24954.7
24016.3
23534.4
22972.3
22482.4
22023.2
21599
21206.4
20842.9
20506.4
20188.4
19875.9
19563.3
19250.7
18938.1
18625.5
18312.9
18000.2
17687.5
17374.7
17062
16749.1
16436.3
16123.4
15810.5
15497.6
15184.7
14871.7
14558.7
14245.7
13932.6
13619.6
13306.5
12993.4
12680.3
12367.2
12054.1
11740.9
11427.8
11114.6
10801.5
10488.3
10175.1
9861.94
9548.75
9235.55
8922.34
8609.12
8295.9
7982.67
7669.43
7356.18
7042.92
6729.65
6416.36
6103.06
5789.75
5476.42
5163.07
4849.71
4533.88
4188.57
3784.71
3310.64
2764.13
2094.8
1402.06
364.213
24971
24024.6
23537.8
22974.9
22483.5
22023.9
21599.4
21206.6
20843.1
20506.5
20188.5
19875.9
19563.3
19250.8
18938.2
18625.6
18312.9
18000.2
17687.5
17374.8
17062
16749.2
16436.3
16123.5
15810.6
15497.6
15184.7
14871.7
14558.7
14245.7
13932.6
13619.6
13306.5
12993.4
12680.3
12367.2
12054.1
11740.9
11427.8
11114.6
10801.5
10488.3
10175.1
9861.94
9548.75
9235.55
8922.34
8609.13
8295.91
7982.68
7669.45
7356.2
7042.95
6729.68
6416.41
6103.12
5789.82
5476.5
5163.18
4849.84
4534.03
4188.75
3784.91
3310.97
2764.39
2095.18
1403.24
362.197
24983.6
24031.9
23540.7
22977.4
22484.6
22024.6
21599.8
21206.9
20843.2
20506.6
20188.5
19876
19563.4
19250.8
18938.2
18625.6
18313
18000.3
17687.6
17374.8
17062
16749.2
16436.4
16123.5
15810.6
15497.6
15184.7
14871.7
14558.7
14245.7
13932.6
13619.6
13306.5
12993.4
12680.3
12367.2
12054.1
11740.9
11427.8
11114.6
10801.5
10488.3
10175.1
9861.95
9548.76
9235.56
8922.35
8609.14
8295.93
7982.7
7669.47
7356.23
7042.99
6729.73
6416.46
6103.19
5789.9
5476.6
5163.29
4849.97
4534.19
4188.94
3785.11
3311.3
2764.59
2095.57
1404.1
360.342
24990.9
24037
23542.1
22979.1
22485.2
22025
21600.1
21207
20843.3
20506.7
20188.6
19876
19563.5
19250.9
18938.3
18625.7
18313
18000.3
17687.6
17374.9
17062.1
16749.2
16436.4
16123.5
15810.6
15497.7
15184.7
14871.7
14558.7
14245.7
13932.7
13619.6
13306.5
12993.4
12680.3
12367.2
12054.1
11740.9
11427.8
11114.6
10801.5
10488.3
10175.1
9861.95
9548.76
9235.57
8922.37
8609.16
8295.95
7982.73
7669.51
7356.27
7043.03
6729.78
6416.53
6103.27
5789.99
5476.71
5163.42
4850.11
4534.35
4189.13
3785.3
3311.62
2764.74
2095.97
1404.71
358.669
24991.4
24039
23541.4
22979.5
22485.1
22025.1
21600.1
21207.1
20843.4
20506.8
20188.7
19876.1
19563.5
19251
18938.4
18625.7
18313.1
18000.4
17687.7
17374.9
17062.1
16749.3
16436.4
16123.6
15810.6
15497.7
15184.7
14871.7
14558.7
14245.7
13932.7
13619.6
13306.5
12993.4
12680.3
12367.2
12054.1
11740.9
11427.8
11114.6
10801.5
10488.3
10175.1
9861.96
9548.78
9235.58
8922.38
8609.18
8295.97
7982.76
7669.54
7356.32
7043.09
6729.85
6416.6
6103.35
5790.09
5476.83
5163.55
4850.26
4534.52
4189.32
3785.5
3311.92
2764.84
2096.36
1405.08
357.189
24983.8
24037
23538
22978.3
22484.1
22024.5
21599.7
21206.9
20843.3
20506.8
20188.7
19876.2
19563.6
19251
18938.4
18625.8
18313.2
18000.5
17687.7
17375
17062.2
16749.3
16436.5
16123.6
15810.7
15497.7
15184.8
14871.8
14558.8
14245.7
13932.7
13619.6
13306.5
12993.4
12680.3
12367.2
12054.1
11741
11427.8
11114.7
10801.5
10488.3
10175.1
9861.97
9548.79
9235.6
8922.4
8609.2
8296
7982.79
7669.58
7356.36
7043.14
6729.92
6416.68
6103.45
5790.2
5476.95
5163.69
4850.42
4534.7
4189.52
3785.7
3312.21
2764.92
2096.78
1405.26
355.907
24966.4
24030.6
23531.8
22975.5
22482.2
22023.4
21599.1
21206.6
20843.2
20506.7
20188.8
19876.2
19563.7
19251.2
18938.6
18625.9
18313.3
18000.6
17687.8
17375.1
17062.2
16749.4
16436.5
16123.6
15810.7
15497.8
15184.8
14871.8
14558.8
14245.7
13932.7
13619.6
13306.5
12993.4
12680.3
12367.2
12054.1
11741
11427.8
11114.7
10801.5
10488.3
10175.2
9861.98
9548.8
9235.61
8922.42
8609.23
8296.03
7982.83
7669.62
7356.41
7043.2
6729.99
6416.77
6103.54
5790.32
5477.08
5163.84
4850.6
4534.89
4189.73
3785.91
3312.53
2764.99
2097.27
1405.24
354.83
24937.6
24019.7
23522.6
22971.1
22479.4
22021.9
21598.3
21206.2
20843
20506.7
20188.8
19876.3
19563.8
19251.3
18938.7
18626.1
18313.4
18000.7
17687.9
17375.1
17062.3
16749.5
16436.6
16123.7
15810.7
15497.8
15184.8
14871.8
14558.8
14245.8
13932.7
13619.6
13306.5
12993.4
12680.3
12367.2
12054.1
11741
11427.8
11114.7
10801.5
10488.3
10175.2
9861.99
9548.81
9235.62
8922.44
8609.24
8296.05
7982.86
7669.66
7356.46
7043.26
6730.06
6416.85
6103.64
5790.43
5477.22
5164
4850.78
4535.1
4189.96
3786.16
3312.87
2765.07
2097.91
1404.97
353.983
24899.2
24008.8
23513.9
22968.1
22478.1
22021.7
21598.6
21206.7
20843.6
20507.3
20189.4
19876.8
19564.3
19251.7
18939
18626.3
18313.6
18000.9
17688.1
17375.3
17062.4
16749.6
16436.7
16123.7
15810.8
15497.8
15184.8
14871.8
14558.8
14245.8
13932.7
13619.6
13306.5
12993.5
12680.3
12367.2
12054.1
11741
11427.8
11114.7
10801.5
10488.3
10175.2
9861.99
9548.81
9235.62
8922.44
8609.25
8296.06
7982.87
7669.68
7356.49
7043.3
6730.11
6416.92
6103.74
5790.55
5477.36
5164.18
4850.99
4535.35
4190.26
3786.5
3313.37
2765.24
2098.96
1404.28
353.116
24846.3
23995.7
23502.3
22963.8
22475.8
22020.7
21598.3
21206.6
20843.7
20507.5
20189.6
19877.1
19564.5
19251.9
18939.2
18626.5
18313.8
18001
17688.2
17375.4
17062.5
16749.6
16436.7
16123.8
15810.8
15497.8
15184.9
14871.8
14558.8
14245.8
13932.7
13619.6
13306.5
12993.5
12680.3
12367.2
12054.1
11741
11427.8
11114.7
10801.5
10488.3
10175.2
9861.98
9548.81
9235.63
8922.44
8609.26
8296.07
7982.89
7669.7
7356.52
7043.34
6730.16
6416.98
6103.81
5790.64
5477.48
5164.32
4851.16
4535.56
4190.51
3786.78
3313.86
2765.22
2100.49
1403.09
353.021
24815.4
24025.3
23517
22980.3
22488.2
22030.2
21605.5
21212.1
20847.9
20510.8
20192.1
19879.1
19566
19253.1
18940.1
18627.2
18314.3
18001.4
17688.5
17375.6
17062.6
16749.7
16436.8
16123.8
15810.9
15497.9
15184.9
14871.8
14558.8
14245.8
13932.7
13619.6
13306.5
12993.4
12680.3
12367.2
12054.1
11740.9
11427.8
11114.6
10801.5
10488.3
10175.1
9861.95
9548.77
9235.59
8922.4
8609.21
8296.03
7982.84
7669.65
7356.47
7043.29
6730.12
6416.96
6103.81
5790.68
5477.56
5164.47
4851.4
4535.91
4191.02
3787.53
3315.21
2765.9
2105.61
1399.94
348.147
24862.8
24024
23524.7
22971.3
22480.6
22021
21596.7
21203.8
20840.3
20503.8
20185.8
19873.4
19561
19248.6
18936.2
18623.7
18311.2
17998.7
17686.2
17373.6
17060.9
16748.2
16435.5
16122.7
15809.9
15497.1
15184.2
14871.3
14558.3
14245.3
13932.3
13619.3
13306.3
12993.2
12680.1
12367.1
12053.9
11740.8
11427.7
11114.6
10801.4
10488.3
10175.1
9861.92
9548.74
9235.55
8922.35
8609.14
8295.93
7982.7
7669.46
7356.21
7042.94
6729.66
6416.35
6103.03
5789.67
5476.28
5162.87
4849.4
4533.44
4187.92
3783.72
3309.51
2760.05
2094.75
1381.13
414.294
24850.9
24005.6
23520.3
22966.4
22478.4
22019.6
21595.9
21203.4
20840
20503.7
20185.8
19873.4
19561
19248.6
18936.2
18623.7
18311.3
17998.7
17686.2
17373.6
17060.9
16748.2
16435.5
16122.7
15809.9
15497
15184.2
14871.2
14558.3
14245.3
13932.3
13619.3
13306.3
12993.2
12680.1
12367
12053.9
11740.8
11427.7
11114.6
10801.4
10488.3
10175.1
9861.91
9548.72
9235.53
8922.33
8609.13
8295.91
7982.68
7669.44
7356.18
7042.91
6729.63
6416.32
6102.99
5789.63
5476.25
5162.83
4849.38
4533.42
4187.91
3783.78
3309.39
2760.76
2094.47
1384.7
372.288
24855.3
23993.9
23518.2
22963
22476.8
22018.5
21595.2
21203
20839.8
20503.6
20185.7
19873.4
19561
19248.6
18936.2
18623.8
18311.3
17998.8
17686.2
17373.6
17060.9
16748.2
16435.5
16122.7
15809.9
15497
15184.2
14871.2
14558.3
14245.3
13932.3
13619.3
13306.3
12993.2
12680.1
12367
12053.9
11740.8
11427.7
11114.6
10801.4
10488.2
10175.1
9861.9
9548.72
9235.52
8922.32
8609.11
8295.89
7982.66
7669.42
7356.16
7042.89
6729.61
6416.3
6102.97
5789.62
5476.24
5162.82
4849.37
4533.43
4187.94
3783.88
3309.37
2761.53
2093.99
1389.41
370.995
24868.6
23989.2
23517.6
22961.2
22475.7
22017.7
21594.7
21202.7
20839.6
20503.4
20185.6
19873.3
19561
19248.6
18936.2
18623.8
18311.3
17998.8
17686.2
17373.6
17060.9
16748.2
16435.5
16122.7
15809.9
15497
15184.2
14871.2
14558.3
14245.3
13932.3
13619.3
13306.3
12993.2
12680.1
12367
12053.9
11740.8
11427.7
11114.5
10801.4
10488.2
10175.1
9861.89
9548.71
9235.51
8922.31
8609.1
8295.88
7982.65
7669.41
7356.15
7042.88
6729.6
6416.29
6102.96
5789.62
5476.24
5162.84
4849.4
4533.47
4188
3784
3309.48
2762.21
2093.8
1393.16
371.961
24885.7
23989.2
23518.1
22960.6
22475.1
22017.3
21594.3
21202.4
20839.4
20503.3
20185.6
19873.3
19561
19248.6
18936.2
18623.8
18311.3
17998.8
17686.2
17373.6
17061
16748.2
16435.5
16122.7
15809.9
15497
15184.2
14871.2
14558.3
14245.3
13932.3
13619.3
13306.3
12993.2
12680.1
12367
12053.9
11740.8
11427.7
11114.5
10801.4
10488.2
10175.1
9861.89
9548.7
9235.51
8922.31
8609.1
8295.87
7982.64
7669.4
7356.15
7042.88
6729.59
6416.29
6102.97
5789.63
5476.26
5162.87
4849.44
4533.53
4188.1
3784.15
3309.68
2762.81
2093.82
1396.12
369.844
24905.1
23993
23520
22961.3
22475
22017.2
21594.2
21202.3
20839.3
20503.2
20185.5
19873.3
19561
19248.6
18936.2
18623.8
18311.3
17998.8
17686.2
17373.6
17061
16748.3
16435.5
16122.7
15809.9
15497.1
15184.2
14871.2
14558.3
14245.3
13932.3
13619.3
13306.3
12993.2
12680.1
12367
12053.9
11740.8
11427.7
11114.5
10801.4
10488.2
10175.1
9861.88
9548.7
9235.5
8922.3
8609.09
8295.87
7982.64
7669.4
7356.15
7042.88
6729.6
6416.3
6102.99
5789.65
5476.3
5162.92
4849.51
4533.63
4188.23
3784.31
3309.95
2763.32
2093.99
1398.61
367.58
24925
23999.5
23522.9
22963
22475.5
22017.4
21594.2
21202.3
20839.3
20503.2
20185.5
19873.3
19561
19248.7
18936.3
18623.8
18311.4
17998.8
17686.3
17373.7
17061
16748.3
16435.5
16122.7
15809.9
15497.1
15184.2
14871.2
14558.3
14245.3
13932.3
13619.3
13306.3
12993.2
12680.1
12367
12053.9
11740.8
11427.7
11114.5
10801.4
10488.2
10175.1
9861.88
9548.7
9235.5
8922.3
8609.09
8295.87
7982.64
7669.4
7356.15
7042.89
6729.62
6416.32
6103.02
5789.69
5476.35
5162.99
4849.6
4533.74
4188.39
3784.49
3310.26
2763.74
2094.27
1400.6
365.418
24943.8
24007.4
23526.3
22965.4
22476.5
22018
21594.5
21202.4
20839.4
20503.3
20185.6
19873.3
19561
19248.7
18936.3
18623.9
18311.4
17998.9
17686.3
17373.7
17061
16748.3
16435.6
16122.8
15809.9
15497.1
15184.2
14871.3
14558.3
14245.3
13932.3
13619.3
13306.3
12993.2
12680.1
12367
12053.9
11740.8
11427.7
11114.5
10801.4
10488.2
10175.1
9861.88
9548.7
9235.5
8922.3
8609.09
8295.88
7982.65
7669.42
7356.17
7042.91
6729.64
6416.36
6103.06
5789.75
5476.42
5163.07
4849.71
4533.87
4188.56
3784.69
3310.6
2764.08
2094.62
1402.16
363.286
24960.1
24015.7
23529.8
22968.1
22477.6
22018.7
21594.9
21202.6
20839.5
20503.4
20185.6
19873.4
19561.1
19248.7
18936.3
18623.9
18311.4
17998.9
17686.3
17373.7
17061.1
16748.3
16435.6
16122.8
15810
15497.1
15184.2
14871.3
14558.3
14245.3
13932.3
13619.3
13306.3
12993.2
12680.1
12367
12053.9
11740.8
11427.7
11114.5
10801.4
10488.2
10175.1
9861.88
9548.7
9235.51
8922.31
8609.1
8295.89
7982.67
7669.43
7356.19
7042.94
6729.68
6416.4
6103.12
5789.82
5476.5
5163.17
4849.83
4534.02
4188.74
3784.88
3310.93
2764.34
2095
1403.33
361.269
24972.6
24022.9
23532.6
22970.6
22478.6
22019.4
21595.3
21202.9
20839.7
20503.5
20185.7
19873.4
19561.1
19248.8
18936.4
18624
18311.5
17999
17686.4
17373.8
17061.1
16748.4
16435.6
16122.8
15810
15497.1
15184.2
14871.3
14558.3
14245.3
13932.3
13619.3
13306.3
12993.2
12680.1
12367
12053.9
11740.8
11427.7
11114.5
10801.4
10488.2
10175.1
9861.89
9548.71
9235.52
8922.32
8609.12
8295.9
7982.69
7669.46
7356.22
7042.98
6729.72
6416.46
6103.19
5789.9
5476.6
5163.29
4849.96
4534.18
4188.93
3785.08
3311.26
2764.54
2095.4
1404.19
359.415
24979.9
24028.1
23534
22972.2
22479.3
22019.8
21595.5
21203
20839.8
20503.6
20185.8
19873.5
19561.2
19248.8
18936.5
18624
18311.5
17999
17686.4
17373.8
17061.1
16748.4
16435.7
16122.9
15810
15497.1
15184.2
14871.3
14558.3
14245.4
13932.4
13619.3
13306.3
12993.2
12680.1
12367
12053.9
11740.8
11427.7
11114.5
10801.4
10488.2
10175.1
9861.9
9548.72
9235.53
8922.33
8609.13
8295.93
7982.71
7669.49
7356.26
7043.03
6729.78
6416.53
6103.26
5789.99
5476.71
5163.41
4850.11
4534.34
4189.12
3785.28
3311.57
2764.68
2095.8
1404.79
357.74
24980.5
24030
23533.3
22972.6
22479.2
22019.8
21595.5
21203
20839.8
20503.6
20185.8
19873.6
19561.3
19248.9
18936.5
18624.1
18311.6
17999.1
17686.5
17373.9
17061.2
16748.5
16435.7
16122.9
15810
15497.2
15184.3
14871.3
14558.4
14245.4
13932.4
13619.3
13306.3
12993.2
12680.1
12367
12053.9
11740.8
11427.7
11114.5
10801.4
10488.2
10175.1
9861.9
9548.73
9235.54
8922.35
8609.15
8295.95
7982.74
7669.53
7356.31
7043.08
6729.84
6416.6
6103.35
5790.09
5476.82
5163.55
4850.26
4534.51
4189.31
3785.47
3311.87
2764.78
2096.2
1405.16
356.251
24972.8
24028
23530
22971.4
22478.1
22019.3
21595.2
21202.9
20839.7
20503.6
20185.9
19873.6
19561.3
19249
18936.6
18624.2
18311.7
17999.2
17686.6
17373.9
17061.2
16748.5
16435.7
16122.9
15810.1
15497.2
15184.3
14871.3
14558.4
14245.4
13932.4
13619.3
13306.3
12993.2
12680.1
12367.1
12053.9
11740.8
11427.7
11114.6
10801.4
10488.2
10175.1
9861.91
9548.74
9235.56
8922.37
8609.18
8295.98
7982.78
7669.57
7356.36
7043.14
6729.91
6416.68
6103.44
5790.2
5476.95
5163.69
4850.42
4534.69
4189.51
3785.67
3312.17
2764.86
2096.62
1405.33
354.955
24955.4
24021.5
23523.7
22968.6
22476.2
22018.2
21594.6
21202.5
20839.6
20503.5
20185.9
19873.7
19561.4
19249.1
18936.7
18624.3
18311.8
17999.3
17686.7
17374
17061.3
16748.6
16435.8
16123
15810.1
15497.2
15184.3
14871.4
14558.4
14245.4
13932.4
13619.4
13306.3
12993.2
12680.2
12367.1
12053.9
11740.8
11427.7
11114.6
10801.4
10488.3
10175.1
9861.92
9548.75
9235.57
8922.39
8609.2
8296
7982.81
7669.61
7356.4
7043.2
6729.98
6416.77
6103.54
5790.32
5477.08
5163.84
4850.59
4534.88
4189.72
3785.89
3312.48
2764.93
2097.1
1405.3
353.855
24926.5
24010.6
23514.5
22964.2
22473.4
22016.6
21593.7
21202.1
20839.4
20503.5
20185.9
19873.8
19561.5
19249.2
18936.8
18624.4
18311.9
17999.4
17686.7
17374.1
17061.4
16748.6
16435.8
16123
15810.2
15497.3
15184.3
14871.4
14558.4
14245.4
13932.4
13619.4
13306.3
12993.2
12680.2
12367.1
12053.9
11740.8
11427.7
11114.6
10801.4
10488.3
10175.1
9861.93
9548.76
9235.58
8922.4
8609.22
8296.03
7982.84
7669.65
7356.45
7043.25
6730.05
6416.85
6103.64
5790.43
5477.22
5164
4850.77
4535.09
4189.95
3786.13
3312.83
2765.01
2097.75
1405.03
352.982
24888
23999.6
23505.7
22961.1
22472
22016.4
21594
21202.6
20840
20504.1
20186.5
19874.3
19562
19249.6
18937.2
18624.7
18312.1
17999.5
17686.9
17374.2
17061.5
16748.7
16435.9
16123.1
15810.2
15497.3
15184.4
14871.4
14558.4
14245.4
13932.4
13619.4
13306.3
12993.2
12680.2
12367.1
12053.9
11740.8
11427.7
11114.6
10801.4
10488.3
10175.1
9861.93
9548.76
9235.58
8922.41
8609.22
8296.04
7982.86
7669.67
7356.48
7043.3
6730.11
6416.92
6103.74
5790.55
5477.37
5164.18
4850.99
4535.35
4190.25
3786.48
3313.34
2765.19
2098.81
1404.34
352.1
24835.1
23986.5
23494.1
22956.8
22469.7
22015.4
21593.6
21202.6
20840.1
20504.3
20186.7
19874.5
19562.2
19249.8
18937.4
18624.9
18312.3
17999.7
17687
17374.3
17061.6
16748.8
16436
16123.1
15810.2
15497.3
15184.4
14871.4
14558.4
14245.4
13932.4
13619.4
13306.3
12993.2
12680.2
12367.1
12053.9
11740.8
11427.7
11114.6
10801.4
10488.3
10175.1
9861.93
9548.76
9235.59
8922.41
8609.23
8296.05
7982.87
7669.69
7356.51
7043.33
6730.16
6416.98
6103.81
5790.65
5477.48
5164.32
4851.16
4535.56
4190.5
3786.77
3313.83
2765.18
2100.36
1403.16
351.997
24804.3
24016.1
23508.9
22973.3
22482.1
22025
21600.9
21208.1
20844.4
20507.6
20189.3
19876.5
19563.7
19251
18938.3
18625.5
18312.8
18000.1
17687.3
17374.5
17061.7
16748.9
16436
16123.2
15810.3
15497.3
15184.4
14871.4
14558.4
14245.4
13932.4
13619.4
13306.3
12993.2
12680.1
12367
12053.9
11740.8
11427.7
11114.5
10801.4
10488.2
10175.1
9861.9
9548.72
9235.55
8922.37
8609.19
8296
7982.82
7669.64
7356.46
7043.29
6730.12
6416.97
6103.82
5790.69
5477.57
5164.48
4851.41
4535.93
4191.04
3787.55
3315.23
2765.92
2105.58
1400.09
347.277
24851.3
24014.7
23516.3
22964.2
22474.4
22015.7
21592.1
21199.8
20836.7
20500.6
20183
19870.9
19558.7
19246.6
18934.3
18622.1
18309.8
17997.4
17685
17372.5
17060
16747.4
16434.8
16122.1
15809.3
15496.5
15183.7
14870.8
14557.9
14245
13932.1
13619.1
13306.1
12993
12680
12366.9
12053.8
11740.7
11427.6
11114.5
10801.3
10488.2
10175
9861.87
9548.69
9235.51
8922.32
8609.12
8295.91
7982.68
7669.45
7356.2
7042.94
6729.66
6416.35
6103.03
5789.67
5476.29
5162.87
4849.4
4533.44
4187.92
3783.7
3309.47
2760.01
2094.6
1381.15
414
24839.3
23996.3
23511.9
22959.4
22472.3
22014.3
21591.3
21199.3
20836.5
20500.5
20183
19870.9
19558.7
19246.6
18934.4
18622.1
18309.8
17997.5
17685
17372.5
17060
16747.4
16434.8
16122.1
15809.3
15496.5
15183.7
14870.8
14557.9
14245
13932
13619.1
13306
12993
12680
12366.9
12053.8
11740.7
11427.6
11114.5
10801.3
10488.2
10175
9861.85
9548.68
9235.5
8922.3
8609.1
8295.89
7982.66
7669.42
7356.17
7042.91
6729.62
6416.32
6102.99
5789.64
5476.25
5162.83
4849.38
4533.42
4187.9
3783.76
3309.36
2760.71
2094.31
1384.74
371.537
24843.8
23984.6
23509.9
22956
22470.7
22013.2
21590.6
21199
20836.2
20500.4
20182.9
19870.8
19558.7
19246.6
18934.4
18622.1
18309.8
17997.5
17685
17372.6
17060
16747.4
16434.8
16122.1
15809.3
15496.5
15183.7
14870.8
14557.9
14245
13932
13619.1
13306
12993
12680
12366.9
12053.8
11740.7
11427.6
11114.5
10801.3
10488.2
10175
9861.85
9548.67
9235.49
8922.29
8609.09
8295.87
7982.65
7669.41
7356.16
7042.89
6729.61
6416.3
6102.97
5789.62
5476.24
5162.83
4849.38
4533.43
4187.93
3783.86
3309.34
2761.49
2093.83
1389.49
370.082
24857.1
23979.9
23509.2
22954.2
22469.6
22012.5
21590.1
21198.6
20836
20500.3
20182.8
19870.8
19558.7
19246.6
18934.4
18622.2
18309.9
17997.5
17685.1
17372.6
17060
16747.4
16434.8
16122.1
15809.3
15496.5
15183.7
14870.8
14557.9
14245
13932
13619
13306
12993
12680
12366.9
12053.8
11740.7
11427.6
11114.5
10801.3
10488.2
10175
9861.84
9548.66
9235.48
8922.28
8609.08
8295.86
7982.63
7669.4
7356.14
7042.88
6729.59
6416.29
6102.97
5789.62
5476.24
5162.84
4849.4
4533.47
4188
3783.99
3309.45
2762.17
2093.63
1393.26
371.02
24874.2
23980
23509.8
22953.6
22469
22012
21589.7
21198.4
20835.9
20500.1
20182.7
19870.8
19558.7
19246.6
18934.4
18622.2
18309.9
17997.5
17685.1
17372.6
17060
16747.4
16434.8
16122.1
15809.3
15496.5
15183.7
14870.8
14557.9
14245
13932
13619
13306
12993
12679.9
12366.9
12053.8
11740.7
11427.6
11114.4
10801.3
10488.2
10175
9861.83
9548.66
9235.47
8922.27
8609.07
8295.85
7982.63
7669.39
7356.14
7042.87
6729.59
6416.29
6102.97
5789.63
5476.26
5162.87
4849.45
4533.53
4188.1
3784.13
3309.65
2762.77
2093.65
1396.23
368.875
24893.6
23983.8
23511.7
22954.3
22468.9
22011.9
21589.6
21198.2
20835.8
20500.1
20182.7
19870.7
19558.7
19246.6
18934.4
18622.2
18309.9
17997.5
17685.1
17372.6
17060.1
16747.4
16434.8
16122.1
15809.3
15496.5
15183.7
14870.8
14557.9
14245
13932
13619
13306
12993
12679.9
12366.9
12053.8
11740.7
11427.6
11114.4
10801.3
10488.2
10175
9861.83
9548.65
9235.47
8922.27
8609.07
8295.85
7982.62
7669.39
7356.14
7042.88
6729.6
6416.3
6102.99
5789.66
5476.3
5162.92
4849.51
4533.62
4188.23
3784.3
3309.92
2763.28
2093.82
1398.72
366.589
24913.5
23990.2
23514.6
22956
22469.4
22012.2
21589.6
21198.3
20835.8
20500.1
20182.7
19870.7
19558.7
19246.6
18934.5
18622.2
18309.9
17997.6
17685.1
17372.6
17060.1
16747.5
16434.8
16122.1
15809.3
15496.5
15183.7
14870.8
14557.9
14245
13932
13619
13306
12993
12679.9
12366.9
12053.8
11740.7
11427.6
11114.4
10801.3
10488.2
10175
9861.83
9548.65
9235.46
8922.27
8609.07
8295.85
7982.63
7669.39
7356.15
7042.89
6729.61
6416.33
6103.02
5789.7
5476.35
5162.99
4849.6
4533.74
4188.38
3784.48
3310.23
2763.69
2094.1
1400.72
364.417
24932.3
23998.2
23518
22958.4
22470.4
22012.7
21589.9
21198.4
20835.8
20500.1
20182.7
19870.8
19558.7
19246.7
18934.5
18622.3
18310
17997.6
17685.2
17372.7
17060.1
16747.5
16434.8
16122.1
15809.4
15496.6
15183.7
14870.8
14557.9
14245
13932
13619
13306
12993
12679.9
12366.9
12053.8
11740.7
11427.6
11114.4
10801.3
10488.2
10175
9861.83
9548.65
9235.47
8922.27
8609.07
8295.86
7982.64
7669.4
7356.16
7042.91
6729.64
6416.36
6103.06
5789.75
5476.42
5163.08
4849.71
4533.87
4188.55
3784.67
3310.56
2764.03
2094.45
1402.27
362.284
24948.6
24006.4
23521.5
22961.1
22471.5
22013.4
21590.3
21198.6
20836
20500.2
20182.8
19870.8
19558.8
19246.7
18934.5
18622.3
18310
17997.6
17685.2
17372.7
17060.1
16747.5
16434.9
16122.1
15809.4
15496.6
15183.7
14870.9
14558
14245
13932
13619.1
13306
12993
12679.9
12366.9
12053.8
11740.7
11427.6
11114.4
10801.3
10488.2
10175
9861.83
9548.66
9235.47
8922.28
8609.08
8295.87
7982.65
7669.42
7356.19
7042.94
6729.68
6416.41
6103.12
5789.82
5476.51
5163.18
4849.83
4534.02
4188.73
3784.86
3310.9
2764.29
2094.84
1403.44
360.272
24961.1
24013.6
23524.3
22963.5
22472.5
22014.1
21590.7
21198.8
20836.1
20500.3
20182.9
19870.9
19558.9
19246.8
18934.6
18622.4
18310
17997.7
17685.2
17372.7
17060.2
16747.6
16434.9
16122.2
15809.4
15496.6
15183.8
14870.9
14558
14245
13932.1
13619.1
13306
12993
12680
12366.9
12053.8
11740.7
11427.6
11114.4
10801.3
10488.2
10175
9861.84
9548.66
9235.48
8922.29
8609.09
8295.89
7982.67
7669.45
7356.22
7042.98
6729.72
6416.46
6103.19
5789.9
5476.6
5163.29
4849.96
4534.17
4188.92
3785.06
3311.23
2764.48
2095.24
1404.29
358.421
24968.3
24018.8
23525.7
22965.2
22473.1
22014.6
21590.9
21199
20836.2
20500.4
20182.9
19871
19558.9
19246.8
18934.6
18622.4
18310.1
17997.7
17685.3
17372.8
17060.2
16747.6
16434.9
16122.2
15809.4
15496.6
15183.8
14870.9
14558
14245
13932.1
13619.1
13306.1
12993
12680
12366.9
12053.8
11740.7
11427.6
11114.5
10801.3
10488.2
10175
9861.84
9548.67
9235.49
8922.3
8609.11
8295.91
7982.7
7669.48
7356.26
7043.02
6729.78
6416.53
6103.27
5790
5476.71
5163.42
4850.11
4534.34
4189.11
3785.25
3311.54
2764.62
2095.64
1404.87
356.746
24968.9
24020.7
23525
22965.6
22473
22014.5
21590.9
21199
20836.3
20500.4
20183
19871
19559
19246.9
18934.7
18622.5
18310.2
17997.8
17685.3
17372.8
17060.3
16747.6
16435
16122.2
15809.5
15496.7
15183.8
14870.9
14558
14245.1
13932.1
13619.1
13306.1
12993
12680
12366.9
12053.8
11740.7
11427.6
11114.5
10801.3
10488.2
10175
9861.85
9548.68
9235.5
8922.32
8609.13
8295.93
7982.73
7669.52
7356.3
7043.08
6729.84
6416.6
6103.35
5790.1
5476.83
5163.55
4850.26
4534.51
4189.3
3785.45
3311.84
2764.72
2096.04
1405.23
355.25
24961.1
24018.6
23521.5
22964.3
22471.9
22013.9
21590.5
21198.8
20836.2
20500.4
20183
19871.1
19559
19247
18934.8
18622.6
18310.2
17997.9
17685.4
17372.9
17060.3
16747.7
16435
16122.3
15809.5
15496.7
15183.8
14870.9
14558
14245.1
13932.1
13619.1
13306.1
12993
12680
12366.9
12053.8
11740.7
11427.6
11114.5
10801.3
10488.2
10175
9861.86
9548.69
9235.52
8922.34
8609.15
8295.96
7982.76
7669.56
7356.35
7043.13
6729.91
6416.68
6103.45
5790.21
5476.95
5163.69
4850.42
4534.69
4189.49
3785.65
3312.13
2764.79
2096.46
1405.39
353.934
24943.6
24012.1
23515.2
22961.4
22470
22012.8
21589.9
21198.5
20836
20500.4
20183
19871.1
19559.1
19247.1
18934.9
18622.7
18310.3
17998
17685.5
17373
17060.4
16747.8
16435.1
16122.3
15809.5
15496.7
15183.9
14871
14558
14245.1
13932.1
13619.1
13306.1
12993
12680
12366.9
12053.8
11740.7
11427.6
11114.5
10801.3
10488.2
10175
9861.87
9548.7
9235.53
8922.36
8609.17
8295.99
7982.79
7669.6
7356.4
7043.19
6729.98
6416.77
6103.55
5790.32
5477.09
5163.84
4850.59
4534.88
4189.71
3785.86
3312.44
2764.86
2096.94
1405.36
352.805
24914.7
24001.1
23506
22957
22467.2
22011.3
21589
21198
20835.8
20500.3
20183.1
19871.2
19559.2
19247.2
18935
18622.8
18310.5
17998.1
17685.6
17373.1
17060.5
16747.8
16435.1
16122.4
15809.6
15496.7
15183.9
14871
14558.1
14245.1
13932.1
13619.1
13306.1
12993
12680
12366.9
12053.8
11740.7
11427.6
11114.5
10801.3
10488.2
10175
9861.88
9548.71
9235.54
8922.37
8609.19
8296.01
7982.83
7669.64
7356.45
7043.25
6730.05
6416.85
6103.65
5790.44
5477.22
5164
4850.77
4535.08
4189.94
3786.11
3312.79
2764.94
2097.59
1405.08
351.897
24876.2
23990.1
23497.2
22953.9
22465.8
22011
21589.3
21198.5
20836.4
20500.9
20183.6
19871.7
19559.7
19247.6
18935.3
18623
18310.7
17998.2
17685.7
17373.2
17060.6
16747.9
16435.2
16122.4
15809.6
15496.8
15183.9
14871
14558.1
14245.1
13932.1
13619.1
13306.1
12993
12680
12366.9
12053.8
11740.7
11427.6
11114.5
10801.3
10488.2
10175
9861.88
9548.71
9235.55
8922.38
8609.2
8296.02
7982.84
7669.66
7356.48
7043.3
6730.11
6416.93
6103.74
5790.56
5477.37
5164.19
4850.99
4535.35
4190.25
3786.46
3313.31
2765.13
2098.66
1404.4
350.99
24823.2
23976.9
23485.5
22949.5
22463.4
22010
21588.9
21198.5
20836.5
20501.1
20183.8
19871.9
19559.9
19247.8
18935.5
18623.2
18310.8
17998.4
17685.8
17373.3
17060.6
16747.9
16435.2
16122.5
15809.6
15496.8
15183.9
14871
14558.1
14245.1
13932.1
13619.1
13306.1
12993
12680
12366.9
12053.8
11740.7
11427.6
11114.5
10801.3
10488.2
10175
9861.87
9548.71
9235.55
8922.38
8609.21
8296.03
7982.86
7669.68
7356.51
7043.33
6730.16
6416.99
6103.82
5790.66
5477.49
5164.33
4851.17
4535.56
4190.5
3786.76
3313.81
2765.13
2100.23
1403.22
350.869
24792.5
24006.6
23500.4
22966.1
22475.9
22019.6
21596.3
21204
20840.8
20504.4
20186.4
19873.9
19561.5
19249
18936.5
18623.9
18311.4
17998.8
17686.1
17373.5
17060.8
16748.1
16435.3
16122.5
15809.7
15496.8
15183.9
14871
14558.1
14245.1
13932.1
13619.1
13306.1
12993
12680
12366.9
12053.8
11740.7
11427.6
11114.4
10801.3
10488.2
10175
9861.85
9548.68
9235.51
8922.34
8609.16
8295.99
7982.81
7669.63
7356.46
7043.29
6730.13
6416.97
6103.83
5790.7
5477.59
5164.5
4851.44
4535.95
4191.06
3787.57
3315.26
2765.94
2105.57
1400.25
346.302
24839.2
24005
23507.7
22956.9
22468.2
22010.4
21587.4
21195.8
20833.2
20497.5
20180.2
19868.4
19556.5
19244.6
18932.6
18620.5
18308.4
17996.2
17683.9
17371.5
17059.1
16746.6
16434.1
16121.5
15808.8
15496.1
15183.3
14870.5
14557.6
14244.7
13931.8
13618.8
13305.8
12992.8
12679.8
12366.7
12053.7
11740.6
11427.5
11114.4
10801.3
10488.1
10175
9861.82
9548.65
9235.48
8922.29
8609.1
8295.89
7982.67
7669.44
7356.2
7042.94
6729.66
6416.36
6103.03
5789.68
5476.3
5162.88
4849.41
4533.44
4187.92
3783.69
3309.45
2759.97
2094.46
1381.21
413.717
24827.2
23986.6
23503.3
22952.1
22466
22009
21586.6
21195.3
20832.9
20497.4
20180.1
19868.3
19556.5
19244.6
18932.6
18620.5
18308.4
17996.2
17683.9
17371.6
17059.1
16746.6
16434.1
16121.4
15808.8
15496
15183.3
14870.4
14557.6
14244.7
13931.8
13618.8
13305.8
12992.8
12679.8
12366.7
12053.7
11740.6
11427.5
11114.4
10801.3
10488.1
10175
9861.81
9548.64
9235.46
8922.28
8609.08
8295.87
7982.65
7669.42
7356.17
7042.91
6729.63
6416.33
6103
5789.65
5476.26
5162.84
4849.38
4533.42
4187.9
3783.76
3309.34
2760.68
2094.17
1384.82
370.721
24831.7
23975
23501.2
22948.8
22464.4
22007.9
21586
21194.9
20832.7
20497.2
20180.1
19868.3
19556.5
19244.6
18932.6
18620.6
18308.4
17996.2
17683.9
17371.6
17059.1
16746.6
16434.1
16121.4
15808.8
15496
15183.3
14870.4
14557.6
14244.7
13931.8
13618.8
13305.8
12992.8
12679.8
12366.7
12053.7
11740.6
11427.5
11114.4
10801.2
10488.1
10175
9861.8
9548.63
9235.45
8922.26
8609.06
8295.85
7982.63
7669.4
7356.15
7042.89
6729.61
6416.31
6102.98
5789.63
5476.25
5162.84
4849.38
4533.43
4187.93
3783.86
3309.32
2761.46
2093.68
1389.59
369.078
24845
23970.3
23500.6
22947
22463.4
22007.1
21585.5
21194.6
20832.5
20497.1
20180
19868.3
19556.5
19244.6
18932.6
18620.6
18308.4
17996.2
17683.9
17371.6
17059.1
16746.6
16434.1
16121.4
15808.8
15496
15183.3
14870.4
14557.6
14244.7
13931.8
13618.8
13305.8
12992.8
12679.8
12366.7
12053.7
11740.6
11427.5
11114.4
10801.2
10488.1
10175
9861.79
9548.62
9235.44
8922.25
8609.05
8295.84
7982.62
7669.39
7356.14
7042.88
6729.6
6416.3
6102.98
5789.63
5476.26
5162.85
4849.41
4533.47
4188
3783.98
3309.42
2762.14
2093.47
1393.38
369.987
24862.1
23970.4
23501.2
22946.4
22462.8
22006.7
21585.1
21194.3
20832.3
20497
20179.9
19868.2
19556.5
19244.6
18932.6
18620.6
18308.5
17996.2
17684
17371.6
17059.2
16746.6
16434.1
16121.5
15808.8
15496
15183.3
14870.4
14557.6
14244.7
13931.8
13618.8
13305.8
12992.8
12679.8
12366.7
12053.7
11740.6
11427.5
11114.4
10801.2
10488.1
10174.9
9861.79
9548.62
9235.44
8922.25
8609.05
8295.84
7982.62
7669.38
7356.14
7042.87
6729.6
6416.3
6102.98
5789.64
5476.27
5162.88
4849.46
4533.54
4188.1
3784.12
3309.63
2762.74
2093.48
1396.37
367.813
24881.5
23974.2
23503
22947.1
22462.7
22006.6
21584.9
21194.2
20832.2
20496.9
20179.9
19868.2
19556.5
19244.6
18932.7
18620.6
18308.5
17996.3
17684
17371.6
17059.2
16746.7
16434.1
16121.5
15808.8
15496
15183.3
14870.4
14557.6
14244.7
13931.8
13618.8
13305.8
12992.8
12679.8
12366.7
12053.7
11740.6
11427.5
11114.4
10801.2
10488.1
10174.9
9861.78
9548.61
9235.43
8922.24
8609.04
8295.83
7982.61
7669.38
7356.14
7042.88
6729.6
6416.31
6103
5789.67
5476.31
5162.93
4849.52
4533.63
4188.23
3784.29
3309.9
2763.24
2093.65
1398.85
365.507
24901.4
23980.7
23505.9
22948.8
22463.2
22006.8
21585
21194.2
20832.2
20496.9
20179.9
19868.2
19556.5
19244.6
18932.7
18620.6
18308.5
17996.3
17684
17371.6
17059.2
16746.7
16434.1
16121.5
15808.8
15496.1
15183.3
14870.4
14557.6
14244.7
13931.8
13618.8
13305.8
12992.8
12679.8
12366.7
12053.7
11740.6
11427.5
11114.4
10801.2
10488.1
10174.9
9861.78
9548.61
9235.43
8922.24
8609.04
8295.84
7982.62
7669.39
7356.14
7042.89
6729.62
6416.33
6103.03
5789.71
5476.36
5163
4849.61
4533.74
4188.38
3784.47
3310.21
2763.65
2093.94
1400.85
363.331
24920.2
23988.6
23509.4
22951.2
22464.1
22007.4
21585.3
21194.4
20832.3
20497
20179.9
19868.3
19556.5
19244.7
18932.7
18620.7
18308.5
17996.3
17684
17371.7
17059.2
16746.7
16434.1
16121.5
15808.8
15496.1
15183.3
14870.5
14557.6
14244.7
13931.8
13618.8
13305.8
12992.8
12679.8
12366.7
12053.7
11740.6
11427.5
11114.4
10801.2
10488.1
10174.9
9861.78
9548.61
9235.43
8922.24
8609.05
8295.84
7982.63
7669.4
7356.16
7042.91
6729.65
6416.37
6103.07
5789.76
5476.43
5163.09
4849.72
4533.87
4188.55
3784.66
3310.54
2763.98
2094.29
1402.39
361.203
24936.5
23996.8
23512.9
22953.9
22465.3
22008.1
21585.7
21194.6
20832.4
20497
20180
19868.3
19556.6
19244.7
18932.8
18620.7
18308.6
17996.4
17684.1
17371.7
17059.3
16746.7
16434.2
16121.5
15808.8
15496.1
15183.3
14870.5
14557.6
14244.7
13931.8
13618.8
13305.8
12992.8
12679.8
12366.7
12053.7
11740.6
11427.5
11114.4
10801.2
10488.1
10174.9
9861.78
9548.61
9235.44
8922.25
8609.06
8295.85
7982.64
7669.42
7356.18
7042.94
6729.68
6416.41
6103.13
5789.83
5476.52
5163.19
4849.84
4534.02
4188.73
3784.85
3310.87
2764.24
2094.68
1403.55
359.2
24949
24004
23515.7
22956.3
22466.3
22008.8
21586
21194.8
20832.6
20497.1
20180.1
19868.4
19556.6
19244.8
18932.8
18620.8
18308.6
17996.4
17684.1
17371.7
17059.3
16746.8
16434.2
16121.6
15808.9
15496.1
15183.3
14870.5
14557.6
14244.7
13931.8
13618.8
13305.8
12992.8
12679.8
12366.7
12053.7
11740.6
11427.5
11114.4
10801.2
10488.1
10174.9
9861.79
9548.62
9235.45
8922.26
8609.07
8295.87
7982.66
7669.44
7356.22
7042.98
6729.73
6416.47
6103.2
5789.91
5476.61
5163.3
4849.97
4534.18
4188.92
3785.05
3311.2
2764.43
2095.09
1404.38
357.359
24956.2
24009.1
23517
22957.9
22466.9
22009.2
21586.3
21195
20832.7
20497.2
20180.1
19868.4
19556.7
19244.8
18932.9
18620.8
18308.7
17996.5
17684.2
17371.8
17059.3
16746.8
16434.2
16121.6
15808.9
15496.1
15183.3
14870.5
14557.6
14244.7
13931.8
13618.8
13305.8
12992.8
12679.8
12366.7
12053.7
11740.6
11427.5
11114.4
10801.2
10488.1
10174.9
9861.79
9548.63
9235.46
8922.28
8609.09
8295.89
7982.69
7669.47
7356.25
7043.02
6729.79
6416.54
6103.28
5790.01
5476.72
5163.43
4850.12
4534.34
4189.1
3785.24
3311.51
2764.56
2095.49
1404.96
355.687
24956.6
24011
23516.3
22958.3
22466.8
22009.2
21586.2
21194.9
20832.7
20497.3
20180.2
19868.5
19556.7
19244.9
18932.9
18620.9
18308.8
17996.5
17684.2
17371.8
17059.4
16746.9
16434.3
16121.6
15808.9
15496.2
15183.4
14870.5
14557.7
14244.7
13931.8
13618.8
13305.8
12992.8
12679.8
12366.7
12053.7
11740.6
11427.5
11114.4
10801.2
10488.1
10175
9861.8
9548.64
9235.47
8922.29
8609.11
8295.92
7982.72
7669.51
7356.3
7043.08
6729.85
6416.61
6103.36
5790.11
5476.84
5163.56
4850.27
4534.51
4189.29
3785.43
3311.81
2764.66
2095.9
1405.3
354.183
24948.8
24008.8
23512.8
22957
22465.7
22008.5
21585.9
21194.7
20832.6
20497.2
20180.2
19868.5
19556.8
19244.9
18933
18621
18308.8
17996.6
17684.3
17371.9
17059.4
16746.9
16434.3
16121.7
15808.9
15496.2
15183.4
14870.5
14557.7
14244.8
13931.8
13618.9
13305.9
12992.8
12679.8
12366.7
12053.7
11740.6
11427.5
11114.4
10801.2
10488.1
10175
9861.81
9548.65
9235.48
8922.31
8609.13
8295.94
7982.75
7669.55
7356.35
7043.14
6729.92
6416.69
6103.46
5790.22
5476.96
5163.7
4850.43
4534.69
4189.49
3785.63
3312.1
2764.72
2096.32
1405.45
352.845
24931.3
24002.2
23506.4
22954.1
22463.6
22007.4
21585.2
21194.4
20832.4
20497.2
20180.2
19868.6
19556.9
19245
18933.1
18621.1
18308.9
17996.7
17684.4
17372
17059.5
16747
16434.4
16121.7
15809
15496.2
15183.4
14870.6
14557.7
14244.8
13931.8
13618.9
13305.9
12992.8
12679.8
12366.7
12053.7
11740.6
11427.5
11114.4
10801.2
10488.1
10175
9861.82
9548.66
9235.5
8922.33
8609.15
8295.97
7982.78
7669.59
7356.4
7043.2
6729.99
6416.78
6103.56
5790.33
5477.1
5163.85
4850.6
4534.88
4189.7
3785.85
3312.41
2764.79
2096.8
1405.41
351.681
24902.3
23991.2
23497.1
22949.6
22460.8
22005.8
21584.3
21193.9
20832.2
20497.1
20180.2
19868.7
19557
19245.2
18933.2
18621.2
18309
17996.8
17684.5
17372
17059.6
16747
16434.4
16121.7
15809
15496.2
15183.4
14870.6
14557.7
14244.8
13931.8
13618.9
13305.9
12992.8
12679.8
12366.7
12053.7
11740.6
11427.5
11114.4
10801.3
10488.1
10175
9861.83
9548.67
9235.51
8922.34
8609.17
8295.99
7982.82
7669.63
7356.44
7043.25
6730.06
6416.86
6103.66
5790.45
5477.24
5164.01
4850.78
4535.09
4189.94
3786.09
3312.76
2764.86
2097.44
1405.12
350.726
24863.7
23980.1
23488.3
22946.5
22459.4
22005.5
21584.6
21194.4
20832.7
20497.6
20180.7
19869.1
19557.4
19245.5
18933.5
18621.4
18309.3
17997
17684.6
17372.2
17059.7
16747.1
16434.5
16121.8
15809.1
15496.3
15183.5
14870.6
14557.7
14244.8
13931.8
13618.9
13305.9
12992.8
12679.8
12366.7
12053.7
11740.6
11427.5
11114.4
10801.2
10488.1
10175
9861.83
9548.67
9235.51
8922.35
8609.18
8296.01
7982.83
7669.66
7356.48
7043.3
6730.12
6416.94
6103.76
5790.57
5477.39
5164.2
4851
4535.36
4190.25
3786.45
3313.29
2765.07
2098.53
1404.44
349.778
24810.6
23966.9
23476.6
22942.1
22457
22004.5
21584.2
21194.3
20832.9
20497.8
20181
19869.4
19557.6
19245.7
18933.7
18621.6
18309.4
17997.1
17684.7
17372.3
17059.7
16747.2
16434.5
16121.8
15809.1
15496.3
15183.5
14870.6
14557.7
14244.8
13931.8
13618.9
13305.9
12992.8
12679.8
12366.7
12053.7
11740.6
11427.5
11114.4
10801.2
10488.1
10175
9861.83
9548.67
9235.51
8922.35
8609.19
8296.02
7982.85
7669.68
7356.51
7043.34
6730.17
6417
6103.83
5790.67
5477.51
5164.35
4851.18
4535.57
4190.51
3786.76
3313.8
2765.07
2100.11
1403.27
349.626
24780
23996.6
23491.6
22958.7
22469.6
22014.2
21591.6
21199.9
20837.2
20501.2
20183.6
19871.4
19559.2
19247
18934.7
18622.3
18309.9
17997.5
17685
17372.5
17059.9
16747.3
16434.6
16121.9
15809.1
15496.3
15183.5
14870.6
14557.7
14244.8
13931.9
13618.9
13305.9
12992.8
12679.8
12366.7
12053.7
11740.6
11427.5
11114.4
10801.2
10488.1
10174.9
9861.8
9548.64
9235.48
8922.31
8609.14
8295.97
7982.8
7669.63
7356.46
7043.3
6730.14
6416.99
6103.85
5790.72
5477.62
5164.53
4851.46
4535.99
4191.1
3787.61
3315.3
2765.97
2105.58
1400.41
345.204
24826.4
23994.9
23498.8
22949.5
22461.8
22005
21582.8
21191.7
20829.6
20494.4
20177.4
19865.9
19554.3
19242.6
18930.8
18619
18307
17995
17682.8
17370.6
17058.3
16745.9
16433.4
16120.9
15808.3
15495.6
15182.9
14870.1
14557.3
14244.4
13931.5
13618.6
13305.6
12992.7
12679.6
12366.6
12053.6
11740.5
11427.4
11114.3
10801.2
10488.1
10174.9
9861.77
9548.61
9235.45
8922.27
8609.08
8295.88
7982.66
7669.44
7356.2
7042.94
6729.67
6416.37
6103.05
5789.7
5476.31
5162.89
4849.43
4533.46
4187.93
3783.7
3309.45
2759.95
2094.35
1381.3
413.46
24814.5
23976.6
23494.4
22944.7
22459.7
22003.6
21582
21191.3
20829.4
20494.2
20177.4
19865.9
19554.3
19242.6
18930.9
18619
18307
17995
17682.8
17370.6
17058.3
16745.9
16433.4
16120.9
15808.2
15495.6
15182.9
14870.1
14557.3
14244.4
13931.5
13618.6
13305.6
12992.6
12679.6
12366.6
12053.5
11740.5
11427.4
11114.3
10801.2
10488.1
10174.9
9861.76
9548.6
9235.43
8922.25
8609.06
8295.86
7982.64
7669.41
7356.17
7042.91
6729.63
6416.34
6103.01
5789.66
5476.28
5162.86
4849.4
4533.44
4187.92
3783.76
3309.33
2760.66
2094.06
1384.93
369.832
24819
23965
23492.3
22941.4
22458.1
22002.5
21581.3
21190.9
20829.1
20494.1
20177.3
19865.8
19554.3
19242.6
18930.9
18619
18307.1
17995
17682.9
17370.6
17058.3
16745.9
16433.4
16120.9
15808.2
15495.6
15182.8
14870.1
14557.3
14244.4
13931.5
13618.6
13305.6
12992.6
12679.6
12366.6
12053.5
11740.5
11427.4
11114.3
10801.2
10488
10174.9
9861.75
9548.59
9235.42
8922.24
8609.05
8295.84
7982.63
7669.4
7356.15
7042.89
6729.62
6416.32
6103
5789.65
5476.27
5162.86
4849.4
4533.45
4187.94
3783.86
3309.31
2761.44
2093.55
1389.73
367.973
24832.2
23960.4
23491.7
22939.6
22457
22001.7
21580.8
21190.5
20828.9
20494
20177.2
19865.8
19554.3
19242.6
18930.9
18619
18307.1
17995
17682.9
17370.6
17058.3
16745.9
16433.4
16120.9
15808.2
15495.6
15182.8
14870.1
14557.2
14244.4
13931.5
13618.6
13305.6
12992.6
12679.6
12366.6
12053.5
11740.5
11427.4
11114.3
10801.2
10488
10174.9
9861.75
9548.59
9235.41
8922.23
8609.04
8295.83
7982.61
7669.39
7356.14
7042.88
6729.61
6416.31
6102.99
5789.65
5476.27
5162.87
4849.43
4533.49
4188.01
3783.98
3309.42
2762.12
2093.33
1393.53
368.85
24849.4
23960.5
23492.3
22939.1
22456.4
22001.3
21580.4
21190.3
20828.8
20493.9
20177.2
19865.8
19554.3
19242.6
18930.9
18619.1
18307.1
17995
17682.9
17370.6
17058.3
16745.9
16433.4
16120.9
15808.2
15495.6
15182.8
14870.1
14557.2
14244.4
13931.5
13618.6
13305.6
12992.6
12679.6
12366.6
12053.5
11740.5
11427.4
11114.3
10801.2
10488
10174.9
9861.74
9548.58
9235.41
8922.22
8609.03
8295.82
7982.61
7669.38
7356.14
7042.88
6729.6
6416.31
6103
5789.66
5476.29
5162.9
4849.47
4533.56
4188.11
3784.13
3309.62
2762.71
2093.34
1396.52
366.646
24868.8
23964.3
23494.1
22939.7
22456.4
22001.2
21580.3
21190.2
20828.7
20493.8
20177.1
19865.8
19554.3
19242.7
18930.9
18619.1
18307.1
17995.1
17682.9
17370.6
17058.3
16745.9
16433.4
16120.9
15808.2
15495.6
15182.8
14870.1
14557.2
14244.4
13931.5
13618.6
13305.6
12992.6
12679.6
12366.6
12053.5
11740.5
11427.4
11114.3
10801.2
10488
10174.9
9861.74
9548.58
9235.4
8922.22
8609.03
8295.82
7982.61
7669.38
7356.14
7042.88
6729.61
6416.32
6103.01
5789.68
5476.33
5162.95
4849.54
4533.65
4188.24
3784.29
3309.89
2763.2
2093.5
1399
364.324
24888.7
23970.8
23497
22941.5
22456.9
22001.4
21580.4
21190.2
20828.7
20493.8
20177.1
19865.8
19554.3
19242.7
18930.9
18619.1
18307.1
17995.1
17682.9
17370.7
17058.3
16745.9
16433.4
16120.9
15808.3
15495.6
15182.9
14870.1
14557.3
14244.4
13931.5
13618.6
13305.6
12992.6
12679.6
12366.6
12053.5
11740.5
11427.4
11114.3
10801.2
10488
10174.9
9861.74
9548.57
9235.4
8922.22
8609.03
8295.82
7982.61
7669.38
7356.14
7042.89
6729.63
6416.35
6103.04
5789.72
5476.38
5163.02
4849.63
4533.76
4188.39
3784.47
3310.2
2763.61
2093.79
1400.99
362.151
24907.5
23978.7
23500.5
22943.9
22457.8
22002
21580.6
21190.3
20828.8
20493.8
20177.1
19865.8
19554.3
19242.7
18931
18619.1
18307.2
17995.1
17683
17370.7
17058.4
16745.9
16433.5
16120.9
15808.3
15495.6
15182.9
14870.1
14557.3
14244.4
13931.5
13618.6
13305.6
12992.6
12679.6
12366.6
12053.5
11740.5
11427.4
11114.3
10801.2
10488
10174.9
9861.74
9548.57
9235.4
8922.22
8609.03
8295.83
7982.62
7669.4
7356.16
7042.91
6729.66
6416.38
6103.09
5789.78
5476.45
5163.1
4849.73
4533.89
4188.56
3784.65
3310.53
2763.94
2094.15
1402.52
360.038
24923.8
23986.9
23503.9
22946.5
22458.9
22002.7
21581
21190.5
20828.9
20493.9
20177.2
19865.8
19554.4
19242.8
18931
18619.2
18307.2
17995.2
17683
17370.7
17058.4
16746
16433.5
16120.9
15808.3
15495.6
15182.9
14870.1
14557.3
14244.4
13931.5
13618.6
13305.6
12992.6
12679.6
12366.6
12053.5
11740.5
11427.4
11114.3
10801.2
10488
10174.9
9861.74
9548.58
9235.41
8922.23
8609.04
8295.84
7982.63
7669.41
7356.19
7042.94
6729.69
6416.43
6103.15
5789.85
5476.54
5163.21
4849.86
4534.03
4188.74
3784.85
3310.86
2764.19
2094.55
1403.66
358.052
24936.2
23994.1
23506.7
22948.9
22460
22003.4
21581.4
21190.8
20829
20494
20177.3
19865.9
19554.4
19242.8
18931.1
18619.2
18307.3
17995.2
17683
17370.8
17058.4
16746
16433.5
16121
15808.3
15495.6
15182.9
14870.1
14557.3
14244.4
13931.5
13618.6
13305.6
12992.6
12679.6
12366.6
12053.5
11740.5
11427.4
11114.3
10801.2
10488
10174.9
9861.74
9548.58
9235.42
8922.24
8609.05
8295.86
7982.65
7669.44
7356.22
7042.98
6729.74
6416.48
6103.21
5789.93
5476.63
5163.32
4849.99
4534.19
4188.92
3785.04
3311.19
2764.37
2094.96
1404.48
356.227
24943.3
23999.2
23508
22950.5
22460.6
22003.8
21581.6
21190.9
20829.1
20494.1
20177.4
19866
19554.5
19242.9
18931.1
18619.3
18307.3
17995.3
17683.1
17370.8
17058.5
16746.1
16433.6
16121
15808.4
15495.7
15182.9
14870.1
14557.3
14244.4
13931.5
13618.6
13305.6
12992.6
12679.6
12366.6
12053.5
11740.5
11427.4
11114.3
10801.2
10488
10174.9
9861.75
9548.59
9235.43
8922.25
8609.07
8295.88
7982.68
7669.47
7356.26
7043.03
6729.79
6416.55
6103.29
5790.02
5476.74
5163.44
4850.13
4534.35
4189.11
3785.23
3311.5
2764.5
2095.38
1405.04
354.562
24943.7
24001
23507.2
22950.9
22460.4
22003.7
21581.6
21190.9
20829.1
20494.1
20177.4
19866
19554.5
19242.9
18931.2
18619.4
18307.4
17995.3
17683.2
17370.9
17058.5
16746.1
16433.6
16121
15808.4
15495.7
15183
14870.2
14557.3
14244.5
13931.5
13618.6
13305.6
12992.7
12679.6
12366.6
12053.5
11740.5
11427.4
11114.3
10801.2
10488
10174.9
9861.76
9548.6
9235.44
8922.27
8609.09
8295.9
7982.71
7669.51
7356.3
7043.08
6729.86
6416.62
6103.38
5790.12
5476.86
5163.58
4850.28
4534.52
4189.3
3785.42
3311.8
2764.59
2095.78
1405.37
353.05
24935.8
23998.8
23503.7
22949.5
22459.3
22003.1
21581.2
21190.7
20829
20494.1
20177.4
19866
19554.6
19243
18931.3
18619.4
18307.5
17995.4
17683.2
17370.9
17058.6
16746.1
16433.6
16121.1
15808.4
15495.7
15183
14870.2
14557.3
14244.5
13931.6
13618.6
13305.7
12992.7
12679.6
12366.6
12053.5
11740.5
11427.4
11114.3
10801.2
10488
10174.9
9861.77
9548.62
9235.46
8922.29
8609.11
8295.93
7982.74
7669.55
7356.35
7043.14
6729.93
6416.7
6103.47
5790.23
5476.98
5163.72
4850.44
4534.7
4189.49
3785.62
3312.09
2764.65
2096.2
1405.5
351.688
24918.2
23992.1
23497.3
22946.5
22457.2
22001.9
21580.5
21190.3
20828.8
20494
20177.4
19866.1
19554.7
19243.1
18931.4
18619.5
18307.5
17995.5
17683.3
17371
17058.6
16746.2
16433.7
16121.1
15808.5
15495.7
15183
14870.2
14557.4
14244.5
13931.6
13618.6
13305.7
12992.7
12679.6
12366.6
12053.6
11740.5
11427.4
11114.3
10801.2
10488.1
10174.9
9861.78
9548.63
9235.47
8922.3
8609.13
8295.96
7982.78
7669.59
7356.4
7043.2
6730
6416.79
6103.57
5790.35
5477.11
5163.87
4850.61
4534.89
4189.71
3785.84
3312.39
2764.71
2096.68
1405.44
350.478
24889.1
23981
23488
22942
22454.3
22000.3
21579.6
21189.8
20828.6
20493.9
20177.4
19866.1
19554.7
19243.2
18931.5
18619.6
18307.6
17995.6
17683.4
17371.1
17058.7
16746.3
16433.7
16121.1
15808.5
15495.8
15183
14870.2
14557.4
14244.5
13931.6
13618.6
13305.7
12992.7
12679.6
12366.6
12053.6
11740.5
11427.4
11114.3
10801.2
10488.1
10174.9
9861.78
9548.63
9235.48
8922.32
8609.15
8295.98
7982.81
7669.63
7356.45
7043.26
6730.07
6416.87
6103.67
5790.47
5477.25
5164.03
4850.79
4535.1
4189.94
3786.08
3312.74
2764.78
2097.32
1405.15
349.463
24850.4
23969.8
23479.1
22938.9
22452.9
22000
21579.8
21190.2
20829.1
20494.4
20177.9
19866.6
19555.2
19243.5
18931.8
18619.9
18307.9
17995.7
17683.5
17371.2
17058.8
16746.3
16433.8
16121.2
15808.5
15495.8
15183
14870.2
14557.4
14244.5
13931.6
13618.6
13305.7
12992.7
12679.6
12366.6
12053.6
11740.5
11427.4
11114.3
10801.2
10488.1
10174.9
9861.78
9548.64
9235.48
8922.32
8609.16
8296
7982.83
7669.66
7356.48
7043.31
6730.13
6416.95
6103.77
5790.59
5477.41
5164.22
4851.02
4535.37
4190.26
3786.45
3313.27
2764.99
2098.41
1404.47
348.456
24797.3
23956.6
23467.4
22934.4
22450.5
21998.9
21579.4
21190.2
20829.2
20494.6
20178.1
19866.8
19555.4
19243.7
18932
18620
18308
17995.9
17683.6
17371.3
17058.9
16746.4
16433.8
16121.2
15808.5
15495.8
15183.1
14870.2
14557.4
14244.5
13931.6
13618.6
13305.7
12992.7
12679.6
12366.6
12053.5
11740.5
11427.4
11114.3
10801.2
10488.1
10174.9
9861.78
9548.64
9235.48
8922.33
8609.17
8296.01
7982.84
7669.68
7356.51
7043.35
6730.18
6417.01
6103.85
5790.69
5477.53
5164.37
4851.2
4535.59
4190.52
3786.76
3313.79
2765.01
2100.01
1403.3
348.258
24766.7
23986.2
23482.5
22951.1
22463.1
22008.7
21586.8
21195.8
20833.6
20498
20180.8
19868.9
19557
19245
18932.9
18620.8
18308.6
17996.3
17683.9
17371.5
17059.1
16746.5
16433.9
16121.3
15808.6
15495.9
15183.1
14870.3
14557.4
14244.5
13931.6
13618.6
13305.7
12992.7
12679.6
12366.6
12053.5
11740.5
11427.4
11114.3
10801.2
10488
10174.9
9861.75
9548.6
9235.45
8922.29
8609.13
8295.96
7982.8
7669.63
7356.47
7043.31
6730.15
6417.01
6103.87
5790.75
5477.65
5164.56
4851.5
4536.03
4191.14
3787.65
3315.35
2766
2105.62
1400.58
343.961
24813
23984.6
23489.5
22942
22455.4
21999.6
21578.1
21187.7
20826.1
20491.3
20174.7
19863.5
19552.2
19240.7
18929.2
18617.5
18305.7
17993.8
17681.8
17369.7
17057.5
16745.2
16432.8
16120.3
15807.8
15495.1
15182.5
14869.7
14557
14244.1
13931.3
13618.4
13305.5
12992.5
12679.5
12366.5
12053.4
11740.4
11427.3
11114.2
10801.1
10488
10174.9
9861.73
9548.58
9235.42
8922.25
8609.06
8295.87
7982.66
7669.44
7356.2
7042.95
6729.68
6416.39
6103.07
5789.72
5476.34
5162.92
4849.46
4533.49
4187.96
3783.72
3309.47
2759.94
2094.29
1381.46
413.25
24801
23966.3
23485.1
22937.2
22453.3
21998.1
21577.3
21187.2
20825.9
20491.2
20174.7
19863.5
19552.2
19240.8
18929.2
18617.5
18305.7
17993.8
17681.8
17369.7
17057.5
16745.2
16432.8
16120.3
15807.7
15495.1
15182.5
14869.7
14557
14244.1
13931.3
13618.4
13305.4
12992.5
12679.5
12366.5
12053.4
11740.4
11427.3
11114.2
10801.1
10488
10174.9
9861.72
9548.57
9235.41
8922.23
8609.05
8295.85
7982.64
7669.41
7356.18
7042.92
6729.65
6416.35
6103.04
5789.69
5476.31
5162.89
4849.43
4533.47
4187.94
3783.78
3309.35
2760.65
2093.97
1385.09
368.862
24805.5
23954.8
23483.1
22933.9
22451.7
21997.1
21576.7
21186.9
20825.7
20491
20174.6
19863.4
19552.2
19240.8
18929.2
18617.5
18305.8
17993.8
17681.8
17369.7
17057.5
16745.2
16432.8
16120.3
15807.7
15495.1
15182.5
14869.7
14556.9
14244.1
13931.3
13618.4
13305.4
12992.5
12679.5
12366.5
12053.4
11740.4
11427.3
11114.2
10801.1
10488
10174.9
9861.71
9548.56
9235.4
8922.22
8609.03
8295.83
7982.62
7669.4
7356.16
7042.9
6729.63
6416.34
6103.02
5789.67
5476.3
5162.88
4849.43
4533.48
4187.97
3783.88
3309.33
2761.42
2093.45
1389.9
366.746
24818.8
23950.2
23482.5
22932.1
22450.6
21996.3
21576.2
21186.5
20825.4
20490.9
20174.5
19863.4
19552.2
19240.8
18929.2
18617.6
18305.8
17993.9
17681.8
17369.7
17057.5
16745.2
16432.8
16120.3
15807.7
15495.1
15182.4
14869.7
14556.9
14244.1
13931.3
13618.4
13305.4
12992.5
12679.5
12366.5
12053.4
11740.4
11427.3
11114.2
10801.1
10488
10174.8
9861.71
9548.55
9235.39
8922.21
8609.02
8295.82
7982.61
7669.39
7356.15
7042.89
6729.62
6416.33
6103.01
5789.67
5476.3
5162.9
4849.46
4533.52
4188.04
3784
3309.43
2762.1
2093.21
1393.71
367.59
24836
23950.3
23483
22931.6
22450
21995.8
21575.8
21186.3
20825.3
20490.8
20174.4
19863.4
19552.1
19240.8
18929.2
18617.6
18305.8
17993.9
17681.8
17369.7
17057.5
16745.2
16432.8
16120.3
15807.7
15495.1
15182.4
14869.7
14556.9
14244.1
13931.3
13618.4
13305.4
12992.5
12679.5
12366.5
12053.4
11740.4
11427.3
11114.2
10801.1
10488
10174.8
9861.7
9548.55
9235.38
8922.2
8609.02
8295.82
7982.6
7669.38
7356.14
7042.89
6729.62
6416.33
6103.02
5789.68
5476.32
5162.93
4849.5
4533.58
4188.14
3784.14
3309.63
2762.68
2093.21
1396.69
365.359
24855.4
23954.1
23484.9
22932.3
22450
21995.8
21575.7
21186.2
20825.2
20490.7
20174.4
19863.3
19552.1
19240.8
18929.2
18617.6
18305.8
17993.9
17681.9
17369.7
17057.5
16745.2
16432.8
16120.3
15807.7
15495.1
15182.5
14869.7
14556.9
14244.1
13931.3
13618.4
13305.4
12992.5
12679.5
12366.5
12053.4
11740.4
11427.3
11114.2
10801.1
10488
10174.8
9861.7
9548.54
9235.38
8922.2
8609.01
8295.81
7982.6
7669.38
7356.14
7042.89
6729.63
6416.34
6103.04
5789.71
5476.36
5162.98
4849.57
4533.67
4188.26
3784.3
3309.9
2763.17
2093.38
1399.16
363.03
24875.3
23960.7
23487.8
22934
22450.5
21996
21575.7
21186.2
20825.2
20490.7
20174.4
19863.4
19552.1
19240.8
18929.3
18617.6
18305.8
17993.9
17681.9
17369.8
17057.5
16745.2
16432.8
16120.3
15807.8
15495.1
15182.5
14869.7
14556.9
14244.1
13931.3
13618.4
13305.4
12992.5
12679.5
12366.4
12053.4
11740.4
11427.3
11114.2
10801.1
10488
10174.8
9861.7
9548.54
9235.37
8922.2
8609.01
8295.81
7982.61
7669.38
7356.15
7042.9
6729.64
6416.36
6103.07
5789.75
5476.41
5163.05
4849.66
4533.78
4188.41
3784.48
3310.21
2763.57
2093.67
1401.14
360.87
24894.1
23968.6
23491.3
22936.4
22451.4
21996.6
21576
21186.3
20825.3
20490.8
20174.4
19863.4
19552.2
19240.8
18929.3
18617.7
18305.9
17994
17681.9
17369.8
17057.6
16745.2
16432.8
16120.3
15807.8
15495.2
15182.5
14869.7
14557
14244.1
13931.3
13618.4
13305.4
12992.5
12679.5
12366.5
12053.4
11740.4
11427.3
11114.2
10801.1
10488
10174.8
9861.7
9548.54
9235.38
8922.2
8609.02
8295.82
7982.61
7669.4
7356.17
7042.93
6729.67
6416.4
6103.11
5789.8
5476.48
5163.13
4849.76
4533.91
4188.58
3784.66
3310.54
2763.89
2094.04
1402.65
358.782
24910.3
23976.8
23494.7
22939.1
22452.5
21997.3
21576.4
21186.5
20825.4
20490.9
20174.5
19863.4
19552.2
19240.9
18929.4
18617.7
18305.9
17994
17682
17369.8
17057.6
16745.3
16432.9
16120.4
15807.8
15495.2
15182.5
14869.8
14557
14244.1
13931.3
13618.4
13305.4
12992.5
12679.5
12366.5
12053.4
11740.4
11427.3
11114.2
10801.1
10488
10174.8
9861.7
9548.55
9235.38
8922.21
8609.02
8295.83
7982.63
7669.42
7356.19
7042.96
6729.71
6416.44
6103.17
5789.87
5476.56
5163.23
4849.88
4534.06
4188.76
3784.86
3310.87
2764.13
2094.45
1403.77
356.825
24922.7
23983.9
23497.4
22941.4
22453.6
21998
21576.8
21186.8
20825.5
20491
20174.6
19863.5
19552.3
19240.9
18929.4
18617.8
18306
17994
17682
17369.9
17057.6
16745.3
16432.9
16120.4
15807.8
15495.2
15182.5
14869.8
14557
14244.2
13931.3
13618.4
13305.4
12992.5
12679.5
12366.5
12053.4
11740.4
11427.3
11114.2
10801.1
10488
10174.8
9861.7
9548.55
9235.39
8922.22
8609.04
8295.85
7982.65
7669.44
7356.22
7042.99
6729.75
6416.5
6103.23
5789.95
5476.66
5163.34
4850.01
4534.21
4188.94
3785.05
3311.2
2764.31
2094.87
1404.57
355.024
24929.7
23988.9
23498.7
22943
22454.1
21998.4
21577
21186.9
20825.6
20491
20174.6
19863.6
19552.4
19241
18929.5
18617.8
18306
17994.1
17682.1
17369.9
17057.7
16745.3
16432.9
16120.4
15807.9
15495.2
15182.5
14869.8
14557
14244.2
13931.3
13618.4
13305.4
12992.5
12679.5
12366.5
12053.4
11740.4
11427.3
11114.2
10801.1
10488
10174.8
9861.71
9548.56
9235.4
8922.23
8609.06
8295.87
7982.68
7669.47
7356.26
7043.04
6729.81
6416.57
6103.31
5790.05
5476.76
5163.47
4850.15
4534.38
4189.13
3785.24
3311.5
2764.43
2095.29
1405.11
353.371
24930
23990.7
23497.9
22943.3
22454
21998.3
21576.9
21186.9
20825.6
20491.1
20174.7
19863.6
19552.4
19241
18929.5
18617.9
18306.1
17994.2
17682.1
17370
17057.7
16745.4
16433
16120.5
15807.9
15495.3
15182.6
14869.8
14557
14244.2
13931.3
13618.4
13305.5
12992.5
12679.5
12366.5
12053.4
11740.4
11427.3
11114.2
10801.1
10488
10174.9
9861.72
9548.57
9235.42
8922.25
8609.08
8295.9
7982.71
7669.51
7356.31
7043.1
6729.87
6416.64
6103.4
5790.15
5476.88
5163.6
4850.3
4534.54
4189.31
3785.43
3311.8
2764.51
2095.71
1405.42
351.853
24922.1
23988.4
23494.3
22941.9
22452.8
21997.6
21576.5
21186.6
20825.5
20491
20174.7
19863.6
19552.4
19241.1
18929.6
18617.9
18306.1
17994.2
17682.2
17370
17057.8
16745.4
16433
16120.5
15807.9
15495.3
15182.6
14869.8
14557
14244.2
13931.3
13618.4
13305.5
12992.5
12679.5
12366.5
12053.4
11740.4
11427.3
11114.2
10801.1
10488
10174.9
9861.73
9548.58
9235.43
8922.27
8609.1
8295.92
7982.74
7669.55
7356.36
7043.15
6729.94
6416.72
6103.49
5790.26
5477
5163.74
4850.46
4534.72
4189.51
3785.62
3312.08
2764.57
2096.12
1405.54
350.461
24904.4
23981.7
23487.9
22938.9
22450.7
21996.4
21575.8
21186.2
20825.3
20490.9
20174.6
19863.7
19552.5
19241.2
18929.7
18618
18306.2
17994.3
17682.2
17370.1
17057.8
16745.5
16433
16120.5
15807.9
15495.3
15182.6
14869.8
14557
14244.2
13931.3
13618.4
13305.5
12992.5
12679.5
12366.5
12053.4
11740.4
11427.3
11114.2
10801.1
10488
10174.9
9861.74
9548.59
9235.44
8922.29
8609.12
8295.95
7982.77
7669.59
7356.41
7043.21
6730.01
6416.81
6103.59
5790.37
5477.14
5163.89
4850.63
4534.91
4189.72
3785.83
3312.39
2764.62
2096.6
1405.46
349.197
24875.2
23970.5
23478.5
22934.3
22447.8
21994.7
21574.8
21185.7
20825
20490.8
20174.6
19863.7
19552.6
19241.3
18929.8
18618.1
18306.3
17994.4
17682.3
17370.2
17057.9
16745.5
16433.1
16120.6
15808
15495.3
15182.6
14869.9
14557.1
14244.2
13931.3
13618.4
13305.5
12992.5
12679.5
12366.5
12053.4
11740.4
11427.3
11114.2
10801.1
10488
10174.9
9861.74
9548.6
9235.45
8922.3
8609.14
8295.98
7982.81
7669.63
7356.45
7043.27
6730.08
6416.89
6103.69
5790.49
5477.28
5164.05
4850.81
4535.12
4189.95
3786.08
3312.74
2764.69
2097.23
1405.15
348.106
24836.4
23959.2
23469.5
22931.1
22446.3
21994.4
21575
21186.1
20825.5
20491.3
20175.1
19864.2
19553
19241.6
18930.1
18618.4
18306.5
17994.6
17682.5
17370.3
17058
16745.6
16433.1
16120.6
15808
15495.4
15182.6
14869.9
14557.1
14244.2
13931.3
13618.4
13305.5
12992.5
12679.5
12366.5
12053.4
11740.4
11427.3
11114.2
10801.1
10488
10174.9
9861.74
9548.6
9235.46
8922.31
8609.15
8295.99
7982.83
7669.66
7356.49
7043.32
6730.15
6416.97
6103.79
5790.61
5477.43
5164.24
4851.05
4535.39
4190.27
3786.45
3313.27
2764.91
2098.32
1404.47
347.016
24783.1
23945.9
23457.8
22926.6
22443.8
21993.3
21574.6
21186
20825.6
20491.5
20175.3
19864.4
19553.2
19241.8
18930.2
18618.5
18306.7
17994.7
17682.6
17370.4
17058
16745.7
16433.2
16120.6
15808
15495.4
15182.7
14869.9
14557.1
14244.2
13931.3
13618.4
13305.5
12992.5
12679.5
12366.5
12053.4
11740.4
11427.3
11114.2
10801.1
10488
10174.9
9861.74
9548.6
9235.46
8922.31
8609.16
8296
7982.84
7669.68
7356.52
7043.36
6730.2
6417.03
6103.87
5790.71
5477.55
5164.39
4851.23
4535.61
4190.54
3786.77
3313.8
2764.93
2099.94
1403.3
346.753
24752.6
23975.5
23473
22943.3
22456.5
22003.1
21582.1
21191.7
20830
20494.9
20178
19866.5
19554.8
19243.1
18931.2
18619.3
18307.3
17995.1
17682.9
17370.6
17058.3
16745.8
16433.3
16120.7
15808.1
15495.4
15182.7
14869.9
14557.1
14244.2
13931.4
13618.4
13305.5
12992.5
12679.5
12366.5
12053.4
11740.4
11427.3
11114.2
10801.1
10488
10174.8
9861.71
9548.57
9235.42
8922.27
8609.11
8295.95
7982.79
7669.63
7356.48
7043.32
6730.17
6417.03
6103.9
5790.78
5477.68
5164.6
4851.55
4536.07
4191.19
3787.71
3315.42
2766.03
2105.7
1400.73
342.542
24798.8
23974
23480
22934.4
22449
21994.2
21573.5
21183.8
20822.7
20488.3
20172.1
19861.2
19550.1
19238.9
18927.6
18616.1
18304.5
17992.7
17680.8
17368.8
17056.7
16744.5
16432.2
16119.8
15807.3
15494.7
15182.1
14869.4
14556.7
14243.9
13931.1
13618.2
13305.3
12992.3
12679.4
12366.4
12053.3
11740.3
11427.2
11114.2
10801.1
10488
10174.8
9861.7
9548.56
9235.4
8922.23
8609.05
8295.86
7982.66
7669.44
7356.21
7042.97
6729.7
6416.41
6103.1
5789.75
5476.37
5162.96
4849.5
4533.53
4188
3783.75
3309.51
2759.95
2094.27
1381.69
413.11
24786.8
23955.8
23475.6
22929.7
22446.8
21992.7
21572.7
21183.3
20822.5
20488.2
20172
19861.2
19550.1
19238.9
18927.6
18616.1
18304.5
17992.7
17680.8
17368.8
17056.7
16744.5
16432.2
16119.8
15807.3
15494.7
15182.1
14869.4
14556.7
14243.9
13931
13618.2
13305.3
12992.3
12679.4
12366.4
12053.3
11740.3
11427.2
11114.1
10801.1
10487.9
10174.8
9861.69
9548.54
9235.39
8922.22
8609.04
8295.84
7982.64
7669.42
7356.19
7042.94
6729.67
6416.38
6103.06
5789.72
5476.34
5162.93
4849.47
4533.51
4187.98
3783.82
3309.39
2760.65
2093.93
1385.3
367.788
24791.3
23944.3
23473.6
22926.4
22445.2
21991.7
21572.1
21182.9
20822.2
20488
20171.9
19861.1
19550.1
19238.9
18927.6
18616.1
18304.5
17992.7
17680.8
17368.8
17056.7
16744.5
16432.2
16119.8
15807.3
15494.7
15182.1
14869.4
14556.7
14243.9
13931
13618.2
13305.3
12992.3
12679.3
12366.3
12053.3
11740.3
11427.2
11114.1
10801
10487.9
10174.8
9861.68
9548.53
9235.37
8922.2
8609.02
8295.83
7982.62
7669.4
7356.17
7042.92
6729.65
6416.36
6103.05
5789.7
5476.33
5162.92
4849.47
4533.52
4188.01
3783.91
3309.37
2761.41
2093.38
1390.11
365.37
24804.6
23939.8
23472.9
22924.6
22444.2
21990.9
21571.6
21182.6
20822
20487.9
20171.9
19861.1
19550.1
19238.9
18927.6
18616.1
18304.5
17992.8
17680.9
17368.8
17056.7
16744.5
16432.2
16119.8
15807.3
15494.7
15182.1
14869.4
14556.7
14243.9
13931
13618.2
13305.3
12992.3
12679.3
12366.3
12053.3
11740.3
11427.2
11114.1
10801
10487.9
10174.8
9861.67
9548.53
9235.37
8922.19
8609.01
8295.82
7982.61
7669.39
7356.16
7042.91
6729.64
6416.35
6103.04
5789.7
5476.34
5162.93
4849.5
4533.56
4188.08
3784.03
3309.47
2762.08
2093.13
1393.91
366.183
24821.9
23939.9
23473.5
22924.1
22443.6
21990.5
21571.2
21182.3
20821.9
20487.8
20171.8
19861
19550.1
19238.9
18927.6
18616.2
18304.5
17992.8
17680.9
17368.9
17056.7
16744.5
16432.2
16119.8
15807.3
15494.7
15182.1
14869.4
14556.6
14243.9
13931
13618.2
13305.2
12992.3
12679.3
12366.3
12053.3
11740.3
11427.2
11114.1
10801
10487.9
10174.8
9861.67
9548.52
9235.36
8922.19
8609.01
8295.81
7982.61
7669.39
7356.15
7042.9
6729.64
6416.35
6103.05
5789.71
5476.35
5162.96
4849.54
4533.62
4188.17
3784.17
3309.66
2762.65
2093.12
1396.88
363.934
24841.3
23943.8
23475.4
22924.8
22443.6
21990.4
21571.1
21182.2
20821.8
20487.7
20171.8
19861
19550.1
19238.9
18927.6
18616.2
18304.6
17992.8
17680.9
17368.9
17056.7
16744.5
16432.2
16119.8
15807.3
15494.7
15182.1
14869.4
14556.7
14243.9
13931
13618.2
13305.2
12992.3
12679.3
12366.3
12053.3
11740.3
11427.2
11114.1
10801
10487.9
10174.8
9861.66
9548.51
9235.35
8922.18
8609
8295.81
7982.6
7669.38
7356.15
7042.91
6729.65
6416.36
6103.06
5789.74
5476.39
5163.01
4849.61
4533.71
4188.3
3784.32
3309.93
2763.13
2093.29
1399.34
361.608
24861.1
23950.3
23478.3
22926.5
22444.1
21990.6
21571.2
21182.2
20821.8
20487.7
20171.8
19861
19550.1
19239
18927.7
18616.2
18304.6
17992.8
17680.9
17368.9
17056.8
16744.5
16432.2
16119.8
15807.3
15494.7
15182.1
14869.4
14556.7
14243.9
13931
13618.2
13305.2
12992.3
12679.3
12366.3
12053.3
11740.3
11427.2
11114.1
10801
10487.9
10174.8
9861.66
9548.51
9235.35
8922.18
8609
8295.81
7982.61
7669.39
7356.16
7042.92
6729.66
6416.39
6103.09
5789.78
5476.44
5163.08
4849.69
4533.82
4188.45
3784.5
3310.23
2763.52
2093.59
1401.29
359.478
24879.9
23958.2
23481.7
22928.9
22445
21991.2
21571.4
21182.4
20821.9
20487.8
20171.8
19861.1
19550.1
19239
18927.7
18616.2
18304.6
17992.9
17681
17368.9
17056.8
16744.6
16432.2
16119.8
15807.3
15494.7
15182.1
14869.4
14556.7
14243.9
13931
13618.2
13305.3
12992.3
12679.3
12366.3
12053.3
11740.3
11427.2
11114.1
10801
10487.9
10174.8
9861.66
9548.51
9235.36
8922.19
8609.01
8295.82
7982.62
7669.4
7356.18
7042.94
6729.69
6416.42
6103.14
5789.84
5476.51
5163.17
4849.8
4533.95
4188.61
3784.68
3310.56
2763.83
2093.97
1402.78
357.431
24896.1
23966.4
23485.1
22931.5
22446.1
21991.9
21571.8
21182.6
20822
20487.9
20171.9
19861.1
19550.2
19239.1
18927.8
18616.3
18304.7
17992.9
17681
17369
17056.8
16744.6
16432.3
16119.8
15807.3
15494.8
15182.1
14869.4
14556.7
14243.9
13931
13618.2
13305.3
12992.3
12679.3
12366.3
12053.3
11740.3
11427.2
11114.1
10801
10487.9
10174.8
9861.66
9548.52
9235.36
8922.19
8609.02
8295.83
7982.63
7669.42
7356.2
7042.97
6729.73
6416.47
6103.19
5789.9
5476.6
5163.27
4849.92
4534.09
4188.79
3784.87
3310.9
2764.07
2094.4
1403.88
355.516
24908.4
23973.5
23487.9
22933.9
22447.1
21992.6
21572.2
21182.8
20822.1
20488
20172
19861.2
19550.2
19239.1
18927.8
18616.3
18304.7
17992.9
17681
17369
17056.9
16744.6
16432.3
16119.9
15807.4
15494.8
15182.1
14869.4
14556.7
14243.9
13931.1
13618.2
13305.3
12992.3
12679.3
12366.3
12053.3
11740.3
11427.2
11114.1
10801
10487.9
10174.8
9861.67
9548.52
9235.37
8922.2
8609.03
8295.84
7982.65
7669.45
7356.24
7043.01
6729.77
6416.52
6103.26
5789.98
5476.69
5163.38
4850.05
4534.25
4188.97
3785.06
3311.22
2764.24
2094.84
1404.66
353.749
24915.3
23978.5
23489.1
22935.5
22447.7
21993
21572.4
21183
20822.2
20488.1
20172
19861.3
19550.3
19239.2
18927.9
18616.4
18304.8
17993
17681.1
17369.1
17056.9
16744.7
16432.3
16119.9
15807.4
15494.8
15182.2
14869.5
14556.7
14243.9
13931.1
13618.2
13305.3
12992.3
12679.3
12366.3
12053.3
11740.3
11427.2
11114.1
10801
10487.9
10174.8
9861.68
9548.53
9235.38
8922.22
8609.05
8295.87
7982.68
7669.48
7356.27
7043.06
6729.83
6416.59
6103.34
5790.08
5476.8
5163.5
4850.19
4534.41
4189.15
3785.25
3311.53
2764.35
2095.27
1405.17
352.114
24915.6
23980.2
23488.2
22935.7
22447.5
21992.9
21572.3
21182.9
20822.2
20488.1
20172
19861.3
19550.4
19239.2
18927.9
18616.5
18304.8
17993.1
17681.2
17369.1
17057
16744.7
16432.4
16119.9
15807.4
15494.8
15182.2
14869.5
14556.7
14243.9
13931.1
13618.2
13305.3
12992.3
12679.4
12366.4
12053.3
11740.3
11427.2
11114.1
10801
10487.9
10174.8
9861.69
9548.55
9235.39
8922.24
8609.07
8295.89
7982.71
7669.52
7356.32
7043.11
6729.89
6416.67
6103.43
5790.18
5476.91
5163.63
4850.34
4534.57
4189.34
3785.44
3311.82
2764.42
2095.68
1405.46
350.592
24907.5
23977.8
23484.6
22934.3
22446.3
21992.2
21571.9
21182.6
20822.1
20488
20172
19861.3
19550.4
19239.3
18928
18616.5
18304.9
17993.1
17681.2
17369.2
17057
16744.8
16432.4
16120
15807.5
15494.9
15182.2
14869.5
14556.7
14243.9
13931.1
13618.2
13305.3
12992.3
12679.4
12366.4
12053.3
11740.3
11427.2
11114.1
10801
10487.9
10174.8
9861.7
9548.56
9235.41
8922.25
8609.09
8295.92
7982.74
7669.56
7356.37
7043.17
6729.96
6416.75
6103.52
5790.28
5477.04
5163.77
4850.49
4534.75
4189.53
3785.63
3312.1
2764.47
2096.1
1405.55
349.165
24889.7
23971
23478.1
22931.1
22444.1
21990.9
21571.1
21182.2
20821.8
20487.9
20172
19861.3
19550.4
19239.3
18928.1
18616.6
18305
17993.2
17681.3
17369.2
17057.1
16744.8
16432.4
16120
15807.5
15494.9
15182.2
14869.5
14556.8
14244
13931.1
13618.2
13305.3
12992.3
12679.4
12366.4
12053.3
11740.3
11427.2
11114.1
10801.1
10487.9
10174.8
9861.7
9548.57
9235.42
8922.27
8609.11
8295.95
7982.78
7669.6
7356.42
7043.23
6730.03
6416.83
6103.62
5790.4
5477.17
5163.92
4850.66
4534.94
4189.74
3785.84
3312.4
2764.51
2096.57
1405.45
347.836
24860.4
23959.7
23468.6
22926.5
22441.1
21989.2
21570.1
21181.6
20821.5
20487.7
20171.9
19861.3
19550.5
19239.4
18928.1
18616.7
18305
17993.3
17681.3
17369.3
17057.1
16744.8
16432.5
16120
15807.5
15494.9
15182.3
14869.5
14556.8
14244
13931.1
13618.2
13305.3
12992.3
12679.4
12366.4
12053.3
11740.3
11427.2
11114.1
10801.1
10487.9
10174.8
9861.71
9548.57
9235.43
8922.29
8609.13
8295.97
7982.81
7669.64
7356.47
7043.29
6730.1
6416.92
6103.72
5790.52
5477.31
5164.08
4850.84
4535.14
4189.97
3786.08
3312.74
2764.57
2097.19
1405.12
346.65
24821.4
23948.3
23459.6
22923.2
22439.6
21988.8
21570.2
21182
20822
20488.2
20172.4
19861.8
19550.9
19239.7
18928.4
18616.9
18305.3
17993.4
17681.5
17369.4
17057.2
16744.9
16432.5
16120.1
15807.5
15494.9
15182.3
14869.6
14556.8
14244
13931.1
13618.2
13305.3
12992.3
12679.4
12366.4
12053.3
11740.3
11427.2
11114.1
10801.1
10487.9
10174.8
9861.71
9548.58
9235.44
8922.29
8609.14
8295.99
7982.83
7669.67
7356.5
7043.33
6730.17
6417
6103.82
5790.64
5477.46
5164.28
4851.08
4535.42
4190.3
3786.46
3313.28
2764.79
2098.29
1404.42
345.448
24768.1
23934.9
23447.9
22918.7
22437.1
21987.7
21569.8
21181.9
20822.1
20488.4
20172.6
19862
19551.1
19239.9
18928.6
18617.1
18305.4
17993.5
17681.6
17369.5
17057.3
16745
16432.6
16120.1
15807.6
15495
15182.3
14869.6
14556.8
14244
13931.1
13618.2
13305.3
12992.3
12679.4
12366.4
12053.3
11740.3
11427.2
11114.1
10801
10487.9
10174.8
9861.71
9548.58
9235.44
8922.29
8609.15
8296
7982.84
7669.69
7356.53
7043.37
6730.22
6417.06
6103.9
5790.75
5477.59
5164.43
4851.26
4535.65
4190.57
3786.78
3313.81
2764.84
2099.91
1403.25
345.099
24737.5
23964.4
23463.2
22935.4
22449.9
21997.5
21577.3
21187.7
20826.5
20491.8
20175.3
19864.1
19552.7
19241.2
18929.6
18617.9
18306
17994
17681.9
17369.8
17057.5
16745.1
16432.7
16120.2
15807.6
15495
15182.3
14869.6
14556.8
14244
13931.1
13618.2
13305.3
12992.3
12679.4
12366.4
12053.3
11740.3
11427.2
11114.1
10801
10487.9
10174.8
9861.68
9548.55
9235.4
8922.26
8609.11
8295.95
7982.8
7669.64
7356.49
7043.34
6730.2
6417.06
6103.94
5790.82
5477.73
5164.65
4851.6
4536.13
4191.25
3787.77
3315.5
2766.05
2105.83
1400.83
340.905
24783.7
23963.3
23470.3
22926.8
22442.5
21988.8
21569
21179.9
20819.4
20485.4
20169.6
19859
19548.2
19237.2
18926.1
18614.8
18303.3
17991.7
17679.9
17368
17056
16743.9
16431.6
16119.3
15806.9
15494.4
15181.8
14869.1
14556.4
14243.7
13930.9
13618
13305.1
12992.2
12679.2
12366.3
12053.2
11740.2
11427.2
11114.1
10801
10487.9
10174.8
9861.67
9548.53
9235.38
8922.22
8609.05
8295.86
7982.66
7669.45
7356.23
7042.99
6729.72
6416.44
6103.13
5789.79
5476.42
5163.01
4849.55
4533.59
4188.06
3783.81
3309.58
2759.96
2094.32
1382.01
413.062
24771.8
23945.1
23465.9
22922
22440.3
21987.4
21568.2
21179.5
20819.2
20485.3
20169.5
19858.9
19548.2
19237.2
18926.1
18614.8
18303.3
17991.7
17679.9
17368
17056
16743.9
16431.6
16119.3
15806.9
15494.3
15181.8
14869.1
14556.4
14243.6
13930.8
13618
13305.1
12992.2
12679.2
12366.2
12053.2
11740.2
11427.2
11114.1
10801
10487.9
10174.8
9861.66
9548.52
9235.37
8922.21
8609.03
8295.84
7982.64
7669.43
7356.2
7042.96
6729.69
6416.41
6103.1
5789.76
5476.39
5162.98
4849.53
4533.57
4188.04
3783.87
3309.47
2760.66
2093.95
1385.57
366.575
24776.4
23933.7
23463.8
22918.8
22438.8
21986.3
21567.5
21179
20818.9
20485.1
20169.4
19858.9
19548.2
19237.2
18926.1
18614.8
18303.3
17991.7
17679.9
17368
17056
16743.9
16431.6
16119.3
15806.8
15494.3
15181.8
14869.1
14556.4
14243.6
13930.8
13618
13305.1
12992.2
12679.2
12366.2
12053.2
11740.2
11427.2
11114.1
10801
10487.9
10174.8
9861.65
9548.51
9235.36
8922.19
8609.02
8295.83
7982.63
7669.41
7356.19
7042.94
6729.68
6416.39
6103.08
5789.74
5476.38
5162.97
4849.52
4533.58
4188.07
3783.96
3309.44
2761.41
2093.36
1390.36
363.801
24789.7
23929.2
23463.1
22917
22437.7
21985.6
21567
21178.7
20818.7
20485
20169.3
19858.8
19548.1
19237.2
18926.1
18614.8
18303.3
17991.7
17679.9
17368
17056
16743.9
16431.6
16119.3
15806.8
15494.3
15181.7
14869.1
14556.4
14243.6
13930.8
13618
13305.1
12992.2
12679.2
12366.2
12053.2
11740.2
11427.1
11114.1
10801
10487.9
10174.8
9861.64
9548.5
9235.35
8922.18
8609.01
8295.82
7982.62
7669.4
7356.17
7042.93
6729.67
6416.38
6103.08
5789.74
5476.38
5162.98
4849.55
4533.61
4188.13
3784.07
3309.53
2762.06
2093.09
1394.15
364.596
24806.9
23929.4
23463.7
22916.5
22437.1
21985.1
21566.7
21178.5
20818.5
20484.9
20169.3
19858.8
19548.1
19237.2
18926.1
18614.8
18303.4
17991.7
17680
17368.1
17056
16743.9
16431.6
16119.3
15806.8
15494.3
15181.7
14869.1
14556.4
14243.6
13930.8
13618
13305.1
12992.2
12679.2
12366.2
12053.2
11740.2
11427.1
11114.1
10801
10487.9
10174.8
9861.64
9548.5
9235.34
8922.18
8609
8295.81
7982.61
7669.4
7356.17
7042.92
6729.66
6416.38
6103.08
5789.75
5476.4
5163.01
4849.59
4533.67
4188.22
3784.21
3309.72
2762.62
2093.08
1397.1
362.347
24826.4
23933.2
23465.6
22917.2
22437.1
21985
21566.5
21178.4
20818.4
20484.8
20169.2
19858.8
19548.1
19237.2
18926.1
18614.8
18303.4
17991.8
17680
17368.1
17056
16743.9
16431.6
16119.3
15806.8
15494.3
15181.7
14869.1
14556.4
14243.6
13930.8
13618
13305.1
12992.2
12679.2
12366.2
12053.2
11740.2
11427.1
11114.1
10801
10487.9
10174.8
9861.63
9548.49
9235.34
8922.17
8609
8295.81
7982.61
7669.39
7356.17
7042.93
6729.67
6416.4
6103.1
5789.78
5476.43
5163.06
4849.65
4533.76
4188.35
3784.36
3309.98
2763.08
2093.25
1399.53
360.047
24846.2
23939.8
23468.4
22919
22437.6
21985.3
21566.6
21178.4
20818.4
20484.8
20169.2
19858.8
19548.1
19237.2
18926.2
18614.9
18303.4
17991.8
17680
17368.1
17056.1
16743.9
16431.6
16119.3
15806.9
15494.3
15181.8
14869.1
14556.4
14243.6
13930.8
13618
13305.1
12992.2
12679.2
12366.2
12053.2
11740.2
11427.1
11114.1
10801
10487.9
10174.8
9861.63
9548.49
9235.34
8922.17
8609
8295.81
7982.61
7669.4
7356.18
7042.94
6729.69
6416.42
6103.13
5789.82
5476.49
5163.13
4849.74
4533.87
4188.49
3784.53
3310.29
2763.46
2093.56
1401.45
357.969
24864.9
23947.7
23471.9
22921.4
22438.6
21985.9
21566.9
21178.5
20818.5
20484.9
20169.3
19858.8
19548.2
19237.3
18926.2
18614.9
18303.4
17991.8
17680
17368.1
17056.1
16743.9
16431.7
16119.3
15806.9
15494.4
15181.8
14869.1
14556.4
14243.6
13930.8
13618
13305.1
12992.2
12679.2
12366.2
12053.2
11740.2
11427.1
11114.1
10801
10487.9
10174.8
9861.63
9548.49
9235.34
8922.18
8609
8295.82
7982.62
7669.41
7356.19
7042.96
6729.72
6416.45
6103.17
5789.87
5476.55
5163.21
4849.84
4534
4188.66
3784.71
3310.62
2763.76
2093.96
1402.91
355.984
24881
23955.9
23475.3
22924
22439.7
21986.6
21567.3
21178.8
20818.7
20485
20169.3
19858.9
19548.2
19237.3
18926.2
18615
18303.5
17991.9
17680.1
17368.2
17056.1
16744
16431.7
16119.3
15806.9
15494.4
15181.8
14869.1
14556.4
14243.7
13930.8
13618
13305.1
12992.2
12679.2
12366.2
12053.2
11740.2
11427.1
11114.1
10801
10487.9
10174.8
9861.63
9548.5
9235.35
8922.18
8609.01
8295.83
7982.64
7669.43
7356.22
7042.99
6729.75
6416.5
6103.23
5789.94
5476.64
5163.31
4849.96
4534.14
4188.83
3784.9
3310.95
2763.99
2094.41
1403.98
354.129
24893.2
23963
23478
22926.3
22440.7
21987.2
21567.7
21179
20818.8
20485.1
20169.4
19859
19548.3
19237.4
18926.3
18615
18303.6
17991.9
17680.1
17368.2
17056.2
16744
16431.7
16119.4
15806.9
15494.4
15181.8
14869.2
14556.4
14243.7
13930.9
13618
13305.1
12992.2
12679.2
12366.2
12053.2
11740.2
11427.1
11114.1
10801
10487.9
10174.8
9861.64
9548.5
9235.35
8922.19
8609.02
8295.85
7982.66
7669.46
7356.25
7043.03
6729.8
6416.56
6103.3
5790.02
5476.73
5163.42
4850.09
4534.29
4189.01
3785.09
3311.28
2764.15
2094.87
1404.73
352.41
24900.1
23967.9
23479.2
22927.9
22441.2
21987.6
21567.9
21179.1
20818.9
20485.2
20169.5
19859
19548.4
19237.5
18926.4
18615.1
18303.6
17992
17680.2
17368.3
17056.2
16744.1
16431.8
16119.4
15807
15494.4
15181.8
14869.2
14556.5
14243.7
13930.9
13618
13305.1
12992.2
12679.2
12366.2
12053.2
11740.2
11427.1
11114.1
10801
10487.9
10174.8
9861.65
9548.51
9235.37
8922.21
8609.04
8295.87
7982.68
7669.49
7356.29
7043.08
6729.86
6416.62
6103.38
5790.11
5476.84
5163.55
4850.23
4534.45
4189.2
3785.28
3311.58
2764.26
2095.31
1405.21
350.802
24900.2
23969.5
23478.2
22928.1
22441
21987.5
21567.8
21179.1
20818.9
20485.2
20169.5
19859.1
19548.4
19237.5
18926.4
18615.1
18303.7
17992
17680.2
17368.3
17056.3
16744.1
16431.8
16119.5
15807
15494.5
15181.9
14869.2
14556.5
14243.7
13930.9
13618
13305.1
12992.2
12679.2
12366.2
12053.2
11740.2
11427.2
11114.1
10801
10487.9
10174.8
9861.66
9548.52
9235.38
8922.23
8609.06
8295.89
7982.72
7669.53
7356.34
7043.13
6729.92
6416.7
6103.46
5790.21
5476.95
5163.68
4850.38
4534.62
4189.38
3785.46
3311.87
2764.32
2095.74
1405.47
349.277
24892
23967.1
23474.6
22926.6
22439.8
21986.8
21567.3
21178.8
20818.7
20485.1
20169.5
19859.1
19548.4
19237.5
18926.5
18615.2
18303.7
17992.1
17680.3
17368.4
17056.3
16744.1
16431.9
16119.5
15807
15494.5
15181.9
14869.2
14556.5
14243.7
13930.9
13618
13305.1
12992.2
12679.2
12366.3
12053.2
11740.2
11427.2
11114.1
10801
10487.9
10174.8
9861.67
9548.53
9235.39
8922.24
8609.09
8295.92
7982.75
7669.57
7356.38
7043.19
6729.99
6416.78
6103.55
5790.32
5477.08
5163.81
4850.53
4534.79
4189.57
3785.65
3312.14
2764.35
2096.15
1405.53
347.812
24874
23960.1
23467.9
22923.4
22437.5
21985.5
21566.5
21178.3
20818.4
20484.9
20169.4
19859.1
19548.4
19237.6
18926.5
18615.2
18303.8
17992.1
17680.4
17368.4
17056.4
16744.2
16431.9
16119.5
15807
15494.5
15181.9
14869.2
14556.5
14243.7
13930.9
13618
13305.1
12992.2
12679.2
12366.3
12053.2
11740.2
11427.2
11114.1
10801
10487.9
10174.8
9861.67
9548.54
9235.41
8922.26
8609.11
8295.95
7982.78
7669.61
7356.43
7043.25
6730.06
6416.86
6103.65
5790.44
5477.21
5163.96
4850.7
4534.97
4189.77
3785.85
3312.44
2764.38
2096.61
1405.4
346.405
24844.6
23948.7
23458.4
22918.6
22434.5
21983.7
21565.5
21177.7
20818.1
20484.8
20169.3
19859
19548.5
19237.6
18926.6
18615.3
18303.8
17992.2
17680.4
17368.5
17056.4
16744.2
16431.9
16119.5
15807.1
15494.5
15181.9
14869.2
14556.5
14243.7
13930.9
13618
13305.1
12992.2
12679.2
12366.3
12053.2
11740.2
11427.2
11114.1
10801
10487.9
10174.8
9861.68
9548.55
9235.42
8922.28
8609.13
8295.97
7982.81
7669.65
7356.48
7043.31
6730.13
6416.94
6103.75
5790.55
5477.34
5164.12
4850.88
4535.18
4190
3786.09
3312.77
2764.43
2097.22
1405.04
345.104
24805.5
23937.1
23449.3
22915.2
22432.9
21983.2
21565.5
21178
20818.5
20485.2
20169.8
19859.5
19548.8
19238
18926.9
18615.6
18304
17992.4
17680.5
17368.6
17056.5
16744.3
16432
16119.6
15807.1
15494.6
15181.9
14869.3
14556.5
14243.7
13930.9
13618
13305.1
12992.2
12679.2
12366.2
12053.2
11740.2
11427.2
11114.1
10801
10487.9
10174.8
9861.68
9548.55
9235.42
8922.28
8609.14
8295.99
7982.83
7669.68
7356.52
7043.36
6730.19
6417.02
6103.86
5790.68
5477.5
5164.31
4851.12
4535.46
4190.33
3786.47
3313.31
2764.65
2098.31
1404.32
343.754
24752
23923.6
23437.6
22910.6
22430.4
21982.1
21565.1
21177.9
20818.6
20485.4
20170
19859.6
19549
19238.1
18927
18615.7
18304.2
17992.5
17680.6
17368.6
17056.5
16744.3
16432
16119.6
15807.1
15494.6
15181.9
14869.3
14556.5
14243.7
13930.9
13618
13305.1
12992.2
12679.2
12366.2
12053.2
11740.2
11427.1
11114.1
10801
10487.9
10174.8
9861.68
9548.55
9235.42
8922.28
8609.14
8296
7982.85
7669.7
7356.55
7043.39
6730.24
6417.09
6103.94
5790.78
5477.63
5164.47
4851.3
4535.68
4190.6
3786.8
3313.84
2764.71
2099.94
1403.14
343.297
24721.4
23953.1
23452.9
22927.3
22443.2
21991.9
21572.6
21183.7
20823.1
20488.9
20172.7
19861.8
19550.7
19239.5
18928.1
18616.5
18304.8
17993
17681
17368.9
17056.8
16744.5
16432.2
16119.7
15807.2
15494.6
15182
14869.3
14556.6
14243.8
13930.9
13618.1
13305.1
12992.2
12679.2
12366.2
12053.2
11740.2
11427.1
11114.1
10801
10487.9
10174.8
9861.65
9548.52
9235.39
8922.25
8609.1
8295.96
7982.81
7669.66
7356.51
7043.36
6730.23
6417.1
6103.98
5790.87
5477.78
5164.71
4851.66
4536.2
4191.32
3787.85
3315.6
2766.05
2106.03
1400.87
339.01
24767.9
23952.4
23460.3
22919.2
22436.1
21983.6
21564.6
21176.2
20816.3
20482.7
20167.2
19856.9
19546.4
19235.6
18924.7
18613.6
18302.3
17990.8
17679.1
17367.3
17055.4
16743.3
16431.1
16118.9
15806.5
15494
15181.5
14868.9
14556.2
14243.5
13930.7
13617.9
13305
12992.1
12679.1
12366.2
12053.2
11740.1
11427.1
11114
10801
10487.9
10174.8
9861.65
9548.52
9235.37
8922.22
8609.05
8295.87
7982.67
7669.47
7356.25
7043.01
6729.76
6416.48
6103.18
5789.84
5476.47
5163.07
4849.62
4533.66
4188.13
3783.88
3309.69
2759.99
2094.45
1382.45
413.117
24756
23934.3
23455.8
22914.5
22433.9
21982.1
21563.8
21175.7
20816
20482.5
20167.1
19856.8
19546.3
19235.6
18924.7
18613.6
18302.3
17990.8
17679.1
17367.3
17055.4
16743.3
16431.1
16118.8
15806.5
15494
15181.5
14868.8
14556.2
14243.4
13930.7
13617.8
13305
12992.1
12679.1
12366.2
12053.2
11740.1
11427.1
11114
10801
10487.9
10174.8
9861.64
9548.5
9235.36
8922.2
8609.03
8295.85
7982.65
7669.45
7356.22
7042.98
6729.73
6416.45
6103.14
5789.81
5476.44
5163.04
4849.59
4533.64
4188.12
3783.94
3309.57
2760.67
2094.03
1385.91
365.199
24760.5
23923
23453.7
22911.2
22432.3
21981.1
21563.1
21175.3
20815.7
20482.4
20167
19856.8
19546.3
19235.6
18924.7
18613.6
18302.3
17990.8
17679.1
17367.3
17055.4
16743.3
16431.1
16118.8
15806.5
15494
15181.5
14868.8
14556.2
14243.4
13930.7
13617.8
13305
12992.1
12679.1
12366.1
12053.1
11740.1
11427.1
11114
10801
10487.9
10174.7
9861.63
9548.49
9235.35
8922.19
8609.02
8295.83
7982.64
7669.43
7356.21
7042.97
6729.71
6416.43
6103.12
5789.79
5476.43
5163.03
4849.59
4533.64
4188.14
3784.03
3309.54
2761.4
2093.4
1390.66
362.005
24773.9
23918.5
23453.1
22909.5
22431.3
21980.3
21562.6
21175
20815.5
20482.2
20166.9
19856.7
19546.3
19235.6
18924.7
18613.6
18302.3
17990.8
17679.1
17367.3
17055.4
16743.3
16431.1
16118.8
15806.5
15494
15181.4
14868.8
14556.2
14243.4
13930.6
13617.8
13305
12992
12679.1
12366.1
12053.1
11740.1
11427.1
11114
10800.9
10487.8
10174.7
9861.62
9548.48
9235.34
8922.18
8609.01
8295.82
7982.63
7669.42
7356.19
7042.95
6729.7
6416.42
6103.12
5789.79
5476.43
5163.04
4849.61
4533.68
4188.2
3784.13
3309.63
2762.03
2093.1
1394.43
362.806
24791.2
23918.7
23453.6
22909
22430.7
21979.9
21562.3
21174.7
20815.3
20482.1
20166.8
19856.7
19546.3
19235.6
18924.7
18613.6
18302.3
17990.8
17679.1
17367.3
17055.4
16743.3
16431.1
16118.8
15806.5
15494
15181.4
14868.8
14556.2
14243.4
13930.6
13617.8
13304.9
12992
12679.1
12366.1
12053.1
11740.1
11427.1
11114
10800.9
10487.8
10174.7
9861.61
9548.48
9235.33
8922.17
8609
8295.82
7982.62
7669.41
7356.19
7042.95
6729.7
6416.42
6103.12
5789.8
5476.45
5163.07
4849.65
4533.74
4188.29
3784.26
3309.81
2762.57
2093.09
1397.34
360.595
24810.6
23922.6
23455.5
22909.7
22430.7
21979.8
21562.1
21174.6
20815.2
20482.1
20166.8
19856.7
19546.3
19235.6
18924.7
18613.6
18302.3
17990.8
17679.1
17367.3
17055.4
16743.3
16431.1
16118.8
15806.5
15494
15181.4
14868.8
14556.2
14243.4
13930.6
13617.8
13304.9
12992
12679.1
12366.1
12053.1
11740.1
11427.1
11114
10800.9
10487.8
10174.7
9861.61
9548.47
9235.33
8922.17
8609
8295.81
7982.62
7669.41
7356.19
7042.95
6729.7
6416.43
6103.14
5789.83
5476.49
5163.12
4849.72
4533.82
4188.41
3784.41
3310.07
2763.02
2093.26
1399.74
358.356
24830.4
23929.2
23458.3
22911.5
22431.2
21980.1
21562.2
21174.7
20815.3
20482.1
20166.8
19856.7
19546.3
19235.6
18924.7
18613.6
18302.3
17990.8
17679.2
17367.4
17055.4
16743.3
16431.1
16118.9
15806.5
15494
15181.5
14868.8
14556.2
14243.4
13930.6
13617.8
13304.9
12992
12679.1
12366.1
12053.1
11740.1
11427.1
11114
10800.9
10487.8
10174.7
9861.61
9548.47
9235.32
8922.17
8609
8295.81
7982.62
7669.42
7356.2
7042.97
6729.72
6416.45
6103.17
5789.87
5476.54
5163.18
4849.8
4533.93
4188.56
3784.57
3310.38
2763.38
2093.59
1401.62
356.362
24849
23937.1
23461.7
22913.9
22432.2
21980.6
21562.5
21174.8
20815.4
20482.1
20166.9
19856.7
19546.3
19235.7
18924.8
18613.7
18302.4
17990.9
17679.2
17367.4
17055.4
16743.4
16431.2
16118.9
15806.5
15494
15181.5
14868.9
14556.2
14243.4
13930.7
13617.8
13305
12992
12679.1
12366.1
12053.1
11740.1
11427.1
11114
10800.9
10487.8
10174.7
9861.61
9548.47
9235.33
8922.17
8609
8295.82
7982.63
7669.43
7356.22
7042.99
6729.75
6416.49
6103.22
5789.92
5476.61
5163.27
4849.9
4534.06
4188.72
3784.76
3310.7
2763.67
2094.02
1403.05
354.468
24865
23945.3
23465.1
22916.5
22433.3
21981.4
21562.9
21175.1
20815.5
20482.2
20166.9
19856.8
19546.4
19235.7
18924.8
18613.7
18302.4
17990.9
17679.3
17367.4
17055.5
16743.4
16431.2
16118.9
15806.5
15494
15181.5
14868.9
14556.2
14243.4
13930.7
13617.8
13305
12992
12679.1
12366.1
12053.1
11740.1
11427.1
11114
10800.9
10487.8
10174.7
9861.61
9548.48
9235.33
8922.18
8609.01
8295.83
7982.65
7669.45
7356.24
7043.02
6729.78
6416.54
6103.27
5789.99
5476.69
5163.37
4850.02
4534.2
4188.89
3784.95
3311.04
2763.89
2094.5
1404.08
352.696
24877.1
23952.3
23467.7
22918.8
22434.3
21982
21563.3
21175.3
20815.7
20482.4
20167
19856.9
19546.5
19235.8
18924.9
18613.8
18302.5
17991
17679.3
17367.5
17055.5
16743.4
16431.2
16118.9
15806.5
15494.1
15181.5
14868.9
14556.2
14243.5
13930.7
13617.8
13305
12992.1
12679.1
12366.1
12053.1
11740.1
11427.1
11114
10800.9
10487.8
10174.7
9861.62
9548.49
9235.34
8922.19
8609.02
8295.85
7982.67
7669.48
7356.27
7043.06
6729.83
6416.59
6103.34
5790.07
5476.78
5163.48
4850.15
4534.35
4189.07
3785.13
3311.36
2764.04
2094.98
1404.79
351.043
24883.8
23957.2
23468.9
22920.3
22434.8
21982.4
21563.5
21175.4
20815.8
20482.4
20167.1
19856.9
19546.5
19235.9
18925
18613.8
18302.5
17991
17679.4
17367.5
17055.6
16743.5
16431.3
16119
15806.6
15494.1
15181.5
14868.9
14556.2
14243.5
13930.7
13617.9
13305
12992.1
12679.1
12366.1
12053.1
11740.1
11427.1
11114
10800.9
10487.9
10174.7
9861.63
9548.5
9235.35
8922.2
8609.04
8295.87
7982.7
7669.51
7356.31
7043.11
6729.89
6416.66
6103.42
5790.16
5476.89
5163.6
4850.29
4534.51
4189.25
3785.32
3311.67
2764.14
2095.45
1405.24
349.473
24883.8
23958.8
23467.9
22920.4
22434.6
21982.2
21563.4
21175.4
20815.7
20482.4
20167.1
19857
19546.6
19235.9
18925
18613.9
18302.6
17991.1
17679.4
17367.6
17055.6
16743.5
16431.3
16119
15806.6
15494.1
15181.6
14868.9
14556.2
14243.5
13930.7
13617.9
13305
12992.1
12679.1
12366.2
12053.2
11740.1
11427.1
11114
10801
10487.9
10174.8
9861.63
9548.51
9235.37
8922.22
8609.06
8295.9
7982.73
7669.55
7356.36
7043.16
6729.95
6416.73
6103.5
5790.26
5477
5163.73
4850.44
4534.67
4189.43
3785.5
3311.95
2764.18
2095.89
1405.47
347.95
24875.4
23956.2
23464.1
22918.9
22433.3
21981.5
21562.9
21175
20815.5
20482.3
20167
19856.9
19546.6
19235.9
18925.1
18613.9
18302.6
17991.1
17679.5
17367.6
17055.7
16743.6
16431.4
16119
15806.6
15494.1
15181.6
14868.9
14556.3
14243.5
13930.7
13617.9
13305
12992.1
12679.1
12366.2
12053.2
11740.1
11427.1
11114
10801
10487.9
10174.8
9861.64
9548.52
9235.38
8922.24
8609.09
8295.93
7982.76
7669.59
7356.4
7043.22
6730.02
6416.81
6103.6
5790.37
5477.12
5163.87
4850.59
4534.84
4189.62
3785.68
3312.22
2764.2
2096.31
1405.5
346.444
24857.4
23949.1
23457.4
22915.6
22431
21980.1
21562
21174.5
20815.2
20482.1
20167
19856.9
19546.6
19236
18925.1
18614
18302.7
17991.2
17679.5
17367.7
17055.7
16743.6
16431.4
16119.1
15806.7
15494.2
15181.6
14869
14556.3
14243.5
13930.7
13617.9
13305
12992.1
12679.1
12366.2
12053.2
11740.1
11427.1
11114
10801
10487.9
10174.8
9861.65
9548.53
9235.39
8922.26
8609.11
8295.95
7982.79
7669.63
7356.45
7043.28
6730.09
6416.9
6103.69
5790.48
5477.25
5164.01
4850.75
4535.02
4189.81
3785.88
3312.5
2764.22
2096.75
1405.33
344.948
24827.8
23937.6
23447.8
22910.8
22427.9
21978.3
21560.9
21173.9
20814.8
20481.9
20166.9
19856.9
19546.6
19236
18925.1
18614
18302.7
17991.2
17679.6
17367.7
17055.7
16743.6
16431.4
16119.1
15806.7
15494.2
15181.6
14869
14556.3
14243.5
13930.7
13617.9
13305
12992.1
12679.1
12366.2
12053.2
11740.1
11427.1
11114
10801
10487.9
10174.8
9861.66
9548.53
9235.41
8922.27
8609.13
8295.98
7982.82
7669.67
7356.5
7043.33
6730.16
6416.98
6103.79
5790.6
5477.39
5164.17
4850.93
4535.22
4190.04
3786.11
3312.82
2764.25
2097.35
1404.94
343.506
24788.5
23925.8
23438.6
22907.2
22426.2
21977.7
21560.9
21174.1
20815.2
20482.3
20167.3
19857.3
19546.9
19236.3
18925.4
18614.3
18302.9
17991.4
17679.7
17367.8
17055.8
16743.7
16431.5
16119.1
15806.7
15494.2
15181.6
14869
14556.3
14243.5
13930.7
13617.9
13305
12992.1
12679.1
12366.2
12053.2
11740.1
11427.1
11114
10801
10487.9
10174.8
9861.65
9548.54
9235.41
8922.27
8609.14
8295.99
7982.84
7669.69
7356.54
7043.38
6730.22
6417.06
6103.89
5790.72
5477.55
5164.36
4851.16
4535.5
4190.36
3786.49
3313.35
2764.47
2098.42
1404.18
341.967
24734.9
23912.3
23426.9
22902.6
22423.7
21976.5
21560.5
21174
20815.3
20482.5
20167.4
19857.4
19547.1
19236.5
18925.5
18614.4
18303
17991.5
17679.8
17367.9
17055.9
16743.7
16431.5
16119.2
15806.7
15494.2
15181.6
14869
14556.3
14243.5
13930.7
13617.9
13305
12992.1
12679.1
12366.1
12053.1
11740.1
11427.1
11114
10800.9
10487.9
10174.8
9861.65
9548.54
9235.41
8922.28
8609.14
8296
7982.86
7669.71
7356.57
7043.42
6730.27
6417.12
6103.98
5790.83
5477.67
5164.52
4851.35
4535.73
4190.64
3786.82
3313.89
2764.53
2100.06
1402.98
341.384
24704.1
23941.5
23442.4
22919.2
22436.5
21986.4
21568
21179.8
20819.8
20486
20170.2
19859.7
19548.8
19237.8
18926.6
18615.2
18303.7
17992
17680.2
17368.2
17056.1
16743.9
16431.7
16119.3
15806.8
15494.3
15181.7
14869
14556.3
14243.6
13930.7
13617.9
13305
12992.1
12679.1
12366.2
12053.1
11740.1
11427.1
11114
10800.9
10487.8
10174.7
9861.63
9548.51
9235.38
8922.24
8609.1
8295.96
7982.82
7669.67
7356.53
7043.39
6730.26
6417.14
6104.02
5790.92
5477.84
5164.77
4851.73
4536.28
4191.4
3787.93
3315.72
2766.01
2106.31
1400.81
336.844
24751
23941.6
23449.9
22911.6
22429.8
21978.4
21560.4
21172.7
20813.2
20480.1
20164.9
19854.9
19544.7
19234.2
18923.4
18612.5
18301.3
17989.9
17678.4
17366.7
17054.8
16742.8
16430.7
16118.5
15806.2
15493.7
15181.2
14868.6
14556
14243.3
13930.5
13617.7
13304.9
12992
12679
12366.1
12053.1
11740.1
11427.1
11114
10800.9
10487.8
10174.7
9861.63
9548.5
9235.36
8922.21
8609.05
8295.88
7982.69
7669.49
7356.27
7043.04
6729.79
6416.52
6103.23
5789.9
5476.54
5163.14
4849.7
4533.75
4188.23
3783.98
3309.84
2760.01
2094.7
1383
412.766
24739.1
23923.6
23445.5
22907
22427.6
21977
21559.5
21172.2
20812.9
20479.9
20164.8
19854.9
19544.6
19234.1
18923.4
18612.4
18301.3
17989.9
17678.4
17366.7
17054.8
16742.8
16430.7
16118.5
15806.1
15493.7
15181.2
14868.6
14556
14243.3
13930.5
13617.7
13304.8
12992
12679
12366.1
12053.1
11740.1
11427
11114
10800.9
10487.8
10174.7
9861.62
9548.49
9235.35
8922.2
8609.03
8295.86
7982.67
7669.46
7356.25
7043.01
6729.76
6416.49
6103.19
5789.87
5476.51
5163.11
4849.67
4533.72
4188.21
3784.03
3309.72
2760.67
2094.19
1386.32
363.528
24743.8
23912.3
23443.3
22903.8
22426
21975.9
21558.9
21171.7
20812.7
20479.8
20164.7
19854.8
19544.6
19234.1
18923.4
18612.4
18301.3
17989.9
17678.3
17366.6
17054.8
16742.8
16430.7
16118.4
15806.1
15493.7
15181.2
14868.6
14556
14243.3
13930.5
13617.7
13304.8
12991.9
12679
12366.1
12053.1
11740.1
11427
11114
10800.9
10487.8
10174.7
9861.61
9548.48
9235.34
8922.18
8609.02
8295.84
7982.65
7669.45
7356.23
7043
6729.74
6416.47
6103.18
5789.85
5476.5
5163.1
4849.67
4533.73
4188.23
3784.1
3309.68
2761.38
2093.52
1391.01
359.902
24757.2
23907.9
23442.7
22902.1
22424.9
21975.2
21558.3
21171.4
20812.4
20479.6
20164.6
19854.7
19544.6
19234.1
18923.4
18612.4
18301.3
17989.9
17678.3
17366.6
17054.8
16742.8
16430.7
16118.4
15806.1
15493.7
15181.2
14868.6
14555.9
14243.2
13930.5
13617.7
13304.8
12991.9
12679
12366.1
12053.1
11740.1
11427
11114
10800.9
10487.8
10174.7
9861.6
9548.47
9235.33
8922.17
8609.01
8295.83
7982.64
7669.44
7356.22
7042.99
6729.73
6416.46
6103.17
5789.85
5476.5
5163.11
4849.69
4533.76
4188.29
3784.2
3309.76
2761.99
2093.2
1394.74
360.751
24774.5
23908.1
23443.2
22901.6
22424.3
21974.7
21558
21171.2
20812.3
20479.5
20164.6
19854.7
19544.5
19234.1
18923.4
18612.4
18301.3
17989.9
17678.4
17366.6
17054.8
16742.8
16430.7
16118.4
15806.1
15493.7
15181.2
14868.6
14555.9
14243.2
13930.5
13617.7
13304.8
12991.9
12679
12366
12053.1
11740.1
11427
11114
10800.9
10487.8
10174.7
9861.59
9548.46
9235.32
8922.17
8609
8295.82
7982.63
7669.43
7356.21
7042.98
6729.73
6416.46
6103.17
5789.86
5476.52
5163.14
4849.73
4533.82
4188.38
3784.32
3309.95
2762.5
2093.18
1397.61
358.641
24793.9
23912.1
23445
22902.4
22424.3
21974.7
21557.9
21171.1
20812.2
20479.4
20164.5
19854.7
19544.5
19234.1
18923.4
18612.5
18301.3
17989.9
17678.4
17366.7
17054.8
16742.8
16430.7
16118.4
15806.1
15493.7
15181.2
14868.6
14555.9
14243.2
13930.5
13617.7
13304.8
12991.9
12679
12366
12053.1
11740.1
11427
11114
10800.9
10487.8
10174.7
9861.59
9548.46
9235.32
8922.16
8609
8295.82
7982.63
7669.43
7356.22
7042.99
6729.74
6416.47
6103.19
5789.88
5476.55
5163.19
4849.79
4533.9
4188.49
3784.47
3310.2
2762.93
2093.37
1399.96
356.512
24813.6
23918.7
23447.8
22904.1
22424.9
21975
21558
21171.1
20812.2
20479.5
20164.5
19854.7
19544.6
19234.1
18923.4
18612.5
18301.3
17990
17678.4
17366.7
17054.8
16742.8
16430.7
16118.5
15806.1
15493.7
15181.2
14868.6
14556
14243.2
13930.5
13617.7
13304.8
12991.9
12679
12366
12053.1
11740.1
11427
11114
10800.9
10487.8
10174.7
9861.59
9548.46
9235.32
8922.16
8609
8295.82
7982.64
7669.44
7356.22
7043
6729.76
6416.5
6103.22
5789.92
5476.6
5163.25
4849.87
4534.01
4188.63
3784.63
3310.51
2763.27
2093.73
1401.8
354.645
24832.1
23926.7
23451.2
22906.5
22425.8
21975.6
21558.3
21171.3
20812.3
20479.5
20164.6
19854.8
19544.6
19234.2
18923.5
18612.5
18301.4
17990
17678.4
17366.7
17054.9
16742.9
16430.7
16118.5
15806.1
15493.7
15181.2
14868.6
14556
14243.3
13930.5
13617.7
13304.8
12991.9
12679
12366
12053.1
11740.1
11427
11114
10800.9
10487.8
10174.7
9861.59
9548.46
9235.32
8922.17
8609
8295.83
7982.65
7669.45
7356.24
7043.02
6729.78
6416.53
6103.27
5789.98
5476.67
5163.34
4849.98
4534.13
4188.8
3784.81
3310.84
2763.54
2094.2
1403.17
352.873
24848
23934.8
23454.5
22909.1
22427
21976.3
21558.7
21171.5
20812.5
20479.7
20164.7
19854.9
19544.7
19234.3
18923.5
18612.6
18301.4
17990.1
17678.5
17366.8
17054.9
16742.9
16430.8
16118.5
15806.2
15493.7
15181.2
14868.6
14556
14243.3
13930.5
13617.7
13304.8
12991.9
12679
12366.1
12053.1
11740.1
11427
11114
10800.9
10487.8
10174.7
9861.59
9548.47
9235.33
8922.18
8609.01
8295.84
7982.66
7669.47
7356.27
7043.05
6729.82
6416.58
6103.32
5790.05
5476.75
5163.43
4850.09
4534.27
4188.97
3785
3311.17
2763.74
2094.71
1404.16
351.21
24859.9
23941.8
23457.1
22911.4
22428
21976.9
21559.1
21171.8
20812.7
20479.8
20164.8
19854.9
19544.8
19234.3
18923.6
18612.7
18301.5
17990.1
17678.6
17366.8
17055
16742.9
16430.8
16118.6
15806.2
15493.8
15181.3
14868.7
14556
14243.3
13930.5
13617.7
13304.8
12992
12679
12366.1
12053.1
11740.1
11427
11114
10800.9
10487.8
10174.7
9861.6
9548.47
9235.34
8922.19
8609.03
8295.86
7982.68
7669.5
7356.3
7043.09
6729.87
6416.64
6103.39
5790.13
5476.85
5163.55
4850.22
4534.43
4189.15
3785.19
3311.5
2763.88
2095.24
1404.84
349.639
24866.4
23946.7
23458.2
22912.9
22428.5
21977.3
21559.3
21171.9
20812.8
20479.9
20164.9
19855
19544.8
19234.4
18923.7
18612.7
18301.6
17990.2
17678.6
17366.9
17055
16743
16430.8
16118.6
15806.2
15493.8
15181.3
14868.7
14556
14243.3
13930.5
13617.7
13304.9
12992
12679
12366.1
12053.1
11740.1
11427
11114
10800.9
10487.8
10174.7
9861.61
9548.48
9235.35
8922.2
8609.05
8295.88
7982.71
7669.53
7356.34
7043.14
6729.93
6416.7
6103.47
5790.22
5476.95
5163.67
4850.36
4534.58
4189.33
3785.37
3311.8
2763.96
2095.74
1405.24
348.118
24866.2
23948.2
23457.1
22913
22428.2
21977.1
21559.2
21171.8
20812.7
20479.8
20164.9
19855
19544.9
19234.4
18923.7
18612.8
18301.6
17990.2
17678.7
17366.9
17055.1
16743
16430.9
16118.6
15806.3
15493.8
15181.3
14868.7
14556
14243.3
13930.5
13617.7
13304.9
12992
12679
12366.1
12053.1
11740.1
11427
11114
10800.9
10487.8
10174.7
9861.62
9548.5
9235.36
8922.22
8609.07
8295.91
7982.74
7669.57
7356.38
7043.19
6729.99
6416.78
6103.55
5790.32
5477.06
5163.79
4850.5
4534.74
4189.5
3785.55
3312.08
2764
2096.19
1405.43
346.6
24857.7
23945.5
23453.3
22911.3
22426.9
21976.3
21558.6
21171.4
20812.5
20479.7
20164.8
19855
19544.9
19234.4
18923.8
18612.8
18301.6
17990.3
17678.7
17367
17055.1
16743.1
16430.9
16118.7
15806.3
15493.8
15181.3
14868.7
14556.1
14243.3
13930.6
13617.7
13304.9
12992
12679
12366.1
12053.1
11740.1
11427
11114
10800.9
10487.8
10174.7
9861.63
9548.51
9235.38
8922.24
8609.09
8295.94
7982.78
7669.61
7356.43
7043.25
6730.06
6416.86
6103.64
5790.42
5477.18
5163.93
4850.65
4534.91
4189.68
3785.73
3312.34
2764
2096.61
1405.42
345.048
24839.5
23938.3
23446.5
22907.9
22424.5
21974.9
21557.7
21170.9
20812.1
20479.5
20164.7
19854.9
19544.8
19234.5
18923.8
18612.9
18301.7
17990.3
17678.7
17367
17055.1
16743.1
16430.9
16118.7
15806.3
15493.9
15181.3
14868.7
14556.1
14243.3
13930.6
13617.7
13304.9
12992
12679
12366.1
12053.1
11740.1
11427
11114
10800.9
10487.8
10174.7
9861.63
9548.52
9235.39
8922.25
8609.11
8295.96
7982.81
7669.65
7356.48
7043.31
6730.13
6416.94
6103.74
5790.53
5477.31
5164.07
4850.81
4535.09
4189.87
3785.92
3312.61
2763.99
2097.05
1405.2
343.447
24809.8
23926.7
23436.8
22903
22421.3
21973
21556.6
21170.2
20811.7
20479.2
20164.5
19854.9
19544.8
19234.5
18923.8
18612.9
18301.7
17990.3
17678.8
17367
17055.1
16743.1
16431
16118.7
15806.3
15493.9
15181.3
14868.7
14556.1
14243.3
13930.6
13617.7
13304.9
12992
12679
12366.1
12053.1
11740.1
11427
11114
10800.9
10487.8
10174.7
9861.64
9548.52
9235.4
8922.27
8609.13
8295.99
7982.84
7669.69
7356.53
7043.36
6730.2
6417.02
6103.84
5790.65
5477.44
5164.23
4850.99
4535.28
4190.09
3786.14
3312.92
2764.01
2097.62
1404.76
341.833
24770.3
23914.6
23427.4
22899.2
22419.5
21972.3
21556.5
21170.4
20812
20479.6
20164.9
19855.2
19545.1
19234.7
18924
18613.1
18301.9
17990.5
17678.9
17367.1
17055.2
16743.2
16431
16118.7
15806.4
15493.9
15181.4
14868.7
14556.1
14243.3
13930.6
13617.7
13304.9
12992
12679
12366.1
12053.1
11740.1
11427
11114
10800.9
10487.8
10174.7
9861.64
9548.52
9235.4
8922.27
8609.14
8296
7982.86
7669.71
7356.56
7043.41
6730.26
6417.1
6103.94
5790.77
5477.6
5164.42
4851.22
4535.56
4190.41
3786.52
3313.43
2764.21
2098.67
1403.93
340.056
24716.5
23901
23415.8
22894.6
22417
21971.1
21556
21170.2
20812
20479.7
20165
19855.3
19545.3
19234.9
18924.2
18613.2
18302
17990.6
17679
17367.2
17055.3
16743.2
16431
16118.7
15806.4
15493.9
15181.4
14868.7
14556.1
14243.3
13930.6
13617.7
13304.9
12992
12679
12366.1
12053.1
11740.1
11427
11114
10800.9
10487.8
10174.7
9861.63
9548.52
9235.4
8922.28
8609.15
8296.01
7982.87
7669.73
7356.59
7043.45
6730.31
6417.16
6104.02
5790.88
5477.73
5164.57
4851.41
4535.79
4190.69
3786.85
3313.96
2764.28
2100.32
1402.7
339.329
24685.4
23930
23431.4
22911.1
22429.8
21981
21563.5
21176
20816.6
20483.3
20167.9
19857.6
19547.1
19236.3
18925.3
18614.1
18302.7
17991.1
17679.4
17367.5
17055.5
16743.4
16431.2
16118.9
15806.5
15494
15181.4
14868.8
14556.1
14243.4
13930.6
13617.8
13304.9
12992
12679
12366.1
12053.1
11740.1
11427
11114
10800.9
10487.8
10174.7
9861.61
9548.5
9235.37
8922.24
8609.11
8295.97
7982.84
7669.7
7356.56
7043.43
6730.3
6417.18
6104.08
5790.98
5477.9
5164.85
4851.81
4536.36
4191.49
3788.02
3315.85
2765.92
2106.73
1400.56
334.246
24732.6
23931.3
23439.2
22904.3
22423.5
21973.5
21556.3
21169.3
20810.4
20477.7
20162.9
19853.1
19543.1
19232.8
18922.3
18611.4
18300.4
17989.2
17677.7
17366.1
17054.3
16742.4
16430.3
16118.1
15805.9
15493.5
15181
14868.4
14555.8
14243.1
13930.4
13617.6
13304.8
12991.9
12679
12366
12053
11740
11427
11114
10800.9
10487.8
10174.7
9861.62
9548.5
9235.36
8922.22
8609.06
8295.89
7982.71
7669.51
7356.3
7043.08
6729.84
6416.57
6103.29
5789.97
5476.62
5163.23
4849.8
4533.85
4188.35
3784.09
3310.05
2760
2095.11
1383.5
408.924
24720.9
23913.4
23434.7
22899.7
22421.3
21972
21555.4
21168.8
20810.1
20477.5
20162.7
19853.1
19543.1
19232.8
18922.2
18611.4
18300.4
17989.1
17677.7
17366.1
17054.3
16742.4
16430.3
16118.1
15805.8
15493.4
15181
14868.4
14555.8
14243.1
13930.4
13617.6
13304.7
12991.9
12679
12366
12053
11740
11427
11114
10800.9
10487.8
10174.7
9861.61
9548.48
9235.35
8922.2
8609.04
8295.87
7982.69
7669.49
7356.28
7043.05
6729.81
6416.54
6103.25
5789.94
5476.59
5163.2
4849.77
4533.83
4188.33
3784.13
3309.92
2760.62
2094.53
1386.66
360.622
24725.6
23902.1
23432.4
22896.5
22419.7
21970.9
21554.7
21168.3
20809.8
20477.3
20162.6
19853
19543
19232.7
18922.2
18611.4
18300.4
17989.1
17677.7
17366
17054.3
16742.3
16430.3
16118.1
15805.8
15493.4
15181
14868.4
14555.8
14243.1
13930.4
13617.6
13304.7
12991.9
12678.9
12366
12053
11740
11427
11113.9
10800.9
10487.8
10174.7
9861.6
9548.47
9235.34
8922.19
8609.03
8295.85
7982.67
7669.47
7356.26
7043.03
6729.79
6416.52
6103.23
5789.92
5476.57
5163.19
4849.76
4533.83
4188.35
3784.19
3309.88
2761.29
2093.8
1391.26
357.014
24739
23897.8
23431.7
22894.8
22418.6
21970.2
21554.2
21168
20809.6
20477.1
20162.5
19852.9
19543
19232.7
18922.2
18611.4
18300.4
17989.1
17677.7
17366
17054.3
16742.3
16430.3
16118.1
15805.8
15493.4
15180.9
14868.4
14555.8
14243.1
13930.3
13617.6
13304.7
12991.8
12678.9
12366
12053
11740
11427
11113.9
10800.9
10487.8
10174.7
9861.59
9548.46
9235.33
8922.18
8609.02
8295.84
7982.66
7669.46
7356.25
7043.02
6729.78
6416.51
6103.23
5789.92
5476.57
5163.19
4849.78
4533.86
4188.4
3784.28
3309.96
2761.87
2093.47
1394.92
358.046
24756.3
23898.2
23432.2
22894.4
22418
21969.8
21553.9
21167.7
20809.4
20477
20162.4
19852.9
19543
19232.7
18922.2
18611.4
18300.4
17989.1
17677.7
17366
17054.3
16742.3
16430.3
16118.1
15805.8
15493.4
15180.9
14868.4
14555.8
14243.1
13930.3
13617.6
13304.7
12991.8
12678.9
12366
12053
11740
11427
11113.9
10800.9
10487.8
10174.7
9861.58
9548.46
9235.32
8922.17
8609.01
8295.84
7982.65
7669.45
7356.24
7043.02
6729.78
6416.51
6103.23
5789.93
5476.59
5163.22
4849.82
4533.91
4188.48
3784.39
3310.14
2762.34
2093.47
1397.71
356.149
24775.6
23902.3
23433.9
22895.2
22418
21969.7
21553.8
21167.6
20809.3
20477
20162.4
19852.9
19543
19232.7
18922.2
18611.4
18300.4
17989.1
17677.7
17366.1
17054.3
16742.3
16430.3
16118.1
15805.8
15493.4
15180.9
14868.4
14555.8
14243.1
13930.3
13617.6
13304.7
12991.8
12678.9
12366
12053
11740
11427
11113.9
10800.9
10487.8
10174.7
9861.58
9548.45
9235.32
8922.17
8609.01
8295.83
7982.65
7669.45
7356.25
7043.02
6729.78
6416.53
6103.25
5789.95
5476.62
5163.27
4849.88
4533.99
4188.59
3784.53
3310.4
2762.73
2093.71
1399.97
354.185
24795.2
23909
23436.6
22897
22418.6
21970
21553.9
21167.7
20809.4
20477
20162.4
19852.9
19543
19232.8
18922.2
18611.5
18300.4
17989.2
17677.7
17366.1
17054.3
16742.4
16430.3
16118.1
15805.8
15493.4
15181
14868.4
14555.8
14243.1
13930.3
13617.6
13304.7
12991.8
12678.9
12366
12053
11740
11427
11113.9
10800.9
10487.8
10174.7
9861.58
9548.45
9235.32
8922.17
8609.01
8295.84
7982.65
7669.46
7356.25
7043.03
6729.8
6416.55
6103.28
5789.99
5476.67
5163.33
4849.96
4534.1
4188.73
3784.7
3310.7
2763.05
2094.13
1401.73
352.475
24813.5
23917.1
23439.9
22899.4
22419.6
21970.6
21554.2
21167.9
20809.5
20477.1
20162.5
19853
19543.1
19232.8
18922.3
18611.5
18300.5
17989.2
17677.8
17366.1
17054.3
16742.4
16430.3
16118.1
15805.8
15493.5
15181
14868.4
14555.8
14243.1
13930.4
13617.6
13304.7
12991.8
12678.9
12366
12053
11740
11427
11113.9
10800.9
10487.8
10174.7
9861.58
9548.45
9235.32
8922.17
8609.01
8295.84
7982.66
7669.47
7356.27
7043.06
6729.83
6416.58
6103.32
5790.04
5476.74
5163.41
4850.06
4534.22
4188.89
3784.88
3311.04
2763.29
2094.65
1403.04
350.849
24829.1
23925.3
23443.2
22902
22420.7
21971.4
21554.7
21168.2
20809.7
20477.2
20162.6
19853
19543.1
19232.9
18922.4
18611.6
18300.5
17989.3
17677.8
17366.2
17054.4
16742.5
16430.4
16118.2
15805.9
15493.5
15181
14868.4
14555.8
14243.1
13930.4
13617.6
13304.7
12991.9
12678.9
12366
12053
11740
11427
11113.9
10800.9
10487.8
10174.7
9861.58
9548.46
9235.33
8922.18
8609.02
8295.86
7982.68
7669.49
7356.3
7043.09
6729.87
6416.63
6103.38
5790.11
5476.82
5163.51
4850.18
4534.37
4189.06
3785.06
3311.37
2763.48
2095.23
1403.95
349.305
24840.7
23932.4
23445.7
22904.3
22421.8
21972
21555.1
21168.4
20809.8
20477.4
20162.7
19853.1
19543.2
19233
18922.5
18611.7
18300.6
17989.4
17677.9
17366.3
17054.5
16742.5
16430.4
16118.2
15805.9
15493.5
15181
14868.5
14555.8
14243.1
13930.4
13617.6
13304.7
12991.9
12678.9
12366
12053
11740
11427
11113.9
10800.9
10487.8
10174.7
9861.59
9548.47
9235.34
8922.19
8609.04
8295.88
7982.7
7669.52
7356.33
7043.13
6729.91
6416.69
6103.45
5790.19
5476.92
5163.62
4850.31
4534.52
4189.24
3785.25
3311.7
2763.6
2095.81
1404.56
347.821
24847
23937.2
23446.7
22905.7
22422.3
21972.4
21555.3
21168.5
20809.9
20477.5
20162.8
19853.2
19543.3
19233.1
18922.5
18611.7
18300.7
17989.4
17678
17366.3
17054.5
16742.5
16430.5
16118.3
15806
15493.5
15181.1
14868.5
14555.9
14243.2
13930.4
13617.6
13304.8
12991.9
12679
12366
12053
11740
11427
11113.9
10800.9
10487.8
10174.7
9861.6
9548.48
9235.35
8922.21
8609.06
8295.9
7982.73
7669.55
7356.37
7043.18
6729.97
6416.75
6103.53
5790.28
5477.02
5163.74
4850.44
4534.67
4189.42
3785.44
3312
2763.67
2096.36
1404.9
346.345
24846.6
23938.7
23445.5
22905.8
22422
21972.2
21555.1
21168.4
20809.9
20477.4
20162.8
19853.2
19543.3
19233.1
18922.6
18611.8
18300.7
17989.5
17678
17366.4
17054.5
16742.6
16430.5
16118.3
15806
15493.6
15181.1
14868.5
14555.9
14243.2
13930.4
13617.6
13304.8
12991.9
12679
12366
12053
11740
11427
11114
10800.9
10487.8
10174.7
9861.61
9548.49
9235.36
8922.22
8609.08
8295.92
7982.76
7669.59
7356.41
7043.23
6730.03
6416.83
6103.61
5790.38
5477.13
5163.87
4850.59
4534.83
4189.59
3785.61
3312.28
2763.68
2096.84
1405.01
344.822
24837.9
23936
23441.6
22904
22420.6
21971.3
21554.5
21168
20809.6
20477.3
20162.7
19853.2
19543.3
19233.1
18922.6
18611.8
18300.8
17989.5
17678
17366.4
17054.6
16742.6
16430.5
16118.3
15806
15493.6
15181.1
14868.5
14555.9
14243.2
13930.4
13617.6
13304.8
12991.9
12679
12366
12053
11740
11427
11114
10800.9
10487.8
10174.7
9861.62
9548.5
9235.38
8922.24
8609.1
8295.95
7982.8
7669.63
7356.46
7043.29
6730.1
6416.91
6103.7
5790.48
5477.25
5164
4850.73
4534.99
4189.76
3785.78
3312.53
2763.66
2097.28
1404.93
343.206
24819.4
23928.6
23434.7
22900.5
22418.1
21969.8
21553.6
21167.4
20809.2
20477
20162.5
19853.1
19543.3
19233.1
18922.6
18611.8
18300.8
17989.5
17678.1
17366.4
17054.6
16742.6
16430.5
16118.3
15806
15493.6
15181.1
14868.5
14555.9
14243.2
13930.4
13617.6
13304.8
12991.9
12679
12366
12053
11740
11427
11114
10800.9
10487.8
10174.7
9861.62
9548.51
9235.39
8922.26
8609.12
8295.98
7982.83
7669.67
7356.51
7043.34
6730.17
6416.99
6103.8
5790.59
5477.38
5164.14
4850.89
4535.16
4189.95
3785.97
3312.78
2763.62
2097.71
1404.64
341.473
24789.6
23916.9
23424.9
22895.4
22414.9
21967.8
21552.3
21166.7
20808.8
20476.7
20162.4
19853
19543.2
19233.1
18922.6
18611.8
18300.8
17989.6
17678.1
17366.4
17054.6
16742.7
16430.6
16118.3
15806
15493.6
15181.1
14868.5
14555.9
14243.2
13930.4
13617.6
13304.8
12991.9
12679
12366
12053
11740
11427
11114
10800.9
10487.8
10174.7
9861.63
9548.52
9235.4
8922.27
8609.14
8296
7982.86
7669.71
7356.56
7043.4
6730.24
6417.07
6103.89
5790.71
5477.51
5164.29
4851.06
4535.35
4190.15
3786.18
3313.07
2763.62
2098.27
1404.11
339.64
24749.8
23904.4
23415.4
22891.4
22412.9
21966.9
21552.1
21166.8
20809
20477
20162.7
19853.3
19543.5
19233.3
18922.8
18612
18301
17989.7
17678.2
17366.5
17054.7
16742.7
16430.6
16118.4
15806
15493.6
15181.1
14868.5
14555.9
14243.2
13930.4
13617.6
13304.8
12991.9
12679
12366
12053
11740
11427
11113.9
10800.9
10487.8
10174.7
9861.63
9548.52
9235.4
8922.28
8609.15
8296.01
7982.88
7669.74
7356.59
7043.45
6730.3
6417.15
6103.99
5790.83
5477.66
5164.48
4851.29
4535.62
4190.47
3786.55
3313.56
2763.8
2099.27
1403.19
337.568
24696
23890.8
23403.9
22886.7
22410.4
21965.8
21551.6
21166.6
20809
20477.1
20162.8
19853.4
19543.6
19233.4
18922.9
18612.1
18301
17989.7
17678.2
17366.6
17054.7
16742.7
16430.6
16118.4
15806
15493.6
15181.1
14868.5
14555.9
14243.2
13930.4
13617.6
13304.8
12991.9
12678.9
12366
12053
11740
11427
11113.9
10800.9
10487.8
10174.7
9861.62
9548.52
9235.4
8922.28
8609.15
8296.02
7982.89
7669.76
7356.62
7043.49
6730.35
6417.21
6104.07
5790.93
5477.79
5164.64
4851.47
4535.85
4190.75
3786.89
3314.08
2763.89
2100.93
1401.88
336.636
24664.5
23919.2
23419.6
22903
22423.1
21975.6
21559.2
21172.4
20813.5
20480.7
20165.6
19855.7
19545.4
19234.8
18924
18613
18301.7
17990.3
17678.7
17366.9
17055
16743
16430.8
16118.5
15806.2
15493.7
15181.2
14868.6
14555.9
14243.2
13930.5
13617.6
13304.8
12991.9
12679
12366
12053
11740
11427
11113.9
10800.9
10487.8
10174.7
9861.6
9548.49
9235.37
8922.25
8609.12
8295.99
7982.86
7669.72
7356.59
7043.47
6730.35
6417.24
6104.13
5791.05
5477.98
5164.93
4851.9
4536.45
4191.59
3788.12
3316.02
2765.7
2107.46
1399.62
330.293
24711.3
23921.2
23427.3
22896.7
22417.1
21968.5
21552.2
21165.9
20807.6
20475.3
20160.9
19851.4
19541.7
19231.6
18921.2
18610.5
18299.6
17988.5
17677.1
17365.6
17053.9
16742
16430
16117.8
15805.6
15493.2
15180.8
14868.3
14555.7
14243
13930.3
13617.5
13304.7
12991.8
12678.9
12366
12053
11740
11427
11113.9
10800.9
10487.8
10174.7
9861.61
9548.49
9235.37
8922.22
8609.07
8295.91
7982.73
7669.54
7356.34
7043.12
6729.89
6416.64
6103.36
5790.05
5476.71
5163.34
4849.91
4533.99
4188.5
3784.23
3310.34
2759.92
2095.81
1383.72
397.834
24700
23903.8
23422.7
22892.2
22414.8
21967
21551.3
21165.4
20807.3
20475.1
20160.7
19851.3
19541.6
19231.5
18921.1
18610.5
18299.6
17988.4
17677.1
17365.5
17053.8
16742
16429.9
16117.8
15805.6
15493.2
15180.8
14868.2
14555.6
14243
13930.3
13617.5
13304.7
12991.8
12678.9
12365.9
12053
11740
11427
11113.9
10800.9
10487.8
10174.7
9861.6
9548.48
9235.35
8922.21
8609.05
8295.89
7982.71
7669.52
7356.32
7043.1
6729.86
6416.6
6103.32
5790.02
5476.68
5163.3
4849.88
4533.96
4188.48
3784.25
3310.21
2760.49
2095.15
1386.68
355.079
24704.6
23892.5
23420.3
22889.1
22413.2
21965.9
21550.6
21164.9
20807
20474.9
20160.6
19851.2
19541.5
19231.5
18921.1
18610.4
18299.5
17988.4
17677.1
17365.5
17053.8
16741.9
16429.9
16117.8
15805.5
15493.2
15180.7
14868.2
14555.6
14243
13930.2
13617.5
13304.6
12991.8
12678.9
12365.9
12053
11740
11427
11113.9
10800.9
10487.8
10174.7
9861.59
9548.47
9235.34
8922.19
8609.04
8295.87
7982.69
7669.5
7356.3
7043.08
6729.84
6416.58
6103.3
5790
5476.66
5163.29
4849.87
4533.95
4188.49
3784.3
3310.16
2761.1
2094.39
1391.15
352.57
24717.9
23888.5
23419.4
22887.5
22412.1
21965.2
21550.1
21164.6
20806.7
20474.7
20160.4
19851.1
19541.5
19231.4
18921.1
18610.4
18299.5
17988.4
17677
17365.5
17053.8
16741.9
16429.9
16117.8
15805.5
15493.2
15180.7
14868.2
14555.6
14242.9
13930.2
13617.5
13304.6
12991.8
12678.9
12365.9
12053
11740
11426.9
11113.9
10800.9
10487.8
10174.7
9861.58
9548.46
9235.33
8922.18
8609.03
8295.86
7982.68
7669.49
7356.29
7043.07
6729.83
6416.57
6103.3
5789.99
5476.66
5163.29
4849.89
4533.98
4188.53
3784.38
3310.25
2761.62
2094.09
1394.7
354.063
24735.1
23889.2
23419.7
22887.2
22411.5
21964.7
21549.8
21164.3
20806.6
20474.6
20160.4
19851.1
19541.4
19231.4
18921.1
18610.4
18299.5
17988.4
17677
17365.5
17053.8
16741.9
16429.9
16117.8
15805.5
15493.2
15180.7
14868.2
14555.6
14242.9
13930.2
13617.4
13304.6
12991.8
12678.9
12365.9
12053
11740
11426.9
11113.9
10800.8
10487.8
10174.7
9861.57
9548.45
9235.32
8922.18
8609.02
8295.85
7982.67
7669.48
7356.28
7043.06
6729.83
6416.57
6103.3
5790
5476.68
5163.32
4849.92
4534.03
4188.61
3784.48
3310.43
2762.04
2094.15
1397.35
352.539
24754.1
23893.6
23421.3
22888
22411.5
21964.7
21549.7
21164.3
20806.5
20474.6
20160.4
19851.1
19541.4
19231.4
18921.1
18610.4
18299.6
17988.4
17677.1
17365.5
17053.8
16741.9
16429.9
16117.8
15805.5
15493.2
15180.7
14868.2
14555.6
14242.9
13930.2
13617.4
13304.6
12991.8
12678.9
12365.9
12053
11740
11426.9
11113.9
10800.8
10487.8
10174.7
9861.57
9548.45
9235.32
8922.17
8609.02
8295.85
7982.67
7669.48
7356.28
7043.07
6729.83
6416.59
6103.32
5790.03
5476.71
5163.36
4849.98
4534.11
4188.72
3784.61
3310.69
2762.38
2094.47
1399.47
350.796
24773.3
23900.6
23424
22889.9
22412.1
21965
21549.8
21164.3
20806.6
20474.6
20160.4
19851.1
19541.5
19231.5
18921.1
18610.5
18299.6
17988.5
17677.1
17365.6
17053.8
16742
16429.9
16117.8
15805.6
15493.2
15180.7
14868.2
14555.6
14243
13930.2
13617.5
13304.6
12991.8
12678.9
12365.9
12053
11740
11426.9
11113.9
10800.8
10487.8
10174.7
9861.57
9548.45
9235.32
8922.17
8609.02
8295.85
7982.68
7669.49
7356.29
7043.08
6729.85
6416.61
6103.35
5790.07
5476.76
5163.43
4850.06
4534.21
4188.86
3784.77
3311
2762.65
2094.98
1401.09
349.268
24791.3
23909
23427.2
22892.3
22413.2
21965.7
21550.2
21164.6
20806.7
20474.7
20160.5
19851.2
19541.6
19231.5
18921.2
18610.6
18299.7
17988.5
17677.2
17365.6
17053.9
16742
16430
16117.8
15805.6
15493.2
15180.8
14868.2
14555.6
14243
13930.2
13617.5
13304.6
12991.8
12678.9
12365.9
12053
11740
11426.9
11113.9
10800.8
10487.8
10174.7
9861.57
9548.45
9235.32
8922.18
8609.03
8295.86
7982.69
7669.5
7356.31
7043.1
6729.88
6416.64
6103.39
5790.12
5476.83
5163.51
4850.16
4534.34
4189.01
3784.95
3311.34
2762.86
2095.61
1402.26
347.8
24806.5
23917.4
23430.3
22894.9
22414.4
21966.4
21550.6
21164.9
20806.9
20474.9
20160.6
19851.3
19541.7
19231.6
18921.3
18610.6
18299.7
17988.6
17677.2
17365.7
17053.9
16742.1
16430
16117.9
15805.6
15493.3
15180.8
14868.3
14555.7
14243
13930.3
13617.5
13304.6
12991.8
12678.9
12365.9
12053
11740
11427
11113.9
10800.8
10487.8
10174.7
9861.58
9548.46
9235.33
8922.19
8609.04
8295.88
7982.71
7669.53
7356.33
7043.13
6729.92
6416.69
6103.45
5790.19
5476.91
5163.61
4850.28
4534.48
4189.18
3785.15
3311.68
2763.02
2096.29
1403.04
346.378
24817.8
23924.6
23432.7
22897.2
22415.4
21967.1
21551.1
21165.1
20807.1
20475.1
20160.7
19851.4
19541.8
19231.7
18921.4
18610.7
18299.8
17988.7
17677.3
17365.7
17054
16742.1
16430.1
16117.9
15805.7
15493.3
15180.8
14868.3
14555.7
14243
13930.3
13617.5
13304.7
12991.8
12678.9
12365.9
12053
11740
11427
11113.9
10800.9
10487.8
10174.7
9861.58
9548.47
9235.34
8922.2
8609.05
8295.9
7982.73
7669.55
7356.37
7043.17
6729.97
6416.75
6103.52
5790.27
5477.01
5163.72
4850.41
4534.63
4189.36
3785.34
3312.01
2763.12
2096.96
1403.52
344.973
24823.7
23929.5
23433.6
22898.6
22415.9
21967.4
21551.3
21165.3
20807.2
20475.1
20160.8
19851.5
19541.8
19231.8
18921.4
18610.8
18299.9
17988.7
17677.4
17365.8
17054.1
16742.2
16430.1
16118
15805.7
15493.3
15180.9
14868.3
14555.7
14243
13930.3
13617.5
13304.7
12991.8
12678.9
12366
12053
11740
11427
11113.9
10800.9
10487.8
10174.7
9861.59
9548.48
9235.35
8922.22
8609.07
8295.92
7982.76
7669.59
7356.41
7043.22
6730.02
6416.82
6103.59
5790.36
5477.11
5163.84
4850.55
4534.79
4189.54
3785.52
3312.31
2763.16
2097.58
1403.74
343.526
24822.9
23931
23432.3
22898.5
22415.6
21967.2
21551.1
21165.1
20807.1
20475.1
20160.8
19851.5
19541.9
19231.8
18921.5
18610.8
18299.9
17988.8
17677.4
17365.8
17054.1
16742.2
16430.2
16118
15805.7
15493.3
15180.9
14868.3
14555.7
14243
13930.3
13617.5
13304.7
12991.8
12678.9
12366
12053
11740
11427
11113.9
10800.9
10487.8
10174.7
9861.6
9548.49
9235.37
8922.23
8609.09
8295.94
7982.79
7669.62
7356.45
7043.27
6730.09
6416.89
6103.68
5790.46
5477.22
5163.97
4850.69
4534.94
4189.7
3785.7
3312.58
2763.16
2098.12
1403.74
341.974
24813.9
23928.3
23428.3
22896.7
22414.1
21966.2
21550.5
21164.7
20806.8
20474.9
20160.7
19851.5
19541.8
19231.8
18921.5
18610.9
18300
17988.8
17677.4
17365.9
17054.1
16742.2
16430.2
16118
15805.7
15493.4
15180.9
14868.4
14555.7
14243.1
13930.3
13617.5
13304.7
12991.8
12678.9
12366
12053
11740
11427
11113.9
10800.9
10487.8
10174.7
9861.61
9548.5
9235.38
8922.25
8609.12
8295.97
7982.82
7669.66
7356.5
7043.33
6730.15
6416.97
6103.77
5790.56
5477.34
5164.09
4850.83
4535.1
4189.87
3785.86
3312.81
2763.11
2098.59
1403.53
340.258
24795.2
23920.8
23421.2
22893
22411.6
21964.6
21549.4
21164
20806.4
20474.6
20160.5
19851.3
19541.8
19231.8
18921.5
18610.9
18300
17988.8
17677.5
17365.9
17054.1
16742.2
16430.2
16118
15805.8
15493.4
15180.9
14868.4
14555.7
14243.1
13930.3
13617.5
13304.7
12991.8
12678.9
12366
12053
11740
11427
11113.9
10800.9
10487.8
10174.7
9861.62
9548.51
9235.39
8922.27
8609.14
8296
7982.85
7669.7
7356.55
7043.39
6730.22
6417.04
6103.86
5790.67
5477.46
5164.23
4850.98
4535.26
4190.04
3786.04
3313.04
2763.04
2099.03
1403.11
338.346
24765.2
23908.9
23411.4
22887.7
22408.3
21962.6
21548.1
21163.2
20805.9
20474.3
20160.3
19851.2
19541.7
19231.7
18921.5
18610.8
18300
17988.8
17677.5
17365.9
17054.1
16742.2
16430.2
16118
15805.7
15493.4
15180.9
14868.3
14555.7
14243
13930.3
13617.5
13304.7
12991.8
12678.9
12365.9
12053
11740
11427
11113.9
10800.9
10487.8
10174.7
9861.62
9548.52
9235.4
8922.28
8609.15
8296.02
7982.88
7669.74
7356.59
7043.44
6730.29
6417.12
6103.95
5790.78
5477.58
5164.38
4851.14
4535.44
4190.24
3786.24
3313.3
2763
2099.57
1402.44
336.222
24725.1
23895.9
23401.6
22883.4
22406
21961.5
21547.7
21163.1
20806
20474.5
20160.5
19851.4
19541.9
19231.9
18921.6
18611
18300.1
17988.9
17677.5
17365.9
17054.2
16742.3
16430.2
16118
15805.8
15493.4
15180.9
14868.3
14555.7
14243
13930.3
13617.5
13304.7
12991.8
12678.9
12365.9
12053
11740
11427
11113.9
10800.9
10487.8
10174.7
9861.62
9548.52
9235.4
8922.29
8609.16
8296.03
7982.9
7669.77
7356.63
7043.49
6730.35
6417.2
6104.05
5790.9
5477.74
5164.56
4851.37
4535.71
4190.54
3786.59
3313.76
2763.14
2100.51
1401.35
333.783
24671.4
23882.2
23390.6
22878.7
22403.6
21960.4
21547.2
21162.9
20805.9
20474.5
20160.6
19851.5
19542
19232
18921.7
18611.1
18300.1
17989
17677.6
17366
17054.2
16742.3
16430.2
16118
15805.8
15493.4
15180.9
14868.3
14555.7
14243
13930.3
13617.5
13304.7
12991.8
12678.9
12365.9
12053
11740
11426.9
11113.9
10800.9
10487.8
10174.7
9861.61
9548.51
9235.4
8922.29
8609.17
8296.04
7982.92
7669.79
7356.66
7043.53
6730.4
6417.27
6104.13
5791
5477.86
5164.71
4851.55
4535.94
4190.82
3786.94
3314.26
2763.27
2102.2
1399.91
332.492
24639.6
23909.5
23406.4
22894.5
22416.1
21970
21554.7
21168.7
20810.5
20478.1
20163.4
19853.8
19543.8
19233.5
18922.9
18612
18300.9
17989.6
17678
17366.4
17054.5
16742.5
16430.4
16118.2
15805.9
15493.5
15181
14868.4
14555.8
14243.1
13930.3
13617.5
13304.7
12991.8
12678.9
12365.9
12053
11740
11427
11113.9
10800.9
10487.8
10174.7
9861.6
9548.49
9235.38
8922.26
8609.14
8296.01
7982.88
7669.76
7356.63
7043.51
6730.4
6417.3
6104.2
5791.12
5478.06
5165.02
4852
4536.56
4191.7
3788.22
3316.22
2765.29
2108.72
1397.35
323.695
24686.8
23910.3
23414.3
22888.6
22410.3
21963.3
21548.1
21162.6
20804.9
20473.1
20158.9
19849.8
19540.3
19230.4
18920.2
18609.7
18298.9
17987.8
17676.6
17365.1
17053.5
16741.7
16429.7
16117.6
15805.4
15493.1
15180.6
14868.1
14555.5
14242.9
13930.2
13617.4
13304.6
12991.7
12678.9
12365.9
12053
11740
11427
11113.9
10800.9
10487.8
10174.7
9861.61
9548.5
9235.37
8922.24
8609.09
8295.93
7982.76
7669.58
7356.39
7043.18
6729.95
6416.71
6103.45
5790.15
5476.83
5163.47
4850.07
4534.16
4188.7
3784.43
3310.71
2759.87
2096.72
1384.04
386.053
24675.9
23893.3
23409.6
22884.3
22408
21961.8
21547.2
21162
20804.5
20472.8
20158.7
19849.7
19540.2
19230.3
18920.1
18609.6
18298.8
17987.8
17676.5
17365.1
17053.4
16741.6
16429.6
16117.6
15805.3
15493
15180.6
14868.1
14555.5
14242.9
13930.2
13617.4
13304.6
12991.7
12678.8
12365.9
12052.9
11740
11426.9
11113.9
10800.9
10487.8
10174.7
9861.6
9548.48
9235.36
8922.22
8609.07
8295.91
7982.74
7669.56
7356.36
7043.15
6729.92
6416.68
6103.41
5790.12
5476.79
5163.43
4850.03
4534.12
4188.66
3784.42
3310.57
2760.35
2095.95
1386.74
348.548
24680.4
23882.1
23407
22881.3
22406.3
21960.7
21546.4
21161.5
20804.2
20472.6
20158.6
19849.5
19540.1
19230.2
18920
18609.6
18298.8
17987.7
17676.5
17365
17053.4
16741.6
16429.6
16117.5
15805.3
15493
15180.6
14868.1
14555.5
14242.8
13930.1
13617.4
13304.6
12991.7
12678.8
12365.9
12052.9
11739.9
11426.9
11113.9
10800.8
10487.8
10174.7
9861.59
9548.47
9235.35
8922.21
8609.06
8295.9
7982.72
7669.54
7356.34
7043.13
6729.9
6416.66
6103.39
5790.1
5476.77
5163.42
4850.02
4534.11
4188.67
3784.45
3310.52
2760.89
2095.15
1391.01
347.268
24693.7
23878.3
23405.9
22879.8
22405.2
21959.9
21545.9
21161.2
20803.9
20472.4
20158.5
19849.5
19540
19230.2
18920
18609.5
18298.8
17987.7
17676.5
17365
17053.4
16741.6
16429.6
16117.5
15805.3
15493
15180.6
14868.1
14555.5
14242.8
13930.1
13617.4
13304.6
12991.7
12678.8
12365.9
12052.9
11739.9
11426.9
11113.9
10800.8
10487.8
10174.7
9861.58
9548.46
9235.34
8922.2
8609.05
8295.89
7982.71
7669.53
7356.33
7043.12
6729.89
6416.65
6103.38
5790.09
5476.77
5163.42
4850.03
4534.13
4188.71
3784.51
3310.61
2761.34
2094.87
1394.42
349.325
24710.6
23879.4
23406.1
22879.5
22404.7
21959.5
21545.6
21160.9
20803.8
20472.3
20158.4
19849.4
19540
19230.2
18920
18609.5
18298.8
17987.7
17676.5
17365
17053.4
16741.6
16429.6
16117.5
15805.3
15493
15180.6
14868.1
14555.5
14242.8
13930.1
13617.4
13304.6
12991.7
12678.8
12365.9
12052.9
11739.9
11426.9
11113.9
10800.8
10487.8
10174.7
9861.57
9548.46
9235.33
8922.19
8609.04
8295.88
7982.71
7669.52
7356.32
7043.11
6729.89
6416.65
6103.38
5790.1
5476.79
5163.44
4850.06
4534.18
4188.78
3784.61
3310.79
2761.69
2095.01
1396.9
348.273
24729.3
23884.2
23407.5
22880.4
22404.7
21959.5
21545.5
21160.9
20803.7
20472.3
20158.4
19849.4
19540
19230.2
18920
18609.6
18298.8
17987.8
17676.5
17365
17053.4
16741.6
16429.6
16117.5
15805.3
15493
15180.6
14868.1
14555.5
14242.8
13930.1
13617.4
13304.6
12991.7
12678.8
12365.9
12052.9
11739.9
11426.9
11113.9
10800.8
10487.8
10174.7
9861.57
9548.45
9235.33
8922.19
8609.04
8295.88
7982.7
7669.52
7356.33
7043.12
6729.9
6416.66
6103.4
5790.12
5476.82
5163.49
4850.12
4534.26
4188.88
3784.73
3311.06
2761.98
2095.44
1398.83
346.833
24748.1
23891.6
23410
22882.3
22405.4
21959.9
21545.7
21161
20803.8
20472.3
20158.4
19849.5
19540.1
19230.3
18920.1
18609.6
18298.8
17987.8
17676.5
17365.1
17053.4
16741.6
16429.6
16117.5
15805.3
15493
15180.6
14868.1
14555.5
14242.8
13930.1
13617.4
13304.6
12991.7
12678.8
12365.9
12052.9
11739.9
11426.9
11113.9
10800.8
10487.8
10174.7
9861.57
9548.45
9235.33
8922.19
8609.04
8295.88
7982.71
7669.53
7356.34
7043.13
6729.91
6416.68
6103.43
5790.16
5476.87
5163.55
4850.2
4534.36
4189.02
3784.89
3311.37
2762.21
2096.08
1400.27
345.554
24765.6
23900.3
23413.1
22884.8
22406.5
21960.6
21546.1
21161.2
20804
20472.5
20158.6
19849.6
19540.2
19230.4
18920.2
18609.7
18298.9
17987.9
17676.6
17365.1
17053.5
16741.7
16429.7
16117.6
15805.4
15493
15180.6
14868.1
14555.5
14242.9
13930.1
13617.4
13304.6
12991.7
12678.8
12365.9
12052.9
11739.9
11426.9
11113.9
10800.8
10487.8
10174.7
9861.57
9548.46
9235.33
8922.19
8609.05
8295.89
7982.72
7669.54
7356.35
7043.16
6729.94
6416.72
6103.48
5790.22
5476.94
5163.63
4850.3
4534.49
4189.17
3785.08
3311.72
2762.38
2096.84
1401.26
344.293
24780.4
23909
23416.1
22887.4
22407.7
21961.4
21546.6
21161.6
20804.2
20472.6
20158.7
19849.7
19540.3
19230.5
18920.3
18609.8
18299
17988
17676.7
17365.2
17053.5
16741.7
16429.7
16117.6
15805.4
15493.1
15180.6
14868.1
14555.5
14242.9
13930.2
13617.4
13304.6
12991.7
12678.8
12365.9
12052.9
11739.9
11426.9
11113.9
10800.8
10487.8
10174.7
9861.58
9548.46
9235.34
8922.2
8609.06
8295.9
7982.74
7669.56
7356.38
7043.19
6729.98
6416.77
6103.53
5790.29
5477.02
5163.73
4850.42
4534.63
4189.34
3785.27
3312.06
2762.51
2097.65
1401.89
343.027
24791.1
23916.4
23418.4
22889.7
22408.8
21962
21547.1
21161.9
20804.4
20472.8
20158.9
19849.9
19540.4
19230.6
18920.4
18609.9
18299.1
17988
17676.8
17365.3
17053.6
16741.8
16429.8
16117.7
15805.4
15493.1
15180.7
14868.2
14555.6
14242.9
13930.2
13617.4
13304.6
12991.7
12678.8
12365.9
12052.9
11739.9
11426.9
11113.9
10800.8
10487.8
10174.7
9861.59
9548.47
9235.35
8922.22
8609.07
8295.92
7982.76
7669.59
7356.42
7043.23
6730.03
6416.82
6103.6
5790.37
5477.12
5163.84
4850.55
4534.78
4189.52
3785.47
3312.39
2762.58
2098.43
1402.2
341.719
24796.6
23921.4
23419.2
22891
22409.4
21962.4
21547.3
21162
20804.6
20472.9
20159
19849.9
19540.5
19230.7
18920.5
18610
18299.2
17988.1
17676.8
17365.4
17053.7
16741.8
16429.8
16117.7
15805.5
15493.1
15180.7
14868.2
14555.6
14242.9
13930.2
13617.4
13304.6
12991.7
12678.8
12365.9
12052.9
11740
11426.9
11113.9
10800.9
10487.8
10174.7
9861.6
9548.49
9235.36
8922.23
8609.09
8295.95
7982.79
7669.63
7356.46
7043.28
6730.09
6416.89
6103.68
5790.46
5477.22
5163.96
4850.69
4534.94
4189.69
3785.66
3312.69
2762.61
2099.15
1402.26
340.305
24795.3
23923
23417.8
22890.8
22409
21962.1
21547.1
21161.9
20804.5
20472.9
20158.9
19849.9
19540.5
19230.7
18920.5
18610
18299.2
17988.2
17676.9
17365.4
17053.7
16741.9
16429.9
16117.8
15805.5
15493.2
15180.7
14868.2
14555.6
14242.9
13930.2
13617.4
13304.6
12991.8
12678.9
12365.9
12053
11740
11426.9
11113.9
10800.9
10487.8
10174.7
9861.61
9548.5
9235.38
8922.25
8609.12
8295.97
7982.82
7669.66
7356.5
7043.33
6730.15
6416.96
6103.77
5790.56
5477.33
5164.09
4850.82
4535.09
4189.86
3785.84
3312.94
2762.57
2099.77
1402.1
338.709
24785.9
23920.2
23413.6
22888.8
22407.5
21961.1
21546.4
21161.4
20804.1
20472.7
20158.8
19849.8
19540.5
19230.7
18920.5
18610
18299.2
17988.2
17676.9
17365.4
17053.7
16741.9
16429.9
16117.8
15805.5
15493.2
15180.7
14868.2
14555.6
14243
13930.2
13617.4
13304.6
12991.8
12678.9
12365.9
12053
11740
11426.9
11113.9
10800.9
10487.8
10174.7
9861.61
9548.51
9235.39
8922.27
8609.14
8296
7982.85
7669.7
7356.55
7043.39
6730.22
6417.04
6103.85
5790.66
5477.44
5164.21
4850.96
4535.24
4190.01
3786
3313.15
2762.49
2100.28
1401.72
336.863
24766.8
23912.6
23406.4
22884.9
22404.8
21959.4
21545.3
21160.7
20803.6
20472.3
20158.5
19849.7
19540.3
19230.6
18920.5
18610
18299.2
17988.2
17676.9
17365.4
17053.7
16741.9
16429.9
16117.8
15805.5
15493.2
15180.7
14868.2
14555.6
14242.9
13930.2
13617.4
13304.6
12991.8
12678.9
12365.9
12053
11740
11426.9
11113.9
10800.9
10487.8
10174.7
9861.62
9548.52
9235.4
8922.28
8609.16
8296.02
7982.89
7669.74
7356.6
7043.44
6730.28
6417.12
6103.94
5790.76
5477.56
5164.34
4851.11
4535.4
4190.17
3786.15
3313.35
2762.38
2100.73
1401.12
334.717
24736.7
23900.4
23396.5
22879.5
22401.4
21957.2
21543.8
21159.7
20803
20471.9
20158.2
19849.5
19540.2
19230.5
18920.4
18609.9
18299.2
17988.2
17676.9
17365.4
17053.7
16741.9
16429.9
16117.8
15805.5
15493.2
15180.7
14868.2
14555.6
14242.9
13930.2
13617.4
13304.6
12991.7
12678.8
12365.9
12052.9
11740
11426.9
11113.9
10800.9
10487.8
10174.7
9861.62
9548.52
9235.41
8922.3
8609.17
8296.05
7982.91
7669.78
7356.64
7043.5
6730.35
6417.19
6104.03
5790.86
5477.68
5164.48
4851.26
4535.56
4190.36
3786.34
3313.58
2762.3
2101.24
1400.23
332.213
24696.2
23886.7
23386.5
22874.7
22398.8
21955.9
21543.2
21159.5
20803
20471.9
20158.4
19849.6
19540.3
19230.6
18920.5
18610
18299.3
17988.2
17676.9
17365.4
17053.8
16741.9
16429.9
16117.8
15805.5
15493.2
15180.7
14868.2
14555.6
14242.9
13930.2
13617.4
13304.6
12991.7
12678.8
12365.9
12052.9
11739.9
11426.9
11113.9
10800.8
10487.8
10174.7
9861.62
9548.52
9235.41
8922.3
8609.18
8296.06
7982.93
7669.81
7356.67
7043.54
6730.41
6417.27
6104.13
5790.98
5477.83
5164.66
4851.47
4535.81
4190.64
3786.67
3313.97
2762.39
2102.1
1398.9
329.307
24642.6
23873.1
23375.9
22870
22396.5
21954.7
21542.7
21159.3
20802.9
20471.9
20158.4
19849.7
19540.4
19230.7
18920.6
18610.1
18299.3
17988.2
17676.9
17365.4
17053.8
16741.9
16429.9
16117.8
15805.5
15493.1
15180.7
14868.2
14555.6
14242.9
13930.2
13617.4
13304.6
12991.7
12678.8
12365.9
12052.9
11739.9
11426.9
11113.9
10800.8
10487.8
10174.7
9861.61
9548.52
9235.41
8922.3
8609.19
8296.07
7982.95
7669.82
7356.7
7043.58
6730.45
6417.33
6104.21
5791.08
5477.95
5164.81
4851.66
4536.04
4190.92
3787.03
3314.46
2762.55
2103.8
1397.23
327.467
24610.3
23898.8
23391.8
22885.1
22408.7
21964.2
21550
21165
20807.4
20475.5
20161.3
19852
19542.2
19232.1
18921.7
18611
18300.1
17988.9
17677.4
17365.8
17054.1
16742.2
16430.1
16117.9
15805.7
15493.3
15180.8
14868.3
14555.6
14243
13930.2
13617.5
13304.6
12991.7
12678.8
12365.9
12052.9
11739.9
11426.9
11113.9
10800.8
10487.8
10174.7
9861.6
9548.5
9235.39
8922.28
8609.16
8296.04
7982.92
7669.8
7356.68
7043.57
6730.46
6417.37
6104.29
5791.22
5478.16
5165.13
4852.12
4536.69
4191.83
3788.36
3316.42
2764.8
2110.27
1394.14
315.622
24659.3
23898
23400.4
22880.2
22403.4
21958.1
21544.1
21159.4
20802.3
20471
20157.2
19848.4
19539.1
19229.4
18919.3
18609
18298.3
17987.3
17676.2
17364.8
17053.2
16741.4
16429.5
16117.4
15805.2
15492.9
15180.5
14868
14555.5
14242.8
13930.1
13617.4
13304.6
12991.7
12678.8
12365.9
12052.9
11740
11426.9
11113.9
10800.9
10487.8
10174.7
9861.62
9548.51
9235.39
8922.26
8609.12
8295.96
7982.8
7669.63
7356.44
7043.25
6730.03
6416.8
6103.55
5790.28
5476.98
5163.64
4850.26
4534.38
4188.95
3784.69
3311.15
2759.9
2097.82
1384.59
375.383
24648.9
23881.4
23395.6
22876
22401.1
21956.6
21543.1
21158.8
20801.9
20470.6
20156.9
19848.2
19538.9
19229.3
18919.2
18608.9
18298.2
17987.3
17676.1
17364.7
17053.1
16741.3
16429.4
16117.4
15805.2
15492.9
15180.5
14868
14555.4
14242.8
13930.1
13617.3
13304.5
12991.7
12678.8
12365.9
12052.9
11739.9
11426.9
11113.9
10800.9
10487.8
10174.7
9861.61
9548.5
9235.37
8922.24
8609.1
8295.94
7982.78
7669.6
7356.42
7043.22
6730
6416.77
6103.52
5790.24
5476.94
5163.6
4850.21
4534.33
4188.9
3784.66
3311
2760.29
2096.89
1386.93
341.478
24653.3
23870.4
23392.8
22873
22399.3
21955.5
21542.3
21158.3
20801.5
20470.4
20156.8
19848
19538.8
19229.2
18919.2
18608.8
18298.1
17987.2
17676
17364.6
17053.1
16741.3
16429.4
16117.3
15805.1
15492.8
15180.4
14868
14555.4
14242.8
13930.1
13617.3
13304.5
12991.7
12678.8
12365.9
12052.9
11739.9
11426.9
11113.9
10800.8
10487.8
10174.7
9861.59
9548.48
9235.36
8922.23
8609.08
8295.93
7982.76
7669.59
7356.4
7043.2
6729.98
6416.75
6103.49
5790.22
5476.91
5163.58
4850.19
4534.32
4188.89
3784.66
3310.95
2760.74
2096.02
1390.97
341.302
24666.5
23866.9
23391.5
22871.6
22398.2
21954.7
21541.8
21157.9
20801.2
20470.2
20156.6
19847.9
19538.7
19229.1
18919.1
18608.8
18298.1
17987.2
17676
17364.6
17053
16741.3
16429.4
16117.3
15805.1
15492.8
15180.4
14867.9
14555.4
14242.8
13930.1
13617.3
13304.5
12991.7
12678.8
12365.9
12052.9
11739.9
11426.9
11113.9
10800.8
10487.8
10174.7
9861.58
9548.47
9235.35
8922.22
8609.07
8295.92
7982.75
7669.57
7356.39
7043.18
6729.97
6416.74
6103.48
5790.21
5476.91
5163.58
4850.2
4534.33
4188.92
3784.71
3311.03
2761.11
2095.76
1394.21
344.007
24683.2
23868.4
23391.6
22871.4
22397.7
21954.3
21541.5
21157.7
20801.1
20470.1
20156.6
19847.9
19538.7
19229.1
18919.1
18608.8
18298.1
17987.2
17676
17364.6
17053
16741.3
16429.4
16117.3
15805.1
15492.8
15180.4
14867.9
14555.4
14242.7
13930.1
13617.3
13304.5
12991.7
12678.8
12365.8
12052.9
11739.9
11426.9
11113.9
10800.8
10487.8
10174.7
9861.58
9548.47
9235.35
8922.21
8609.07
8295.91
7982.74
7669.57
7356.38
7043.18
6729.97
6416.74
6103.49
5790.22
5476.92
5163.6
4850.23
4534.38
4188.99
3784.79
3311.21
2761.39
2095.99
1396.5
343.502
24701.5
23873.6
23392.9
22872.4
22397.9
21954.4
21541.5
21157.6
20801.1
20470.1
20156.6
19847.9
19538.7
19229.1
18919.1
18608.8
18298.1
17987.2
17676
17364.7
17053.1
16741.3
16429.4
16117.3
15805.1
15492.8
15180.4
14868
14555.4
14242.8
13930.1
13617.3
13304.5
12991.7
12678.8
12365.8
12052.9
11739.9
11426.9
11113.9
10800.8
10487.8
10174.7
9861.58
9548.47
9235.34
8922.21
8609.06
8295.91
7982.74
7669.57
7356.38
7043.18
6729.97
6416.75
6103.5
5790.24
5476.95
5163.64
4850.29
4534.45
4189.09
3784.92
3311.48
2761.62
2096.54
1398.21
342.461
24719.9
23881.4
23395.3
22874.3
22398.6
21954.8
21541.7
21157.8
20801.2
20470.2
20156.7
19848
19538.8
19229.2
18919.2
18608.9
18298.2
17987.3
17676.1
17364.7
17053.1
16741.3
16429.4
16117.3
15805.2
15492.9
15180.5
14868
14555.4
14242.8
13930.1
13617.3
13304.5
12991.7
12678.8
12365.8
12052.9
11739.9
11426.9
11113.9
10800.8
10487.8
10174.7
9861.58
9548.47
9235.34
8922.21
8609.07
8295.91
7982.75
7669.58
7356.39
7043.2
6729.99
6416.77
6103.54
5790.28
5477
5163.7
4850.37
4534.55
4189.22
3785.08
3311.8
2761.8
2097.33
1399.45
341.521
24736.8
23890.4
23398.3
22876.9
22399.8
21955.5
21542.2
21158.1
20801.4
20470.4
20156.8
19848.1
19539
19229.3
18919.3
18609
18298.3
17987.4
17676.2
17364.8
17053.2
16741.4
16429.5
16117.4
15805.2
15492.9
15180.5
14868
14555.4
14242.8
13930.1
13617.3
13304.5
12991.7
12678.8
12365.9
12052.9
11739.9
11426.9
11113.9
10800.8
10487.8
10174.7
9861.58
9548.47
9235.35
8922.22
8609.07
8295.92
7982.76
7669.59
7356.41
7043.22
6730.02
6416.81
6103.58
5790.34
5477.07
5163.79
4850.47
4534.68
4189.38
3785.27
3312.15
2761.95
2098.24
1400.25
340.548
24751
23899.3
23401.3
22879.5
22401.1
21956.4
21542.8
21158.5
20801.7
20470.6
20157
19848.3
19539.1
19229.5
18919.5
18609.1
18298.4
17987.5
17676.3
17364.9
17053.3
16741.5
16429.5
16117.5
15805.2
15492.9
15180.5
14868
14555.5
14242.8
13930.1
13617.4
13304.5
12991.7
12678.8
12365.9
12052.9
11739.9
11426.9
11113.9
10800.8
10487.8
10174.7
9861.59
9548.48
9235.36
8922.23
8609.09
8295.94
7982.78
7669.61
7356.44
7043.26
6730.06
6416.86
6103.64
5790.41
5477.16
5163.89
4850.59
4534.83
4189.55
3785.48
3312.5
2762.05
2099.2
1400.69
339.498
24761.2
23907
23403.5
22881.8
22402.3
21957.1
21543.3
21158.9
20802
20470.8
20157.2
19848.5
19539.3
19229.6
18919.6
18609.2
18298.5
17987.6
17676.4
17365
17053.3
16741.5
16429.6
16117.5
15805.3
15493
15180.6
14868.1
14555.5
14242.8
13930.1
13617.4
13304.6
12991.7
12678.8
12365.9
12052.9
11739.9
11426.9
11113.9
10800.8
10487.8
10174.7
9861.6
9548.49
9235.37
8922.24
8609.11
8295.96
7982.81
7669.64
7356.48
7043.3
6730.11
6416.92
6103.71
5790.49
5477.26
5164
4850.73
4534.98
4189.73
3785.68
3312.83
2762.11
2100.12
1400.82
338.33
24766
23912.2
23404.2
22883
22402.9
21957.5
21543.5
21159
20802.1
20471
20157.3
19848.6
19539.4
19229.7
18919.7
18609.3
18298.6
17987.7
17676.5
17365
17053.4
16741.6
16429.7
16117.6
15805.4
15493
15180.6
14868.1
14555.5
14242.9
13930.2
13617.4
13304.6
12991.7
12678.8
12365.9
12052.9
11739.9
11426.9
11113.9
10800.9
10487.8
10174.7
9861.61
9548.5
9235.39
8922.26
8609.13
8295.98
7982.83
7669.68
7356.52
7043.35
6730.17
6416.99
6103.79
5790.58
5477.36
5164.12
4850.86
4535.14
4189.9
3785.88
3313.12
2762.12
2100.95
1400.7
336.967
24764.3
23913.7
23402.7
22882.8
22402.5
21957.2
21543.3
21158.9
20802.1
20470.9
20157.3
19848.6
19539.4
19229.8
18919.7
18609.4
18298.7
17987.7
17676.5
17365.1
17053.5
16741.7
16429.7
16117.6
15805.4
15493.1
15180.6
14868.1
14555.5
14242.9
13930.2
13617.4
13304.6
12991.7
12678.8
12365.9
12052.9
11740
11426.9
11113.9
10800.9
10487.8
10174.7
9861.62
9548.51
9235.4
8922.28
8609.15
8296.01
7982.87
7669.72
7356.56
7043.4
6730.23
6417.06
6103.87
5790.68
5477.47
5164.25
4851
4535.29
4190.07
3786.05
3313.36
2762.06
2101.65
1400.34
335.327
24754.4
23910.9
23398.4
22880.6
22400.9
21956.1
21542.5
21158.4
20801.7
20470.7
20157.1
19848.5
19539.3
19229.7
18919.7
18609.4
18298.7
17987.7
17676.5
17365.1
17053.5
16741.7
16429.7
16117.6
15805.4
15493.1
15180.6
14868.1
14555.5
14242.9
13930.2
13617.4
13304.6
12991.7
12678.8
12365.9
12052.9
11740
11426.9
11113.9
10800.9
10487.8
10174.7
9861.63
9548.53
9235.41
8922.3
8609.17
8296.04
7982.9
7669.76
7356.61
7043.46
6730.3
6417.13
6103.96
5790.78
5477.58
5164.37
4851.13
4535.43
4190.21
3786.2
3313.55
2761.94
2102.21
1399.76
333.325
24735
23903
23391
22876.4
22398.1
21954.2
21541.3
21157.5
20801.1
20470.2
20156.8
19848.2
19539.1
19229.6
18919.6
18609.3
18298.6
17987.7
17676.5
17365.1
17053.5
16741.7
16429.7
16117.6
15805.4
15493.1
15180.6
14868.1
14555.5
14242.9
13930.2
13617.4
13304.6
12991.7
12678.8
12365.9
12052.9
11740
11426.9
11113.9
10800.9
10487.8
10174.7
9861.63
9548.53
9235.43
8922.31
8609.19
8296.06
7982.93
7669.79
7356.65
7043.51
6730.36
6417.21
6104.05
5790.88
5477.69
5164.49
4851.27
4535.57
4190.35
3786.35
3313.7
2761.78
2102.65
1398.92
330.888
24704.7
23890.6
23380.9
22870.7
22394.5
21951.8
21539.7
21156.4
20800.3
20469.7
20156.4
19847.9
19538.9
19229.4
18919.5
18609.2
18298.6
17987.6
17676.4
17365
17053.4
16741.6
16429.7
16117.6
15805.4
15493
15180.6
14868.1
14555.5
14242.9
13930.1
13617.4
13304.6
12991.7
12678.8
12365.9
12052.9
11739.9
11426.9
11113.9
10800.9
10487.8
10174.7
9861.63
9548.54
9235.43
8922.32
8609.2
8296.08
7982.96
7669.83
7356.7
7043.56
6730.42
6417.28
6104.13
5790.98
5477.81
5164.62
4851.41
4535.73
4190.52
3786.51
3313.87
2761.64
2103.12
1397.75
327.904
24663.7
23876.2
23370.5
22865.4
22391.5
21950.2
21538.8
21156
20800.1
20469.6
20156.4
19848
19539
19229.5
18919.5
18609.2
18298.6
17987.6
17676.4
17365
17053.4
16741.6
16429.6
16117.6
15805.3
15493
15180.6
14868.1
14555.5
14242.8
13930.1
13617.4
13304.5
12991.7
12678.8
12365.9
12052.9
11739.9
11426.9
11113.9
10800.8
10487.8
10174.7
9861.63
9548.53
9235.43
8922.32
8609.21
8296.09
7982.97
7669.85
7356.73
7043.61
6730.48
6417.35
6104.22
5791.09
5477.94
5164.78
4851.6
4535.95
4190.77
3786.8
3314.19
2761.66
2103.86
1396.09
324.407
24610.2
23862.5
23360.3
22860.6
22389.2
21949
21538.2
21155.7
20800
20469.5
20156.4
19847.9
19539
19229.5
18919.5
18609.2
18298.6
17987.6
17676.4
17365
17053.4
16741.6
16429.6
16117.5
15805.3
15493
15180.6
14868.1
14555.5
14242.8
13930.1
13617.3
13304.5
12991.7
12678.8
12365.9
12052.9
11739.9
11426.9
11113.9
10800.8
10487.8
10174.7
9861.62
9548.53
9235.43
8922.32
8609.21
8296.1
7982.99
7669.87
7356.75
7043.64
6730.52
6417.41
6104.3
5791.18
5478.06
5164.93
4851.78
4536.17
4191.04
3787.15
3314.63
2761.84
2105.53
1394.06
321.751
24577.4
23886.3
23376.2
22875
22401
21958.2
21545.3
21161.2
20804.4
20473
20159.2
19850.2
19540.8
19230.9
18920.7
18610.2
18299.3
17988.3
17676.9
17365.4
17053.7
16741.9
16429.9
16117.7
15805.5
15493.1
15180.7
14868.2
14555.6
14242.9
13930.2
13617.4
13304.6
12991.7
12678.8
12365.9
12052.9
11739.9
11426.9
11113.9
10800.8
10487.8
10174.7
9861.61
9548.52
9235.41
8922.3
8609.19
8296.08
7982.96
7669.85
7356.74
7043.64
6730.54
6417.46
6104.38
5791.33
5478.28
5165.26
4852.26
4536.84
4191.98
3788.52
3316.6
2764.32
2111.86
1390.21
306.455
24629
23884.3
23386.2
22871.6
22396.8
21953.3
21540.4
21156.6
20800.1
20469.2
20155.8
19847.2
19538.2
19228.7
18918.8
18608.5
18297.9
17987
17675.9
17364.6
17053
16741.3
16429.4
16117.3
15805.2
15492.9
15180.5
14868
14555.4
14242.8
13930.1
13617.4
13304.6
12991.7
12678.8
12365.9
12052.9
11740
11427
11113.9
10800.9
10487.8
10174.7
9861.64
9548.53
9235.42
8922.29
8609.15
8296.01
7982.85
7669.69
7356.51
7043.33
6730.13
6416.91
6103.68
5790.43
5477.16
5163.85
4850.5
4534.66
4189.27
3785.05
3311.69
2760.07
2099.09
1385.37
365.004
24619
23868.1
23381.3
22867.4
22394.4
21951.7
21539.4
21155.9
20799.6
20468.8
20155.5
19847
19538
19228.5
18918.6
18608.3
18297.8
17986.9
17675.8
17364.5
17052.9
16741.2
16429.3
16117.3
15805.1
15492.8
15180.4
14868
14555.4
14242.8
13930.1
13617.3
13304.5
12991.7
12678.8
12365.9
12052.9
11739.9
11426.9
11113.9
10800.9
10487.8
10174.7
9861.62
9548.52
9235.4
8922.27
8609.13
8295.98
7982.83
7669.66
7356.48
7043.29
6730.09
6416.88
6103.64
5790.39
5477.11
5163.8
4850.44
4534.6
4189.2
3784.98
3311.52
2760.34
2097.97
1387.24
333.483
24623.4
23857.4
23378.2
22864.6
22392.5
21950.5
21538.5
21155.3
20799.2
20468.5
20155.2
19846.8
19537.8
19228.4
18918.5
18608.3
18297.7
17986.8
17675.7
17364.4
17052.9
16741.1
16429.2
16117.2
15805
15492.8
15180.4
14867.9
14555.4
14242.7
13930.1
13617.3
13304.5
12991.7
12678.8
12365.9
12052.9
11739.9
11426.9
11113.9
10800.9
10487.8
10174.7
9861.61
9548.5
9235.39
8922.26
8609.12
8295.97
7982.81
7669.64
7356.46
7043.27
6730.07
6416.85
6103.62
5790.36
5477.08
5163.77
4850.42
4534.57
4189.18
3784.96
3311.45
2760.68
2097
1391
334.404
24636.4
23854.2
23376.8
22863.2
22391.5
21949.8
21538
21154.9
20798.9
20468.3
20155.1
19846.7
19537.7
19228.3
18918.4
18608.2
18297.7
17986.8
17675.7
17364.4
17052.8
16741.1
16429.2
16117.2
15805
15492.8
15180.4
14867.9
14555.3
14242.7
13930
13617.3
13304.5
12991.7
12678.8
12365.8
12052.9
11739.9
11426.9
11113.9
10800.8
10487.8
10174.7
9861.6
9548.5
9235.38
8922.25
8609.11
8295.96
7982.8
7669.63
7356.45
7043.26
6730.06
6416.84
6103.61
5790.35
5477.08
5163.77
4850.42
4534.58
4189.2
3784.98
3311.52
2760.97
2096.75
1394.05
337.923
24652.9
23856.2
23376.8
22863.2
22391
21949.4
21537.8
21154.8
20798.8
20468.2
20155.1
19846.6
19537.7
19228.3
18918.4
18608.2
18297.7
17986.8
17675.7
17364.4
17052.8
16741.1
16429.2
16117.2
15805
15492.7
15180.4
14867.9
14555.3
14242.7
13930
13617.3
13304.5
12991.6
12678.8
12365.8
12052.9
11739.9
11426.9
11113.9
10800.8
10487.8
10174.7
9861.6
9548.49
9235.37
8922.24
8609.1
8295.95
7982.79
7669.62
7356.45
7043.26
6730.06
6416.84
6103.61
5790.36
5477.09
5163.78
4850.45
4534.62
4189.26
3785.06
3311.7
2761.18
2097.07
1396.11
338.086
24670.8
23861.8
23378.1
22864.3
22391.3
21949.6
21537.8
21154.8
20798.8
20468.3
20155.1
19846.7
19537.8
19228.3
18918.5
18608.3
18297.7
17986.9
17675.8
17364.4
17052.9
16741.1
16429.2
16117.2
15805
15492.8
15180.4
14867.9
14555.4
14242.7
13930
13617.3
13304.5
12991.6
12678.8
12365.8
12052.9
11739.9
11426.9
11113.9
10800.8
10487.8
10174.7
9861.6
9548.49
9235.37
8922.24
8609.1
8295.95
7982.79
7669.63
7356.45
7043.26
6730.06
6416.85
6103.63
5790.38
5477.12
5163.83
4850.5
4534.69
4189.36
3785.19
3311.97
2761.36
2097.77
1397.6
337.568
24688.6
23870
23380.5
22866.3
22392.2
21950.1
21538.2
21155
20799
20468.5
20155.3
19846.8
19537.9
19228.5
18918.6
18608.4
18297.8
17987
17675.8
17364.5
17052.9
16741.2
16429.3
16117.3
15805.1
15492.8
15180.4
14867.9
14555.4
14242.7
13930.1
13617.3
13304.5
12991.7
12678.8
12365.9
12052.9
11739.9
11426.9
11113.9
10800.8
10487.8
10174.7
9861.6
9548.49
9235.37
8922.24
8609.1
8295.96
7982.8
7669.63
7356.46
7043.28
6730.09
6416.88
6103.66
5790.43
5477.17
5163.89
4850.59
4534.8
4189.49
3785.36
3312.3
2761.51
2098.72
1398.63
337.086
24705
23879.4
23383.5
22869
22393.5
21950.9
21538.7
21155.5
20799.4
20468.7
20155.5
19847
19538.1
19228.6
18918.8
18608.5
18297.9
17987.1
17675.9
17364.6
17053
16741.3
16429.4
16117.3
15805.1
15492.8
15180.5
14868
14555.4
14242.8
13930.1
13617.3
13304.5
12991.7
12678.8
12365.9
12052.9
11739.9
11426.9
11113.9
10800.8
10487.8
10174.7
9861.6
9548.5
9235.38
8922.25
8609.11
8295.97
7982.81
7669.65
7356.48
7043.3
6730.12
6416.92
6103.71
5790.49
5477.24
5163.98
4850.69
4534.93
4189.65
3785.56
3312.65
2761.64
2099.82
1399.22
336.503
24718.5
23888.6
23386.5
22871.7
22395
21951.9
21539.4
21155.9
20799.7
20469
20155.8
19847.3
19538.3
19228.8
18918.9
18608.7
18298.1
17987.2
17676.1
17364.7
17053.1
16741.4
16429.4
16117.4
15805.2
15492.9
15180.5
14868
14555.4
14242.8
13930.1
13617.4
13304.5
12991.7
12678.8
12365.9
12052.9
11739.9
11426.9
11113.9
10800.9
10487.8
10174.7
9861.61
9548.51
9235.39
8922.26
8609.13
8295.98
7982.83
7669.68
7356.51
7043.34
6730.16
6416.97
6103.77
5790.56
5477.33
5164.09
4850.82
4535.08
4189.83
3785.78
3313.01
2761.74
2100.94
1399.46
335.749
24728
23896.5
23388.7
22873.9
22396.2
21952.7
21540
21156.4
20800.1
20469.3
20156
19847.5
19538.5
19229
18919.1
18608.8
18298.2
17987.3
17676.2
17364.8
17053.2
16741.5
16429.5
16117.5
15805.3
15493
15180.6
14868.1
14555.5
14242.8
13930.1
13617.4
13304.6
12991.7
12678.8
12365.9
12052.9
11740
11426.9
11113.9
10800.9
10487.8
10174.7
9861.62
9548.52
9235.4
8922.28
8609.15
8296.01
7982.86
7669.71
7356.55
7043.38
6730.21
6417.03
6103.84
5790.65
5477.43
5164.21
4850.96
4535.24
4190.02
3786
3313.35
2761.79
2102.01
1399.39
334.771
24732.3
23901.8
23389.3
22875.2
22396.9
21953.1
21540.3
21156.6
20800.3
20469.5
20156.2
19847.7
19538.6
19229.1
18919.2
18608.9
18298.3
17987.4
17676.3
17364.9
17053.3
16741.5
16429.6
16117.5
15805.3
15493
15180.6
14868.1
14555.5
14242.9
13930.2
13617.4
13304.6
12991.7
12678.8
12365.9
12053
11740
11427
11113.9
10800.9
10487.8
10174.7
9861.64
9548.53
9235.42
8922.3
8609.17
8296.03
7982.89
7669.74
7356.59
7043.43
6730.27
6417.1
6103.92
5790.74
5477.54
5164.33
4851.1
4535.4
4190.19
3786.21
3313.63
2761.79
2102.96
1399.06
333.487
24730
23903.4
23387.7
22874.8
22396.5
21952.8
21540.1
21156.5
20800.2
20469.4
20156.1
19847.7
19538.7
19229.2
18919.3
18609
18298.4
17987.5
17676.3
17365
17053.4
16741.6
16429.6
16117.6
15805.4
15493
15180.6
14868.1
14555.5
14242.9
13930.2
13617.4
13304.6
12991.7
12678.9
12365.9
12053
11740
11427
11113.9
10800.9
10487.8
10174.7
9861.65
9548.55
9235.44
8922.32
8609.19
8296.06
7982.92
7669.78
7356.64
7043.49
6730.33
6417.17
6104.01
5790.83
5477.65
5164.45
4851.23
4535.55
4190.35
3786.38
3313.85
2761.72
2103.74
1398.48
331.801
24719.6
23900.4
23383.2
22872.4
22394.8
21951.6
21539.2
21155.9
20799.8
20469.1
20155.9
19847.5
19538.5
19229.1
18919.2
18609
18298.4
17987.5
17676.3
17365
17053.4
16741.6
16429.7
16117.6
15805.4
15493.1
15180.6
14868.1
14555.6
14242.9
13930.2
13617.4
13304.6
12991.7
12678.9
12365.9
12053
11740
11427
11113.9
10800.9
10487.8
10174.7
9861.66
9548.56
9235.45
8922.33
8609.21
8296.09
7982.96
7669.82
7356.68
7043.54
6730.4
6417.25
6104.09
5790.93
5477.76
5164.57
4851.36
4535.68
4190.49
3786.52
3314.01
2761.56
2104.34
1397.65
329.614
24699.7
23892.3
23375.6
22867.9
22391.8
21949.5
21537.8
21154.8
20799
20468.6
20155.5
19847.2
19538.3
19228.9
18919.1
18608.9
18298.3
17987.4
17676.3
17364.9
17053.3
16741.6
16429.6
16117.5
15805.3
15493
15180.6
14868.1
14555.5
14242.9
13930.2
13617.4
13304.6
12991.7
12678.8
12365.9
12053
11740
11427
11113.9
10800.9
10487.8
10174.7
9861.66
9548.56
9235.46
8922.35
8609.23
8296.11
7982.98
7669.86
7356.73
7043.59
6730.46
6417.32
6104.17
5791.02
5477.86
5164.68
4851.48
4535.81
4190.61
3786.64
3314.11
2761.34
2104.78
1396.52
326.814
24669.2
23879.5
23365.3
22861.8
22387.9
21946.9
21536
21153.6
20798.1
20467.9
20155
19846.8
19538
19228.7
18918.9
18608.7
18298.2
17987.3
17676.2
17364.8
17053.2
16741.5
16429.6
16117.5
15805.3
15493
15180.6
14868.1
14555.5
14242.8
13930.1
13617.4
13304.6
12991.7
12678.8
12365.9
12052.9
11740
11426.9
11113.9
10800.9
10487.8
10174.7
9861.66
9548.56
9235.46
8922.36
8609.24
8296.13
7983.01
7669.89
7356.77
7043.64
6730.52
6417.39
6104.25
5791.11
5477.96
5164.79
4851.6
4535.94
4190.74
3786.77
3314.21
2761.12
2105.15
1394.98
323.227
24627.7
23864.2
23354.3
22855.8
22384.4
21944.8
21534.7
21152.8
20797.6
20467.6
20154.8
19846.6
19537.9
19228.6
18918.8
18608.6
18298.1
17987.2
17676.1
17364.8
17053.2
16741.4
16429.5
16117.4
15805.2
15492.9
15180.5
14868
14555.5
14242.8
13930.1
13617.3
13304.5
12991.7
12678.8
12365.9
12052.9
11739.9
11426.9
11113.9
10800.9
10487.8
10174.7
9861.65
9548.56
9235.46
8922.36
8609.25
8296.14
7983.03
7669.91
7356.8
7043.68
6730.57
6417.45
6104.34
5791.22
5478.09
5164.94
4851.78
4536.13
4190.95
3787
3314.43
2761.03
2105.72
1392.87
318.966
24574.4
23850.2
23344.5
22850.9
22381.9
21943.4
21534
21152.4
20797.3
20467.4
20154.6
19846.5
19537.8
19228.5
18918.7
18608.5
18298
17987.2
17676.1
17364.7
17053.1
16741.4
16429.4
16117.4
15805.2
15492.9
15180.5
14868
14555.4
14242.8
13930.1
13617.3
13304.5
12991.7
12678.8
12365.8
12052.9
11739.9
11426.9
11113.9
10800.8
10487.8
10174.7
9861.64
9548.55
9235.46
8922.36
8609.25
8296.14
7983.03
7669.93
7356.82
7043.71
6730.61
6417.51
6104.41
5791.3
5478.19
5165.07
4851.94
4536.33
4191.2
3787.32
3314.79
2761.21
2107.28
1390.3
315.1
24540.8
23871.8
23360
22864.4
22393.1
21952.2
21540.8
21157.7
20801.6
20470.8
20157.4
19848.7
19539.6
19230
18919.9
18609.5
18298.8
17987.8
17676.6
17365.1
17053.5
16741.7
16429.7
16117.6
15805.4
15493
15180.6
14868.1
14555.5
14242.9
13930.1
13617.4
13304.6
12991.7
12678.8
12365.9
12052.9
11739.9
11426.9
11113.9
10800.9
10487.8
10174.7
9861.64
9548.54
9235.44
8922.34
8609.23
8296.12
7983.02
7669.91
7356.81
7043.72
6730.63
6417.56
6104.5
5791.45
5478.43
5165.42
4852.43
4537.02
4192.16
3788.7
3316.73
2763.86
2113.35
1385.42
295.777
24595.9
23869.6
23372.1
22863.3
22390.8
21949.1
21537.5
21154.5
20798.6
20468.1
20154.9
19846.6
19537.7
19228.3
18918.5
18608.3
18297.8
17987
17675.9
17364.6
17053
16741.3
16429.4
16117.4
15805.2
15492.9
15180.5
14868.1
14555.5
14242.9
13930.2
13617.4
13304.6
12991.8
12678.9
12365.9
12053
11740
11427
11114
10800.9
10487.8
10174.8
9861.67
9548.57
9235.45
8922.33
8609.2
8296.06
7982.91
7669.75
7356.59
7043.42
6730.23
6417.04
6103.83
5790.61
5477.37
5164.1
4850.79
4535
4189.66
3785.51
3312.35
2760.42
2100.54
1386.34
353.724
24586.3
23854
23367.1
22859.2
22388.3
21947.4
21536.3
21153.6
20797.9
20467.6
20154.5
19846.3
19537.4
19228.1
18918.3
18608.1
18297.6
17986.8
17675.8
17364.4
17052.9
16741.2
16429.3
16117.3
15805.1
15492.9
15180.5
14868
14555.4
14242.8
13930.1
13617.4
13304.6
12991.7
12678.8
12365.9
12053
11740
11427
11113.9
10800.9
10487.8
10174.7
9861.65
9548.55
9235.43
8922.31
8609.18
8296.03
7982.88
7669.73
7356.56
7043.38
6730.2
6417
6103.79
5790.56
5477.31
5164.04
4850.72
4534.92
4189.58
3785.4
3312.13
2760.54
2099.18
1387.64
323.886
24590.7
23843.6
23363.9
22856.4
22386.4
21946.2
21535.4
21153
20797.5
20467.2
20154.2
19846
19537.2
19227.9
18918.2
18608
18297.5
17986.7
17675.7
17364.4
17052.8
16741.1
16429.3
16117.2
15805.1
15492.8
15180.4
14868
14555.4
14242.8
13930.1
13617.3
13304.5
12991.7
12678.8
12365.9
12052.9
11740
11427
11113.9
10800.9
10487.8
10174.7
9861.64
9548.54
9235.42
8922.29
8609.16
8296.02
7982.87
7669.71
7356.54
7043.36
6730.18
6416.98
6103.76
5790.53
5477.28
5164
4850.69
4534.88
4189.54
3785.35
3312.03
2760.77
2098.08
1391.08
326.11
24603.6
23840.9
23362.5
22855.2
22385.4
21945.5
21534.9
21152.7
20797.2
20467
20154.1
19845.9
19537.1
19227.8
18918.1
18608
18297.5
17986.7
17675.6
17364.3
17052.8
16741.1
16429.2
16117.2
15805.1
15492.8
15180.4
14867.9
14555.4
14242.8
13930.1
13617.3
13304.5
12991.7
12678.8
12365.9
12052.9
11739.9
11426.9
11113.9
10800.9
10487.8
10174.7
9861.63
9548.53
9235.41
8922.29
8609.15
8296.01
7982.86
7669.7
7356.53
7043.35
6730.16
6416.96
6103.75
5790.52
5477.27
5163.99
4850.68
4534.88
4189.54
3785.36
3312.09
2760.96
2097.85
1393.91
330.742
24619.8
23843.3
23362.5
22855.4
22385.1
21945.3
21534.8
21152.5
20797.1
20467
20154.1
19845.9
19537.1
19227.9
18918.1
18608
18297.5
17986.7
17675.6
17364.3
17052.8
16741.1
16429.2
16117.2
15805.1
15492.8
15180.4
14867.9
14555.4
14242.8
13930.1
13617.3
13304.5
12991.7
12678.8
12365.9
12052.9
11739.9
11426.9
11113.9
10800.9
10487.8
10174.7
9861.63
9548.52
9235.41
8922.28
8609.15
8296
7982.85
7669.69
7356.52
7043.35
6730.16
6416.96
6103.76
5790.53
5477.28
5164.01
4850.71
4534.92
4189.6
3785.43
3312.27
2761.12
2098.29
1395.74
331.801
24637.3
23849.5
23363.9
22856.7
22385.6
21945.5
21534.9
21152.7
20797.3
20467.1
20154.2
19846
19537.3
19228
18918.2
18608.1
18297.6
17986.8
17675.7
17364.4
17052.9
16741.2
16429.3
16117.2
15805.1
15492.8
15180.4
14868
14555.4
14242.8
13930.1
13617.3
13304.5
12991.7
12678.8
12365.9
12052.9
11739.9
11426.9
11113.9
10800.9
10487.8
10174.7
9861.63
9548.52
9235.41
8922.28
8609.15
8296
7982.85
7669.69
7356.53
7043.35
6730.17
6416.98
6103.77
5790.56
5477.32
5164.06
4850.77
4535
4189.7
3785.56
3312.55
2761.27
2099.16
1397
332.005
24654.6
23858.1
23366.5
22858.9
22386.7
21946.3
21535.4
21153.1
20797.6
20467.4
20154.4
19846.2
19537.4
19228.1
18918.4
18608.2
18297.7
17986.9
17675.8
17364.5
17053
16741.2
16429.3
16117.3
15805.1
15492.9
15180.5
14868
14555.4
14242.8
13930.1
13617.4
13304.6
12991.7
12678.8
12365.9
12052.9
11740
11427
11113.9
10800.9
10487.8
10174.7
9861.63
9548.53
9235.41
8922.29
8609.15
8296.01
7982.86
7669.7
7356.54
7043.37
6730.19
6417.01
6103.81
5790.6
5477.37
5164.13
4850.86
4535.11
4189.84
3785.75
3312.89
2761.41
2100.31
1397.8
332.152
24670.3
23867.9
23369.6
22861.8
22388.3
21947.3
21536.2
21153.6
20798
20467.8
20154.8
19846.5
19537.7
19228.4
18918.6
18608.4
18297.9
17987.1
17676
17364.6
17053.1
16741.3
16429.4
16117.4
15805.2
15492.9
15180.5
14868
14555.5
14242.8
13930.1
13617.4
13304.6
12991.7
12678.8
12365.9
12053
11740
11427
11113.9
10800.9
10487.8
10174.7
9861.64
9548.54
9235.42
8922.3
8609.16
8296.02
7982.88
7669.72
7356.57
7043.4
6730.23
6417.05
6103.86
5790.66
5477.45
5164.22
4850.97
4535.25
4190.01
3785.97
3313.27
2761.55
2101.61
1398.19
332.096
24683.2
23877.5
23372.7
22864.6
22390
21948.4
21537
21154.3
20798.6
20468.2
20155.2
19846.9
19538
19228.7
18918.8
18608.6
18298.1
17987.3
17676.1
17364.8
17053.2
16741.5
16429.6
16117.5
15805.3
15493
15180.6
14868.1
14555.5
14242.9
13930.2
13617.4
13304.6
12991.8
12678.9
12365.9
12053
11740
11427
11113.9
10800.9
10487.8
10174.7
9861.65
9548.55
9235.43
8922.31
8609.18
8296.04
7982.9
7669.75
7356.6
7043.44
6730.27
6417.1
6103.93
5790.74
5477.55
5164.34
4851.11
4535.41
4190.21
3786.22
3313.64
2761.66
2102.92
1398.22
331.739
24692.1
23885.6
23375
22867
22391.4
21949.4
21537.7
21154.8
20799
20468.6
20155.5
19847.2
19538.3
19228.9
18919.1
18608.9
18298.3
17987.4
17676.3
17364.9
17053.3
16741.6
16429.7
16117.6
15805.4
15493.1
15180.7
14868.2
14555.6
14242.9
13930.2
13617.5
13304.6
12991.8
12678.9
12366
12053
11740
11427
11114
10800.9
10487.8
10174.8
9861.67
9548.56
9235.45
8922.33
8609.2
8296.07
7982.93
7669.78
7356.64
7043.48
6730.33
6417.17
6104
5790.83
5477.65
5164.46
4851.25
4535.58
4190.4
3786.46
3313.98
2761.74
2104.15
1397.94
331.017
24695.7
23891
23375.6
22868.2
22392.1
21949.9
21538.1
21155.1
20799.3
20468.8
20155.7
19847.4
19538.5
19229.1
18919.2
18609
18298.4
17987.6
17676.4
17365
17053.5
16741.7
16429.7
16117.7
15805.5
15493.1
15180.7
14868.2
14555.6
14243
13930.3
13617.5
13304.7
12991.8
12678.9
12366
12053
11740
11427
11114
10800.9
10487.9
10174.8
9861.68
9548.58
9235.47
8922.35
8609.22
8296.09
7982.96
7669.82
7356.68
7043.54
6730.39
6417.24
6104.09
5790.93
5477.76
5164.59
4851.4
4535.75
4190.58
3786.68
3314.27
2761.74
2105.23
1397.38
329.843
24692.7
23892.6
23374
22867.7
22391.8
21949.6
21537.9
21155
20799.2
20468.8
20155.7
19847.4
19538.5
19229.1
18919.3
18609.1
18298.5
17987.6
17676.5
17365.1
17053.5
16741.7
16429.8
16117.7
15805.5
15493.2
15180.8
14868.2
14555.7
14243
13930.3
13617.5
13304.7
12991.8
12678.9
12366
12053
11740
11427
11114
10800.9
10487.9
10174.8
9861.7
9548.59
9235.49
8922.37
8609.25
8296.12
7982.99
7669.86
7356.73
7043.59
6730.45
6417.31
6104.17
5791.02
5477.87
5164.71
4851.53
4535.89
4190.74
3786.85
3314.47
2761.66
2106.1
1396.55
328.111
24681.8
23889.4
23369.3
22865.1
22389.9
21948.3
21537
21154.3
20798.7
20468.4
20155.4
19847.2
19538.4
19229
18919.2
18609
18298.5
17987.6
17676.5
17365.1
17053.5
16741.7
16429.8
16117.7
15805.5
15493.2
15180.8
14868.2
14555.7
14243
13930.3
13617.5
13304.7
12991.8
12678.9
12366
12053
11740
11427
11114
10800.9
10487.9
10174.8
9861.7
9548.6
9235.5
8922.39
8609.27
8296.15
7983.03
7669.9
7356.77
7043.64
6730.52
6417.39
6104.25
5791.12
5477.97
5164.82
4851.65
4536.02
4190.87
3786.98
3314.58
2761.48
2106.73
1395.43
325.702
24661.5
23881
23361.4
22860.2
22386.7
21945.9
21535.3
21153.1
20797.8
20467.7
20154.9
19846.8
19538
19228.8
18919
18608.8
18298.3
17987.5
17676.4
17365
17053.4
16741.7
16429.7
16117.7
15805.5
15493.1
15180.7
14868.2
14555.6
14243
13930.3
13617.5
13304.7
12991.8
12678.9
12366
12053
11740
11427
11114
10800.9
10487.9
10174.8
9861.7
9548.61
9235.51
8922.4
8609.29
8296.17
7983.05
7669.93
7356.81
7043.69
6730.57
6417.45
6104.33
5791.2
5478.07
5164.92
4851.76
4536.12
4190.96
3787.06
3314.62
2761.19
2107.12
1393.93
322.454
24630.6
23867.6
23350.7
22853.6
22382.3
21943
21533.2
21151.6
20796.7
20466.8
20154.2
19846.2
19537.6
19228.4
18918.7
18608.6
18298.1
17987.3
17676.2
17364.9
17053.3
16741.5
16429.6
16117.6
15805.4
15493.1
15180.6
14868.1
14555.6
14242.9
13930.2
13617.4
13304.6
12991.8
12678.9
12365.9
12053
11740
11427
11114
10800.9
10487.9
10174.8
9861.7
9548.61
9235.51
8922.4
8609.3
8296.19
7983.07
7669.96
7356.85
7043.74
6730.63
6417.51
6104.4
5791.28
5478.16
5165.02
4851.86
4536.22
4191.05
3787.14
3314.62
2760.87
2107.36
1391.91
318.11
24588.7
23851.2
23339
22846.8
22378.2
21940.3
21531.5
21150.4
20795.8
20466.2
20153.7
19845.8
19537.3
19228.1
18918.5
18608.4
18297.9
17987.1
17676
17364.7
17053.2
16741.4
16429.5
16117.5
15805.3
15493
15180.6
14868.1
14555.5
14242.9
13930.1
13617.4
13304.6
12991.7
12678.8
12365.9
12052.9
11740
11427
11113.9
10800.9
10487.8
10174.8
9861.69
9548.6
9235.5
8922.4
8609.3
8296.19
7983.09
7669.98
7356.88
7043.77
6730.67
6417.57
6104.47
5791.37
5478.26
5165.14
4852
4536.37
4191.21
3787.29
3314.7
2760.62
2107.68
1389.2
312.85
24535.6
23836.6
23329.1
22841.4
22375.3
21938.6
21530.4
21149.7
20795.2
20465.8
20153.3
19845.5
19537
19227.9
18918.3
18608.2
18297.7
17987
17675.9
17364.6
17053
16741.3
16429.4
16117.4
15805.2
15492.9
15180.5
14868
14555.4
14242.8
13930.1
13617.3
13304.5
12991.7
12678.8
12365.9
12052.9
11739.9
11426.9
11113.9
10800.9
10487.8
10174.8
9861.67
9548.59
9235.49
8922.4
8609.3
8296.2
7983.09
7669.99
7356.89
7043.8
6730.71
6417.62
6104.53
5791.45
5478.35
5165.25
4852.13
4536.54
4191.41
3787.55
3314.96
2760.71
2108.98
1385.82
307.205
24501.1
23855.4
23343.8
22853.6
22385.6
21946.7
21536.7
21154.7
20799.3
20469
20156
19847.7
19538.7
19229.3
18919.4
18609.1
18298.5
17987.6
17676.4
17365
17053.4
16741.6
16429.7
16117.6
15805.4
15493.1
15180.6
14868.1
14555.5
14242.9
13930.2
13617.4
13304.6
12991.7
12678.8
12365.9
12052.9
11740
11427
11113.9
10800.9
10487.8
10174.8
9861.67
9548.58
9235.48
8922.38
8609.28
8296.18
7983.08
7669.98
7356.89
7043.81
6730.73
6417.67
6104.63
5791.6
5478.59
5165.6
4852.62
4537.22
4192.36
3788.9
3316.82
2763.44
2114.55
1379.49
282.898
24560.3
23854.9
23359.2
22856.2
22386.1
21946.2
21535.7
21153.4
20798
20467.8
20154.8
19846.6
19537.9
19228.5
18918.8
18608.6
18298.1
17987.3
17676.2
17364.9
17053.3
16741.6
16429.7
16117.6
15805.4
15493.1
15180.7
14868.2
14555.6
14243
13930.3
13617.5
13304.7
12991.8
12678.9
12366
12053.1
11740.1
11427
11114
10801
10487.9
10174.8
9861.72
9548.61
9235.5
8922.38
8609.25
8296.11
7982.97
7669.82
7356.67
7043.51
6730.35
6417.18
6104
5790.81
5477.6
5164.38
4851.13
4535.4
4190.14
3786.08
3313.12
2760.96
2102.18
1387.37
339.69
24551.4
23839.9
23354.1
22852.2
22383.5
21944.4
21534.4
21152.4
20797.2
20467.1
20154.3
19846.2
19537.5
19228.2
18918.5
18608.4
18297.9
17987.1
17676
17364.7
17053.1
16741.4
16429.5
16117.5
15805.3
15493
15180.6
14868.1
14555.6
14242.9
13930.2
13617.5
13304.7
12991.8
12678.9
12366
12053
11740
11427
11114
10800.9
10487.9
10174.8
9861.7
9548.59
9235.48
8922.36
8609.23
8296.09
7982.95
7669.8
7356.64
7043.48
6730.31
6417.14
6103.95
5790.75
5477.54
5164.31
4851.05
4535.3
4190.02
3785.93
3312.86
2760.92
2100.52
1388.01
311.387
24555.9
23830.1
23350.9
22849.6
22381.7
21943.2
21533.5
21151.7
20796.7
20466.7
20154
19845.9
19537.2
19228
18918.3
18608.2
18297.7
17986.9
17675.9
17364.6
17053
16741.3
16429.4
16117.4
15805.2
15493
15180.6
14868.1
14555.5
14242.9
13930.2
13617.4
13304.6
12991.8
12678.9
12366
12053
11740
11427
11114
10800.9
10487.9
10174.8
9861.69
9548.58
9235.47
8922.34
8609.21
8296.07
7982.93
7669.78
7356.62
7043.46
6730.29
6417.11
6103.92
5790.72
5477.51
5164.27
4851
4535.25
4189.96
3785.84
3312.73
2761.02
2099.29
1391.1
315.56
24568.6
23828
23349.6
22848.6
22380.8
21942.6
21533
21151.5
20796.5
20466.6
20153.9
19845.8
19537.2
19228
18918.3
18608.2
18297.7
17986.9
17675.9
17364.5
17053
16741.3
16429.4
16117.4
15805.2
15492.9
15180.6
14868.1
14555.5
14242.9
13930.2
13617.4
13304.6
12991.8
12678.9
12365.9
12053
11740
11427
11114
10800.9
10487.9
10174.8
9861.68
9548.57
9235.46
8922.33
8609.2
8296.06
7982.92
7669.77
7356.61
7043.45
6730.28
6417.1
6103.91
5790.71
5477.5
5164.26
4850.99
4535.25
4189.97
3785.84
3312.78
2761.15
2099.12
1393.72
321.865
24584.6
23831.2
23350
22849.1
22380.8
21942.6
21533
21151.5
20796.5
20466.6
20153.9
19845.9
19537.2
19228
18918.3
18608.2
18297.8
17987
17675.9
17364.6
17053.1
16741.3
16429.4
16117.4
15805.2
15493
15180.6
14868.1
14555.5
14242.9
13930.2
13617.4
13304.6
12991.8
12678.9
12365.9
12053
11740
11427
11114
10800.9
10487.9
10174.8
9861.68
9548.57
9235.45
8922.33
8609.2
8296.06
7982.92
7669.77
7356.61
7043.45
6730.28
6417.1
6103.92
5790.72
5477.51
5164.28
4851.02
4535.29
4190.02
3785.92
3312.97
2761.28
2099.72
1395.34
324.283
24601.6
23838
23351.7
22850.7
22381.6
21943.1
21533.5
21151.8
20796.8
20466.9
20154.2
19846.1
19537.4
19228.2
18918.5
18608.4
18297.9
17987.1
17676
17364.7
17053.1
16741.4
16429.5
16117.5
15805.3
15493
15180.6
14868.1
14555.5
14242.9
13930.2
13617.4
13304.6
12991.8
12678.9
12366
12053
11740
11427
11114
10800.9
10487.9
10174.8
9861.68
9548.57
9235.46
8922.33
8609.2
8296.06
7982.92
7669.77
7356.62
7043.46
6730.29
6417.12
6103.94
5790.75
5477.55
5164.33
4851.09
4535.38
4190.13
3786.07
3313.27
2761.43
2100.81
1396.38
325.571
24618.3
23847.2
23354.6
22853.4
22383.1
21944.1
21534.3
21152.5
20797.3
20467.4
20154.6
19846.5
19537.8
19228.5
18918.8
18608.6
18298.1
17987.3
17676.2
17364.8
17053.3
16741.5
16429.6
16117.6
15805.4
15493.1
15180.7
14868.2
14555.6
14243
13930.2
13617.5
13304.7
12991.8
12678.9
12366
12053
11740
11427
11114
10800.9
10487.9
10174.8
9861.69
9548.58
9235.47
8922.34
8609.21
8296.08
7982.93
7669.79
7356.63
7043.48
6730.32
6417.15
6103.98
5790.8
5477.61
5164.41
4851.19
4535.5
4190.29
3786.29
3313.64
2761.6
2102.21
1396.99
326.627
24633.4
23857.5
23358.1
22856.5
22385.1
21945.5
21535.3
21153.3
20798
20467.9
20155.1
19846.9
19538.2
19228.9
18919.1
18608.9
18298.4
17987.5
17676.4
17365
17053.5
16741.7
16429.8
16117.7
15805.5
15493.2
15180.8
14868.3
14555.7
14243
13930.3
13617.5
13304.7
12991.8
12678.9
12366
12053
11740.1
11427
11114
10801
10487.9
10174.8
9861.7
9548.6
9235.48
8922.36
8609.23
8296.09
7982.95
7669.81
7356.66
7043.51
6730.36
6417.2
6104.04
5790.87
5477.7
5164.52
4851.32
4535.66
4190.49
3786.55
3314.05
2761.79
2103.74
1397.19
327.307
24645.7
23867.5
23361.5
22859.7
22387.1
21946.9
21536.4
21154.2
20798.7
20468.6
20155.6
19847.4
19538.6
19229.3
18919.4
18609.2
18298.7
17987.8
17676.6
17365.2
17053.6
16741.9
16429.9
16117.8
15805.6
15493.3
15180.9
14868.3
14555.7
14243.1
13930.4
13617.6
13304.8
12991.9
12679
12366
12053.1
11740.1
11427.1
11114
10801
10487.9
10174.8
9861.72
9548.61
9235.5
8922.38
8609.25
8296.12
7982.98
7669.84
7356.7
7043.55
6730.41
6417.26
6104.11
5790.96
5477.8
5164.64
4851.47
4535.84
4190.7
3786.83
3314.45
2761.95
2105.27
1397.02
327.494
24653.9
23875.8
23364
22862.2
22388.9
21948.1
21537.3
21154.9
20799.4
20469.1
20156.1
19847.9
19539
19229.6
18919.8
18609.5
18298.9
17988
17676.9
17365.4
17053.8
16742
16430.1
16118
15805.7
15493.4
15180.9
14868.4
14555.8
14243.2
13930.4
13617.6
13304.8
12991.9
12679
12366.1
12053.1
11740.1
11427.1
11114
10801
10487.9
10174.8
9861.74
9548.63
9235.52
8922.4
8609.27
8296.14
7983.01
7669.88
7356.74
7043.6
6730.47
6417.33
6104.19
5791.06
5477.92
5164.78
4851.63
4536.03
4190.92
3787.1
3314.81
2762.07
2106.68
1396.52
327.122
24656.9
23881.3
23364.8
22863.5
22389.8
21948.8
21537.8
21155.4
20799.8
20469.5
20156.4
19848.2
19539.3
19229.9
18920
18609.7
18299.1
17988.2
17677
17365.6
17054
16742.2
16430.2
16118.1
15805.8
15493.5
15181
14868.5
14555.9
14243.2
13930.5
13617.7
13304.8
12992
12679
12366.1
12053.1
11740.1
11427.1
11114.1
10801
10487.9
10174.8
9861.75
9548.65
9235.54
8922.42
8609.3
8296.17
7983.04
7669.92
7356.79
7043.66
6730.53
6417.41
6104.28
5791.16
5478.04
5164.91
4851.78
4536.2
4191.12
3787.34
3315.1
2762.1
2107.88
1395.72
326.109
24653.3
23882.8
23363.1
22862.9
22389.4
21948.5
21537.7
21155.3
20799.7
20469.5
20156.5
19848.2
19539.3
19229.9
18920.1
18609.8
18299.2
17988.3
17677.1
17365.7
17054
16742.2
16430.2
16118.1
15805.9
15493.5
15181.1
14868.5
14555.9
14243.2
13930.5
13617.7
13304.9
12992
12679.1
12366.1
12053.1
11740.1
11427.1
11114.1
10801
10487.9
10174.9
9861.77
9548.67
9235.56
8922.44
8609.32
8296.2
7983.08
7669.96
7356.83
7043.71
6730.6
6417.48
6104.37
5791.26
5478.15
5165.04
4851.92
4536.35
4191.28
3787.52
3315.29
2762.03
2108.82
1394.61
324.348
24641.8
23879.4
23358.2
22860
22387.4
21947
21536.6
21154.5
20799.2
20469
20156.1
19847.9
19539.1
19229.8
18920
18609.7
18299.1
17988.2
17677.1
17365.6
17054
16742.2
16430.2
16118.1
15805.9
15493.5
15181.1
14868.5
14555.9
14243.2
13930.5
13617.7
13304.9
12992
12679.1
12366.1
12053.1
11740.1
11427.1
11114.1
10801
10487.9
10174.9
9861.77
9548.67
9235.57
8922.46
8609.34
8296.23
7983.11
7669.99
7356.88
7043.77
6730.66
6417.55
6104.45
5791.35
5478.25
5165.14
4852.03
4536.47
4191.39
3787.64
3315.36
2761.82
2109.46
1393.14
321.695
24621
23870.4
23349.9
22854.6
22383.8
21944.4
21534.7
21153
20798
20468.1
20155.4
19847.4
19538.7
19229.4
18919.6
18609.5
18298.9
17988
17676.9
17365.5
17053.9
16742.1
16430.1
16118
15805.8
15493.4
15181
14868.5
14555.9
14243.2
13930.4
13617.7
13304.8
12991.9
12679
12366.1
12053.1
11740.1
11427.1
11114.1
10801
10487.9
10174.9
9861.77
9548.68
9235.57
8922.47
8609.36
8296.25
7983.13
7670.02
7356.92
7043.81
6730.71
6417.61
6104.52
5791.42
5478.33
5165.23
4852.12
4536.55
4191.46
3787.68
3315.31
2761.46
2109.77
1391.2
317.918
24589.7
23856.2
23338.6
22847.3
22378.8
21940.9
21532.1
21151.1
20796.5
20467
20154.5
19846.6
19538
19228.8
18919.2
18609
18298.6
17987.7
17676.6
17365.3
17053.7
16741.9
16430
16117.9
15805.6
15493.3
15180.9
14868.4
14555.8
14243.1
13930.4
13617.6
13304.8
12991.9
12679
12366
12053.1
11740.1
11427.1
11114
10801
10487.9
10174.8
9861.76
9548.67
9235.57
8922.47
8609.36
8296.26
7983.15
7670.05
7356.95
7043.85
6730.75
6417.66
6104.58
5791.49
5478.4
5165.3
4852.19
4536.61
4191.5
3787.68
3315.19
2760.99
2109.81
1388.57
312.663
24547.3
23838.5
23325.9
22839.3
22373.8
21937.4
21529.7
21149.3
20795.2
20465.9
20153.6
19845.8
19537.4
19228.3
18918.7
18608.6
18298.2
17987.4
17676.3
17365
17053.4
16741.7
16429.8
16117.7
15805.5
15493.2
15180.8
14868.2
14555.7
14243
13930.3
13617.5
13304.7
12991.8
12678.9
12366
12053
11740
11427
11114
10801
10487.9
10174.8
9861.74
9548.65
9235.56
8922.46
8609.36
8296.26
7983.16
7670.06
7356.97
7043.88
6730.79
6417.71
6104.63
5791.56
5478.48
5165.39
4852.28
4536.7
4191.57
3787.72
3315.09
2760.52
2109.76
1385.08
306.114
24494.3
23822.7
23315.5
22833.1
22370.1
21935
21528
21148
20794.1
20465
20152.8
19845.2
19536.8
19227.8
18918.3
18608.3
18297.9
17987.1
17676.1
17364.7
17053.2
16741.5
16429.6
16117.5
15805.3
15493
15180.6
14868.1
14555.6
14242.9
13930.2
13617.4
13304.6
12991.8
12678.9
12365.9
12053
11740
11427
11114
10800.9
10487.9
10174.8
9861.72
9548.64
9235.54
8922.45
8609.35
8296.26
7983.16
7670.07
7356.98
7043.9
6730.82
6417.74
6104.68
5791.61
5478.55
5165.47
4852.38
4536.8
4191.7
3787.87
3315.16
2760.43
2110.58
1380.48
297.791
24458.6
23837.9
23328.4
22843.5
22379
21942.1
21533.6
21152.5
20797.7
20467.9
20155.2
19847.1
19538.4
19229.1
18919.3
18609.1
18298.6
17987.7
17676.5
17365.2
17053.6
16741.8
16429.8
16117.7
15805.5
15493.2
15180.8
14868.2
14555.7
14243
13930.3
13617.5
13304.7
12991.8
12678.9
12366
12053
11740
11427
11114
10800.9
10487.9
10174.8
9861.72
9548.63
9235.54
8922.44
8609.34
8296.24
7983.15
7670.06
7356.98
7043.91
6730.85
6417.8
6104.77
5791.76
5478.77
5165.8
4852.84
4537.44
4192.58
3789.1
3316.85
2763.03
2115.27
1371.94
266.672
24522.8
23841.7
23348.8
22851.4
22383.7
21945.2
21535.6
21153.8
20798.6
20468.6
20155.7
19847.6
19538.8
19229.4
18919.6
18609.4
18298.9
17988
17676.8
17365.4
17053.8
16742
16430.1
16118
15805.8
15493.4
15181
14868.5
14555.9
14243.2
13930.5
13617.7
13304.9
12992
12679.1
12366.1
12053.2
11740.2
11427.1
11114.1
10801
10488
10174.9
9861.78
9548.67
9235.55
8922.43
8609.3
8296.17
7983.03
7669.89
7356.75
7043.61
6730.46
6417.31
6104.16
5791.01
5477.84
5164.67
4851.49
4535.84
4190.67
3786.74
3314.01
2761.66
2104
1388.07
320.045
24514.9
23827.7
23343.7
22847.5
22381
21943.3
21534.1
21152.7
20797.7
20467.8
20155.1
19847
19538.3
19229
18919.3
18609.1
18298.6
17987.7
17676.6
17365.2
17053.6
16741.9
16429.9
16117.9
15805.6
15493.3
15180.9
14868.4
14555.8
14243.1
13930.4
13617.6
13304.8
12991.9
12679
12366.1
12053.1
11740.1
11427.1
11114.1
10801
10487.9
10174.9
9861.76
9548.65
9235.53
8922.41
8609.28
8296.15
7983.01
7669.87
7356.72
7043.57
6730.42
6417.27
6104.11
5790.95
5477.78
5164.6
4851.39
4535.72
4190.53
3786.54
3313.69
2761.45
2102.03
1388.07
294.207
24519.7
23818.9
23340.7
22845.1
22379.3
21942.1
21533.2
21152
20797.2
20467.4
20154.8
19846.7
19538
19228.8
18919.1
18608.9
18298.4
17987.6
17676.5
17365.1
17053.5
16741.8
16429.9
16117.8
15805.6
15493.3
15180.8
14868.3
14555.8
14243.1
13930.4
13617.6
13304.8
12991.9
12679
12366.1
12053.1
11740.1
11427.1
11114.1
10801
10487.9
10174.8
9861.74
9548.64
9235.52
8922.4
8609.27
8296.13
7982.99
7669.85
7356.7
7043.55
6730.4
6417.24
6104.08
5790.92
5477.74
5164.55
4851.34
4535.66
4190.46
3786.44
3313.54
2761.44
2100.71
1390.87
301.284
24532.4
23817.7
23339.9
22844.6
22378.7
21941.8
21533
21151.9
20797.1
20467.4
20154.7
19846.7
19538
19228.8
18919.1
18608.9
18298.4
17987.6
17676.5
17365.1
17053.5
16741.8
16429.9
16117.8
15805.6
15493.3
15180.8
14868.3
14555.7
14243.1
13930.4
13617.6
13304.8
12991.9
12679
12366.1
12053.1
11740.1
11427.1
11114
10801
10487.9
10174.8
9861.74
9548.63
9235.51
8922.39
8609.26
8296.13
7982.99
7669.84
7356.7
7043.55
6730.39
6417.24
6104.08
5790.91
5477.74
5164.55
4851.34
4535.66
4190.46
3786.44
3313.6
2761.54
2100.67
1393.39
310.728
24547.9
23821.8
23340.7
22845.6
22379.2
21942.1
21533.3
21152.1
20797.4
20467.6
20155
19846.9
19538.2
19229
18919.2
18609.1
18298.5
17987.7
17676.6
17365.2
17053.6
16741.9
16429.9
16117.8
15805.6
15493.3
15180.9
14868.4
14555.8
14243.1
13930.4
13617.6
13304.8
12991.9
12679
12366.1
12053.1
11740.1
11427.1
11114.1
10801
10487.9
10174.8
9861.74
9548.63
9235.52
8922.39
8609.26
8296.13
7982.99
7669.84
7356.7
7043.55
6730.4
6417.24
6104.09
5790.92
5477.76
5164.58
4851.38
4535.72
4190.54
3786.55
3313.82
2761.69
2101.53
1394.91
315.586
24564.4
23829.5
23343.1
22847.8
22380.5
21943.1
21534.1
21152.8
20798
20468.1
20155.4
19847.3
19538.6
19229.3
18919.5
18609.3
18298.8
17987.9
17676.8
17365.4
17053.8
16742
16430
16117.9
15805.7
15493.4
15181
14868.4
14555.8
14243.2
13930.4
13617.7
13304.8
12992
12679
12366.1
12053.1
11740.1
11427.1
11114.1
10801
10487.9
10174.8
9861.75
9548.64
9235.52
8922.4
8609.27
8296.13
7983
7669.85
7356.71
7043.56
6730.42
6417.27
6104.12
5790.96
5477.81
5164.64
4851.46
4535.82
4190.67
3786.74
3314.17
2761.9
2102.93
1395.81
318.656
24580.6
23839.5
23346.7
22851
22382.6
21944.7
21535.3
21153.8
20798.8
20468.9
20156.1
19847.9
19539.1
19229.8
18920
18609.7
18299.1
17988.2
17677
17365.6
17054
16742.2
16430.2
16118.1
15805.9
15493.5
15181.1
14868.5
14555.9
14243.2
13930.5
13617.7
13304.9
12992
12679.1
12366.1
12053.2
11740.2
11427.1
11114.1
10801
10488
10174.9
9861.76
9548.66
9235.54
8922.41
8609.28
8296.15
7983.01
7669.87
7356.73
7043.59
6730.45
6417.31
6104.17
5791.02
5477.88
5164.74
4851.58
4535.98
4190.86
3787
3314.59
2762.16
2104.64
1396.28
321.061
24595.1
23850.5
23350.8
22854.7
22385.2
21946.5
21536.8
21155
20799.8
20469.8
20156.9
19848.6
19539.7
19230.3
18920.4
18610.2
18299.5
17988.6
17677.4
17365.9
17054.2
16742.4
16430.4
16118.3
15806
15493.7
15181.2
14868.6
14556
14243.3
13930.6
13617.8
13304.9
12992.1
12679.1
12366.2
12053.2
11740.2
11427.2
11114.1
10801.1
10488
10174.9
9861.79
9548.67
9235.56
8922.43
8609.3
8296.17
7983.04
7669.9
7356.76
7043.63
6730.5
6417.36
6104.23
5791.11
5477.98
5164.86
4851.74
4536.16
4191.1
3787.32
3315.05
2762.44
2106.46
1396.31
322.742
24606.7
23861
23354.7
22858.3
22387.7
21948.4
21538.3
21156.3
20800.9
20470.7
20157.7
19849.3
19540.4
19230.9
18921
18610.6
18299.9
17988.9
17677.7
17366.2
17054.5
16742.7
16430.6
16118.5
15806.2
15493.8
15181.3
14868.8
14556.1
14243.4
13930.7
13617.9
13305
12992.1
12679.2
12366.2
12053.2
11740.2
11427.2
11114.2
10801.1
10488
10174.9
9861.81
9548.7
9235.58
8922.46
8609.33
8296.2
7983.07
7669.94
7356.81
7043.68
6730.55
6417.43
6104.32
5791.21
5478.1
5165.01
4851.91
4536.37
4191.35
3787.65
3315.5
2762.7
2108.23
1395.94
323.612
24614.3
23869.7
23357.7
22861.2
22389.9
21950
21539.6
21157.3
20801.8
20471.4
20158.4
19849.9
19540.9
19231.4
18921.4
18611
18300.3
17989.3
17678
17366.5
17054.8
16742.9
16430.8
16118.7
15806.4
15494
15181.5
14868.9
14556.2
14243.5
13930.8
13617.9
13305.1
12992.2
12679.2
12366.3
12053.3
11740.3
11427.2
11114.2
10801.1
10488
10174.9
9861.83
9548.72
9235.61
8922.48
8609.36
8296.23
7983.1
7669.98
7356.85
7043.73
6730.62
6417.51
6104.41
5791.32
5478.23
5165.16
4852.09
4536.58
4191.59
3787.96
3315.89
2762.9
2109.83
1395.22
323.646
24616.7
23875.3
23358.8
22862.7
22391
21950.8
21540.3
21157.9
20802.3
20471.9
20158.8
19850.4
19541.3
19231.8
18921.7
18611.3
18300.6
17989.5
17678.2
17366.7
17054.9
16743
16431
16118.8
15806.5
15494.1
15181.6
14869
14556.3
14243.6
13930.8
13618
13305.1
12992.2
12679.3
12366.3
12053.3
11740.3
11427.3
11114.2
10801.1
10488.1
10175
9861.85
9548.74
9235.63
8922.51
8609.39
8296.26
7983.14
7670.02
7356.91
7043.79
6730.69
6417.59
6104.5
5791.43
5478.36
5165.3
4852.26
4536.77
4191.81
3788.23
3316.2
2763
2111.17
1394.15
322.801
24612.5
23876.8
23357.2
22862
22390.7
21950.6
21540.2
21157.9
20802.3
20472
20158.9
19850.4
19541.4
19231.9
18921.8
18611.4
18300.7
17989.6
17678.3
17366.8
17055
16743.1
16431.1
16118.9
15806.5
15494.1
15181.6
14869
14556.3
14243.6
13930.8
13618
13305.1
12992.2
12679.3
12366.3
12053.3
11740.3
11427.3
11114.2
10801.1
10488.1
10175
9861.87
9548.76
9235.65
8922.53
8609.41
8296.3
7983.18
7670.06
7356.95
7043.85
6730.76
6417.67
6104.59
5791.53
5478.48
5165.43
4852.4
4536.93
4191.98
3788.42
3316.37
2762.96
2112.18
1392.72
320.99
24600.3
23873
23352.2
22858.9
22388.5
21949
21539
21157
20801.6
20471.4
20158.4
19850.1
19541.2
19231.7
18921.7
18611.3
18300.6
17989.5
17678.2
17366.7
17055
16743.1
16431
16118.8
15806.5
15494.1
15181.6
14869
14556.3
14243.6
13930.8
13618
13305.1
12992.2
12679.3
12366.3
12053.3
11740.3
11427.3
11114.2
10801.1
10488.1
10175
9861.87
9548.77
9235.66
8922.55
8609.43
8296.32
7983.21
7670.1
7357
7043.9
6730.81
6417.74
6104.67
5791.61
5478.57
5165.54
4852.51
4537.04
4192.09
3788.52
3316.4
2762.74
2112.81
1390.86
318.052
24578.9
23863.4
23343.3
22852.9
22384.4
21945.9
21536.7
21155.2
20800.2
20470.3
20157.5
19849.3
19540.5
19231.1
18921.2
18610.9
18300.2
17989.2
17678
17366.5
17054.8
16742.9
16430.9
16118.7
15806.4
15494
15181.5
14868.9
14556.2
14243.5
13930.8
13617.9
13305.1
12992.2
12679.2
12366.3
12053.3
11740.3
11427.2
11114.2
10801.1
10488
10175
9861.87
9548.76
9235.66
8922.55
8609.44
8296.33
7983.23
7670.13
7357.03
7043.94
6730.86
6417.79
6104.73
5791.68
5478.64
5165.61
4852.57
4537.09
4192.12
3788.52
3316.27
2762.31
2113.01
1388.39
313.663
24547
23848
23331.2
22844.6
22378.6
21941.7
21533.4
21152.7
20798.2
20468.7
20156.1
19848.2
19539.5
19230.3
18920.5
18610.3
18299.7
17988.8
17677.6
17366.1
17054.5
16742.6
16430.6
16118.4
15806.2
15493.8
15181.3
14868.7
14556.1
14243.4
13930.7
13617.8
13305
12992.1
12679.2
12366.2
12053.2
11740.2
11427.2
11114.1
10801.1
10488
10174.9
9861.84
9548.75
9235.65
8922.55
8609.44
8296.34
7983.24
7670.14
7357.05
7043.97
6730.9
6417.83
6104.78
5791.73
5478.69
5165.65
4852.61
4537.1
4192.1
3788.43
3316.01
2761.68
2112.76
1385.02
307.328
24504.1
23828.5
23317.1
22835.2
22372.3
21937.1
21530.1
21150.1
20796.2
20467
20154.7
19847
19538.5
19229.3
18919.7
18609.6
18299.1
17988.2
17677.1
17365.7
17054.1
16742.3
16430.3
16118.2
15805.9
15493.6
15181.1
14868.6
14555.9
14243.3
13930.5
13617.7
13304.9
12992
12679.1
12366.1
12053.2
11740.2
11427.1
11114.1
10801
10488
10174.9
9861.82
9548.72
9235.63
8922.53
8609.43
8296.33
7983.24
7670.15
7357.07
7043.99
6730.92
6417.86
6104.81
5791.77
5478.73
5165.69
4852.64
4537.11
4192.07
3788.32
3315.67
2760.92
2112.21
1380.47
298.968
24451.3
23810.9
23305.4
22827.5
22367.4
21933.7
21527.4
21148
20794.4
20465.5
20153.4
19845.8
19537.5
19228.5
18918.9
18608.9
18298.5
17987.7
17676.6
17365.2
17053.7
16741.9
16430
16117.9
15805.7
15493.3
15180.9
14868.4
14555.8
14243.1
13930.4
13617.6
13304.8
12991.9
12679
12366.1
12053.1
11740.1
11427.1
11114
10801
10487.9
10174.9
9861.78
9548.7
9235.61
8922.51
8609.42
8296.32
7983.23
7670.15
7357.07
7044
6730.93
6417.88
6104.84
5791.8
5478.76
5165.72
4852.67
4537.13
4192.08
3788.29
3315.47
2760.47
2112.2
1373.86
285.982
24414
23820.9
23315.2
22835.3
22374.1
21939.1
21531.7
21151.4
20797.2
20467.7
20155.2
19847.3
19538.7
19229.4
18919.7
18609.5
18299
17988.1
17676.9
17365.5
17053.9
16742.1
16430.1
16118
15805.8
15493.4
15181
14868.5
14555.8
14243.2
13930.4
13617.6
13304.8
12991.9
12679
12366.1
12053.1
11740.1
11427.1
11114.1
10801
10487.9
10174.9
9861.78
9548.69
9235.6
8922.5
8609.41
8296.31
7983.23
7670.14
7357.07
7044.01
6730.96
6417.93
6104.92
5791.93
5478.96
5166
4853.06
4537.68
4192.82
3789.3
3316.81
2762.59
2115.3
1361.68
244.425
24484.1
23832.7
23342
22849.7
22383.8
21946.3
21537.1
21155.5
20800.4
20470.3
20157.4
19849.1
19540.2
19230.7
18920.8
18610.5
18299.9
17988.9
17677.6
17366.2
17054.5
16742.6
16430.6
16118.5
15806.2
15493.8
15181.4
14868.8
14556.2
14243.5
13930.7
13617.9
13305
12992.2
12679.2
12366.3
12053.3
11740.3
11427.2
11114.2
10801.1
10488
10174.9
9861.83
9548.72
9235.6
8922.48
8609.35
8296.22
7983.08
7669.95
7356.81
7043.68
6730.54
6417.41
6104.29
5791.16
5478.04
5164.92
4851.8
4536.23
4191.17
3787.38
3314.88
2762.34
2106.02
1387.11
288.612
24478
23820.3
23337.3
22846
22381.1
21944.3
21535.6
21154.2
20799.3
20469.4
20156.6
19848.4
19539.6
19230.2
18920.4
18610.1
18299.5
17988.6
17677.4
17365.9
17054.3
16742.4
16430.5
16118.3
15806.1
15493.7
15181.2
14868.7
14556.1
14243.4
13930.6
13617.8
13305
12992.1
12679.2
12366.2
12053.2
11740.2
11427.2
11114.2
10801.1
10488
10174.9
9861.81
9548.7
9235.58
8922.46
8609.33
8296.2
7983.06
7669.92
7356.79
7043.65
6730.51
6417.38
6104.25
5791.11
5477.98
5164.85
4851.71
4536.11
4191.01
3787.16
3314.54
2761.99
2103.88
1386.96
267.574
24483.5
23813.2
23334.9
22844.2
22379.7
21943.3
21534.8
21153.7
20798.8
20469
20156.3
19848.1
19539.4
19230
18920.2
18610
18299.4
17988.4
17677.2
17365.8
17054.2
16742.4
16430.4
16118.3
15806
15493.6
15181.2
14868.6
14556
14243.3
13930.6
13617.8
13305
12992.1
12679.2
12366.2
12053.2
11740.2
11427.2
11114.1
10801.1
10488
10174.9
9861.8
9548.69
9235.57
8922.45
8609.32
8296.19
7983.05
7669.91
7356.77
7043.63
6730.5
6417.36
6104.22
5791.09
5477.95
5164.81
4851.66
4536.06
4190.94
3787.06
3314.4
2761.92
2102.69
1390
279.773
24496.1
23813.9
23335.1
22844.5
22379.9
21943.5
21535
21153.8
20799
20469.1
20156.4
19848.3
19539.5
19230.1
18920.3
18610
18299.4
17988.5
17677.3
17365.9
17054.2
16742.4
16430.4
16118.3
15806
15493.7
15181.2
14868.7
14556
14243.4
13930.6
13617.8
13305
12992.1
12679.2
12366.2
12053.2
11740.2
11427.2
11114.1
10801.1
10488
10174.9
9861.8
9548.69
9235.57
8922.45
8609.32
8296.18
7983.05
7669.91
7356.77
7043.63
6730.49
6417.36
6104.22
5791.09
5477.95
5164.82
4851.67
4536.07
4190.97
3787.1
3314.52
2762.08
2103.04
1392.85
294.761
24511.7
23820.1
23337.4
22846.7
22381.3
21944.6
21535.9
21154.6
20799.7
20469.7
20156.9
19848.7
19539.9
19230.5
18920.6
18610.3
18299.7
17988.7
17677.5
17366
17054.4
16742.5
16430.5
16118.4
15806.1
15493.8
15181.3
14868.7
14556.1
14243.4
13930.7
13617.9
13305
12992.1
12679.2
12366.2
12053.2
11740.2
11427.2
11114.2
10801.1
10488
10174.9
9861.81
9548.7
9235.58
8922.45
8609.32
8296.19
7983.05
7669.91
7356.78
7043.64
6730.5
6417.37
6104.24
5791.11
5477.99
5164.86
4851.73
4536.15
4191.08
3787.26
3314.83
2762.39
2104.42
1394.61
304.223
24528.4
23829.8
23341.5
22850.2
22383.8
21946.5
21537.4
21155.9
20800.7
20470.7
20157.7
19849.5
19540.5
19231.1
18921.1
18610.8
18300.1
17989.1
17677.8
17366.3
17054.6
16742.8
16430.7
16118.6
15806.3
15493.9
15181.4
14868.8
14556.2
14243.5
13930.7
13617.9
13305.1
12992.2
12679.2
12366.3
12053.3
11740.3
11427.2
11114.2
10801.1
10488
10174.9
9861.83
9548.71
9235.59
8922.47
8609.34
8296.2
7983.07
7669.93
7356.79
7043.66
6730.53
6417.4
6104.28
5791.16
5478.05
5164.94
4851.84
4536.29
4191.26
3787.53
3315.28
2762.81
2106.37
1395.62
310.466
24544.7
23841.8
23346.8
22854.8
22387.1
21949
21539.4
21157.6
20802.2
20471.9
20158.8
19850.4
19541.4
19231.8
18921.8
18611.4
18300.6
17989.6
17678.3
17366.7
17055
16743.1
16431
16118.8
15806.5
15494.1
15181.6
14869
14556.3
14243.6
13930.8
13618
13305.2
12992.2
12679.3
12366.3
12053.3
11740.3
11427.3
11114.2
10801.1
10488.1
10175
9861.85
9548.74
9235.62
8922.49
8609.36
8296.22
7983.09
7669.96
7356.82
7043.69
6730.57
6417.45
6104.34
5791.24
5478.15
5165.07
4851.99
4536.49
4191.52
3787.89
3315.81
2763.3
2108.58
1396.05
314.892
24559.4
23854.6
23352.6
22859.8
22390.8
21951.9
21541.7
21159.5
20803.8
20473.3
20160
19851.5
19542.4
19232.7
18922.6
18612.1
18301.3
17990.1
17678.8
17367.2
17055.4
16743.4
16431.3
16119.1
15806.8
15494.3
15181.8
14869.2
14556.5
14243.8
13931
13618.1
13305.3
12992.3
12679.4
12366.4
12053.4
11740.4
11427.3
11114.3
10801.2
10488.1
10175
9861.89
9548.77
9235.64
8922.52
8609.39
8296.25
7983.12
7669.99
7356.86
7043.74
6730.63
6417.52
6104.42
5791.34
5478.27
5165.22
4852.18
4536.72
4191.81
3788.29
3316.38
2763.81
2110.82
1395.96
317.778
24571.4
23866.6
23358.2
22864.6
22394.5
21954.7
21544
21161.4
20805.4
20474.7
20161.3
19852.6
19543.3
19233.6
18923.4
18612.8
18301.9
17990.7
17679.3
17367.6
17055.8
16743.8
16431.6
16119.4
15807
15494.5
15182
14869.4
14556.7
14243.9
13931.1
13618.2
13305.4
12992.4
12679.5
12366.5
12053.5
11740.4
11427.4
11114.3
10801.2
10488.1
10175
9861.92
9548.8
9235.68
8922.55
8609.42
8296.29
7983.16
7670.04
7356.91
7043.8
6730.69
6417.6
6104.52
5791.46
5478.41
5165.39
4852.39
4536.97
4192.13
3788.71
3316.93
2764.29
2112.93
1395.38
319.273
24579.3
23876.6
23362.5
22868.4
22397.5
21957
21545.9
21163
20806.8
20475.9
20162.3
19853.5
19544.2
19234.3
18924
18613.4
18302.4
17991.2
17679.7
17368
17056.1
16744.1
16431.9
16119.6
15807.2
15494.8
15182.2
14869.5
14556.8
14244
13931.2
13618.4
13305.4
12992.5
12679.5
12366.5
12053.5
11740.5
11427.4
11114.4
10801.3
10488.2
10175.1
9861.95
9548.83
9235.71
8922.58
8609.45
8296.33
7983.2
7670.08
7356.97
7043.86
6730.77
6417.69
6104.63
5791.58
5478.56
5165.57
4852.6
4537.23
4192.43
3789.1
3317.41
2764.68
2114.78
1394.37
319.523
24581.8
23883.2
23364.7
22870.6
22399.3
21958.5
21547.1
21164
20807.7
20476.7
20163.1
19854.2
19544.8
19234.9
18924.5
18613.8
18302.8
17991.6
17680
17368.3
17056.4
16744.4
16432.2
16119.8
15807.4
15494.9
15182.3
14869.6
14556.9
14244.1
13931.3
13618.4
13305.5
12992.6
12679.6
12366.6
12053.6
11740.5
11427.5
11114.4
10801.3
10488.2
10175.1
9861.98
9548.86
9235.74
8922.61
8609.49
8296.37
7983.25
7670.13
7357.03
7043.93
6730.85
6417.78
6104.73
5791.7
5478.7
5165.73
4852.8
4537.45
4192.69
3789.43
3317.77
2764.95
2116.3
1392.97
318.606
24577.6
23885.1
23363.8
22870.4
22399.4
21958.5
21547.3
21164.2
20807.9
20476.9
20163.3
19854.4
19545
19235.1
18924.7
18614
18303
17991.7
17680.2
17368.5
17056.5
16744.5
16432.3
16119.9
15807.5
15495
15182.4
14869.7
14557
14244.2
13931.3
13618.5
13305.6
12992.6
12679.6
12366.6
12053.6
11740.5
11427.5
11114.4
10801.3
10488.2
10175.1
9862
9548.88
9235.76
8922.64
8609.52
8296.4
7983.28
7670.18
7357.08
7043.99
6730.92
6417.86
6104.83
5791.81
5478.83
5165.88
4852.96
4537.63
4192.89
3789.65
3317.99
2765.04
2117.42
1391.16
316.495
24565.3
23881.3
23359
22867.2
22397.2
21956.9
21546
21163.2
20807.1
20476.3
20162.8
19854
19544.7
19234.8
18924.5
18613.9
18302.9
17991.6
17680.1
17368.4
17056.5
16744.4
16432.2
16119.9
15807.5
15495
15182.4
14869.7
14557
14244.2
13931.3
13618.4
13305.5
12992.6
12679.6
12366.6
12053.6
11740.5
11427.5
11114.4
10801.3
10488.2
10175.1
9862
9548.89
9235.77
8922.65
8609.54
8296.42
7983.31
7670.21
7357.12
7044.04
6730.98
6417.93
6104.9
5791.9
5478.92
5165.98
4853.06
4537.74
4193
3789.76
3318.01
2764.9
2118.08
1388.84
313.002
24543.3
23870.9
23349.7
22860.6
22392.5
21953.4
21543.3
21161.1
20805.4
20474.9
20161.6
19853
19543.8
19234.1
18923.9
18613.3
18302.4
17991.2
17679.7
17368.1
17056.2
16744.2
16432
16119.7
15807.3
15494.8
15182.2
14869.6
14556.8
14244.1
13931.2
13618.4
13305.5
12992.5
12679.5
12366.5
12053.5
11740.5
11427.4
11114.4
10801.3
10488.2
10175.1
9861.99
9548.88
9235.76
8922.65
8609.54
8296.43
7983.33
7670.23
7357.15
7044.08
6731.02
6417.98
6104.96
5791.96
5478.98
5166.03
4853.11
4537.77
4193.01
3789.72
3317.83
2764.47
2118.19
1385.77
307.648
24510.6
23853.8
23336.3
22851
22385.6
21948.1
21539.2
21157.9
20802.8
20472.7
20159.7
19851.4
19542.5
19232.9
18922.9
18612.4
18301.6
17990.5
17679.1
17367.5
17055.7
16743.7
16431.6
16119.4
15807
15494.5
15182
14869.3
14556.6
14243.9
13931.1
13618.2
13305.3
12992.4
12679.4
12366.5
12053.4
11740.4
11427.4
11114.3
10801.2
10488.1
10175.1
9861.95
9548.85
9235.74
8922.64
8609.53
8296.43
7983.33
7670.24
7357.16
7044.09
6731.04
6418
6104.98
5791.98
5479
5166.04
4853.1
4537.72
4192.91
3789.53
3317.42
2763.7
2117.64
1381.49
299.59
24466.5
23831.4
23319.8
22839.3
22377.3
21942
21534.5
21154.1
20799.7
20470.1
20157.6
19849.5
19540.8
19231.5
18921.6
18611.3
18300.6
17989.6
17678.3
17366.8
17055.1
16743.2
16431.1
16118.9
15806.6
15494.2
15181.6
14869
14556.4
14243.6
13930.9
13618
13305.2
12992.2
12679.3
12366.3
12053.3
11740.3
11427.3
11114.2
10801.2
10488.1
10175
9861.91
9548.81
9235.71
8922.61
8609.51
8296.41
7983.32
7670.24
7357.16
7044.1
6731.05
6418.01
6104.99
5791.99
5479
5166.02
4853.06
4537.64
4192.75
3789.23
3316.81
2762.6
2116.37
1375.29
287.649
24412.7
23809.5
23305
22828.9
22370
21936.5
21530.2
21150.6
20796.8
20467.7
20155.4
19847.7
19539.2
19230
18920.3
18610.2
18299.6
17988.7
17677.5
17366.1
17054.4
16742.6
16430.6
16118.4
15806.2
15493.8
15181.3
14868.7
14556.1
14243.4
13930.6
13617.8
13305
12992.1
12679.2
12366.2
12053.2
11740.2
11427.2
11114.2
10801.1
10488
10174.9
9861.86
9548.77
9235.67
8922.58
8609.48
8296.39
7983.3
7670.22
7357.15
7044.09
6731.04
6418.01
6104.99
5791.98
5478.98
5166
4853
4537.55
4192.6
3788.95
3316.2
2761.55
2114.84
1364.96
265.526
24371.6
23810.3
23308.5
22831.6
22372.7
21938.9
21532.1
21152.1
20798
20468.6
20156.2
19848.3
19539.6
19230.4
18920.6
18610.4
18299.8
17988.8
17677.6
17366.1
17054.5
16742.6
16430.6
16118.4
15806.2
15493.8
15181.3
14868.7
14556.1
14243.4
13930.6
13617.8
13305
12992.1
12679.2
12366.2
12053.2
11740.2
11427.2
11114.1
10801.1
10488
10174.9
9861.85
9548.76
9235.66
8922.56
8609.47
8296.38
7983.29
7670.22
7357.15
7044.1
6731.06
6418.05
6105.05
5792.08
5479.12
5166.19
4853.27
4537.91
4193.07
3789.52
3316.87
2762.52
2115
1346.77
209.665
24457.2
23841.9
23347.7
22857
22390.8
21952.6
21542.6
21160.4
20804.7
20474.1
20160.7
19852.1
19542.8
19233.1
18922.9
18612.4
18301.5
17990.3
17678.9
17367.3
17055.5
16743.5
16431.4
16119.2
15806.8
15494.4
15181.8
14869.2
14556.5
14243.8
13931
13618.2
13305.3
12992.4
12679.4
12366.4
12053.4
11740.4
11427.3
11114.3
10801.2
10488.1
10175
9861.89
9548.77
9235.65
8922.51
8609.38
8296.24
7983.1
7669.96
7356.82
7043.69
6730.56
6417.44
6104.32
5791.22
5478.12
5165.05
4851.98
4536.49
4191.55
3787.96
3315.77
2763.15
2109.08
1380.05
236.618
24457.5
23835.4
23345.9
22855.6
22389.7
21951.7
21541.9
21159.8
20804.2
20473.7
20160.4
19851.8
19542.6
19232.8
18922.7
18612.2
18301.3
17990.2
17678.8
17367.2
17055.4
16743.4
16431.3
16119.1
15806.7
15494.3
15181.8
14869.2
14556.5
14243.8
13931
13618.1
13305.3
12992.3
12679.4
12366.4
12053.4
11740.4
11427.3
11114.3
10801.2
10488.1
10175
9861.88
9548.76
9235.64
8922.5
8609.37
8296.23
7983.09
7669.95
7356.81
7043.67
6730.54
6417.42
6104.3
5791.19
5478.09
5165
4851.92
4536.42
4191.45
3787.83
3315.58
2762.97
2107.71
1381.37
219.45
24468.4
23835.2
23347.6
22856.9
22390.7
21952.6
21542.7
21160.4
20804.7
20474.1
20160.8
19852.1
19542.9
19233.1
18922.9
18612.4
18301.5
17990.3
17678.9
17367.3
17055.5
16743.5
16431.4
16119.2
15806.8
15494.4
15181.8
14869.2
14556.5
14243.8
13931
13618.2
13305.3
12992.4
12679.4
12366.4
12053.4
11740.4
11427.3
11114.3
10801.2
10488.1
10175
9861.89
9548.77
9235.64
8922.5
8609.37
8296.23
7983.09
7669.95
7356.81
7043.67
6730.53
6417.41
6104.29
5791.17
5478.08
5164.99
4851.92
4536.42
4191.46
3787.85
3315.67
2763.24
2107.63
1385.91
231.892
24485.8
23842.4
23352.5
22860.9
22393.7
21955.1
21544.7
21162.2
20806.2
20475.5
20161.9
19853.1
19543.8
19233.9
18923.6
18613
18302
17990.8
17679.3
17367.7
17055.8
16743.8
16431.7
16119.4
15807
15494.6
15182
14869.4
14556.7
14243.9
13931.1
13618.3
13305.4
12992.4
12679.5
12366.5
12053.5
11740.4
11427.4
11114.3
10801.2
10488.1
10175
9861.91
9548.78
9235.65
8922.52
8609.38
8296.24
7983.09
7669.95
7356.81
7043.67
6730.54
6417.42
6104.3
5791.19
5478.1
5165.03
4851.98
4536.5
4191.59
3788.06
3316.05
2763.89
2109.2
1390.37
250.907
24505.8
23854.6
23359.6
22866.8
22398.2
21958.7
21547.7
21164.7
20808.4
20477.4
20163.6
19854.6
19545.1
19235.1
18924.7
18613.9
18302.8
17991.5
17680
17368.2
17056.3
16744.3
16432.1
16119.8
15807.3
15494.8
15182.2
14869.6
14556.9
14244.1
13931.3
13618.4
13305.5
12992.5
12679.6
12366.6
12053.5
11740.5
11427.4
11114.4
10801.3
10488.2
10175.1
9861.94
9548.81
9235.68
8922.54
8609.4
8296.26
7983.11
7669.97
7356.83
7043.7
6730.57
6417.45
6104.34
5791.25
5478.17
5165.12
4852.1
4536.67
4191.83
3788.42
3316.66
2764.77
2111.72
1393.6
266.856
24526.4
23869.7
23368.3
22873.9
22403.7
21963.1
21551.4
21167.8
20811.1
20479.7
20165.7
19856.5
19546.7
19236.5
18926
18615.1
18303.9
17992.4
17680.8
17369
17057
16744.8
16432.6
16120.2
15807.7
15495.2
15182.6
14869.9
14557.1
14244.3
13931.5
13618.6
13305.6
12992.7
12679.7
12366.7
12053.6
11740.6
11427.5
11114.4
10801.3
10488.2
10175.1
9861.99
9548.85
9235.72
8922.57
8609.43
8296.29
7983.14
7670
7356.87
7043.73
6730.61
6417.5
6104.41
5791.33
5478.28
5165.26
4852.29
4536.92
4192.16
3788.89
3317.39
2765.75
2114.63
1395.69
279.2
24546.3
23886.1
23377.8
22881.6
22409.8
21968
21555.5
21171.3
20814.1
20482.4
20168
19858.5
19548.6
19238.2
18927.4
18616.3
18305
17993.5
17681.7
17369.8
17057.7
16745.5
16433.2
16120.7
15808.2
15495.6
15182.9
14870.2
14557.4
14244.6
13931.7
13618.8
13305.8
12992.9
12679.8
12366.8
12053.8
11740.7
11427.6
11114.5
10801.4
10488.3
10175.2
9862.04
9548.9
9235.76
8922.62
8609.47
8296.33
7983.18
7670.05
7356.91
7043.79
6730.68
6417.58
6104.5
5791.45
5478.43
5165.45
4852.52
4537.22
4192.55
3789.44
3318.19
2766.76
2117.55
1396.77
288.35
24564
23902.4
23387.2
22889.4
22415.9
21972.9
21559.6
21174.8
20817.1
20485
20170.4
19860.6
19550.4
19239.8
18928.9
18617.7
18306.2
17994.5
17682.7
17370.6
17058.5
16746.2
16433.8
16121.3
15808.7
15496
15183.3
14870.5
14557.7
14244.9
13931.9
13619
13306
12993
12680
12367
12053.9
11740.8
11427.7
11114.6
10801.5
10488.4
10175.2
9862.1
9548.96
9235.81
8922.66
8609.52
8296.37
7983.23
7670.1
7356.97
7043.86
6730.76
6417.67
6104.62
5791.59
5478.6
5165.67
4852.79
4537.55
4192.98
3790.02
3318.98
2767.71
2120.26
1396.93
294.608
24578.3
23917.1
23395.7
22896.3
22421.5
21977.4
21563.4
21178
20819.9
20487.5
20172.6
19862.6
19552.2
19241.4
18930.3
18618.9
18307.3
17995.5
17683.6
17371.4
17059.2
16746.8
16434.3
16121.8
15809.2
15496.5
15183.7
14870.9
14558
14245.1
13932.2
13619.2
13306.2
12993.2
12680.1
12367.1
12054
11740.9
11427.8
11114.7
10801.6
10488.4
10175.3
9862.16
9549.01
9235.86
8922.72
8609.57
8296.43
7983.29
7670.16
7357.04
7043.94
6730.85
6417.78
6104.75
5791.75
5478.79
5165.9
4853.08
4537.9
4193.41
3790.59
3319.71
2768.56
2122.64
1396.35
298.367
24587.8
23928.9
23402.2
22901.8
22426
21981.1
21566.4
21180.6
20822.2
20489.5
20174.4
19864.2
19553.6
19242.7
18931.5
18620
18308.3
17996.4
17684.3
17372.1
17059.8
16747.4
16434.8
16122.2
15809.5
15496.8
15184
14871.2
14558.3
14245.3
13932.4
13619.4
13306.4
12993.3
12680.3
12367.2
12054.1
11741
11427.9
11114.8
10801.6
10488.5
10175.4
9862.21
9549.06
9235.91
8922.76
8609.62
8296.48
7983.35
7670.22
7357.11
7044.02
6730.94
6417.9
6104.88
5791.91
5478.98
5166.13
4853.35
4538.23
4193.81
3791.09
3320.32
2769.26
2124.62
1395.17
300.029
24591.3
23936.3
23405.8
22904.9
22428.7
21983.3
21568.3
21182.3
20823.7
20490.9
20175.6
19865.3
19554.6
19243.6
18932.3
18620.7
18308.9
17997
17684.9
17372.6
17060.2
16747.8
16435.2
16122.5
15809.8
15497.1
15184.2
14871.4
14558.4
14245.5
13932.5
13619.5
13306.5
12993.4
12680.4
12367.3
12054.2
11741.1
11427.9
11114.8
10801.7
10488.5
10175.4
9862.25
9549.1
9235.95
8922.81
8609.66
8296.53
7983.4
7670.28
7357.18
7044.1
6731.04
6418
6105.01
5792.06
5479.16
5166.34
4853.6
4538.52
4194.15
3791.51
3320.8
2769.77
2126.19
1393.52
299.871
24587.3
23938.2
23405.5
22905
22429
21983.6
21568.7
21182.7
20824.1
20491.2
20176
19865.7
19555
19243.9
18932.6
18621
18309.2
17997.2
17685.1
17372.8
17060.4
16747.9
16435.3
16122.7
15809.9
15497.2
15184.3
14871.4
14558.5
14245.6
13932.6
13619.6
13306.5
12993.5
12680.4
12367.3
12054.2
11741.1
11428
11114.8
10801.7
10488.6
10175.4
9862.27
9549.12
9235.98
8922.83
8609.7
8296.56
7983.44
7670.33
7357.24
7044.16
6731.11
6418.1
6105.12
5792.18
5479.31
5166.51
4853.79
4538.74
4194.4
3791.8
3321.09
2770.06
2127.32
1391.44
297.957
24574.2
23933.1
23400.2
22901.1
22426.3
21981.6
21567.1
21181.4
20823.1
20490.4
20175.3
19865.1
19554.5
19243.5
18932.2
18620.7
18308.9
17997
17684.9
17372.6
17060.3
16747.8
16435.2
16122.6
15809.9
15497.1
15184.3
14871.4
14558.5
14245.5
13932.5
13619.5
13306.5
12993.4
12680.4
12367.3
12054.2
11741.1
11428
11114.8
10801.7
10488.6
10175.4
9862.27
9549.12
9235.98
8922.84
8609.71
8296.58
7983.47
7670.36
7357.28
7044.21
6731.17
6418.16
6105.19
5792.27
5479.41
5166.62
4853.91
4538.86
4194.53
3791.93
3321.16
2770.08
2127.96
1388.82
294.04
24550.3
23920.1
23389.2
22892.9
22420.1
21976.8
21563.3
21178.3
20820.5
20488.2
20173.4
19863.5
19553.1
19242.3
18931.2
18619.7
18308.1
17996.3
17684.2
17372.1
17059.7
16747.3
16434.8
16122.2
15809.5
15496.8
15184
14871.1
14558.2
14245.3
13932.4
13619.4
13306.3
12993.3
12680.3
12367.2
12054.1
11741
11427.9
11114.8
10801.6
10488.5
10175.4
9862.23
9549.1
9235.96
8922.83
8609.7
8296.58
7983.47
7670.37
7357.29
7044.24
6731.2
6418.2
6105.23
5792.31
5479.45
5166.65
4853.94
4538.87
4194.52
3791.86
3320.96
2769.72
2127.95
1385.29
287.375
24514
23898.4
23372.3
22880.2
22410.5
21969.3
21557.2
21173.3
20816.3
20484.6
20170.3
19860.8
19550.7
19240.2
18929.3
18618.1
18306.6
17995
17683.1
17371
17058.8
16746.5
16434.1
16121.5
15808.9
15496.3
15183.5
14870.7
14557.9
14245
13932.1
13619.1
13306.1
12993.1
12680.1
12367
12053.9
11740.9
11427.8
11114.7
10801.5
10488.4
10175.3
9862.17
9549.04
9235.91
8922.79
8609.67
8296.55
7983.45
7670.36
7357.29
7044.23
6731.2
6418.19
6105.23
5792.3
5479.42
5166.61
4853.86
4538.75
4194.33
3791.55
3320.41
2768.85
2127.03
1380.08
276.436
24464.1
23868.7
23350.1
22863.5
22397.9
21959.4
21549.3
21166.8
20810.8
20479.9
20166.2
19857.1
19547.5
19237.4
18926.8
18615.9
18304.7
17993.2
17681.5
17369.6
17057.6
16745.4
16433.1
16120.7
15808.1
15495.5
15182.9
14870.1
14557.4
14244.5
13931.6
13618.7
13305.8
12992.8
12679.8
12366.8
12053.7
11740.7
11427.6
11114.5
10801.4
10488.3
10175.2
9862.07
9548.96
9235.84
8922.72
8609.61
8296.51
7983.41
7670.33
7357.25
7044.2
6731.17
6418.16
6105.18
5792.24
5479.34
5166.49
4853.7
4538.52
4193.98
3790.99
3319.45
2767.29
2124.74
1371.63
258.2
24402.2
23835.5
23326.5
22845.9
22384.6
21948.9
21540.7
21159.6
20804.7
20474.6
20161.5
19853
19543.9
19234.2
18924
18613.4
18302.4
17991.2
17679.7
17368
17056.2
16744.1
16432
16119.7
15807.2
15494.7
15182.2
14869.5
14556.8
14244
13931.2
13618.3
13305.4
12992.5
12679.5
12366.5
12053.5
11740.5
11427.4
11114.3
10801.3
10488.2
10175.1
9861.97
9548.87
9235.76
8922.65
8609.55
8296.45
7983.36
7670.28
7357.21
7044.16
6731.12
6418.11
6105.12
5792.16
5479.23
5166.34
4853.47
4538.2
4193.52
3790.25
3318.16
2765.11
2120.66
1356.01
224.073
24347.3
23817.2
23315.5
22837.4
22378.3
21944
21536.7
21156.2
20801.7
20471.9
20159.1
19850.9
19542
19232.4
18922.4
18612
18301.2
17990.1
17678.7
17367.2
17055.4
16743.4
16431.3
16119.1
15806.7
15494.3
15181.7
14869.1
14556.5
14243.7
13930.9
13618.1
13305.2
12992.3
12679.3
12366.4
12053.4
11740.3
11427.3
11114.2
10801.2
10488.1
10175
9861.91
9548.81
9235.71
8922.61
8609.51
8296.42
7983.33
7670.26
7357.19
7044.15
6731.12
6418.11
6105.13
5792.18
5479.26
5166.36
4853.49
4538.2
4193.46
3790.03
3317.57
2763.83
2115.99
1330.38
162.228
)
;