internalField   nonuniform List<scalar> 
106488
(
4819.99
4698.69
4601.27
4504.56
4412.66
4326.3
4245.51
4170.19
4100.09
4034.95
3973.21
3912.39
3851.46
3790.43
3729.31
3668.12
3606.86
3545.56
3484.2
3422.8
3361.37
3299.9
3238.4
3176.88
3115.34
3053.77
2992.19
2930.6
2868.99
2807.37
2745.74
2684.09
2622.44
2560.79
2499.12
2437.45
2375.78
2314.1
2252.42
2190.73
2129.04
2067.34
2005.65
1943.95
1882.25
1820.55
1758.84
1697.14
1635.43
1573.72
1512.01
1450.3
1388.59
1326.88
1265.17
1203.46
1141.74
1080.03
1018.31
956.601
894.405
826.401
746.841
653.761
544.864
417.461
268.406
94.0254
4820.06
4697.41
4600.93
4504.28
4412.45
4326.14
4245.38
4170.08
4100
4034.87
3973.14
3912.33
3851.4
3790.38
3729.27
3668.08
3606.83
3545.52
3484.17
3422.78
3361.34
3299.88
3238.38
3176.86
3115.32
3053.76
2992.18
2930.59
2868.98
2807.36
2745.73
2684.09
2622.44
2560.78
2499.12
2437.45
2375.77
2314.1
2252.41
2190.72
2129.03
2067.34
2005.64
1943.95
1882.25
1820.54
1758.84
1697.13
1635.43
1573.72
1512.01
1450.3
1388.59
1326.88
1265.17
1203.45
1141.74
1080.03
1018.31
956.6
894.404
826.401
746.841
653.761
544.864
417.46
268.406
94.0253
4822.2
4697.37
4601.26
4504.54
4412.65
4326.31
4245.53
4170.2
4100.11
4034.97
3973.22
3912.4
3851.47
3790.43
3729.31
3668.12
3606.87
3545.56
3484.2
3422.8
3361.37
3299.9
3238.4
3176.88
3115.34
3053.77
2992.19
2930.6
2868.99
2807.37
2745.74
2684.09
2622.44
2560.79
2499.12
2437.45
2375.78
2314.1
2252.41
2190.73
2129.04
2067.34
2005.65
1943.95
1882.25
1820.54
1758.84
1697.14
1635.43
1573.72
1512.01
1450.3
1388.59
1326.88
1265.17
1203.46
1141.74
1080.03
1018.31
956.601
894.405
826.401
746.841
653.761
544.864
417.461
268.406
94.0255
4825.62
4698.79
4602.22
4505.32
4413.25
4326.79
4245.93
4170.54
4100.4
4035.22
3973.45
3912.6
3851.64
3790.59
3729.45
3668.24
3606.97
3545.65
3484.28
3422.88
3361.43
3299.96
3238.45
3176.93
3115.38
3053.81
2992.23
2930.63
2869.01
2807.39
2745.76
2684.11
2622.46
2560.8
2499.14
2437.47
2375.79
2314.11
2252.42
2190.73
2129.04
2067.35
2005.65
1943.95
1882.25
1820.55
1758.84
1697.14
1635.43
1573.72
1512.01
1450.3
1388.59
1326.88
1265.17
1203.46
1141.74
1080.03
1018.32
956.602
894.405
826.402
746.842
653.762
544.864
417.461
268.406
94.0258
4829.56
4701.18
4603.62
4506.47
4414.13
4327.5
4246.52
4171.04
4100.83
4035.6
3973.78
3912.89
3851.9
3790.82
3729.65
3668.42
3607.13
3545.79
3484.41
3422.99
3361.53
3300.04
3238.53
3177
3115.44
3053.87
2992.28
2930.67
2869.05
2807.43
2745.79
2684.14
2622.49
2560.82
2499.16
2437.48
2375.8
2314.12
2252.44
2190.75
2129.05
2067.36
2005.66
1943.96
1882.26
1820.55
1758.85
1697.14
1635.44
1573.73
1512.02
1450.31
1388.6
1326.88
1265.17
1203.46
1141.75
1080.03
1018.32
956.603
894.406
826.403
746.843
653.762
544.865
417.461
268.407
94.0263
4833.63
4704.15
4605.33
4507.87
4415.21
4328.37
4247.24
4171.65
4101.36
4036.06
3974.18
3913.25
3852.22
3791.1
3729.9
3668.65
3607.33
3545.97
3484.57
3423.13
3361.66
3300.16
3238.63
3177.08
3115.52
3053.94
2992.34
2930.73
2869.1
2807.47
2745.83
2684.18
2622.52
2560.85
2499.18
2437.51
2375.82
2314.14
2252.45
2190.76
2129.07
2067.37
2005.67
1943.97
1882.27
1820.56
1758.86
1697.15
1635.44
1573.73
1512.02
1450.31
1388.6
1326.89
1265.17
1203.46
1141.75
1080.03
1018.32
956.604
894.408
826.404
746.844
653.763
544.865
417.462
268.407
94.0267
4837.54
4707.38
4607.18
4509.39
4416.39
4329.32
4248.03
4172.32
4101.94
4036.57
3974.63
3913.65
3852.57
3791.41
3730.18
3668.9
3607.55
3546.17
3484.74
3423.28
3361.8
3300.28
3238.74
3177.18
3115.61
3054.02
2992.41
2930.79
2869.16
2807.52
2745.87
2684.22
2622.55
2560.88
2499.21
2437.53
2375.85
2314.16
2252.47
2190.78
2129.08
2067.38
2005.68
1943.98
1882.28
1820.57
1758.86
1697.16
1635.45
1573.74
1512.03
1450.31
1388.6
1326.89
1265.18
1203.46
1141.75
1080.04
1018.32
956.606
894.409
826.405
746.845
653.764
544.866
417.462
268.408
94.0272
4841.03
4710.58
4609.03
4510.9
4417.59
4330.28
4248.83
4173
4102.52
4037.08
3975.09
3914.06
3852.93
3791.74
3730.47
3669.15
3607.78
3546.37
3484.93
3423.45
3361.94
3300.41
3238.86
3177.29
3115.7
3054.1
2992.48
2930.86
2869.22
2807.57
2745.92
2684.26
2622.59
2560.92
2499.24
2437.56
2375.87
2314.18
2252.49
2190.79
2129.1
2067.4
2005.69
1943.99
1882.29
1820.58
1758.87
1697.16
1635.45
1573.74
1512.03
1450.32
1388.61
1326.89
1265.18
1203.47
1141.75
1080.04
1018.32
956.608
894.411
826.407
746.846
653.765
544.867
417.463
268.408
94.0277
4843.82
4713.47
4610.69
4512.26
4418.68
4331.16
4249.56
4173.62
4103.06
4037.56
3975.51
3914.43
3853.27
3792.04
3730.74
3669.39
3608
3546.57
3485.1
3423.6
3362.08
3300.53
3238.97
3177.39
3115.79
3054.18
2992.55
2930.92
2869.28
2807.62
2745.96
2684.3
2622.63
2560.95
2499.27
2437.58
2375.9
2314.2
2252.51
2190.81
2129.11
2067.41
2005.71
1944
1882.29
1820.59
1758.88
1697.17
1635.46
1573.75
1512.04
1450.32
1388.61
1326.9
1265.18
1203.47
1141.75
1080.04
1018.32
956.609
894.412
826.408
746.847
653.766
544.868
417.464
268.409
94.0281
4845.69
4715.77
4611.97
4513.33
4419.55
4331.86
4250.15
4174.13
4103.51
4037.95
3975.86
3914.74
3853.55
3792.29
3730.96
3669.59
3608.18
3546.73
3485.24
3423.73
3362.2
3300.64
3239.06
3177.47
3115.86
3054.24
2992.61
2930.97
2869.32
2807.67
2746
2684.33
2622.66
2560.98
2499.29
2437.61
2375.91
2314.22
2252.52
2190.82
2129.12
2067.42
2005.72
1944.01
1882.3
1820.59
1758.89
1697.18
1635.46
1573.75
1512.04
1450.33
1388.61
1326.9
1265.19
1203.47
1141.76
1080.04
1018.33
956.611
894.414
826.409
746.848
653.767
544.869
417.464
268.41
94.0285
4846.37
4717.23
4612.67
4513.93
4420.07
4332.29
4250.52
4174.45
4103.79
4038.2
3976.09
3914.95
3853.74
3792.46
3731.12
3669.73
3608.3
3546.84
3485.35
3423.82
3362.28
3300.71
3239.13
3177.53
3115.92
3054.29
2992.66
2931.01
2869.36
2807.7
2746.03
2684.36
2622.68
2561
2499.31
2437.62
2375.93
2314.23
2252.53
2190.83
2129.13
2067.43
2005.72
1944.02
1882.31
1820.6
1758.89
1697.18
1635.47
1573.76
1512.04
1450.33
1388.62
1326.9
1265.19
1203.47
1141.76
1080.04
1018.33
956.612
894.415
826.41
746.849
653.768
544.869
417.465
268.41
94.0286
4845.56
4717.58
4612.59
4513.93
4420.11
4332.35
4250.58
4174.52
4103.86
4038.27
3976.16
3915.02
3853.8
3792.51
3731.17
3669.78
3608.35
3546.88
3485.39
3423.86
3362.31
3300.74
3239.16
3177.56
3115.94
3054.31
2992.67
2931.03
2869.37
2807.71
2746.04
2684.37
2622.69
2561.01
2499.32
2437.63
2375.93
2314.24
2252.54
2190.84
2129.14
2067.43
2005.73
1944.02
1882.31
1820.6
1758.89
1697.18
1635.47
1573.76
1512.04
1450.33
1388.62
1326.9
1265.19
1203.47
1141.76
1080.04
1018.33
956.613
894.415
826.411
746.849
653.768
544.869
417.465
268.41
94.0286
4842.97
4716.58
4611.54
4513.17
4419.57
4331.94
4250.26
4174.27
4103.66
4038.11
3976.02
3914.9
3853.7
3792.43
3731.1
3669.72
3608.3
3546.84
3485.35
3423.83
3362.28
3300.72
3239.14
3177.54
3115.92
3054.3
2992.66
2931.01
2869.36
2807.7
2746.03
2684.36
2622.68
2561
2499.31
2437.62
2375.93
2314.23
2252.53
2190.83
2129.13
2067.43
2005.72
1944.02
1882.31
1820.6
1758.89
1697.18
1635.47
1573.76
1512.04
1450.33
1388.62
1326.9
1265.19
1203.47
1141.76
1080.04
1018.33
956.612
894.415
826.41
746.849
653.768
544.869
417.465
268.41
94.0283
4838.25
4714.01
4609.37
4511.54
4418.36
4331
4249.51
4173.66
4103.15
4037.68
3975.65
3914.59
3853.43
3792.19
3730.89
3669.54
3608.14
3546.7
3485.22
3423.72
3362.18
3300.63
3239.05
3177.46
3115.86
3054.24
2992.61
2930.97
2869.32
2807.66
2746
2684.33
2622.65
2560.97
2499.29
2437.6
2375.91
2314.22
2252.52
2190.82
2129.12
2067.42
2005.71
1944.01
1882.3
1820.59
1758.88
1697.17
1635.46
1573.75
1512.04
1450.33
1388.61
1326.9
1265.19
1203.47
1141.76
1080.04
1018.33
956.611
894.414
826.409
746.848
653.767
544.868
417.464
268.41
94.0278
4831.1
4709.75
4606.04
4509.04
4416.47
4329.52
4248.32
4172.68
4102.33
4036.98
3975.05
3914.06
3852.96
3791.79
3730.53
3669.22
3607.86
3546.45
3485
3423.52
3362.01
3300.47
3238.91
3177.34
3115.75
3054.14
2992.52
2930.89
2869.25
2807.6
2745.94
2684.28
2622.61
2560.93
2499.25
2437.57
2375.88
2314.19
2252.5
2190.8
2129.1
2067.4
2005.7
1943.99
1882.29
1820.58
1758.87
1697.16
1635.45
1573.74
1512.03
1450.32
1388.61
1326.89
1265.18
1203.47
1141.75
1080.04
1018.32
956.608
894.411
826.407
746.846
653.766
544.867
417.463
268.409
94.0269
4821.27
4703.88
4601.67
4505.77
4414.01
4327.59
4246.77
4171.4
4101.25
4036.05
3974.24
3913.35
3852.34
3791.24
3730.05
3668.79
3607.48
3546.11
3484.7
3423.25
3361.77
3300.26
3238.72
3177.17
3115.59
3054
2992.39
2930.78
2869.15
2807.51
2745.86
2684.2
2622.54
2560.87
2499.2
2437.52
2375.84
2314.15
2252.46
2190.77
2129.07
2067.38
2005.68
1943.97
1882.27
1820.57
1758.86
1697.15
1635.44
1573.73
1512.02
1450.31
1388.6
1326.89
1265.18
1203.46
1141.75
1080.03
1018.32
956.605
894.408
826.404
746.844
653.764
544.866
417.462
268.408
94.0258
4809.06
4697.35
4597.04
4502.3
4411.39
4325.54
4245.1
4170.01
4100.06
4035.02
3973.33
3912.55
3851.64
3790.62
3729.5
3668.3
3607.04
3545.72
3484.35
3422.94
3361.49
3300.01
3238.5
3176.97
3115.42
3053.84
2992.26
2930.65
2869.04
2807.41
2745.77
2684.12
2622.47
2560.81
2499.14
2437.47
2375.79
2314.11
2252.43
2190.74
2129.04
2067.35
2005.65
1943.95
1882.25
1820.55
1758.84
1697.14
1635.43
1573.72
1512.01
1450.3
1388.59
1326.88
1265.17
1203.46
1141.74
1080.03
1018.32
956.601
894.405
826.402
746.842
653.762
544.864
417.461
268.407
94.0246
4798.25
4693.75
4594.87
4500.64
4410.16
4324.58
4244.31
4169.33
4099.47
4034.49
3972.86
3912.13
3851.26
3790.28
3729.2
3668.03
3606.8
3545.5
3484.16
3422.77
3361.34
3299.87
3238.38
3176.86
3115.32
3053.75
2992.17
2930.58
2868.97
2807.35
2745.72
2684.08
2622.43
2560.77
2499.11
2437.44
2375.77
2314.09
2252.4
2190.72
2129.03
2067.33
2005.64
1943.94
1882.24
1820.54
1758.83
1697.13
1635.42
1573.72
1512.01
1450.3
1388.59
1326.88
1265.16
1203.45
1141.74
1080.03
1018.31
956.599
894.403
826.4
746.84
653.761
544.863
417.46
268.406
94.0237
4825.29
4696.87
4600.16
4503.11
4411.29
4325.08
4244.43
4169.23
4099.25
4034.2
3972.54
3911.8
3850.94
3789.96
3728.9
3667.76
3606.55
3545.27
3483.95
3422.58
3361.17
3299.72
3238.25
3176.74
3115.22
3053.67
2992.1
2930.51
2868.91
2807.3
2745.68
2684.04
2622.4
2560.74
2499.08
2437.42
2375.75
2314.07
2252.39
2190.71
2129.02
2067.33
2005.63
1943.93
1882.23
1820.53
1758.83
1697.13
1635.42
1573.71
1512.01
1450.3
1388.59
1326.88
1265.16
1203.45
1141.74
1080.03
1018.31
956.598
894.403
826.399
746.84
653.76
544.863
417.46
268.405
94.0255
4824.09
4694.43
4599.22
4502.39
4410.77
4324.69
4244.13
4168.99
4099.05
4034.03
3972.4
3911.67
3850.82
3789.87
3728.81
3667.68
3606.48
3545.21
3483.9
3422.53
3361.13
3299.69
3238.21
3176.71
3115.19
3053.64
2992.08
2930.49
2868.89
2807.28
2745.66
2684.03
2622.38
2560.73
2499.08
2437.41
2375.74
2314.06
2252.38
2190.7
2129.01
2067.32
2005.63
1943.93
1882.23
1820.53
1758.83
1697.12
1635.42
1573.71
1512
1450.29
1388.58
1326.87
1265.16
1203.45
1141.74
1080.03
1018.31
956.598
894.402
826.399
746.839
653.76
544.862
417.46
268.405
94.0253
4825.17
4693.04
4598.75
4502.03
4410.49
4324.49
4243.98
4168.87
4098.96
4033.96
3972.33
3911.62
3850.78
3789.83
3728.78
3667.65
3606.45
3545.19
3483.87
3422.51
3361.11
3299.67
3238.2
3176.7
3115.18
3053.63
2992.07
2930.48
2868.89
2807.28
2745.65
2684.02
2622.38
2560.73
2499.07
2437.41
2375.74
2314.06
2252.38
2190.7
2129.01
2067.32
2005.63
1943.93
1882.23
1820.53
1758.83
1697.12
1635.42
1573.71
1512
1450.29
1388.58
1326.87
1265.16
1203.45
1141.74
1080.02
1018.31
956.598
894.402
826.399
746.839
653.76
544.862
417.459
268.405
94.0254
4827.67
4693.18
4598.8
4502.1
4410.53
4324.52
4244.01
4168.91
4098.99
4033.99
3972.36
3911.65
3850.8
3789.85
3728.8
3667.67
3606.47
3545.2
3483.89
3422.52
3361.12
3299.68
3238.21
3176.71
3115.18
3053.64
2992.07
2930.49
2868.89
2807.28
2745.66
2684.02
2622.38
2560.73
2499.07
2437.41
2375.74
2314.06
2252.38
2190.7
2129.01
2067.32
2005.63
1943.93
1882.23
1820.53
1758.83
1697.12
1635.42
1573.71
1512
1450.29
1388.58
1326.87
1265.16
1203.45
1141.74
1080.03
1018.31
956.598
894.402
826.399
746.839
653.76
544.862
417.459
268.405
94.0255
4830.75
4694.38
4599.25
4502.52
4410.8
4324.74
4244.19
4169.05
4099.11
4034.1
3972.46
3911.73
3850.88
3789.92
3728.86
3667.72
3606.51
3545.25
3483.92
3422.56
3361.15
3299.71
3238.23
3176.73
3115.2
3053.65
2992.09
2930.5
2868.9
2807.29
2745.67
2684.03
2622.39
2560.74
2499.08
2437.41
2375.74
2314.07
2252.39
2190.7
2129.01
2067.32
2005.63
1943.93
1882.23
1820.53
1758.83
1697.13
1635.42
1573.71
1512
1450.3
1388.59
1326.87
1265.16
1203.45
1141.74
1080.03
1018.31
956.598
894.402
826.399
746.84
653.76
544.863
417.46
268.405
94.0258
4834.02
4696.31
4600.05
4503.22
4411.29
4325.11
4244.49
4169.3
4099.33
4034.28
3972.62
3911.88
3851.01
3790.03
3728.96
3667.81
3606.59
3545.32
3483.99
3422.61
3361.2
3299.75
3238.27
3176.76
3115.23
3053.68
2992.11
2930.52
2868.92
2807.31
2745.68
2684.05
2622.4
2560.75
2499.09
2437.42
2375.75
2314.07
2252.39
2190.71
2129.02
2067.33
2005.63
1943.94
1882.24
1820.53
1758.83
1697.13
1635.42
1573.71
1512.01
1450.3
1388.59
1326.88
1265.16
1203.45
1141.74
1080.03
1018.31
956.599
894.403
826.4
746.84
653.76
544.863
417.46
268.405
94.0261
4837.24
4698.66
4601.09
4504.11
4411.93
4325.6
4244.88
4169.63
4099.6
4034.52
3972.83
3912.06
3851.17
3790.18
3729.09
3667.93
3606.7
3545.41
3484.07
3422.69
3361.27
3299.81
3238.32
3176.81
3115.27
3053.72
2992.14
2930.55
2868.95
2807.33
2745.7
2684.07
2622.42
2560.76
2499.1
2437.44
2375.76
2314.08
2252.4
2190.72
2129.03
2067.33
2005.64
1943.94
1882.24
1820.54
1758.84
1697.13
1635.42
1573.72
1512.01
1450.3
1388.59
1326.88
1265.17
1203.45
1141.74
1080.03
1018.31
956.599
894.403
826.4
746.841
653.761
544.863
417.46
268.406
94.0264
4840.14
4701.17
4602.23
4505.09
4412.66
4326.15
4245.33
4170
4099.91
4034.79
3973.06
3912.27
3851.36
3790.34
3729.24
3668.06
3606.82
3545.51
3484.16
3422.77
3361.34
3299.88
3238.38
3176.86
3115.32
3053.76
2992.18
2930.59
2868.98
2807.36
2745.73
2684.09
2622.44
2560.78
2499.12
2437.45
2375.77
2314.09
2252.41
2190.72
2129.03
2067.34
2005.64
1943.95
1882.25
1820.54
1758.84
1697.13
1635.43
1573.72
1512.01
1450.3
1388.59
1326.88
1265.17
1203.45
1141.74
1080.03
1018.31
956.6
894.404
826.401
746.841
653.761
544.864
417.461
268.406
94.0268
4842.49
4703.53
4603.32
4506.02
4413.37
4326.7
4245.77
4170.36
4100.22
4035.06
3973.3
3912.48
3851.54
3790.51
3729.39
3668.19
3606.93
3545.62
3484.26
3422.86
3361.42
3299.94
3238.44
3176.92
3115.37
3053.8
2992.22
2930.62
2869.01
2807.39
2745.75
2684.11
2622.46
2560.8
2499.13
2437.46
2375.79
2314.11
2252.42
2190.73
2129.04
2067.35
2005.65
1943.95
1882.25
1820.55
1758.84
1697.14
1635.43
1573.72
1512.01
1450.3
1388.59
1326.88
1265.17
1203.46
1141.74
1080.03
1018.32
956.601
894.405
826.402
746.842
653.762
544.864
417.461
268.406
94.0271
4844.03
4705.49
4604.17
4506.78
4413.96
4327.15
4246.14
4170.67
4100.49
4035.29
3973.5
3912.66
3851.7
3790.65
3729.52
3668.31
3607.04
3545.72
3484.34
3422.93
3361.48
3300.01
3238.5
3176.97
3115.42
3053.84
2992.26
2930.65
2869.04
2807.41
2745.78
2684.13
2622.48
2560.82
2499.15
2437.48
2375.8
2314.12
2252.43
2190.74
2129.05
2067.35
2005.66
1943.96
1882.26
1820.55
1758.85
1697.14
1635.43
1573.73
1512.02
1450.31
1388.59
1326.88
1265.17
1203.46
1141.74
1080.03
1018.32
956.602
894.406
826.402
746.843
653.762
544.865
417.461
268.407
94.0273
4844.52
4706.78
4604.6
4507.2
4414.31
4327.43
4246.37
4170.87
4100.66
4035.44
3973.64
3912.78
3851.81
3790.75
3729.61
3668.39
3607.12
3545.78
3484.41
3422.99
3361.54
3300.05
3238.54
3177
3115.45
3053.87
2992.28
2930.68
2869.06
2807.43
2745.79
2684.14
2622.49
2560.83
2499.16
2437.49
2375.81
2314.12
2252.44
2190.75
2129.05
2067.36
2005.66
1943.96
1882.26
1820.56
1758.85
1697.14
1635.44
1573.73
1512.02
1450.31
1388.6
1326.88
1265.17
1203.46
1141.75
1080.03
1018.32
956.603
894.407
826.403
746.843
653.763
544.865
417.462
268.407
94.0274
4843.69
4707.15
4604.41
4507.14
4414.31
4327.44
4246.39
4170.9
4100.69
4035.47
3973.67
3912.82
3851.85
3790.79
3729.64
3668.43
3607.15
3545.81
3484.43
3423.01
3361.56
3300.07
3238.56
3177.02
3115.46
3053.89
2992.3
2930.69
2869.07
2807.44
2745.8
2684.15
2622.5
2560.83
2499.16
2437.49
2375.81
2314.13
2252.44
2190.75
2129.06
2067.36
2005.66
1943.96
1882.26
1820.56
1758.85
1697.14
1635.44
1573.73
1512.02
1450.31
1388.6
1326.88
1265.17
1203.46
1141.75
1080.03
1018.32
956.603
894.407
826.403
746.843
653.763
544.865
417.462
268.407
94.0274
4841.24
4706.39
4603.45
4506.5
4413.87
4327.11
4246.14
4170.71
4100.54
4035.36
3973.58
3912.74
3851.79
3790.74
3729.6
3668.39
3607.12
3545.79
3484.42
3423
3361.55
3300.06
3238.55
3177.01
3115.46
3053.88
2992.29
2930.68
2869.07
2807.44
2745.8
2684.15
2622.49
2560.83
2499.16
2437.49
2375.81
2314.12
2252.44
2190.75
2129.06
2067.36
2005.66
1943.96
1882.26
1820.56
1758.85
1697.14
1635.44
1573.73
1512.02
1450.31
1388.6
1326.88
1265.17
1203.46
1141.75
1080.03
1018.32
956.603
894.407
826.403
746.843
653.763
544.865
417.462
268.407
94.0271
4836.91
4704.33
4601.62
4505.21
4412.95
4326.41
4245.6
4170.28
4100.2
4035.08
3973.35
3912.55
3851.62
3790.6
3729.48
3668.29
3607.03
3545.71
3484.35
3422.94
3361.49
3300.01
3238.51
3176.98
3115.42
3053.85
2992.26
2930.66
2869.04
2807.42
2745.78
2684.13
2622.48
2560.82
2499.15
2437.48
2375.8
2314.12
2252.43
2190.74
2129.05
2067.35
2005.66
1943.96
1882.26
1820.55
1758.85
1697.14
1635.43
1573.73
1512.02
1450.31
1388.59
1326.88
1265.17
1203.46
1141.74
1080.03
1018.32
956.602
894.406
826.403
746.843
653.762
544.865
417.461
268.407
94.0267
4830.45
4700.96
4598.96
4503.31
4411.58
4325.38
4244.81
4169.65
4099.69
4034.65
3972.98
3912.23
3851.36
3790.37
3729.28
3668.11
3606.87
3545.58
3484.23
3422.83
3361.4
3299.93
3238.43
3176.91
3115.36
3053.8
2992.21
2930.62
2869
2807.38
2745.75
2684.1
2622.45
2560.79
2499.13
2437.46
2375.78
2314.1
2252.42
2190.73
2129.04
2067.34
2005.65
1943.95
1882.25
1820.55
1758.84
1697.14
1635.43
1573.72
1512.01
1450.3
1388.59
1326.88
1265.17
1203.46
1141.74
1080.03
1018.32
956.601
894.405
826.401
746.842
653.762
544.864
417.461
268.407
94.0261
4821.75
4696.54
4595.73
4501.02
4409.96
4324.17
4243.87
4168.91
4099.08
4034.14
3972.56
3911.87
3851.04
3790.09
3729.04
3667.9
3606.68
3545.41
3484.08
3422.7
3361.28
3299.82
3238.34
3176.82
3115.29
3053.73
2992.15
2930.56
2868.95
2807.34
2745.71
2684.07
2622.42
2560.76
2499.1
2437.43
2375.76
2314.08
2252.4
2190.71
2129.02
2067.33
2005.64
1943.94
1882.24
1820.54
1758.83
1697.13
1635.42
1573.72
1512.01
1450.3
1388.59
1326.88
1265.16
1203.45
1141.74
1080.03
1018.31
956.599
894.403
826.4
746.84
653.761
544.863
417.46
268.406
94.0252
4811.14
4692.23
4592.81
4498.97
4408.53
4323.11
4243.04
4168.24
4098.52
4033.66
3972.14
3911.5
3850.72
3789.81
3728.79
3667.68
3606.49
3545.23
3483.92
3422.56
3361.15
3299.71
3238.24
3176.73
3115.21
3053.66
2992.09
2930.5
2868.9
2807.29
2745.67
2684.03
2622.39
2560.73
2499.08
2437.41
2375.74
2314.06
2252.38
2190.7
2129.01
2067.32
2005.63
1943.93
1882.23
1820.53
1758.83
1697.12
1635.42
1573.71
1512
1450.29
1388.58
1326.87
1265.16
1203.45
1141.74
1080.02
1018.31
956.597
894.402
826.399
746.839
653.76
544.862
417.459
268.406
94.0243
4803.04
4692.38
4593.49
4499.5
4409.06
4323.57
4243.41
4168.53
4098.76
4033.85
3972.29
3911.62
3850.81
3789.87
3728.84
3667.71
3606.51
3545.25
3483.93
3422.57
3361.16
3299.71
3238.24
3176.73
3115.21
3053.66
2992.09
2930.5
2868.9
2807.29
2745.66
2684.03
2622.38
2560.73
2499.07
2437.41
2375.74
2314.06
2252.38
2190.7
2129.01
2067.32
2005.62
1943.93
1882.23
1820.53
1758.83
1697.12
1635.42
1573.71
1512
1450.29
1388.58
1326.87
1265.16
1203.45
1141.74
1080.02
1018.31
956.597
894.402
826.398
746.839
653.76
544.862
417.459
268.406
94.0238
4832.94
4698.65
4601.49
4503.46
4411.27
4324.86
4244.13
4168.9
4098.91
4033.88
3972.23
3911.51
3850.66
3789.71
3728.67
3667.54
3606.35
3545.1
3483.79
3422.44
3361.04
3299.61
3238.14
3176.65
3115.13
3053.59
2992.03
2930.45
2868.86
2807.25
2745.63
2684
2622.36
2560.71
2499.06
2437.39
2375.72
2314.05
2252.37
2190.69
2129
2067.31
2005.62
1943.92
1882.23
1820.53
1758.82
1697.12
1635.41
1573.71
1512
1450.29
1388.58
1326.87
1265.16
1203.45
1141.74
1080.02
1018.31
956.596
894.401
826.398
746.838
653.759
544.862
417.459
268.405
94.0256
4831.39
4695.9
4600.5
4502.69
4410.75
4324.49
4243.85
4168.68
4098.74
4033.73
3972.11
3911.4
3850.57
3789.63
3728.6
3667.48
3606.3
3545.05
3483.75
3422.4
3361
3299.58
3238.11
3176.62
3115.11
3053.57
2992.01
2930.43
2868.84
2807.24
2745.62
2683.99
2622.35
2560.7
2499.05
2437.39
2375.72
2314.04
2252.37
2190.68
2129
2067.31
2005.62
1943.92
1882.22
1820.52
1758.82
1697.12
1635.41
1573.71
1512
1450.29
1388.58
1326.87
1265.16
1203.45
1141.74
1080.02
1018.31
956.596
894.4
826.397
746.838
653.758
544.861
417.459
268.405
94.0254
4832.34
4694.16
4599.91
4502.23
4410.41
4324.26
4243.68
4168.56
4098.64
4033.65
3972.04
3911.35
3850.52
3789.59
3728.56
3667.45
3606.27
3545.02
3483.72
3422.38
3360.99
3299.56
3238.1
3176.61
3115.1
3053.56
2992
2930.43
2868.83
2807.23
2745.61
2683.98
2622.35
2560.7
2499.04
2437.38
2375.71
2314.04
2252.36
2190.68
2129
2067.31
2005.61
1943.92
1882.22
1820.52
1758.82
1697.12
1635.41
1573.71
1512
1450.29
1388.58
1326.87
1265.16
1203.45
1141.74
1080.02
1018.31
956.596
894.4
826.397
746.838
653.758
544.861
417.459
268.404
94.0254
4834.83
4693.93
4599.75
4502.13
4410.31
4324.19
4243.64
4168.53
4098.62
4033.64
3972.04
3911.35
3850.52
3789.59
3728.56
3667.45
3606.27
3545.02
3483.72
3422.38
3360.99
3299.56
3238.1
3176.61
3115.09
3053.56
2992
2930.42
2868.83
2807.23
2745.61
2683.98
2622.35
2560.7
2499.04
2437.38
2375.71
2314.04
2252.36
2190.68
2129
2067.31
2005.61
1943.92
1882.22
1820.52
1758.82
1697.12
1635.41
1573.71
1512
1450.29
1388.58
1326.87
1265.16
1203.45
1141.74
1080.02
1018.31
956.596
894.4
826.397
746.838
653.758
544.861
417.459
268.404
94.0256
4837.9
4694.73
4599.92
4502.32
4410.4
4324.26
4243.7
4168.58
4098.67
4033.69
3972.08
3911.39
3850.56
3789.62
3728.59
3667.48
3606.29
3545.05
3483.74
3422.39
3361
3299.57
3238.11
3176.62
3115.1
3053.57
2992.01
2930.43
2868.84
2807.23
2745.62
2683.99
2622.35
2560.7
2499.05
2437.38
2375.72
2314.04
2252.37
2190.68
2129
2067.31
2005.61
1943.92
1882.22
1820.52
1758.82
1697.12
1635.41
1573.71
1512
1450.29
1388.58
1326.87
1265.16
1203.45
1141.74
1080.02
1018.31
956.596
894.4
826.397
746.838
653.759
544.861
417.459
268.404
94.0258
4841.16
4696.25
4600.39
4502.76
4410.66
4324.45
4243.85
4168.71
4098.78
4033.79
3972.17
3911.47
3850.63
3789.69
3728.65
3667.53
3606.34
3545.09
3483.78
3422.43
3361.03
3299.6
3238.13
3176.64
3115.12
3053.58
2992.02
2930.44
2868.85
2807.24
2745.63
2684
2622.36
2560.71
2499.05
2437.39
2375.72
2314.05
2252.37
2190.69
2129
2067.31
2005.62
1943.92
1882.22
1820.52
1758.82
1697.12
1635.41
1573.71
1512
1450.29
1388.58
1326.87
1265.16
1203.45
1141.74
1080.02
1018.31
956.596
894.401
826.398
746.838
653.759
544.862
417.459
268.404
94.0261
4844.34
4698.22
4601.09
4503.38
4411.07
4324.75
4244.09
4168.9
4098.95
4033.93
3972.3
3911.58
3850.73
3789.78
3728.73
3667.6
3606.4
3545.15
3483.83
3422.47
3361.07
3299.64
3238.17
3176.67
3115.15
3053.61
2992.04
2930.46
2868.87
2807.26
2745.64
2684.01
2622.37
2560.72
2499.06
2437.4
2375.73
2314.05
2252.37
2190.69
2129
2067.31
2005.62
1943.92
1882.23
1820.53
1758.82
1697.12
1635.41
1573.71
1512
1450.29
1388.58
1326.87
1265.16
1203.45
1141.74
1080.02
1018.31
956.597
894.401
826.398
746.839
653.759
544.862
417.459
268.405
94.0264
4847.19
4700.38
4601.89
4504.11
4411.56
4325.11
4244.37
4169.13
4099.14
4034.1
3972.45
3911.71
3850.85
3789.88
3728.82
3667.69
3606.48
3545.21
3483.89
3422.53
3361.12
3299.68
3238.21
3176.7
3115.18
3053.63
2992.07
2930.48
2868.89
2807.28
2745.65
2684.02
2622.38
2560.73
2499.07
2437.41
2375.74
2314.06
2252.38
2190.7
2129.01
2067.32
2005.62
1943.93
1882.23
1820.53
1758.83
1697.12
1635.42
1573.71
1512
1450.29
1388.58
1326.87
1265.16
1203.45
1141.74
1080.02
1018.31
956.597
894.401
826.398
746.839
653.759
544.862
417.459
268.405
94.0267
4849.48
4702.44
4602.67
4504.81
4412.06
4325.47
4244.66
4169.37
4099.34
4034.27
3972.6
3911.84
3850.97
3789.99
3728.92
3667.77
3606.56
3545.28
3483.96
3422.58
3361.17
3299.72
3238.25
3176.74
3115.21
3053.66
2992.09
2930.51
2868.91
2807.29
2745.67
2684.04
2622.39
2560.74
2499.08
2437.41
2375.74
2314.07
2252.39
2190.7
2129.01
2067.32
2005.63
1943.93
1882.23
1820.53
1758.83
1697.12
1635.42
1573.71
1512
1450.29
1388.58
1326.87
1265.16
1203.45
1141.74
1080.03
1018.31
956.598
894.402
826.399
746.839
653.76
544.862
417.46
268.405
94.027
4850.97
4704.15
4603.25
4505.37
4412.47
4325.78
4244.9
4169.57
4099.51
4034.42
3972.73
3911.96
3851.07
3790.09
3729.01
3667.85
3606.63
3545.35
3484.01
3422.64
3361.22
3299.77
3238.28
3176.77
3115.24
3053.69
2992.12
2930.53
2868.93
2807.31
2745.69
2684.05
2622.4
2560.75
2499.09
2437.42
2375.75
2314.07
2252.39
2190.71
2129.02
2067.33
2005.63
1943.93
1882.24
1820.53
1758.83
1697.13
1635.42
1573.71
1512.01
1450.3
1388.59
1326.88
1265.16
1203.45
1141.74
1080.03
1018.31
956.598
894.403
826.399
746.84
653.76
544.863
417.46
268.405
94.0272
4851.43
4705.26
4603.46
4505.65
4412.69
4325.94
4245.03
4169.68
4099.61
4034.51
3972.81
3912.04
3851.14
3790.15
3729.07
3667.91
3606.68
3545.39
3484.05
3422.67
3361.25
3299.8
3238.31
3176.8
3115.26
3053.71
2992.14
2930.55
2868.94
2807.32
2745.7
2684.06
2622.41
2560.76
2499.1
2437.43
2375.76
2314.08
2252.4
2190.71
2129.02
2067.33
2005.63
1943.94
1882.24
1820.54
1758.83
1697.13
1635.42
1573.72
1512.01
1450.3
1388.59
1326.88
1265.16
1203.45
1141.74
1080.03
1018.31
956.599
894.403
826.4
746.84
653.76
544.863
417.46
268.406
94.0272
4850.59
4705.53
4603.13
4505.52
4412.62
4325.88
4245
4169.67
4099.61
4034.52
3972.82
3912.05
3851.16
3790.17
3729.08
3667.92
3606.7
3545.41
3484.07
3422.69
3361.27
3299.81
3238.32
3176.81
3115.28
3053.72
2992.14
2930.55
2868.95
2807.33
2745.7
2684.06
2622.42
2560.76
2499.1
2437.43
2375.76
2314.08
2252.4
2190.71
2129.02
2067.33
2005.64
1943.94
1882.24
1820.54
1758.83
1697.13
1635.42
1573.72
1512.01
1450.3
1388.59
1326.88
1265.17
1203.45
1141.74
1080.03
1018.31
956.599
894.403
826.4
746.84
653.761
544.863
417.46
268.406
94.0272
4848.19
4704.78
4602.13
4504.89
4412.19
4325.56
4244.76
4169.49
4099.47
4034.41
3972.74
3911.98
3851.11
3790.12
3729.05
3667.9
3606.67
3545.39
3484.06
3422.68
3361.26
3299.8
3238.32
3176.81
3115.27
3053.71
2992.14
2930.55
2868.94
2807.33
2745.7
2684.06
2622.41
2560.76
2499.1
2437.43
2375.76
2314.08
2252.4
2190.71
2129.02
2067.33
2005.64
1943.94
1882.24
1820.54
1758.83
1697.13
1635.42
1573.72
1512.01
1450.3
1388.59
1326.88
1265.16
1203.45
1141.74
1080.03
1018.31
956.599
894.403
826.4
746.84
653.76
544.863
417.46
268.406
94.027
4843.94
4702.87
4600.38
4503.71
4411.36
4324.95
4244.3
4169.14
4099.19
4034.18
3972.55
3911.83
3850.98
3790.02
3728.96
3667.82
3606.61
3545.33
3484.01
3422.63
3361.22
3299.77
3238.29
3176.78
3115.25
3053.69
2992.12
2930.53
2868.93
2807.31
2745.69
2684.05
2622.4
2560.75
2499.09
2437.42
2375.75
2314.07
2252.39
2190.71
2129.02
2067.33
2005.63
1943.93
1882.24
1820.53
1758.83
1697.13
1635.42
1573.71
1512.01
1450.3
1388.59
1326.88
1265.16
1203.45
1141.74
1080.03
1018.31
956.599
894.403
826.399
746.84
653.76
544.863
417.46
268.406
94.0266
4837.65
4699.84
4597.98
4502.07
4410.23
4324.12
4243.67
4168.65
4098.8
4033.86
3972.28
3911.6
3850.79
3789.85
3728.82
3667.7
3606.5
3545.24
3483.92
3422.56
3361.15
3299.71
3238.24
3176.73
3115.21
3053.66
2992.09
2930.5
2868.9
2807.29
2745.67
2684.03
2622.39
2560.74
2499.08
2437.41
2375.74
2314.06
2252.38
2190.7
2129.01
2067.32
2005.63
1943.93
1882.23
1820.53
1758.83
1697.12
1635.42
1573.71
1512
1450.29
1388.58
1326.87
1265.16
1203.45
1141.74
1080.02
1018.31
956.598
894.402
826.399
746.839
653.76
544.862
417.459
268.405
94.026
4829.18
4695.99
4595.2
4500.21
4408.98
4323.23
4243.01
4168.14
4098.4
4033.53
3972
3911.37
3850.58
3789.68
3728.66
3667.56
3606.38
3545.13
3483.83
3422.48
3361.08
3299.64
3238.18
3176.68
3115.16
3053.61
2992.05
2930.47
2868.87
2807.26
2745.64
2684.01
2622.37
2560.72
2499.06
2437.4
2375.73
2314.05
2252.37
2190.69
2129
2067.31
2005.62
1943.92
1882.22
1820.52
1758.82
1697.12
1635.41
1573.71
1512
1450.29
1388.58
1326.87
1265.16
1203.45
1141.74
1080.02
1018.31
956.596
894.401
826.398
746.838
653.759
544.862
417.459
268.405
94.0253
4818.76
4692.51
4592.89
4498.71
4408.02
4322.55
4242.5
4167.73
4098.06
4033.24
3971.75
3911.15
3850.39
3789.51
3728.52
3667.43
3606.26
3545.03
3483.74
3422.39
3361
3299.58
3238.12
3176.62
3115.11
3053.57
2992.01
2930.43
2868.84
2807.23
2745.61
2683.98
2622.34
2560.7
2499.04
2437.38
2375.71
2314.04
2252.36
2190.68
2128.99
2067.3
2005.61
1943.92
1882.22
1820.52
1758.82
1697.11
1635.41
1573.7
1512
1450.29
1388.58
1326.87
1265.16
1203.45
1141.73
1080.02
1018.31
956.595
894.4
826.397
746.838
653.758
544.861
417.458
268.405
94.0244
4811.42
4694.48
4594.82
4500.23
4409.34
4323.62
4243.34
4168.4
4098.59
4033.68
3972.11
3911.43
3850.62
3789.7
3728.67
3667.55
3606.37
3545.11
3483.81
3422.45
3361.05
3299.62
3238.15
3176.65
3115.13
3053.59
2992.03
2930.45
2868.85
2807.24
2745.62
2683.99
2622.35
2560.7
2499.05
2437.39
2375.72
2314.04
2252.36
2190.68
2129
2067.31
2005.61
1943.92
1882.22
1820.52
1758.82
1697.12
1635.41
1573.7
1512
1450.29
1388.58
1326.87
1265.16
1203.45
1141.73
1080.02
1018.31
956.596
894.4
826.397
746.838
653.758
544.861
417.459
268.405
94.0239
4840.35
4701.27
4603.57
4504.42
4411.77
4325.07
4244.16
4168.83
4098.79
4033.72
3972.06
3911.33
3850.49
3789.54
3728.51
3667.39
3606.21
3544.97
3483.67
3422.33
3360.94
3299.52
3238.06
3176.58
3115.06
3053.53
2991.97
2930.4
2868.81
2807.21
2745.59
2683.97
2622.33
2560.69
2499.03
2437.37
2375.71
2314.03
2252.36
2190.67
2128.99
2067.3
2005.61
1943.91
1882.22
1820.52
1758.82
1697.11
1635.41
1573.7
1512
1450.29
1388.58
1326.87
1265.16
1203.45
1141.73
1080.02
1018.31
956.595
894.399
826.396
746.837
653.758
544.861
417.458
268.404
94.0257
4838.59
4698.32
4602.57
4503.64
4411.26
4324.72
4243.91
4168.64
4098.64
4033.6
3971.96
3911.25
3850.42
3789.48
3728.45
3667.34
3606.17
3544.93
3483.64
3422.29
3360.91
3299.49
3238.04
3176.55
3115.04
3053.51
2991.96
2930.39
2868.8
2807.2
2745.58
2683.96
2622.32
2560.68
2499.03
2437.37
2375.7
2314.03
2252.35
2190.67
2128.99
2067.3
2005.61
1943.91
1882.21
1820.52
1758.81
1697.11
1635.41
1573.7
1511.99
1450.29
1388.58
1326.87
1265.16
1203.45
1141.73
1080.02
1018.31
956.594
894.399
826.396
746.837
653.757
544.86
417.458
268.404
94.0255
4839.49
4696.4
4601.94
4503.12
4410.9
4324.48
4243.74
4168.52
4098.54
4033.53
3971.9
3911.2
3850.37
3789.44
3728.42
3667.32
3606.14
3544.91
3483.61
3422.28
3360.89
3299.47
3238.02
3176.54
3115.03
3053.5
2991.95
2930.38
2868.79
2807.19
2745.58
2683.95
2622.32
2560.67
2499.02
2437.36
2375.7
2314.03
2252.35
2190.67
2128.98
2067.3
2005.6
1943.91
1882.21
1820.51
1758.81
1697.11
1635.41
1573.7
1511.99
1450.29
1388.58
1326.87
1265.16
1203.44
1141.73
1080.02
1018.31
956.594
894.399
826.396
746.837
653.757
544.86
417.458
268.404
94.0255
4842.01
4695.98
4601.7
4502.93
4410.73
4324.36
4243.66
4168.46
4098.5
4033.5
3971.88
3911.18
3850.36
3789.43
3728.41
3667.31
3606.14
3544.9
3483.61
3422.27
3360.89
3299.47
3238.02
3176.54
3115.03
3053.5
2991.95
2930.38
2868.79
2807.19
2745.58
2683.95
2622.32
2560.67
2499.02
2437.36
2375.7
2314.02
2252.35
2190.67
2128.98
2067.29
2005.6
1943.91
1882.21
1820.51
1758.81
1697.11
1635.41
1573.7
1511.99
1450.29
1388.58
1326.87
1265.16
1203.44
1141.73
1080.02
1018.31
956.594
894.399
826.396
746.837
653.757
544.86
417.458
268.404
94.0256
4845.15
4696.6
4601.76
4503.02
4410.73
4324.36
4243.66
4168.46
4098.51
4033.51
3971.89
3911.19
3850.37
3789.44
3728.42
3667.32
3606.15
3544.91
3483.62
3422.28
3360.9
3299.48
3238.02
3176.54
3115.03
3053.5
2991.95
2930.38
2868.79
2807.19
2745.58
2683.95
2622.32
2560.67
2499.02
2437.36
2375.7
2314.02
2252.35
2190.67
2128.98
2067.29
2005.6
1943.91
1882.21
1820.51
1758.81
1697.11
1635.41
1573.7
1511.99
1450.29
1388.58
1326.87
1265.16
1203.44
1141.73
1080.02
1018.31
956.594
894.399
826.396
746.837
653.757
544.86
417.458
268.404
94.0259
4848.51
4697.95
4602.1
4503.34
4410.89
4324.46
4243.74
4168.53
4098.57
4033.56
3971.94
3911.24
3850.41
3789.48
3728.45
3667.35
3606.17
3544.93
3483.64
3422.3
3360.91
3299.49
3238.04
3176.55
3115.04
3053.51
2991.96
2930.38
2868.8
2807.2
2745.58
2683.96
2622.32
2560.68
2499.02
2437.36
2375.7
2314.03
2252.35
2190.67
2128.98
2067.3
2005.6
1943.91
1882.21
1820.51
1758.81
1697.11
1635.41
1573.7
1511.99
1450.29
1388.58
1326.87
1265.16
1203.44
1141.73
1080.02
1018.31
956.594
894.399
826.396
746.837
653.758
544.861
417.458
268.404
94.0262
4851.81
4699.76
4602.67
4503.86
4411.18
4324.66
4243.89
4168.65
4098.67
4033.64
3972.01
3911.3
3850.47
3789.53
3728.5
3667.39
3606.21
3544.97
3483.67
3422.33
3360.94
3299.51
3238.06
3176.57
3115.06
3053.52
2991.97
2930.4
2868.81
2807.2
2745.59
2683.96
2622.33
2560.68
2499.03
2437.37
2375.7
2314.03
2252.35
2190.67
2128.99
2067.3
2005.61
1943.91
1882.21
1820.52
1758.81
1697.11
1635.41
1573.7
1511.99
1450.29
1388.58
1326.87
1265.16
1203.45
1141.73
1080.02
1018.31
956.594
894.399
826.396
746.837
653.758
544.861
417.458
268.404
94.0265
4854.79
4701.79
4603.35
4504.47
4411.56
4324.93
4244.09
4168.8
4098.8
4033.76
3972.11
3911.39
3850.55
3789.6
3728.57
3667.45
3606.26
3545.01
3483.71
3422.36
3360.97
3299.54
3238.08
3176.59
3115.08
3053.54
2991.99
2930.41
2868.82
2807.22
2745.6
2683.97
2622.33
2560.69
2499.03
2437.37
2375.71
2314.03
2252.36
2190.68
2128.99
2067.3
2005.61
1943.91
1882.22
1820.52
1758.82
1697.11
1635.41
1573.7
1512
1450.29
1388.58
1326.87
1265.16
1203.45
1141.73
1080.02
1018.31
956.595
894.399
826.396
746.837
653.758
544.861
417.458
268.404
94.0268
4857.21
4703.75
4604.02
4505.09
4411.96
4325.2
4244.3
4168.97
4098.94
4033.87
3972.21
3911.48
3850.63
3789.68
3728.63
3667.51
3606.31
3545.06
3483.75
3422.4
3361.01
3299.57
3238.11
3176.62
3115.1
3053.56
2992
2930.43
2868.83
2807.23
2745.61
2683.98
2622.34
2560.7
2499.04
2437.38
2375.71
2314.04
2252.36
2190.68
2128.99
2067.3
2005.61
1943.92
1882.22
1820.52
1758.82
1697.12
1635.41
1573.7
1512
1450.29
1388.58
1326.87
1265.16
1203.45
1141.73
1080.02
1018.31
956.595
894.4
826.397
746.837
653.758
544.861
417.459
268.404
94.027
4858.83
4705.39
4604.51
4505.58
4412.29
4325.43
4244.48
4169.12
4099.05
4033.98
3972.3
3911.56
3850.7
3789.74
3728.69
3667.56
3606.36
3545.11
3483.79
3422.44
3361.04
3299.6
3238.14
3176.64
3115.12
3053.58
2992.02
2930.44
2868.85
2807.24
2745.62
2683.99
2622.35
2560.7
2499.05
2437.39
2375.72
2314.04
2252.37
2190.68
2129
2067.31
2005.61
1943.92
1882.22
1820.52
1758.82
1697.12
1635.41
1573.71
1512
1450.29
1388.58
1326.87
1265.16
1203.45
1141.74
1080.02
1018.31
956.596
894.4
826.397
746.838
653.758
544.861
417.459
268.404
94.0272
4859.41
4706.47
4604.66
4505.82
4412.46
4325.55
4244.57
4169.19
4099.12
4034.04
3972.36
3911.61
3850.75
3789.79
3728.73
3667.6
3606.4
3545.14
3483.83
3422.46
3361.06
3299.63
3238.16
3176.66
3115.14
3053.6
2992.03
2930.45
2868.86
2807.25
2745.63
2684
2622.36
2560.71
2499.05
2437.39
2375.72
2314.05
2252.37
2190.69
2129
2067.31
2005.62
1943.92
1882.22
1820.52
1758.82
1697.12
1635.41
1573.71
1512
1450.29
1388.58
1326.87
1265.16
1203.45
1141.74
1080.02
1018.31
956.596
894.4
826.397
746.838
653.759
544.861
417.459
268.405
94.0273
4858.69
4706.76
4604.32
4505.7
4412.38
4325.49
4244.53
4169.17
4099.11
4034.03
3972.36
3911.62
3850.76
3789.8
3728.75
3667.61
3606.41
3545.15
3483.84
3422.48
3361.08
3299.64
3238.17
3176.67
3115.15
3053.6
2992.04
2930.46
2868.86
2807.26
2745.63
2684
2622.36
2560.71
2499.06
2437.39
2375.72
2314.05
2252.37
2190.69
2129
2067.31
2005.62
1943.92
1882.22
1820.52
1758.82
1697.12
1635.41
1573.71
1512
1450.29
1388.58
1326.87
1265.16
1203.45
1141.74
1080.02
1018.31
956.596
894.4
826.397
746.838
653.759
544.862
417.459
268.405
94.0273
4856.41
4706.07
4603.35
4505.13
4411.99
4325.2
4244.32
4169.01
4098.99
4033.94
3972.29
3911.57
3850.72
3789.77
3728.72
3667.6
3606.4
3545.14
3483.83
3422.47
3361.07
3299.63
3238.17
3176.67
3115.15
3053.6
2992.04
2930.46
2868.86
2807.25
2745.63
2684
2622.36
2560.71
2499.06
2437.39
2375.72
2314.05
2252.37
2190.69
2129
2067.31
2005.62
1943.92
1882.22
1820.52
1758.82
1697.12
1635.41
1573.71
1512
1450.29
1388.58
1326.87
1265.16
1203.45
1141.74
1080.02
1018.31
956.596
894.4
826.397
746.838
653.759
544.861
417.459
268.405
94.027
4852.29
4704.29
4601.7
4504.07
4411.26
4324.67
4243.93
4168.73
4098.77
4033.77
3972.15
3911.45
3850.63
3789.69
3728.66
3667.54
3606.36
3545.1
3483.8
3422.44
3361.05
3299.61
3238.15
3176.65
3115.13
3053.59
2992.03
2930.45
2868.85
2807.25
2745.63
2683.99
2622.35
2560.71
2499.05
2437.39
2375.72
2314.04
2252.37
2190.68
2129
2067.31
2005.61
1943.92
1882.22
1820.52
1758.82
1697.12
1635.41
1573.71
1512
1450.29
1388.58
1326.87
1265.16
1203.45
1141.74
1080.02
1018.31
956.596
894.4
826.397
746.838
653.758
544.861
417.459
268.405
94.0267
4846.1
4701.48
4599.47
4502.62
4410.29
4323.98
4243.43
4168.35
4098.48
4033.53
3971.96
3911.29
3850.5
3789.58
3728.56
3667.46
3606.29
3545.04
3483.75
3422.4
3361.01
3299.58
3238.11
3176.62
3115.11
3053.57
2992.01
2930.43
2868.84
2807.23
2745.61
2683.98
2622.34
2560.7
2499.04
2437.38
2375.71
2314.04
2252.36
2190.68
2128.99
2067.3
2005.61
1943.92
1882.22
1820.52
1758.82
1697.11
1635.41
1573.7
1512
1450.29
1388.58
1326.87
1265.16
1203.45
1141.73
1080.02
1018.31
956.595
894.4
826.397
746.837
653.758
544.861
417.458
268.405
94.0262
4837.73
4697.98
4596.96
4501.05
4409.29
4323.3
4242.95
4168
4098.21
4033.33
3971.79
3911.15
3850.38
3789.48
3728.48
3667.39
3606.22
3544.98
3483.69
3422.35
3360.96
3299.54
3238.08
3176.59
3115.08
3053.54
2991.98
2930.41
2868.82
2807.21
2745.6
2683.97
2622.33
2560.68
2499.03
2437.37
2375.7
2314.03
2252.35
2190.67
2128.99
2067.3
2005.61
1943.91
1882.21
1820.52
1758.81
1697.11
1635.41
1573.7
1511.99
1450.29
1388.58
1326.87
1265.16
1203.45
1141.73
1080.02
1018.31
956.594
894.399
826.396
746.837
653.758
544.861
417.458
268.405
94.0254
4827.26
4694.87
4594.9
4499.82
4408.57
4322.83
4242.62
4167.75
4098.02
4033.16
3971.65
3911.03
3850.27
3789.39
3728.4
3667.31
3606.15
3544.93
3483.64
3422.3
3360.92
3299.5
3238.04
3176.56
3115.05
3053.51
2991.96
2930.39
2868.8
2807.19
2745.58
2683.95
2622.32
2560.67
2499.02
2437.36
2375.69
2314.02
2252.35
2190.67
2128.98
2067.29
2005.6
1943.91
1882.21
1820.51
1758.81
1697.11
1635.4
1573.7
1511.99
1450.28
1388.58
1326.87
1265.16
1203.44
1141.73
1080.02
1018.31
956.594
894.398
826.396
746.837
653.757
544.86
417.458
268.404
94.0246
4820.22
4697.85
4597.43
4501.87
4410.31
4324.22
4243.71
4168.61
4098.71
4033.72
3972.11
3911.41
3850.58
3789.63
3728.6
3667.48
3606.29
3545.04
3483.73
3422.38
3360.98
3299.55
3238.09
3176.6
3115.08
3053.54
2991.98
2930.41
2868.82
2807.21
2745.59
2683.97
2622.33
2560.68
2499.03
2437.37
2375.7
2314.03
2252.35
2190.67
2128.99
2067.3
2005.6
1943.91
1882.21
1820.51
1758.81
1697.11
1635.41
1573.7
1511.99
1450.29
1388.58
1326.87
1265.16
1203.44
1141.73
1080.02
1018.31
956.594
894.399
826.396
746.837
653.758
544.861
417.458
268.405
94.0241
4847.38
4704.2
4606.13
4505.83
4412.7
4325.65
4244.53
4169.06
4098.92
4033.8
3972.09
3911.34
3850.47
3789.51
3728.47
3667.35
3606.16
3544.92
3483.62
3422.28
3360.89
3299.47
3238.02
3176.54
3115.03
3053.5
2991.94
2930.37
2868.79
2807.19
2745.57
2683.95
2622.31
2560.67
2499.02
2437.36
2375.69
2314.02
2252.35
2190.67
2128.98
2067.29
2005.6
1943.91
1882.21
1820.51
1758.81
1697.11
1635.41
1573.7
1511.99
1450.28
1388.58
1326.87
1265.16
1203.44
1141.73
1080.02
1018.31
956.593
894.398
826.395
746.836
653.757
544.86
417.458
268.404
94.0257
4845.51
4701.12
4605.15
4505.04
4412.21
4325.33
4244.3
4168.9
4098.8
4033.7
3972.02
3911.27
3850.42
3789.46
3728.42
3667.31
3606.13
3544.89
3483.59
3422.25
3360.87
3299.45
3238
3176.52
3115.01
3053.48
2991.93
2930.36
2868.78
2807.18
2745.57
2683.94
2622.31
2560.66
2499.01
2437.35
2375.69
2314.02
2252.34
2190.66
2128.98
2067.29
2005.6
1943.91
1882.21
1820.51
1758.81
1697.11
1635.4
1573.7
1511.99
1450.28
1388.58
1326.87
1265.15
1203.44
1141.73
1080.02
1018.31
956.593
894.398
826.395
746.836
653.757
544.86
417.458
268.404
94.0255
4846.39
4699.08
4604.53
4504.49
4411.85
4325.09
4244.14
4168.78
4098.71
4033.63
3971.96
3911.23
3850.38
3789.43
3728.4
3667.29
3606.11
3544.87
3483.58
3422.24
3360.86
3299.44
3237.99
3176.51
3115
3053.47
2991.92
2930.36
2868.77
2807.17
2745.56
2683.94
2622.3
2560.66
2499.01
2437.35
2375.69
2314.02
2252.34
2190.66
2128.98
2067.29
2005.6
1943.9
1882.21
1820.51
1758.81
1697.11
1635.4
1573.7
1511.99
1450.28
1388.57
1326.86
1265.15
1203.44
1141.73
1080.02
1018.31
956.593
894.398
826.395
746.836
653.757
544.86
417.458
268.403
94.0255
4848.93
4698.54
4604.25
4504.26
4411.65
4324.96
4244.04
4168.71
4098.66
4033.6
3971.94
3911.21
3850.36
3789.42
3728.39
3667.28
3606.1
3544.86
3483.57
3422.23
3360.85
3299.44
3237.98
3176.5
3115
3053.47
2991.92
2930.35
2868.77
2807.17
2745.56
2683.93
2622.3
2560.66
2499.01
2437.35
2375.68
2314.01
2252.34
2190.66
2128.98
2067.29
2005.6
1943.9
1882.21
1820.51
1758.81
1697.11
1635.4
1573.7
1511.99
1450.28
1388.57
1326.86
1265.15
1203.44
1141.73
1080.02
1018.31
956.593
894.397
826.395
746.836
653.757
544.86
417.458
268.403
94.0257
4852.13
4699.03
4604.26
4504.28
4411.6
4324.91
4244.01
4168.68
4098.65
4033.59
3971.93
3911.21
3850.37
3789.42
3728.39
3667.28
3606.1
3544.87
3483.57
3422.24
3360.86
3299.44
3237.99
3176.51
3115
3053.47
2991.92
2930.35
2868.77
2807.17
2745.56
2683.93
2622.3
2560.66
2499.01
2437.35
2375.68
2314.01
2252.34
2190.66
2128.98
2067.29
2005.6
1943.9
1882.21
1820.51
1758.81
1697.11
1635.4
1573.7
1511.99
1450.28
1388.57
1326.86
1265.15
1203.44
1141.73
1080.02
1018.31
956.593
894.397
826.395
746.836
653.757
544.86
417.458
268.403
94.0259
4855.58
4700.24
4604.54
4504.54
4411.68
4324.96
4244.04
4168.71
4098.67
4033.61
3971.95
3911.23
3850.38
3789.44
3728.41
3667.3
3606.12
3544.88
3483.59
3422.25
3360.86
3299.45
3237.99
3176.51
3115.01
3053.47
2991.92
2930.36
2868.77
2807.17
2745.56
2683.94
2622.3
2560.66
2499.01
2437.35
2375.69
2314.01
2252.34
2190.66
2128.98
2067.29
2005.6
1943.9
1882.21
1820.51
1758.81
1697.11
1635.4
1573.7
1511.99
1450.28
1388.57
1326.86
1265.15
1203.44
1141.73
1080.02
1018.31
956.593
894.398
826.395
746.836
653.757
544.86
417.458
268.403
94.0262
4858.99
4701.94
4605.04
4504.98
4411.9
4325.1
4244.14
4168.78
4098.73
4033.66
3972
3911.27
3850.42
3789.47
3728.44
3667.33
3606.14
3544.9
3483.61
3422.26
3360.88
3299.46
3238.01
3176.52
3115.02
3053.48
2991.93
2930.36
2868.78
2807.18
2745.56
2683.94
2622.31
2560.66
2499.01
2437.35
2375.69
2314.02
2252.34
2190.66
2128.98
2067.29
2005.6
1943.9
1882.21
1820.51
1758.81
1697.11
1635.4
1573.7
1511.99
1450.28
1388.57
1326.87
1265.15
1203.44
1141.73
1080.02
1018.31
956.593
894.398
826.395
746.836
653.757
544.86
417.458
268.403
94.0265
4862.09
4703.87
4605.66
4505.53
4412.21
4325.3
4244.28
4168.89
4098.82
4033.73
3972.06
3911.32
3850.47
3789.52
3728.48
3667.36
3606.18
3544.93
3483.63
3422.29
3360.9
3299.48
3238.02
3176.54
3115.03
3053.5
2991.94
2930.37
2868.79
2807.18
2745.57
2683.95
2622.31
2560.67
2499.01
2437.36
2375.69
2314.02
2252.34
2190.66
2128.98
2067.29
2005.6
1943.91
1882.21
1820.51
1758.81
1697.11
1635.4
1573.7
1511.99
1450.28
1388.58
1326.87
1265.16
1203.44
1141.73
1080.02
1018.31
956.593
894.398
826.395
746.836
653.757
544.86
417.458
268.403
94.0268
4864.64
4705.75
4606.26
4506.09
4412.54
4325.52
4244.44
4169.01
4098.91
4033.81
3972.13
3911.38
3850.52
3789.57
3728.52
3667.4
3606.21
3544.96
3483.66
3422.32
3360.93
3299.5
3238.04
3176.56
3115.04
3053.51
2991.96
2930.38
2868.8
2807.19
2745.58
2683.95
2622.32
2560.67
2499.02
2437.36
2375.69
2314.02
2252.35
2190.67
2128.98
2067.29
2005.6
1943.91
1882.21
1820.51
1758.81
1697.11
1635.41
1573.7
1511.99
1450.28
1388.58
1326.87
1265.16
1203.44
1141.73
1080.02
1018.31
956.594
894.398
826.395
746.836
653.757
544.86
417.458
268.403
94.0271
4866.39
4707.34
4606.71
4506.55
4412.81
4325.7
4244.57
4169.11
4099
4033.88
3972.19
3911.44
3850.57
3789.61
3728.56
3667.44
3606.25
3545
3483.69
3422.34
3360.95
3299.52
3238.06
3176.57
3115.06
3053.52
2991.97
2930.39
2868.8
2807.2
2745.59
2683.96
2622.32
2560.68
2499.02
2437.36
2375.7
2314.03
2252.35
2190.67
2128.98
2067.3
2005.6
1943.91
1882.21
1820.51
1758.81
1697.11
1635.41
1573.7
1511.99
1450.29
1388.58
1326.87
1265.16
1203.44
1141.73
1080.02
1018.31
956.594
894.398
826.396
746.836
653.757
544.86
417.458
268.404
94.0273
4867.1
4708.4
4606.84
4506.78
4412.95
4325.79
4244.64
4169.17
4099.04
4033.92
3972.23
3911.47
3850.61
3789.64
3728.59
3667.47
3606.27
3545.02
3483.71
3422.36
3360.97
3299.54
3238.08
3176.59
3115.07
3053.54
2991.98
2930.4
2868.81
2807.21
2745.59
2683.96
2622.33
2560.68
2499.03
2437.37
2375.7
2314.03
2252.35
2190.67
2128.99
2067.3
2005.61
1943.91
1882.21
1820.51
1758.81
1697.11
1635.41
1573.7
1511.99
1450.29
1388.58
1326.87
1265.16
1203.45
1141.73
1080.02
1018.31
956.594
894.399
826.396
746.837
653.757
544.86
417.458
268.404
94.0273
4866.51
4708.71
4606.5
4506.68
4412.87
4325.72
4244.59
4169.14
4099.02
4033.91
3972.22
3911.47
3850.61
3789.65
3728.6
3667.48
3606.28
3545.03
3483.73
3422.37
3360.98
3299.55
3238.09
3176.6
3115.08
3053.54
2991.98
2930.41
2868.82
2807.21
2745.6
2683.97
2622.33
2560.68
2499.03
2437.37
2375.7
2314.03
2252.35
2190.67
2128.99
2067.3
2005.61
1943.91
1882.21
1820.52
1758.81
1697.11
1635.41
1573.7
1511.99
1450.29
1388.58
1326.87
1265.16
1203.45
1141.73
1080.02
1018.31
956.594
894.399
826.396
746.837
653.757
544.86
417.458
268.404
94.0273
4864.35
4708.08
4605.57
4506.16
4412.51
4325.46
4244.41
4169
4098.92
4033.84
3972.17
3911.43
3850.58
3789.63
3728.59
3667.47
3606.28
3545.03
3483.72
3422.37
3360.98
3299.55
3238.09
3176.6
3115.08
3053.54
2991.98
2930.41
2868.82
2807.21
2745.6
2683.97
2622.33
2560.68
2499.03
2437.37
2375.7
2314.03
2252.35
2190.67
2128.99
2067.3
2005.61
1943.91
1882.21
1820.52
1758.81
1697.11
1635.41
1573.7
1511.99
1450.29
1388.58
1326.87
1265.16
1203.45
1141.73
1080.02
1018.31
956.594
894.399
826.396
746.837
653.757
544.86
417.458
268.404
94.0271
4860.33
4706.4
4604
4505.19
4411.85
4324.99
4244.08
4168.76
4098.74
4033.7
3972.06
3911.35
3850.51
3789.57
3728.54
3667.43
3606.25
3545
3483.7
3422.35
3360.96
3299.54
3238.08
3176.59
3115.07
3053.53
2991.98
2930.4
2868.81
2807.21
2745.59
2683.96
2622.33
2560.68
2499.03
2437.37
2375.7
2314.03
2252.35
2190.67
2128.98
2067.3
2005.6
1943.91
1882.21
1820.51
1758.81
1697.11
1635.41
1573.7
1511.99
1450.29
1388.58
1326.87
1265.16
1203.44
1141.73
1080.02
1018.31
956.594
894.398
826.396
746.836
653.757
544.86
417.458
268.404
94.0268
4854.22
4703.75
4601.88
4503.88
4411
4324.4
4243.66
4168.46
4098.52
4033.53
3971.92
3911.23
3850.42
3789.5
3728.48
3667.38
3606.2
3544.96
3483.67
3422.32
3360.94
3299.51
3238.06
3176.57
3115.06
3053.52
2991.96
2930.39
2868.8
2807.2
2745.58
2683.96
2622.32
2560.67
2499.02
2437.36
2375.69
2314.02
2252.35
2190.67
2128.98
2067.29
2005.6
1943.91
1882.21
1820.51
1758.81
1697.11
1635.4
1573.7
1511.99
1450.28
1388.58
1326.87
1265.16
1203.44
1141.73
1080.02
1018.31
956.593
894.398
826.395
746.836
653.757
544.86
417.458
268.404
94.0263
4845.94
4700.51
4599.57
4502.53
4410.18
4323.88
4243.32
4168.22
4098.35
4033.4
3971.83
3911.16
3850.36
3789.45
3728.44
3667.34
3606.17
3544.93
3483.64
3422.3
3360.91
3299.49
3238.04
3176.55
3115.04
3053.5
2991.95
2930.38
2868.79
2807.19
2745.57
2683.95
2622.31
2560.67
2499.01
2437.35
2375.69
2314.02
2252.34
2190.66
2128.98
2067.29
2005.6
1943.9
1882.21
1820.51
1758.81
1697.11
1635.4
1573.7
1511.99
1450.28
1388.57
1326.86
1265.15
1203.44
1141.73
1080.02
1018.31
956.593
894.398
826.395
746.836
653.757
544.86
417.458
268.404
94.0256
4835.44
4697.63
4597.61
4501.47
4409.62
4323.54
4243.1
4168.08
4098.24
4033.32
3971.76
3911.1
3850.31
3789.41
3728.4
3667.31
3606.14
3544.91
3483.61
3422.28
3360.89
3299.47
3238.02
3176.53
3115.02
3053.49
2991.94
2930.37
2868.78
2807.18
2745.56
2683.94
2622.3
2560.66
2499.01
2437.35
2375.68
2314.01
2252.34
2190.66
2128.97
2067.29
2005.6
1943.9
1882.21
1820.51
1758.81
1697.11
1635.4
1573.7
1511.99
1450.28
1388.57
1326.86
1265.15
1203.44
1141.73
1080.02
1018.31
956.592
894.397
826.395
746.836
653.757
544.86
417.457
268.404
94.0248
4828.63
4701.32
4600.48
4503.86
4411.63
4325.13
4244.35
4169.06
4099.02
4033.95
3972.27
3911.52
3850.65
3789.68
3728.62
3667.49
3606.29
3545.03
3483.72
3422.36
3360.96
3299.53
3238.07
3176.58
3115.06
3053.52
2991.96
2930.39
2868.8
2807.19
2745.58
2683.95
2622.31
2560.67
2499.02
2437.36
2375.69
2314.02
2252.34
2190.66
2128.98
2067.29
2005.6
1943.91
1882.21
1820.51
1758.81
1697.11
1635.4
1573.7
1511.99
1450.28
1388.57
1326.87
1265.15
1203.44
1141.73
1080.02
1018.31
956.593
894.398
826.395
746.836
653.757
544.86
417.458
268.404
94.0242
4853.94
4707.11
4608.92
4507.48
4413.9
4326.49
4245.13
4169.49
4099.24
4034.04
3972.28
3911.47
3850.57
3789.58
3728.52
3667.38
3606.19
3544.93
3483.63
3422.28
3360.9
3299.47
3238.02
3176.53
3115.02
3053.49
2991.94
2930.37
2868.78
2807.18
2745.57
2683.94
2622.31
2560.66
2499.01
2437.35
2375.69
2314.02
2252.34
2190.66
2128.98
2067.29
2005.6
1943.91
1882.21
1820.51
1758.81
1697.11
1635.4
1573.7
1511.99
1450.28
1388.57
1326.86
1265.15
1203.44
1141.73
1080.02
1018.31
956.593
894.397
826.395
746.836
653.756
544.86
417.457
268.403
94.0257
4851.98
4703.93
4607.97
4506.67
4413.43
4326.19
4244.93
4169.35
4099.14
4033.96
3972.22
3911.42
3850.53
3789.55
3728.49
3667.36
3606.16
3544.91
3483.61
3422.27
3360.88
3299.46
3238
3176.52
3115.01
3053.48
2991.93
2930.36
2868.77
2807.17
2745.56
2683.94
2622.3
2560.66
2499.01
2437.35
2375.69
2314.02
2252.34
2190.66
2128.98
2067.29
2005.6
1943.9
1882.21
1820.51
1758.81
1697.11
1635.4
1573.7
1511.99
1450.28
1388.57
1326.86
1265.15
1203.44
1141.73
1080.02
1018.31
956.592
894.397
826.394
746.835
653.756
544.859
417.457
268.403
94.0255
4852.85
4701.82
4607.37
4506.11
4413.08
4325.96
4244.77
4169.25
4099.07
4033.9
3972.17
3911.39
3850.51
3789.53
3728.47
3667.34
3606.15
3544.9
3483.6
3422.25
3360.87
3299.45
3237.99
3176.51
3115
3053.47
2991.92
2930.35
2868.77
2807.17
2745.56
2683.93
2622.3
2560.66
2499.01
2437.35
2375.68
2314.01
2252.34
2190.66
2128.97
2067.29
2005.6
1943.9
1882.21
1820.51
1758.81
1697.11
1635.4
1573.7
1511.99
1450.28
1388.57
1326.86
1265.15
1203.44
1141.73
1080.02
1018.31
956.592
894.397
826.394
746.835
653.756
544.859
417.457
268.403
94.0255
4855.43
4701.2
4607.11
4505.85
4412.87
4325.81
4244.67
4169.17
4099.02
4033.87
3972.15
3911.37
3850.49
3789.52
3728.46
3667.34
3606.14
3544.89
3483.59
3422.25
3360.86
3299.44
3237.99
3176.51
3115
3053.47
2991.92
2930.35
2868.76
2807.17
2745.55
2683.93
2622.3
2560.65
2499
2437.35
2375.68
2314.01
2252.34
2190.66
2128.97
2067.29
2005.6
1943.9
1882.21
1820.51
1758.81
1697.11
1635.4
1573.7
1511.99
1450.28
1388.57
1326.86
1265.15
1203.44
1141.73
1080.02
1018.31
956.592
894.397
826.394
746.835
653.756
544.859
417.457
268.403
94.0256
4858.68
4701.59
4607.11
4505.84
4412.78
4325.75
4244.62
4169.14
4098.99
4033.85
3972.14
3911.36
3850.49
3789.52
3728.46
3667.34
3606.14
3544.9
3483.6
3422.25
3360.86
3299.44
3237.99
3176.51
3115
3053.47
2991.92
2930.35
2868.76
2807.16
2745.55
2683.93
2622.3
2560.65
2499
2437.35
2375.68
2314.01
2252.34
2190.66
2128.97
2067.29
2005.59
1943.9
1882.21
1820.51
1758.81
1697.1
1635.4
1573.7
1511.99
1450.28
1388.57
1326.86
1265.15
1203.44
1141.73
1080.02
1018.31
956.592
894.397
826.394
746.835
653.756
544.859
417.457
268.403
94.0259
4862.22
4702.7
4607.37
4506.06
4412.83
4325.77
4244.63
4169.14
4099
4033.86
3972.14
3911.37
3850.5
3789.53
3728.47
3667.34
3606.15
3544.9
3483.6
3422.26
3360.87
3299.45
3237.99
3176.51
3115
3053.47
2991.92
2930.35
2868.77
2807.17
2745.55
2683.93
2622.3
2560.65
2499
2437.35
2375.68
2314.01
2252.34
2190.66
2128.97
2067.29
2005.59
1943.9
1882.21
1820.51
1758.81
1697.11
1635.4
1573.7
1511.99
1450.28
1388.57
1326.86
1265.15
1203.44
1141.73
1080.02
1018.31
956.592
894.397
826.394
746.835
653.756
544.859
417.457
268.403
94.0262
4865.75
4704.31
4607.84
4506.46
4413.01
4325.87
4244.69
4169.19
4099.03
4033.89
3972.17
3911.4
3850.52
3789.55
3728.49
3667.36
3606.17
3544.92
3483.62
3422.27
3360.88
3299.46
3238
3176.52
3115.01
3053.48
2991.92
2930.35
2868.77
2807.17
2745.56
2683.93
2622.3
2560.66
2499
2437.35
2375.68
2314.01
2252.34
2190.66
2128.97
2067.29
2005.6
1943.9
1882.21
1820.51
1758.81
1697.11
1635.4
1573.7
1511.99
1450.28
1388.57
1326.86
1265.15
1203.44
1141.73
1080.02
1018.31
956.592
894.397
826.394
746.835
653.756
544.859
417.457
268.403
94.0265
4868.97
4706.16
4608.43
4506.98
4413.26
4326.03
4244.8
4169.27
4099.09
4033.94
3972.21
3911.43
3850.55
3789.58
3728.52
3667.39
3606.19
3544.94
3483.63
3422.29
3360.9
3299.47
3238.01
3176.53
3115.02
3053.48
2991.93
2930.36
2868.77
2807.17
2745.56
2683.94
2622.3
2560.66
2499.01
2437.35
2375.68
2314.01
2252.34
2190.66
2128.97
2067.29
2005.6
1943.9
1882.21
1820.51
1758.81
1697.11
1635.4
1573.7
1511.99
1450.28
1388.57
1326.86
1265.15
1203.44
1141.73
1080.02
1018.31
956.593
894.397
826.394
746.835
653.756
544.859
417.457
268.403
94.0268
4871.65
4707.98
4609.02
4507.51
4413.55
4326.22
4244.92
4169.36
4099.16
4033.99
3972.26
3911.48
3850.59
3789.61
3728.55
3667.42
3606.22
3544.96
3483.66
3422.31
3360.91
3299.49
3238.03
3176.54
3115.03
3053.5
2991.94
2930.37
2868.78
2807.18
2745.57
2683.94
2622.31
2560.66
2499.01
2437.35
2375.69
2314.02
2252.34
2190.66
2128.98
2067.29
2005.6
1943.9
1882.21
1820.51
1758.81
1697.11
1635.4
1573.7
1511.99
1450.28
1388.57
1326.86
1265.15
1203.44
1141.73
1080.02
1018.31
956.593
894.397
826.395
746.836
653.756
544.86
417.458
268.403
94.0271
4873.53
4709.53
4609.45
4507.95
4413.79
4326.37
4245.03
4169.43
4099.22
4034.04
3972.3
3911.51
3850.62
3789.64
3728.58
3667.44
3606.24
3544.99
3483.68
3422.32
3360.93
3299.5
3238.04
3176.55
3115.04
3053.51
2991.95
2930.38
2868.79
2807.19
2745.57
2683.95
2622.31
2560.67
2499.01
2437.36
2375.69
2314.02
2252.34
2190.66
2128.98
2067.29
2005.6
1943.91
1882.21
1820.51
1758.81
1697.11
1635.4
1573.7
1511.99
1450.28
1388.57
1326.87
1265.15
1203.44
1141.73
1080.02
1018.31
956.593
894.398
826.395
746.836
653.757
544.86
417.458
268.403
94.0273
4874.37
4710.57
4609.58
4508.18
4413.91
4326.44
4245.08
4169.47
4099.25
4034.07
3972.33
3911.54
3850.65
3789.66
3728.6
3667.46
3606.26
3545
3483.69
3422.34
3360.95
3299.52
3238.05
3176.57
3115.05
3053.51
2991.96
2930.39
2868.8
2807.19
2745.58
2683.95
2622.31
2560.67
2499.02
2437.36
2375.69
2314.02
2252.34
2190.66
2128.98
2067.29
2005.6
1943.91
1882.21
1820.51
1758.81
1697.11
1635.4
1573.7
1511.99
1450.28
1388.58
1326.87
1265.15
1203.44
1141.73
1080.02
1018.31
956.593
894.398
826.395
746.836
653.757
544.86
417.458
268.403
94.0274
4873.9
4710.88
4609.25
4508.1
4413.83
4326.37
4245.03
4169.44
4099.23
4034.06
3972.32
3911.54
3850.65
3789.67
3728.61
3667.47
3606.27
3545.01
3483.7
3422.35
3360.95
3299.52
3238.06
3176.57
3115.06
3053.52
2991.96
2930.39
2868.8
2807.2
2745.58
2683.95
2622.32
2560.67
2499.02
2437.36
2375.69
2314.02
2252.35
2190.66
2128.98
2067.29
2005.6
1943.91
1882.21
1820.51
1758.81
1697.11
1635.4
1573.7
1511.99
1450.28
1388.58
1326.87
1265.15
1203.44
1141.73
1080.02
1018.31
956.593
894.398
826.395
746.836
653.757
544.86
417.458
268.403
94.0274
4871.84
4710.28
4608.35
4507.62
4413.49
4326.13
4244.86
4169.32
4099.14
4033.99
3972.27
3911.5
3850.62
3789.65
3728.6
3667.46
3606.27
3545.01
3483.7
3422.35
3360.96
3299.53
3238.06
3176.57
3115.06
3053.52
2991.96
2930.39
2868.8
2807.2
2745.58
2683.95
2622.32
2560.67
2499.02
2437.36
2375.69
2314.02
2252.35
2190.66
2128.98
2067.29
2005.6
1943.91
1882.21
1820.51
1758.81
1697.11
1635.4
1573.7
1511.99
1450.28
1388.58
1326.87
1265.15
1203.44
1141.73
1080.02
1018.31
956.593
894.398
826.395
746.836
653.757
544.86
417.458
268.403
94.0272
4867.91
4708.67
4606.83
4506.73
4412.89
4325.72
4244.58
4169.11
4098.99
4033.88
3972.19
3911.44
3850.58
3789.61
3728.57
3667.44
3606.25
3545
3483.69
3422.34
3360.95
3299.52
3238.06
3176.57
3115.05
3053.52
2991.96
2930.39
2868.8
2807.19
2745.58
2683.95
2622.32
2560.67
2499.02
2437.36
2375.69
2314.02
2252.34
2190.66
2128.98
2067.29
2005.6
1943.91
1882.21
1820.51
1758.81
1697.11
1635.4
1573.7
1511.99
1450.28
1388.57
1326.87
1265.15
1203.44
1141.73
1080.02
1018.31
956.593
894.398
826.395
746.836
653.757
544.86
417.457
268.403
94.0269
4861.86
4706.13
4604.8
4505.53
4412.11
4325.2
4244.22
4168.86
4098.81
4033.75
3972.09
3911.36
3850.51
3789.57
3728.53
3667.41
3606.22
3544.97
3483.67
3422.32
3360.93
3299.51
3238.05
3176.56
3115.04
3053.51
2991.95
2930.38
2868.79
2807.19
2745.57
2683.95
2622.31
2560.67
2499.01
2437.35
2375.69
2314.02
2252.34
2190.66
2128.98
2067.29
2005.6
1943.9
1882.21
1820.51
1758.81
1697.11
1635.4
1573.7
1511.99
1450.28
1388.57
1326.86
1265.15
1203.44
1141.73
1080.02
1018.31
956.593
894.397
826.395
746.836
653.756
544.86
417.457
268.403
94.0264
4853.66
4703.09
4602.62
4504.33
4411.42
4324.79
4243.97
4168.71
4098.72
4033.69
3972.05
3911.33
3850.49
3789.55
3728.51
3667.4
3606.21
3544.96
3483.66
3422.31
3360.92
3299.5
3238.04
3176.55
3115.04
3053.5
2991.95
2930.37
2868.78
2807.18
2745.57
2683.94
2622.31
2560.66
2499.01
2437.35
2375.69
2314.01
2252.34
2190.66
2128.97
2067.29
2005.6
1943.9
1882.21
1820.51
1758.81
1697.11
1635.4
1573.7
1511.99
1450.28
1388.57
1326.86
1265.15
1203.44
1141.73
1080.02
1018.31
956.592
894.397
826.394
746.835
653.756
544.86
417.457
268.403
94.0257
4843.13
4700.33
4600.66
4503.36
4410.94
4324.52
4243.82
4168.62
4098.66
4033.65
3972.02
3911.31
3850.48
3789.54
3728.5
3667.39
3606.2
3544.95
3483.65
3422.3
3360.91
3299.49
3238.03
3176.54
3115.03
3053.49
2991.94
2930.37
2868.78
2807.18
2745.56
2683.94
2622.3
2560.66
2499.01
2437.35
2375.68
2314.01
2252.34
2190.66
2128.97
2067.28
2005.59
1943.9
1882.2
1820.51
1758.81
1697.1
1635.4
1573.7
1511.99
1450.28
1388.57
1326.86
1265.15
1203.44
1141.73
1080.02
1018.31
956.592
894.397
826.394
746.835
653.756
544.859
417.457
268.403
94.0248
4836.49
4704.57
4603.7
4506
4413.13
4326.23
4245.16
4169.67
4099.49
4034.31
3972.56
3911.75
3850.83
3789.82
3728.73
3667.57
3606.35
3545.08
3483.75
3422.39
3360.98
3299.55
3238.08
3176.58
3115.06
3053.52
2991.96
2930.39
2868.8
2807.19
2745.58
2683.95
2622.31
2560.67
2499.01
2437.35
2375.69
2314.02
2252.34
2190.66
2128.98
2067.29
2005.6
1943.9
1882.21
1820.51
1758.81
1697.11
1635.4
1573.7
1511.99
1450.28
1388.57
1326.86
1265.15
1203.44
1141.73
1080.02
1018.31
956.592
894.397
826.394
746.836
653.756
544.86
417.457
268.404
94.0243
4859.96
4709.83
4611.76
4509.19
4415.23
4327.47
4245.87
4170.06
4099.69
4034.39
3972.56
3911.71
3850.76
3789.74
3728.64
3667.49
3606.27
3545
3483.69
3422.33
3360.93
3299.5
3238.04
3176.55
3115.04
3053.51
2991.95
2930.38
2868.79
2807.19
2745.57
2683.95
2622.31
2560.67
2499.02
2437.36
2375.69
2314.02
2252.34
2190.66
2128.98
2067.29
2005.6
1943.91
1882.21
1820.51
1758.81
1697.11
1635.4
1573.7
1511.99
1450.28
1388.57
1326.86
1265.15
1203.44
1141.73
1080.02
1018.31
956.592
894.397
826.394
746.835
653.756
544.859
417.457
268.403
94.0256
4857.91
4706.56
4610.82
4508.38
4414.78
4327.18
4245.68
4169.94
4099.61
4034.33
3972.52
3911.67
3850.73
3789.72
3728.63
3667.47
3606.26
3544.99
3483.67
3422.32
3360.92
3299.49
3238.03
3176.54
3115.03
3053.5
2991.94
2930.37
2868.78
2807.18
2745.57
2683.94
2622.31
2560.66
2499.01
2437.35
2375.69
2314.02
2252.34
2190.66
2128.98
2067.29
2005.6
1943.9
1882.21
1820.51
1758.81
1697.11
1635.4
1573.7
1511.99
1450.28
1388.57
1326.86
1265.15
1203.44
1141.73
1080.02
1018.31
956.592
894.397
826.394
746.835
653.756
544.859
417.457
268.403
94.0254
4858.79
4704.41
4610.27
4507.8
4414.44
4326.96
4245.53
4169.84
4099.54
4034.28
3972.48
3911.64
3850.71
3789.7
3728.61
3667.46
3606.25
3544.98
3483.67
3422.31
3360.91
3299.48
3238.02
3176.54
3115.02
3053.49
2991.94
2930.37
2868.78
2807.18
2745.56
2683.94
2622.3
2560.66
2499.01
2437.35
2375.69
2314.02
2252.34
2190.66
2128.98
2067.29
2005.6
1943.9
1882.21
1820.51
1758.81
1697.11
1635.4
1573.7
1511.99
1450.28
1388.57
1326.86
1265.15
1203.44
1141.73
1080.02
1018.31
956.592
894.397
826.394
746.835
653.756
544.859
417.457
268.403
94.0254
4861.39
4703.72
4610.03
4507.52
4414.22
4326.81
4245.43
4169.77
4099.49
4034.25
3972.46
3911.63
3850.7
3789.69
3728.61
3667.45
3606.24
3544.97
3483.66
3422.3
3360.91
3299.48
3238.02
3176.53
3115.02
3053.49
2991.93
2930.36
2868.78
2807.17
2745.56
2683.94
2622.3
2560.66
2499.01
2437.35
2375.68
2314.01
2252.34
2190.66
2128.97
2067.29
2005.6
1943.9
1882.21
1820.51
1758.81
1697.11
1635.4
1573.7
1511.99
1450.28
1388.57
1326.86
1265.15
1203.44
1141.73
1080.02
1018.31
956.592
894.397
826.394
746.835
653.756
544.859
417.457
268.403
94.0256
4864.7
4704.02
4610.04
4507.48
4414.12
4326.74
4245.37
4169.73
4099.46
4034.23
3972.44
3911.62
3850.7
3789.69
3728.6
3667.45
3606.24
3544.98
3483.66
3422.3
3360.91
3299.48
3238.02
3176.53
3115.02
3053.49
2991.93
2930.36
2868.77
2807.17
2745.56
2683.94
2622.3
2560.66
2499.01
2437.35
2375.68
2314.01
2252.34
2190.66
2128.97
2067.29
2005.6
1943.9
1882.21
1820.51
1758.81
1697.11
1635.4
1573.7
1511.99
1450.28
1388.57
1326.86
1265.15
1203.44
1141.73
1080.02
1018.31
956.592
894.397
826.394
746.835
653.756
544.859
417.457
268.403
94.0258
4868.32
4705.05
4610.31
4507.68
4414.15
4326.74
4245.37
4169.72
4099.45
4034.23
3972.45
3911.62
3850.7
3789.69
3728.61
3667.46
3606.25
3544.98
3483.67
3422.31
3360.91
3299.48
3238.02
3176.54
3115.02
3053.49
2991.93
2930.36
2868.78
2807.17
2745.56
2683.94
2622.3
2560.66
2499.01
2437.35
2375.68
2314.01
2252.34
2190.66
2128.97
2067.29
2005.6
1943.9
1882.21
1820.51
1758.81
1697.11
1635.4
1573.7
1511.99
1450.28
1388.57
1326.86
1265.15
1203.44
1141.73
1080.02
1018.31
956.592
894.397
826.394
746.835
653.756
544.859
417.457
268.402
94.0262
4871.95
4706.58
4610.79
4508.06
4414.3
4326.82
4245.41
4169.75
4099.48
4034.24
3972.46
3911.64
3850.71
3789.71
3728.62
3667.47
3606.26
3544.99
3483.68
3422.32
3360.92
3299.49
3238.03
3176.54
3115.03
3053.49
2991.94
2930.37
2868.78
2807.18
2745.56
2683.94
2622.3
2560.66
2499.01
2437.35
2375.68
2314.01
2252.34
2190.66
2128.97
2067.29
2005.6
1943.9
1882.21
1820.51
1758.81
1697.11
1635.4
1573.7
1511.99
1450.28
1388.57
1326.86
1265.15
1203.44
1141.73
1080.02
1018.31
956.592
894.397
826.394
746.835
653.756
544.859
417.457
268.402
94.0265
4875.3
4708.36
4611.39
4508.56
4414.53
4326.96
4245.5
4169.81
4099.52
4034.28
3972.49
3911.66
3850.74
3789.73
3728.64
3667.49
3606.27
3545.01
3483.69
3422.33
3360.93
3299.5
3238.04
3176.55
3115.03
3053.5
2991.94
2930.37
2868.78
2807.18
2745.57
2683.94
2622.31
2560.66
2499.01
2437.35
2375.69
2314.01
2252.34
2190.66
2128.98
2067.29
2005.6
1943.9
1882.21
1820.51
1758.81
1697.11
1635.4
1573.7
1511.99
1450.28
1388.57
1326.86
1265.15
1203.44
1141.73
1080.02
1018.31
956.592
894.397
826.394
746.835
653.756
544.859
417.457
268.403
94.0268
4878.1
4710.13
4611.97
4509.08
4414.79
4327.13
4245.61
4169.88
4099.57
4034.32
3972.52
3911.69
3850.76
3789.75
3728.66
3667.51
3606.29
3545.02
3483.71
3422.35
3360.95
3299.51
3238.05
3176.56
3115.04
3053.51
2991.95
2930.38
2868.79
2807.18
2745.57
2683.94
2622.31
2560.66
2499.01
2437.35
2375.69
2314.02
2252.34
2190.66
2128.98
2067.29
2005.6
1943.9
1882.21
1820.51
1758.81
1697.11
1635.4
1573.7
1511.99
1450.28
1388.57
1326.86
1265.15
1203.44
1141.73
1080.02
1018.31
956.593
894.397
826.394
746.835
653.756
544.859
417.457
268.403
94.027
4880.11
4711.64
4612.41
4509.52
4415.01
4327.26
4245.7
4169.94
4099.62
4034.36
3972.56
3911.72
3850.79
3789.78
3728.69
3667.53
3606.31
3545.04
3483.72
3422.36
3360.96
3299.53
3238.06
3176.57
3115.05
3053.51
2991.96
2930.38
2868.79
2807.19
2745.57
2683.95
2622.31
2560.67
2499.01
2437.36
2375.69
2314.02
2252.34
2190.66
2128.98
2067.29
2005.6
1943.9
1882.21
1820.51
1758.81
1697.11
1635.4
1573.7
1511.99
1450.28
1388.57
1326.86
1265.15
1203.44
1141.73
1080.02
1018.31
956.593
894.397
826.394
746.835
653.756
544.859
417.457
268.403
94.0272
4881.07
4712.65
4612.55
4509.76
4415.12
4327.33
4245.74
4169.97
4099.64
4034.38
3972.57
3911.74
3850.81
3789.79
3728.7
3667.55
3606.33
3545.06
3483.74
3422.37
3360.97
3299.54
3238.07
3176.58
3115.06
3053.52
2991.96
2930.39
2868.8
2807.19
2745.58
2683.95
2622.32
2560.67
2499.02
2437.36
2375.69
2314.02
2252.34
2190.66
2128.98
2067.29
2005.6
1943.91
1882.21
1820.51
1758.81
1697.11
1635.4
1573.7
1511.99
1450.28
1388.57
1326.86
1265.15
1203.44
1141.73
1080.02
1018.31
956.593
894.397
826.395
746.836
653.756
544.859
417.457
268.403
94.0274
4880.72
4712.96
4612.24
4509.7
4415.03
4327.26
4245.69
4169.94
4099.62
4034.36
3972.57
3911.73
3850.81
3789.8
3728.71
3667.55
3606.34
3545.07
3483.75
3422.38
3360.98
3299.54
3238.08
3176.58
3115.07
3053.53
2991.97
2930.39
2868.8
2807.2
2745.58
2683.95
2622.32
2560.67
2499.02
2437.36
2375.69
2314.02
2252.34
2190.66
2128.98
2067.29
2005.6
1943.91
1882.21
1820.51
1758.81
1697.11
1635.4
1573.7
1511.99
1450.28
1388.57
1326.86
1265.15
1203.44
1141.73
1080.02
1018.31
956.593
894.397
826.395
746.836
653.756
544.859
417.457
268.403
94.0274
4878.76
4712.38
4611.37
4509.27
4414.71
4327.04
4245.54
4169.83
4099.54
4034.31
3972.53
3911.71
3850.79
3789.78
3728.7
3667.55
3606.33
3545.07
3483.75
3422.38
3360.98
3299.55
3238.08
3176.59
3115.07
3053.53
2991.97
2930.39
2868.8
2807.2
2745.58
2683.96
2622.32
2560.67
2499.02
2437.36
2375.69
2314.02
2252.34
2190.66
2128.98
2067.29
2005.6
1943.91
1882.21
1820.51
1758.81
1697.11
1635.4
1573.7
1511.99
1450.28
1388.57
1326.86
1265.15
1203.44
1141.73
1080.02
1018.31
956.593
894.397
826.395
746.836
653.756
544.859
417.457
268.403
94.0272
4874.9
4710.82
4609.9
4508.43
4414.15
4326.66
4245.28
4169.65
4099.42
4034.22
3972.46
3911.66
3850.75
3789.76
3728.68
3667.54
3606.33
3545.06
3483.74
3422.38
3360.98
3299.54
3238.08
3176.59
3115.07
3053.53
2991.97
2930.39
2868.8
2807.2
2745.58
2683.95
2622.32
2560.67
2499.02
2437.36
2375.69
2314.02
2252.34
2190.66
2128.98
2067.29
2005.6
1943.9
1882.21
1820.51
1758.81
1697.11
1635.4
1573.7
1511.99
1450.28
1388.57
1326.86
1265.15
1203.44
1141.73
1080.02
1018.31
956.593
894.397
826.394
746.835
653.756
544.859
417.457
268.403
94.0269
4868.9
4708.36
4607.9
4507.3
4413.43
4326.19
4244.97
4169.44
4099.27
4034.11
3972.38
3911.6
3850.71
3789.73
3728.66
3667.52
3606.31
3545.05
3483.73
3422.37
3360.97
3299.54
3238.07
3176.58
3115.06
3053.52
2991.96
2930.39
2868.8
2807.19
2745.58
2683.95
2622.31
2560.67
2499.02
2437.36
2375.69
2314.02
2252.34
2190.66
2128.98
2067.29
2005.6
1943.9
1882.21
1820.51
1758.81
1697.11
1635.4
1573.7
1511.99
1450.28
1388.57
1326.86
1265.15
1203.44
1141.73
1080.02
1018.31
956.592
894.397
826.394
746.835
653.756
544.859
417.457
268.403
94.0264
4860.79
4705.49
4605.82
4506.23
4412.84
4325.86
4244.79
4169.35
4099.22
4034.09
3972.38
3911.61
3850.72
3789.74
3728.67
3667.52
3606.32
3545.05
3483.73
3422.37
3360.97
3299.54
3238.07
3176.58
3115.06
3053.52
2991.96
2930.39
2868.8
2807.19
2745.57
2683.95
2622.31
2560.67
2499.01
2437.35
2375.69
2314.02
2252.34
2190.66
2128.98
2067.29
2005.6
1943.9
1882.21
1820.51
1758.81
1697.11
1635.4
1573.7
1511.99
1450.28
1388.57
1326.86
1265.15
1203.44
1141.73
1080.02
1018.31
956.592
894.397
826.394
746.835
653.756
544.859
417.457
268.403
94.0257
4850.22
4702.78
4603.81
4505.3
4412.38
4325.63
4244.68
4169.29
4099.2
4034.08
3972.38
3911.61
3850.72
3789.74
3728.67
3667.53
3606.32
3545.05
3483.73
3422.37
3360.97
3299.53
3238.07
3176.57
3115.06
3053.52
2991.96
2930.38
2868.79
2807.19
2745.57
2683.94
2622.31
2560.66
2499.01
2437.35
2375.69
2314.01
2252.34
2190.66
2128.97
2067.29
2005.6
1943.9
1882.21
1820.51
1758.81
1697.1
1635.4
1573.7
1511.99
1450.28
1388.57
1326.86
1265.15
1203.44
1141.73
1080.02
1018.31
956.592
894.397
826.394
746.835
653.756
544.859
417.457
268.403
94.0249
4843.72
4707.46
4606.91
4508.12
4414.69
4327.42
4246.07
4170.38
4100.05
4034.77
3972.93
3912.05
3851.08
3790.03
3728.9
3667.71
3606.47
3545.17
3483.83
3422.45
3361.04
3299.59
3238.11
3176.61
3115.09
3053.54
2991.98
2930.4
2868.81
2807.2
2745.58
2683.96
2622.32
2560.67
2499.02
2437.36
2375.69
2314.02
2252.34
2190.66
2128.98
2067.29
2005.6
1943.9
1882.21
1820.51
1758.81
1697.11
1635.4
1573.7
1511.99
1450.28
1388.57
1326.86
1265.15
1203.44
1141.73
1080.02
1018.31
956.592
894.397
826.394
746.835
653.756
544.859
417.457
268.404
94.0244
4865.4
4712.28
4614.51
4510.88
4416.61
4328.5
4246.67
4170.7
4100.21
4034.82
3972.92
3912
3851.01
3789.95
3728.82
3667.63
3606.4
3545.11
3483.78
3422.41
3361
3299.56
3238.09
3176.59
3115.08
3053.54
2991.98
2930.4
2868.81
2807.2
2745.59
2683.96
2622.32
2560.68
2499.02
2437.36
2375.7
2314.03
2252.35
2190.67
2128.98
2067.29
2005.6
1943.91
1882.21
1820.51
1758.81
1697.11
1635.4
1573.7
1511.99
1450.28
1388.57
1326.87
1265.15
1203.44
1141.73
1080.02
1018.31
956.592
894.397
826.394
746.835
653.756
544.859
417.457
268.403
94.0255
4863.27
4708.93
4613.6
4510.04
4416.16
4328.22
4246.5
4170.59
4100.14
4034.77
3972.88
3911.98
3850.99
3789.93
3728.81
3667.62
3606.39
3545.1
3483.77
3422.4
3360.99
3299.55
3238.08
3176.59
3115.07
3053.53
2991.97
2930.39
2868.8
2807.2
2745.58
2683.96
2622.32
2560.67
2499.02
2437.36
2375.69
2314.02
2252.35
2190.67
2128.98
2067.29
2005.6
1943.91
1882.21
1820.51
1758.81
1697.11
1635.4
1573.7
1511.99
1450.28
1388.57
1326.86
1265.15
1203.44
1141.73
1080.02
1018.31
956.592
894.397
826.394
746.835
653.756
544.859
417.457
268.403
94.0253
4864.16
4706.75
4613.09
4509.45
4415.83
4328
4246.36
4170.5
4100.07
4034.73
3972.85
3911.96
3850.98
3789.92
3728.8
3667.62
3606.38
3545.09
3483.76
3422.39
3360.98
3299.55
3238.08
3176.58
3115.06
3053.52
2991.97
2930.39
2868.8
2807.2
2745.58
2683.95
2622.32
2560.67
2499.02
2437.36
2375.69
2314.02
2252.35
2190.66
2128.98
2067.29
2005.6
1943.91
1882.21
1820.51
1758.81
1697.11
1635.4
1573.7
1511.99
1450.28
1388.57
1326.86
1265.15
1203.44
1141.73
1080.02
1018.31
956.592
894.397
826.394
746.835
653.756
544.859
417.457
268.403
94.0253
4866.78
4706
4612.88
4509.15
4415.62
4327.86
4246.26
4170.43
4100.03
4034.7
3972.83
3911.94
3850.97
3789.91
3728.79
3667.61
3606.38
3545.09
3483.76
3422.39
3360.98
3299.54
3238.07
3176.58
3115.06
3053.52
2991.96
2930.39
2868.8
2807.19
2745.58
2683.95
2622.32
2560.67
2499.02
2437.36
2375.69
2314.02
2252.34
2190.66
2128.98
2067.29
2005.6
1943.91
1882.21
1820.51
1758.81
1697.11
1635.4
1573.7
1511.99
1450.28
1388.57
1326.86
1265.15
1203.44
1141.73
1080.02
1018.31
956.592
894.397
826.394
746.835
653.756
544.859
417.457
268.402
94.0255
4870.13
4706.22
4612.92
4509.1
4415.51
4327.78
4246.19
4170.39
4100
4034.67
3972.82
3911.93
3850.96
3789.91
3728.79
3667.61
3606.38
3545.09
3483.76
3422.39
3360.98
3299.54
3238.07
3176.58
3115.06
3053.52
2991.96
2930.39
2868.8
2807.19
2745.58
2683.95
2622.31
2560.67
2499.02
2437.36
2375.69
2314.02
2252.34
2190.66
2128.98
2067.29
2005.6
1943.91
1882.21
1820.51
1758.81
1697.11
1635.4
1573.7
1511.99
1450.28
1388.57
1326.86
1265.15
1203.44
1141.73
1080.02
1018.31
956.592
894.397
826.394
746.835
653.756
544.859
417.457
268.402
94.0257
4873.83
4707.17
4613.21
4509.28
4415.53
4327.77
4246.18
4170.37
4099.99
4034.67
3972.81
3911.93
3850.96
3789.91
3728.8
3667.62
3606.38
3545.09
3483.76
3422.39
3360.98
3299.54
3238.08
3176.58
3115.06
3053.52
2991.96
2930.39
2868.8
2807.19
2745.58
2683.95
2622.31
2560.67
2499.02
2437.36
2375.69
2314.02
2252.34
2190.66
2128.98
2067.29
2005.6
1943.91
1882.21
1820.51
1758.81
1697.11
1635.4
1573.7
1511.99
1450.28
1388.57
1326.86
1265.15
1203.44
1141.73
1080.02
1018.31
956.592
894.397
826.394
746.835
653.756
544.859
417.457
268.402
94.0261
4877.56
4708.63
4613.71
4509.65
4415.66
4327.85
4246.22
4170.39
4100
4034.68
3972.82
3911.94
3850.97
3789.92
3728.81
3667.63
3606.39
3545.1
3483.77
3422.4
3360.99
3299.55
3238.08
3176.58
3115.06
3053.52
2991.97
2930.39
2868.8
2807.19
2745.58
2683.95
2622.31
2560.67
2499.02
2437.36
2375.69
2314.02
2252.34
2190.66
2128.98
2067.29
2005.6
1943.91
1882.21
1820.51
1758.81
1697.11
1635.4
1573.7
1511.99
1450.28
1388.57
1326.87
1265.15
1203.44
1141.73
1080.02
1018.31
956.592
894.397
826.394
746.835
653.756
544.859
417.457
268.402
94.0264
4881.01
4710.34
4614.32
4510.14
4415.87
4327.97
4246.29
4170.44
4100.03
4034.7
3972.84
3911.96
3850.99
3789.94
3728.82
3667.64
3606.4
3545.11
3483.78
3422.41
3361
3299.56
3238.09
3176.59
3115.07
3053.53
2991.97
2930.39
2868.8
2807.2
2745.58
2683.95
2622.32
2560.67
2499.02
2437.36
2375.69
2314.02
2252.34
2190.66
2128.98
2067.29
2005.6
1943.91
1882.21
1820.51
1758.81
1697.11
1635.4
1573.7
1511.99
1450.28
1388.57
1326.87
1265.15
1203.44
1141.73
1080.02
1018.31
956.593
894.397
826.394
746.835
653.756
544.859
417.457
268.402
94.0267
4883.93
4712.06
4614.93
4510.66
4416.11
4328.12
4246.38
4170.5
4100.07
4034.73
3972.87
3911.98
3851.01
3789.96
3728.84
3667.65
3606.42
3545.13
3483.79
3422.42
3361.01
3299.57
3238.1
3176.6
3115.08
3053.54
2991.98
2930.4
2868.81
2807.2
2745.58
2683.96
2622.32
2560.67
2499.02
2437.36
2375.69
2314.02
2252.35
2190.66
2128.98
2067.29
2005.6
1943.91
1882.21
1820.51
1758.81
1697.11
1635.4
1573.7
1511.99
1450.28
1388.57
1326.87
1265.15
1203.44
1141.73
1080.02
1018.31
956.593
894.397
826.394
746.835
653.756
544.859
417.457
268.402
94.0269
4886.06
4713.53
4615.38
4511.1
4416.32
4328.25
4246.46
4170.55
4100.11
4034.76
3972.89
3912
3851.03
3789.97
3728.85
3667.67
3606.43
3545.14
3483.81
3422.43
3361.02
3299.58
3238.11
3176.61
3115.09
3053.54
2991.98
2930.4
2868.81
2807.21
2745.59
2683.96
2622.32
2560.68
2499.02
2437.36
2375.7
2314.02
2252.35
2190.67
2128.98
2067.29
2005.6
1943.91
1882.21
1820.51
1758.81
1697.11
1635.4
1573.7
1511.99
1450.28
1388.57
1326.87
1265.15
1203.44
1141.73
1080.02
1018.31
956.593
894.397
826.394
746.835
653.756
544.859
417.457
268.402
94.0272
4887.13
4714.52
4615.54
4511.35
4416.42
4328.32
4246.5
4170.58
4100.13
4034.78
3972.91
3912.02
3851.04
3789.99
3728.87
3667.68
3606.44
3545.16
3483.82
3422.44
3361.03
3299.59
3238.11
3176.62
3115.09
3053.55
2991.99
2930.41
2868.82
2807.21
2745.59
2683.96
2622.32
2560.68
2499.02
2437.36
2375.7
2314.02
2252.35
2190.67
2128.98
2067.29
2005.6
1943.91
1882.21
1820.51
1758.81
1697.11
1635.4
1573.7
1511.99
1450.28
1388.57
1326.87
1265.15
1203.44
1141.73
1080.02
1018.31
956.593
894.397
826.395
746.835
653.756
544.859
417.457
268.403
94.0273
4886.88
4714.82
4615.26
4511.32
4416.34
4328.26
4246.46
4170.55
4100.11
4034.77
3972.9
3912.01
3851.04
3789.99
3728.87
3667.69
3606.45
3545.16
3483.83
3422.45
3361.04
3299.6
3238.12
3176.62
3115.1
3053.55
2991.99
2930.41
2868.82
2807.21
2745.59
2683.97
2622.33
2560.68
2499.03
2437.36
2375.7
2314.03
2252.35
2190.67
2128.98
2067.29
2005.6
1943.91
1882.21
1820.51
1758.81
1697.11
1635.4
1573.7
1511.99
1450.28
1388.57
1326.87
1265.15
1203.44
1141.73
1080.02
1018.31
956.593
894.397
826.395
746.835
653.756
544.859
417.457
268.403
94.0273
4885.01
4714.26
4614.42
4510.91
4416.04
4328.05
4246.32
4170.45
4100.04
4034.72
3972.87
3911.99
3851.03
3789.98
3728.87
3667.69
3606.45
3545.17
3483.83
3422.46
3361.04
3299.6
3238.12
3176.62
3115.1
3053.56
2991.99
2930.41
2868.82
2807.21
2745.6
2683.97
2622.33
2560.68
2499.03
2437.36
2375.7
2314.03
2252.35
2190.67
2128.98
2067.29
2005.6
1943.91
1882.21
1820.51
1758.81
1697.11
1635.4
1573.7
1511.99
1450.28
1388.57
1326.87
1265.15
1203.44
1141.73
1080.02
1018.31
956.593
894.397
826.394
746.835
653.756
544.859
417.457
268.403
94.0272
4881.23
4712.73
4612.97
4510.13
4415.51
4327.7
4246.09
4170.29
4099.93
4034.64
3972.82
3911.95
3851
3789.97
3728.86
3667.68
3606.45
3545.16
3483.83
3422.46
3361.04
3299.6
3238.13
3176.62
3115.1
3053.56
2991.99
2930.41
2868.82
2807.21
2745.59
2683.97
2622.33
2560.68
2499.03
2437.36
2375.7
2314.02
2252.35
2190.67
2128.98
2067.29
2005.6
1943.91
1882.21
1820.51
1758.81
1697.11
1635.4
1573.7
1511.99
1450.28
1388.57
1326.87
1265.15
1203.44
1141.73
1080.02
1018.31
956.593
894.397
826.394
746.835
653.756
544.859
417.457
268.403
94.0268
4875.27
4710.32
4611.01
4509.05
4414.81
4327.26
4245.8
4170.11
4099.81
4034.56
3972.76
3911.91
3850.97
3789.95
3728.84
3667.67
3606.44
3545.16
3483.83
3422.45
3361.04
3299.6
3238.12
3176.62
3115.1
3053.55
2991.99
2930.41
2868.82
2807.21
2745.59
2683.96
2622.33
2560.68
2499.02
2437.36
2375.7
2314.02
2252.35
2190.67
2128.98
2067.29
2005.6
1943.91
1882.21
1820.51
1758.81
1697.11
1635.4
1573.7
1511.99
1450.28
1388.57
1326.86
1265.15
1203.44
1141.73
1080.02
1018.31
956.593
894.397
826.394
746.835
653.756
544.859
417.457
268.403
94.0264
4867.23
4707.6
4609
4508.09
4414.3
4327
4245.68
4170.06
4099.8
4034.57
3972.78
3911.94
3851
3789.97
3728.87
3667.69
3606.46
3545.17
3483.84
3422.46
3361.05
3299.6
3238.13
3176.62
3115.1
3053.56
2991.99
2930.41
2868.82
2807.21
2745.59
2683.96
2622.32
2560.68
2499.02
2437.36
2375.69
2314.02
2252.35
2190.66
2128.98
2067.29
2005.6
1943.91
1882.21
1820.51
1758.81
1697.11
1635.4
1573.7
1511.99
1450.28
1388.57
1326.86
1265.15
1203.44
1141.73
1080.02
1018.31
956.592
894.397
826.394
746.835
653.756
544.859
417.457
268.403
94.0257
4856.64
4704.9
4606.9
4507.17
4413.84
4326.77
4245.58
4170.02
4099.79
4034.58
3972.79
3911.95
3851.02
3789.99
3728.88
3667.7
3606.47
3545.18
3483.84
3422.46
3361.05
3299.6
3238.13
3176.62
3115.1
3053.55
2991.99
2930.41
2868.82
2807.21
2745.59
2683.96
2622.32
2560.67
2499.02
2437.36
2375.69
2314.02
2252.34
2190.66
2128.98
2067.29
2005.6
1943.9
1882.21
1820.51
1758.81
1697.11
1635.4
1573.7
1511.99
1450.28
1388.57
1326.86
1265.15
1203.44
1141.73
1080.02
1018.31
956.592
894.397
826.394
746.835
653.756
544.859
417.457
268.403
94.0249
4850.25
4709.95
4610.01
4510.13
4416.23
4328.62
4247.01
4171.13
4100.66
4035.27
3973.35
3912.4
3851.37
3790.27
3729.11
3667.89
3606.61
3545.3
3483.94
3422.54
3361.11
3299.65
3238.17
3176.66
3115.13
3053.58
2992.01
2930.43
2868.83
2807.22
2745.6
2683.97
2622.33
2560.68
2499.03
2437.37
2375.7
2314.03
2252.35
2190.67
2128.98
2067.29
2005.6
1943.91
1882.21
1820.51
1758.81
1697.11
1635.4
1573.7
1511.99
1450.28
1388.58
1326.87
1265.15
1203.44
1141.73
1080.02
1018.31
956.593
894.397
826.394
746.835
653.756
544.859
417.457
268.403
94.0244
4870.26
4714.47
4617.1
4512.49
4417.96
4329.54
4247.5
4171.38
4100.76
4035.28
3973.31
3912.33
3851.29
3790.19
3729.03
3667.81
3606.55
3545.24
3483.89
3422.5
3361.08
3299.63
3238.15
3176.65
3115.12
3053.58
2992.01
2930.43
2868.84
2807.23
2745.61
2683.98
2622.34
2560.69
2499.04
2437.37
2375.71
2314.03
2252.36
2190.67
2128.99
2067.3
2005.61
1943.91
1882.21
1820.52
1758.81
1697.11
1635.41
1573.7
1511.99
1450.29
1388.58
1326.87
1265.16
1203.44
1141.73
1080.02
1018.31
956.593
894.397
826.395
746.836
653.756
544.859
417.457
268.403
94.0254
4868.05
4711.03
4616.21
4511.62
4417.52
4329.26
4247.34
4171.27
4100.7
4035.24
3973.28
3912.32
3851.28
3790.18
3729.02
3667.81
3606.54
3545.23
3483.88
3422.5
3361.08
3299.63
3238.15
3176.64
3115.12
3053.57
2992.01
2930.43
2868.83
2807.22
2745.61
2683.98
2622.34
2560.69
2499.03
2437.37
2375.7
2314.03
2252.35
2190.67
2128.99
2067.3
2005.61
1943.91
1882.21
1820.51
1758.81
1697.11
1635.41
1573.7
1511.99
1450.28
1388.58
1326.87
1265.16
1203.44
1141.73
1080.02
1018.31
956.593
894.397
826.395
746.835
653.756
544.859
417.457
268.403
94.0252
4868.96
4708.82
4615.74
4511.01
4417.2
4329.05
4247.2
4171.19
4100.64
4035.2
3973.26
3912.3
3851.27
3790.17
3729.01
3667.8
3606.54
3545.23
3483.88
3422.49
3361.07
3299.62
3238.14
3176.64
3115.11
3053.57
2992
2930.42
2868.83
2807.22
2745.6
2683.97
2622.33
2560.69
2499.03
2437.37
2375.7
2314.03
2252.35
2190.67
2128.99
2067.3
2005.6
1943.91
1882.21
1820.51
1758.81
1697.11
1635.41
1573.7
1511.99
1450.28
1388.58
1326.87
1265.16
1203.44
1141.73
1080.02
1018.31
956.593
894.397
826.394
746.835
653.756
544.859
417.457
268.403
94.0252
4871.6
4708.02
4615.57
4510.7
4416.99
4328.9
4247.1
4171.12
4100.6
4035.17
3973.24
3912.29
3851.26
3790.17
3729.01
3667.8
3606.54
3545.23
3483.88
3422.49
3361.07
3299.62
3238.14
3176.64
3115.11
3053.57
2992
2930.42
2868.83
2807.22
2745.6
2683.97
2622.33
2560.69
2499.03
2437.37
2375.7
2314.03
2252.35
2190.67
2128.99
2067.3
2005.6
1943.91
1882.21
1820.51
1758.81
1697.11
1635.41
1573.7
1511.99
1450.28
1388.58
1326.87
1265.16
1203.44
1141.73
1080.02
1018.31
956.593
894.397
826.394
746.835
653.756
544.859
417.457
268.402
94.0254
4874.99
4708.17
4615.64
4510.64
4416.88
4328.82
4247.04
4171.07
4100.56
4035.15
3973.22
3912.28
3851.25
3790.16
3729.01
3667.8
3606.54
3545.23
3483.88
3422.49
3361.07
3299.62
3238.14
3176.64
3115.11
3053.56
2992
2930.42
2868.83
2807.22
2745.6
2683.97
2622.33
2560.68
2499.03
2437.37
2375.7
2314.03
2252.35
2190.67
2128.98
2067.3
2005.6
1943.91
1882.21
1820.51
1758.81
1697.11
1635.41
1573.7
1511.99
1450.28
1388.58
1326.87
1265.16
1203.44
1141.73
1080.02
1018.31
956.593
894.397
826.395
746.835
653.756
544.859
417.457
268.402
94.0256
4878.75
4709.04
4615.96
4510.8
4416.89
4328.81
4247.02
4171.06
4100.55
4035.14
3973.22
3912.28
3851.26
3790.16
3729.01
3667.8
3606.54
3545.23
3483.88
3422.49
3361.07
3299.62
3238.14
3176.64
3115.11
3053.57
2992
2930.42
2868.83
2807.22
2745.6
2683.97
2622.33
2560.68
2499.03
2437.37
2375.7
2314.03
2252.35
2190.67
2128.98
2067.3
2005.6
1943.91
1882.21
1820.51
1758.81
1697.11
1635.41
1573.7
1511.99
1450.28
1388.58
1326.87
1265.16
1203.44
1141.73
1080.02
1018.31
956.593
894.397
826.395
746.835
653.756
544.859
417.457
268.402
94.0259
4882.56
4710.43
4616.49
4511.16
4417.01
4328.88
4247.04
4171.07
4100.56
4035.15
3973.22
3912.28
3851.26
3790.17
3729.02
3667.81
3606.55
3545.24
3483.89
3422.5
3361.08
3299.63
3238.15
3176.64
3115.11
3053.57
2992
2930.42
2868.83
2807.22
2745.6
2683.97
2622.33
2560.68
2499.03
2437.37
2375.7
2314.03
2252.35
2190.67
2128.98
2067.3
2005.6
1943.91
1882.21
1820.51
1758.81
1697.11
1635.41
1573.7
1511.99
1450.29
1388.58
1326.87
1265.16
1203.44
1141.73
1080.02
1018.31
956.593
894.398
826.395
746.835
653.756
544.859
417.457
268.402
94.0262
4886.11
4712.08
4617.12
4511.65
4417.21
4329
4247.11
4171.11
4100.58
4035.17
3973.24
3912.29
3851.27
3790.18
3729.03
3667.82
3606.56
3545.25
3483.9
3422.51
3361.09
3299.63
3238.15
3176.65
3115.12
3053.57
2992.01
2930.43
2868.83
2807.22
2745.6
2683.97
2622.33
2560.69
2499.03
2437.37
2375.7
2314.03
2252.35
2190.67
2128.99
2067.3
2005.6
1943.91
1882.21
1820.51
1758.81
1697.11
1635.41
1573.7
1511.99
1450.29
1388.58
1326.87
1265.16
1203.44
1141.73
1080.02
1018.31
956.593
894.398
826.395
746.835
653.756
544.859
417.457
268.402
94.0265
4889.13
4713.75
4617.75
4512.16
4417.44
4329.14
4247.2
4171.16
4100.62
4035.19
3973.26
3912.31
3851.29
3790.2
3729.04
3667.83
3606.57
3545.26
3483.91
3422.52
3361.09
3299.64
3238.16
3176.65
3115.13
3053.58
2992.01
2930.43
2868.83
2807.23
2745.61
2683.97
2622.34
2560.69
2499.03
2437.37
2375.7
2314.03
2252.35
2190.67
2128.99
2067.3
2005.6
1943.91
1882.21
1820.51
1758.81
1697.11
1635.41
1573.7
1511.99
1450.29
1388.58
1326.87
1265.16
1203.44
1141.73
1080.02
1018.31
956.593
894.398
826.395
746.835
653.756
544.859
417.457
268.402
94.0268
4891.36
4715.18
4618.23
4512.61
4417.64
4329.27
4247.27
4171.21
4100.65
4035.22
3973.28
3912.33
3851.31
3790.21
3729.06
3667.85
3606.58
3545.27
3483.92
3422.53
3361.1
3299.65
3238.17
3176.66
3115.13
3053.58
2992.02
2930.43
2868.84
2807.23
2745.61
2683.98
2622.34
2560.69
2499.03
2437.37
2375.7
2314.03
2252.35
2190.67
2128.99
2067.3
2005.61
1943.91
1882.21
1820.51
1758.81
1697.11
1635.41
1573.7
1511.99
1450.29
1388.58
1326.87
1265.16
1203.44
1141.73
1080.02
1018.31
956.593
894.398
826.395
746.836
653.756
544.859
417.457
268.402
94.027
4892.53
4716.15
4618.41
4512.87
4417.74
4329.33
4247.31
4171.23
4100.67
4035.23
3973.29
3912.34
3851.32
3790.22
3729.07
3667.86
3606.59
3545.28
3483.93
3422.54
3361.11
3299.66
3238.18
3176.67
3115.14
3053.59
2992.02
2930.44
2868.84
2807.23
2745.61
2683.98
2622.34
2560.69
2499.04
2437.37
2375.71
2314.03
2252.35
2190.67
2128.99
2067.3
2005.61
1943.91
1882.21
1820.51
1758.81
1697.11
1635.41
1573.7
1511.99
1450.28
1388.58
1326.87
1265.16
1203.44
1141.73
1080.02
1018.31
956.593
894.398
826.395
746.836
653.756
544.859
417.457
268.402
94.0272
4892.37
4716.44
4618.15
4512.86
4417.67
4329.28
4247.27
4171.2
4100.65
4035.22
3973.28
3912.34
3851.32
3790.23
3729.07
3667.86
3606.6
3545.29
3483.94
3422.55
3361.12
3299.67
3238.18
3176.67
3115.14
3053.59
2992.03
2930.44
2868.85
2807.24
2745.61
2683.98
2622.34
2560.69
2499.04
2437.37
2375.71
2314.03
2252.36
2190.67
2128.99
2067.3
2005.61
1943.91
1882.21
1820.51
1758.81
1697.11
1635.41
1573.7
1511.99
1450.28
1388.58
1326.87
1265.16
1203.44
1141.73
1080.02
1018.31
956.593
894.397
826.395
746.836
653.756
544.859
417.457
268.402
94.0272
4890.57
4715.88
4617.33
4512.48
4417.37
4329.09
4247.14
4171.11
4100.59
4035.18
3973.25
3912.32
3851.31
3790.22
3729.07
3667.86
3606.6
3545.29
3483.94
3422.55
3361.13
3299.67
3238.19
3176.68
3115.15
3053.6
2992.03
2930.45
2868.85
2807.24
2745.62
2683.98
2622.34
2560.69
2499.04
2437.38
2375.71
2314.03
2252.36
2190.67
2128.99
2067.3
2005.61
1943.91
1882.21
1820.51
1758.81
1697.11
1635.41
1573.7
1511.99
1450.28
1388.58
1326.87
1265.16
1203.44
1141.73
1080.02
1018.31
956.593
894.397
826.395
746.836
653.756
544.859
417.457
268.402
94.0271
4886.86
4714.38
4615.92
4511.74
4416.86
4328.76
4246.92
4170.97
4100.49
4035.11
3973.21
3912.29
3851.29
3790.21
3729.07
3667.86
3606.6
3545.3
3483.94
3422.55
3361.13
3299.67
3238.19
3176.68
3115.15
3053.6
2992.03
2930.45
2868.85
2807.24
2745.62
2683.98
2622.34
2560.69
2499.04
2437.38
2375.71
2314.03
2252.36
2190.67
2128.99
2067.3
2005.61
1943.91
1882.21
1820.51
1758.81
1697.11
1635.41
1573.7
1511.99
1450.28
1388.58
1326.87
1265.16
1203.44
1141.73
1080.02
1018.31
956.593
894.397
826.395
746.836
653.756
544.859
417.457
268.403
94.0267
4880.92
4712.01
4613.97
4510.7
4416.19
4328.34
4246.66
4170.8
4100.39
4035.04
3973.17
3912.26
3851.27
3790.2
3729.06
3667.86
3606.6
3545.3
3483.95
3422.56
3361.13
3299.67
3238.19
3176.68
3115.15
3053.6
2992.03
2930.45
2868.85
2807.24
2745.61
2683.98
2622.34
2560.69
2499.04
2437.37
2375.71
2314.03
2252.35
2190.67
2128.99
2067.3
2005.61
1943.91
1882.21
1820.51
1758.81
1697.11
1635.41
1573.7
1511.99
1450.28
1388.58
1326.87
1265.16
1203.44
1141.73
1080.02
1018.31
956.593
894.397
826.395
746.835
653.756
544.859
417.457
268.403
94.0263
4872.97
4709.42
4612.01
4509.82
4415.74
4328.13
4246.58
4170.79
4100.41
4035.08
3973.21
3912.31
3851.31
3790.24
3729.1
3667.89
3606.63
3545.32
3483.96
3422.57
3361.14
3299.68
3238.2
3176.68
3115.15
3053.6
2992.03
2930.45
2868.85
2807.24
2745.61
2683.98
2622.34
2560.69
2499.04
2437.37
2375.71
2314.03
2252.35
2190.67
2128.99
2067.3
2005.6
1943.91
1882.21
1820.51
1758.81
1697.11
1635.41
1573.7
1511.99
1450.28
1388.58
1326.87
1265.16
1203.44
1141.73
1080.02
1018.31
956.593
894.397
826.394
746.835
653.756
544.859
417.457
268.403
94.0256
4862.34
4706.72
4609.82
4508.9
4415.26
4327.9
4246.48
4170.76
4100.4
4035.09
3973.23
3912.33
3851.34
3790.26
3729.12
3667.91
3606.64
3545.33
3483.97
3422.58
3361.15
3299.69
3238.2
3176.69
3115.15
3053.6
2992.03
2930.45
2868.85
2807.24
2745.61
2683.98
2622.34
2560.69
2499.04
2437.37
2375.7
2314.03
2252.35
2190.67
2128.99
2067.3
2005.6
1943.91
1882.21
1820.51
1758.81
1697.11
1635.41
1573.7
1511.99
1450.28
1388.58
1326.87
1265.16
1203.44
1141.73
1080.02
1018.31
956.593
894.397
826.394
746.835
653.756
544.859
417.457
268.403
94.0248
4856.04
4712.07
4612.92
4511.99
4417.71
4329.79
4247.94
4171.88
4101.28
4035.79
3973.79
3912.77
3851.69
3790.54
3729.34
3668.08
3606.78
3545.44
3484.06
3422.65
3361.2
3299.73
3238.24
3176.72
3115.18
3053.62
2992.05
2930.46
2868.86
2807.25
2745.62
2683.99
2622.35
2560.7
2499.04
2437.38
2375.71
2314.03
2252.36
2190.67
2128.99
2067.3
2005.61
1943.91
1882.21
1820.52
1758.81
1697.11
1635.41
1573.7
1511.99
1450.29
1388.58
1326.87
1265.16
1203.44
1141.73
1080.02
1018.31
956.593
894.398
826.395
746.836
653.756
544.859
417.457
268.403
94.0243
4874.49
4716.47
4619.46
4514
4419.25
4330.54
4248.32
4172.05
4101.32
4035.76
3973.72
3912.68
3851.59
3790.45
3729.25
3668
3606.71
3545.38
3484.01
3422.61
3361.18
3299.71
3238.22
3176.71
3115.18
3053.63
2992.06
2930.47
2868.87
2807.26
2745.64
2684
2622.36
2560.71
2499.05
2437.39
2375.72
2314.04
2252.37
2190.68
2129
2067.31
2005.61
1943.92
1882.22
1820.52
1758.82
1697.11
1635.41
1573.7
1512
1450.29
1388.58
1326.87
1265.16
1203.44
1141.73
1080.02
1018.31
956.593
894.398
826.395
746.836
653.757
544.86
417.457
268.403
94.0252
4872.21
4712.95
4618.59
4513.11
4418.82
4330.27
4248.16
4171.95
4101.26
4035.72
3973.69
3912.67
3851.58
3790.44
3729.25
3668
3606.71
3545.38
3484.01
3422.61
3361.17
3299.71
3238.22
3176.71
3115.17
3053.62
2992.05
2930.47
2868.87
2807.25
2745.63
2684
2622.36
2560.71
2499.05
2437.39
2375.72
2314.04
2252.36
2190.68
2128.99
2067.3
2005.61
1943.92
1882.22
1820.52
1758.82
1697.11
1635.41
1573.7
1512
1450.29
1388.58
1326.87
1265.16
1203.44
1141.73
1080.02
1018.31
956.593
894.398
826.395
746.836
653.757
544.859
417.457
268.403
94.025
4873.13
4710.72
4618.16
4512.48
4418.5
4330.06
4248.03
4171.87
4101.21
4035.69
3973.67
3912.66
3851.58
3790.44
3729.24
3668
3606.71
3545.38
3484.01
3422.61
3361.17
3299.71
3238.22
3176.7
3115.17
3053.62
2992.05
2930.46
2868.86
2807.25
2745.63
2684
2622.36
2560.71
2499.05
2437.39
2375.72
2314.04
2252.36
2190.68
2128.99
2067.3
2005.61
1943.92
1882.22
1820.52
1758.82
1697.11
1635.41
1573.7
1512
1450.29
1388.58
1326.87
1265.16
1203.44
1141.73
1080.02
1018.31
956.593
894.398
826.395
746.836
653.757
544.859
417.457
268.403
94.025
4875.79
4709.88
4618.01
4512.16
4418.29
4329.91
4247.93
4171.8
4101.17
4035.66
3973.65
3912.64
3851.57
3790.43
3729.24
3668
3606.71
3545.38
3484.01
3422.6
3361.17
3299.71
3238.22
3176.7
3115.17
3053.62
2992.05
2930.46
2868.86
2807.25
2745.63
2684
2622.35
2560.7
2499.05
2437.38
2375.72
2314.04
2252.36
2190.68
2128.99
2067.3
2005.61
1943.92
1882.22
1820.52
1758.82
1697.11
1635.41
1573.7
1512
1450.29
1388.58
1326.87
1265.16
1203.45
1141.73
1080.02
1018.31
956.593
894.398
826.395
746.836
653.756
544.859
417.457
268.402
94.0252
4879.21
4709.96
4618.11
4512.08
4418.18
4329.83
4247.86
4171.76
4101.14
4035.64
3973.64
3912.64
3851.56
3790.43
3729.24
3668
3606.71
3545.38
3484.01
3422.61
3361.17
3299.71
3238.22
3176.7
3115.17
3053.62
2992.05
2930.46
2868.86
2807.25
2745.63
2683.99
2622.35
2560.7
2499.05
2437.38
2375.71
2314.04
2252.36
2190.68
2128.99
2067.3
2005.61
1943.92
1882.22
1820.52
1758.82
1697.11
1635.41
1573.7
1512
1450.29
1388.58
1326.87
1265.16
1203.45
1141.73
1080.02
1018.31
956.594
894.398
826.395
746.836
653.756
544.859
417.457
268.402
94.0254
4883.02
4710.78
4618.46
4512.24
4418.19
4329.82
4247.84
4171.74
4101.12
4035.63
3973.63
3912.63
3851.56
3790.43
3729.24
3668
3606.71
3545.38
3484.01
3422.61
3361.17
3299.71
3238.22
3176.7
3115.17
3053.62
2992.05
2930.46
2868.86
2807.25
2745.63
2683.99
2622.35
2560.7
2499.05
2437.38
2375.71
2314.04
2252.36
2190.68
2128.99
2067.3
2005.61
1943.92
1882.22
1820.52
1758.82
1697.11
1635.41
1573.7
1512
1450.29
1388.58
1326.87
1265.16
1203.45
1141.73
1080.02
1018.31
956.594
894.398
826.395
746.836
653.757
544.859
417.457
268.402
94.0258
4886.89
4712.11
4619.01
4512.59
4418.3
4329.88
4247.86
4171.75
4101.13
4035.63
3973.64
3912.64
3851.57
3790.44
3729.25
3668.01
3606.72
3545.39
3484.02
3422.61
3361.18
3299.71
3238.22
3176.71
3115.17
3053.62
2992.05
2930.46
2868.86
2807.25
2745.63
2683.99
2622.35
2560.7
2499.05
2437.38
2375.71
2314.04
2252.36
2190.68
2128.99
2067.3
2005.61
1943.92
1882.22
1820.52
1758.82
1697.11
1635.41
1573.7
1512
1450.29
1388.58
1326.87
1265.16
1203.45
1141.73
1080.02
1018.31
956.594
894.398
826.395
746.836
653.757
544.859
417.457
268.402
94.0261
4890.52
4713.71
4619.67
4513.07
4418.49
4329.99
4247.92
4171.78
4101.15
4035.64
3973.65
3912.65
3851.58
3790.45
3729.26
3668.02
3606.73
3545.4
3484.03
3422.62
3361.18
3299.72
3238.23
3176.71
3115.18
3053.62
2992.05
2930.46
2868.86
2807.25
2745.63
2684
2622.35
2560.7
2499.05
2437.38
2375.71
2314.04
2252.36
2190.68
2128.99
2067.3
2005.61
1943.92
1882.22
1820.52
1758.82
1697.11
1635.41
1573.7
1512
1450.29
1388.58
1326.87
1265.16
1203.45
1141.73
1080.02
1018.31
956.594
894.398
826.395
746.836
653.757
544.859
417.457
268.402
94.0263
4893.62
4715.34
4620.31
4513.58
4418.72
4330.13
4248
4171.83
4101.18
4035.67
3973.66
3912.66
3851.59
3790.46
3729.27
3668.03
3606.74
3545.41
3484.03
3422.63
3361.19
3299.72
3238.23
3176.72
3115.18
3053.63
2992.06
2930.47
2868.87
2807.25
2745.63
2684
2622.36
2560.71
2499.05
2437.38
2375.72
2314.04
2252.36
2190.68
2128.99
2067.3
2005.61
1943.92
1882.22
1820.52
1758.82
1697.11
1635.41
1573.7
1512
1450.29
1388.58
1326.87
1265.16
1203.45
1141.73
1080.02
1018.31
956.594
894.398
826.395
746.836
653.757
544.859
417.457
268.402
94.0266
4895.92
4716.74
4620.81
4514.03
4418.92
4330.26
4248.08
4171.87
4101.21
4035.69
3973.68
3912.68
3851.6
3790.47
3729.28
3668.04
3606.75
3545.42
3484.04
3422.64
3361.2
3299.73
3238.24
3176.72
3115.19
3053.63
2992.06
2930.47
2868.87
2807.26
2745.63
2684
2622.36
2560.71
2499.05
2437.39
2375.72
2314.04
2252.36
2190.68
2128.99
2067.3
2005.61
1943.92
1882.22
1820.52
1758.82
1697.11
1635.41
1573.7
1512
1450.29
1388.58
1326.87
1265.16
1203.45
1141.73
1080.02
1018.31
956.594
894.398
826.395
746.836
653.757
544.859
417.457
268.402
94.0268
4897.17
4717.69
4621.02
4514.31
4419.01
4330.32
4248.11
4171.89
4101.22
4035.7
3973.69
3912.69
3851.61
3790.48
3729.29
3668.05
3606.76
3545.43
3484.05
3422.65
3361.21
3299.74
3238.25
3176.73
3115.19
3053.64
2992.06
2930.48
2868.87
2807.26
2745.64
2684
2622.36
2560.71
2499.05
2437.39
2375.72
2314.04
2252.36
2190.68
2128.99
2067.3
2005.61
1943.92
1882.22
1820.52
1758.82
1697.11
1635.41
1573.7
1512
1450.29
1388.58
1326.87
1265.16
1203.45
1141.73
1080.02
1018.31
956.593
894.398
826.395
746.836
653.757
544.859
417.457
268.402
94.027
4897.07
4717.98
4620.78
4514.31
4418.95
4330.28
4248.08
4171.87
4101.2
4035.69
3973.69
3912.68
3851.62
3790.48
3729.3
3668.06
3606.77
3545.43
3484.06
3422.66
3361.22
3299.75
3238.25
3176.74
3115.2
3053.64
2992.07
2930.48
2868.88
2807.26
2745.64
2684
2622.36
2560.71
2499.05
2437.39
2375.72
2314.04
2252.36
2190.68
2128.99
2067.3
2005.61
1943.92
1882.22
1820.52
1758.82
1697.11
1635.41
1573.7
1511.99
1450.29
1388.58
1326.87
1265.16
1203.44
1141.73
1080.02
1018.31
956.593
894.398
826.395
746.836
653.757
544.859
417.457
268.402
94.027
4895.34
4717.42
4619.99
4513.96
4418.66
4330.1
4247.95
4171.79
4101.15
4035.65
3973.66
3912.67
3851.61
3790.48
3729.3
3668.06
3606.77
3545.44
3484.07
3422.66
3361.22
3299.75
3238.26
3176.74
3115.2
3053.65
2992.07
2930.48
2868.88
2807.27
2745.64
2684.01
2622.36
2560.71
2499.05
2437.39
2375.72
2314.04
2252.36
2190.68
2128.99
2067.3
2005.61
1943.92
1882.22
1820.52
1758.82
1697.11
1635.41
1573.7
1511.99
1450.29
1388.58
1326.87
1265.16
1203.44
1141.73
1080.02
1018.31
956.593
894.398
826.395
746.836
653.757
544.859
417.457
268.402
94.0269
4891.67
4715.96
4618.6
4513.25
4418.17
4329.79
4247.76
4171.66
4101.07
4035.6
3973.63
3912.65
3851.6
3790.48
3729.3
3668.06
3606.78
3545.44
3484.07
3422.67
3361.23
3299.76
3238.26
3176.74
3115.21
3053.65
2992.07
2930.48
2868.88
2807.27
2745.64
2684.01
2622.36
2560.71
2499.05
2437.39
2375.72
2314.04
2252.36
2190.68
2128.99
2067.3
2005.61
1943.92
1882.22
1820.52
1758.82
1697.11
1635.41
1573.7
1511.99
1450.29
1388.58
1326.87
1265.16
1203.45
1141.73
1080.02
1018.31
956.593
894.398
826.395
746.836
653.756
544.859
417.457
268.402
94.0266
4885.76
4713.61
4616.66
4512.23
4417.52
4329.39
4247.51
4171.5
4100.97
4035.54
3973.59
3912.63
3851.59
3790.47
3729.3
3668.06
3606.78
3545.45
3484.08
3422.67
3361.23
3299.76
3238.27
3176.75
3115.21
3053.65
2992.07
2930.48
2868.88
2807.27
2745.64
2684.01
2622.36
2560.71
2499.05
2437.39
2375.72
2314.04
2252.36
2190.68
2128.99
2067.3
2005.61
1943.92
1882.22
1820.52
1758.82
1697.11
1635.41
1573.7
1511.99
1450.29
1388.58
1326.87
1265.16
1203.45
1141.73
1080.02
1018.31
956.593
894.398
826.395
746.836
653.756
544.859
417.457
268.402
94.0261
4877.87
4711.14
4614.75
4511.43
4417.1
4329.22
4247.46
4171.52
4101.01
4035.59
3973.65
3912.69
3851.64
3790.52
3729.34
3668.1
3606.81
3545.47
3484.1
3422.69
3361.24
3299.77
3238.27
3176.75
3115.21
3053.65
2992.08
2930.49
2868.88
2807.27
2745.64
2684.01
2622.36
2560.71
2499.05
2437.39
2375.72
2314.04
2252.36
2190.68
2128.99
2067.3
2005.61
1943.92
1882.22
1820.52
1758.82
1697.11
1635.41
1573.7
1512
1450.29
1388.58
1326.87
1265.16
1203.45
1141.73
1080.02
1018.31
956.593
894.398
826.395
746.836
653.756
544.859
417.457
268.403
94.0255
4867.22
4708.42
4612.47
4510.5
4416.61
4328.98
4247.36
4171.48
4101.01
4035.61
3973.67
3912.71
3851.67
3790.55
3729.36
3668.12
3606.83
3545.49
3484.11
3422.7
3361.25
3299.78
3238.28
3176.76
3115.21
3053.65
2992.08
2930.49
2868.88
2807.27
2745.64
2684.01
2622.36
2560.71
2499.05
2437.39
2375.72
2314.04
2252.36
2190.68
2128.99
2067.3
2005.61
1943.92
1882.22
1820.52
1758.82
1697.11
1635.41
1573.7
1512
1450.29
1388.58
1326.87
1265.16
1203.45
1141.73
1080.02
1018.31
956.593
894.398
826.395
746.836
653.756
544.859
417.457
268.403
94.0247
4860.99
4714.02
4615.54
4513.69
4419.1
4330.9
4248.83
4172.62
4101.9
4036.31
3974.23
3913.15
3852.02
3790.82
3729.58
3668.29
3606.96
3545.6
3484.2
3422.77
3361.31
3299.82
3238.31
3176.79
3115.24
3053.67
2992.09
2930.5
2868.89
2807.28
2745.65
2684.01
2622.37
2560.72
2499.06
2437.39
2375.72
2314.05
2252.37
2190.68
2129
2067.31
2005.61
1943.92
1882.22
1820.52
1758.82
1697.11
1635.41
1573.7
1512
1450.29
1388.58
1326.87
1265.16
1203.45
1141.73
1080.02
1018.31
956.594
894.398
826.395
746.836
653.757
544.86
417.457
268.403
94.0243
4878.14
4718.53
4621.61
4515.48
4420.5
4331.54
4249.14
4172.73
4101.9
4036.25
3974.14
3913.05
3851.91
3790.72
3729.49
3668.21
3606.89
3545.54
3484.15
3422.73
3361.28
3299.81
3238.31
3176.78
3115.24
3053.68
2992.1
2930.51
2868.91
2807.29
2745.66
2684.03
2622.38
2560.73
2499.07
2437.4
2375.73
2314.06
2252.38
2190.69
2129
2067.31
2005.62
1943.92
1882.22
1820.52
1758.82
1697.12
1635.41
1573.71
1512
1450.29
1388.58
1326.87
1265.16
1203.45
1141.73
1080.02
1018.31
956.594
894.398
826.395
746.836
653.757
544.86
417.457
268.403
94.025
4875.82
4714.99
4620.74
4514.57
4420.07
4331.26
4248.98
4172.64
4101.84
4036.22
3974.12
3913.04
3851.9
3790.72
3729.49
3668.21
3606.89
3545.54
3484.15
3422.73
3361.28
3299.8
3238.3
3176.78
3115.24
3053.68
2992.1
2930.51
2868.9
2807.29
2745.66
2684.03
2622.38
2560.73
2499.07
2437.4
2375.73
2314.06
2252.38
2190.69
2129
2067.31
2005.62
1943.92
1882.22
1820.52
1758.82
1697.12
1635.41
1573.71
1512
1450.29
1388.58
1326.87
1265.16
1203.45
1141.73
1080.02
1018.31
956.594
894.398
826.395
746.836
653.757
544.86
417.457
268.403
94.0248
4876.74
4712.75
4620.32
4513.94
4419.76
4331.05
4248.85
4172.56
4101.79
4036.18
3974.1
3913.03
3851.9
3790.72
3729.49
3668.21
3606.89
3545.54
3484.15
3422.73
3361.28
3299.8
3238.3
3176.78
3115.23
3053.67
2992.1
2930.51
2868.9
2807.29
2745.66
2684.02
2622.38
2560.73
2499.07
2437.4
2375.73
2314.05
2252.37
2190.69
2129
2067.31
2005.62
1943.92
1882.22
1820.52
1758.82
1697.12
1635.41
1573.71
1512
1450.29
1388.58
1326.87
1265.16
1203.45
1141.73
1080.02
1018.31
956.594
894.399
826.396
746.836
653.757
544.86
417.457
268.403
94.0248
4879.4
4711.89
4620.2
4513.6
4419.56
4330.91
4248.75
4172.49
4101.75
4036.16
3974.08
3913.02
3851.89
3790.71
3729.48
3668.21
3606.89
3545.54
3484.15
3422.73
3361.28
3299.8
3238.3
3176.78
3115.23
3053.67
2992.1
2930.51
2868.9
2807.29
2745.66
2684.02
2622.38
2560.73
2499.07
2437.4
2375.73
2314.05
2252.37
2190.69
2129
2067.31
2005.62
1943.92
1882.22
1820.52
1758.82
1697.12
1635.41
1573.71
1512
1450.29
1388.58
1326.87
1265.16
1203.45
1141.73
1080.02
1018.31
956.594
894.399
826.396
746.836
653.757
544.86
417.457
268.402
94.025
4882.82
4711.94
4620.31
4513.52
4419.44
4330.82
4248.69
4172.44
4101.72
4036.14
3974.07
3913.01
3851.89
3790.71
3729.48
3668.21
3606.89
3545.54
3484.15
3422.73
3361.28
3299.8
3238.3
3176.78
3115.23
3053.67
2992.1
2930.5
2868.9
2807.28
2745.66
2684.02
2622.38
2560.72
2499.07
2437.4
2375.73
2314.05
2252.37
2190.69
2129
2067.31
2005.62
1943.92
1882.22
1820.52
1758.82
1697.12
1635.41
1573.71
1512
1450.29
1388.58
1326.87
1265.16
1203.45
1141.73
1080.02
1018.31
956.595
894.399
826.396
746.836
653.757
544.859
417.457
268.402
94.0252
4886.65
4712.73
4620.67
4513.66
4419.44
4330.81
4248.66
4172.42
4101.7
4036.12
3974.06
3913.01
3851.89
3790.71
3729.49
3668.21
3606.9
3545.54
3484.15
3422.73
3361.28
3299.8
3238.3
3176.78
3115.23
3053.67
2992.1
2930.5
2868.9
2807.28
2745.66
2684.02
2622.38
2560.72
2499.06
2437.4
2375.73
2314.05
2252.37
2190.69
2129
2067.31
2005.62
1943.92
1882.22
1820.52
1758.82
1697.12
1635.41
1573.71
1512
1450.29
1388.58
1326.87
1265.16
1203.45
1141.73
1080.02
1018.31
956.595
894.399
826.396
746.836
653.757
544.859
417.457
268.402
94.0255
4890.56
4714.04
4621.24
4514.01
4419.55
4330.87
4248.68
4172.43
4101.7
4036.12
3974.06
3913.01
3851.89
3790.72
3729.49
3668.22
3606.9
3545.55
3484.16
3422.74
3361.28
3299.81
3238.3
3176.78
3115.24
3053.68
2992.1
2930.51
2868.9
2807.28
2745.66
2684.02
2622.38
2560.72
2499.06
2437.4
2375.73
2314.05
2252.37
2190.69
2129
2067.31
2005.62
1943.92
1882.22
1820.52
1758.82
1697.12
1635.41
1573.71
1512
1450.29
1388.58
1326.87
1265.16
1203.45
1141.73
1080.02
1018.31
956.595
894.399
826.396
746.836
653.757
544.86
417.457
268.402
94.0258
4894.23
4715.62
4621.91
4514.49
4419.74
4330.98
4248.74
4172.46
4101.72
4036.14
3974.07
3913.02
3851.9
3790.72
3729.5
3668.23
3606.91
3545.56
3484.17
3422.74
3361.29
3299.81
3238.31
3176.78
3115.24
3053.68
2992.1
2930.51
2868.9
2807.29
2745.66
2684.02
2622.38
2560.72
2499.07
2437.4
2375.73
2314.05
2252.37
2190.69
2129
2067.31
2005.62
1943.92
1882.22
1820.52
1758.82
1697.12
1635.41
1573.71
1512
1450.29
1388.58
1326.87
1265.16
1203.45
1141.73
1080.02
1018.31
956.595
894.399
826.396
746.836
653.757
544.86
417.457
268.402
94.0261
4897.37
4717.23
4622.57
4515.01
4419.97
4331.12
4248.82
4172.51
4101.75
4036.16
3974.09
3913.03
3851.91
3790.73
3729.51
3668.24
3606.92
3545.56
3484.17
3422.75
3361.3
3299.82
3238.31
3176.79
3115.24
3053.68
2992.1
2930.51
2868.91
2807.29
2745.66
2684.02
2622.38
2560.73
2499.07
2437.4
2375.73
2314.05
2252.37
2190.69
2129
2067.31
2005.62
1943.92
1882.22
1820.52
1758.82
1697.12
1635.41
1573.71
1512
1450.29
1388.58
1326.87
1265.16
1203.45
1141.73
1080.02
1018.31
956.595
894.399
826.396
746.836
653.757
544.86
417.457
268.402
94.0263
4899.73
4718.63
4623.09
4515.46
4420.16
4331.25
4248.89
4172.55
4101.78
4036.18
3974.1
3913.04
3851.92
3790.75
3729.52
3668.25
3606.93
3545.57
3484.18
3422.76
3361.31
3299.83
3238.32
3176.8
3115.25
3053.69
2992.11
2930.51
2868.91
2807.29
2745.66
2684.03
2622.38
2560.73
2499.07
2437.4
2375.73
2314.05
2252.37
2190.69
2129
2067.31
2005.62
1943.92
1882.22
1820.52
1758.82
1697.12
1635.41
1573.71
1512
1450.29
1388.58
1326.87
1265.16
1203.45
1141.73
1080.02
1018.31
956.595
894.399
826.396
746.836
653.757
544.86
417.457
268.402
94.0266
4901.03
4719.58
4623.31
4515.74
4420.26
4331.31
4248.92
4172.57
4101.79
4036.19
3974.11
3913.05
3851.93
3790.75
3729.53
3668.26
3606.94
3545.58
3484.19
3422.77
3361.31
3299.83
3238.33
3176.8
3115.26
3053.69
2992.11
2930.52
2868.91
2807.29
2745.67
2684.03
2622.38
2560.73
2499.07
2437.4
2375.73
2314.06
2252.37
2190.69
2129
2067.31
2005.62
1943.92
1882.22
1820.52
1758.82
1697.12
1635.41
1573.71
1512
1450.29
1388.58
1326.87
1265.16
1203.45
1141.73
1080.02
1018.31
956.594
894.399
826.396
746.836
653.757
544.86
417.458
268.402
94.0267
4900.98
4719.87
4623.09
4515.76
4420.2
4331.27
4248.89
4172.55
4101.78
4036.18
3974.11
3913.05
3851.93
3790.76
3729.53
3668.26
3606.95
3545.59
3484.2
3422.78
3361.32
3299.84
3238.33
3176.81
3115.26
3053.7
2992.12
2930.52
2868.92
2807.3
2745.67
2684.03
2622.38
2560.73
2499.07
2437.4
2375.73
2314.06
2252.38
2190.69
2129
2067.31
2005.62
1943.92
1882.22
1820.52
1758.82
1697.12
1635.41
1573.7
1512
1450.29
1388.58
1326.87
1265.16
1203.45
1141.73
1080.02
1018.31
956.594
894.399
826.396
746.836
653.757
544.86
417.457
268.402
94.0267
4899.29
4719.33
4622.31
4515.42
4419.92
4331.1
4248.78
4172.47
4101.73
4036.14
3974.09
3913.04
3851.93
3790.76
3729.54
3668.27
3606.95
3545.6
3484.21
3422.78
3361.33
3299.85
3238.34
3176.81
3115.27
3053.7
2992.12
2930.53
2868.92
2807.3
2745.67
2684.03
2622.39
2560.73
2499.07
2437.4
2375.73
2314.06
2252.38
2190.69
2129
2067.31
2005.62
1943.92
1882.22
1820.52
1758.82
1697.12
1635.41
1573.7
1512
1450.29
1388.58
1326.87
1265.16
1203.45
1141.73
1080.02
1018.31
956.594
894.399
826.396
746.836
653.757
544.86
417.457
268.402
94.0266
4895.66
4717.89
4620.95
4514.74
4419.45
4330.81
4248.59
4172.35
4101.65
4036.1
3974.06
3913.02
3851.92
3790.76
3729.54
3668.27
3606.96
3545.61
3484.21
3422.79
3361.33
3299.85
3238.35
3176.82
3115.27
3053.7
2992.12
2930.53
2868.92
2807.3
2745.67
2684.03
2622.39
2560.73
2499.07
2437.41
2375.73
2314.06
2252.38
2190.69
2129
2067.31
2005.62
1943.92
1882.22
1820.52
1758.82
1697.12
1635.41
1573.7
1512
1450.29
1388.58
1326.87
1265.16
1203.45
1141.73
1080.02
1018.31
956.594
894.399
826.396
746.836
653.757
544.859
417.457
268.402
94.0263
4889.78
4715.57
4619.02
4513.75
4418.81
4330.43
4248.36
4172.21
4101.57
4036.05
3974.03
3913.01
3851.92
3790.76
3729.55
3668.28
3606.97
3545.61
3484.22
3422.8
3361.34
3299.86
3238.35
3176.82
3115.27
3053.71
2992.12
2930.53
2868.92
2807.3
2745.67
2684.03
2622.39
2560.73
2499.07
2437.4
2375.73
2314.06
2252.38
2190.69
2129
2067.31
2005.62
1943.92
1882.22
1820.52
1758.82
1697.12
1635.41
1573.7
1512
1450.29
1388.58
1326.87
1265.16
1203.45
1141.73
1080.02
1018.31
956.594
894.399
826.396
746.836
653.757
544.86
417.457
268.402
94.0259
4881.93
4713.17
4617.14
4512.99
4418.43
4330.28
4248.33
4172.24
4101.63
4036.12
3974.1
3913.08
3851.98
3790.81
3729.59
3668.32
3607
3545.64
3484.24
3422.81
3361.35
3299.87
3238.36
3176.83
3115.28
3053.71
2992.13
2930.53
2868.92
2807.3
2745.67
2684.03
2622.39
2560.73
2499.07
2437.4
2375.73
2314.06
2252.38
2190.69
2129
2067.31
2005.62
1943.92
1882.22
1820.52
1758.82
1697.12
1635.41
1573.71
1512
1450.29
1388.58
1326.87
1265.16
1203.45
1141.73
1080.02
1018.31
956.594
894.399
826.395
746.836
653.757
544.86
417.457
268.403
94.0253
4871.3
4710.46
4614.83
4512.07
4417.93
4330.05
4248.23
4172.21
4101.63
4036.14
3974.13
3913.11
3852.01
3790.84
3729.62
3668.34
3607.02
3545.66
3484.26
3422.83
3361.36
3299.88
3238.36
3176.83
3115.28
3053.71
2992.13
2930.53
2868.92
2807.3
2745.67
2684.03
2622.39
2560.73
2499.07
2437.4
2375.73
2314.06
2252.38
2190.69
2129
2067.31
2005.62
1943.92
1882.22
1820.52
1758.82
1697.12
1635.41
1573.71
1512
1450.29
1388.58
1326.87
1265.16
1203.45
1141.73
1080.02
1018.31
956.594
894.399
826.396
746.836
653.757
544.859
417.457
268.403
94.0246
4865.14
4716.16
4617.87
4515.31
4420.44
4331.98
4249.71
4173.35
4102.51
4036.83
3974.68
3913.54
3852.35
3791.11
3729.83
3668.51
3607.15
3545.76
3484.34
3422.89
3361.42
3299.92
3238.4
3176.86
3115.3
3053.73
2992.14
2930.54
2868.93
2807.31
2745.68
2684.04
2622.39
2560.74
2499.07
2437.41
2375.74
2314.06
2252.38
2190.69
2129
2067.31
2005.62
1943.92
1882.22
1820.52
1758.82
1697.12
1635.41
1573.71
1512
1450.29
1388.58
1326.87
1265.16
1203.45
1141.73
1080.02
1018.31
956.595
894.399
826.396
746.836
653.757
544.86
417.457
268.403
94.0241
4881.5
4720.68
4623.66
4516.98
4421.76
4332.56
4249.99
4173.44
4102.51
4036.77
3974.59
3913.44
3852.25
3791.02
3729.75
3668.44
3607.09
3545.72
3484.31
3422.87
3361.4
3299.91
3238.4
3176.86
3115.31
3053.74
2992.16
2930.56
2868.95
2807.33
2745.7
2684.06
2622.41
2560.75
2499.09
2437.42
2375.75
2314.07
2252.39
2190.7
2129.01
2067.32
2005.63
1943.93
1882.23
1820.53
1758.83
1697.12
1635.42
1573.71
1512
1450.29
1388.58
1326.87
1265.16
1203.45
1141.74
1080.02
1018.31
956.595
894.399
826.396
746.837
653.757
544.86
417.458
268.403
94.0247
4879.16
4717.12
4622.8
4516.06
4421.34
4332.29
4249.84
4173.35
4102.45
4036.74
3974.58
3913.44
3852.25
3791.02
3729.75
3668.44
3607.1
3545.72
3484.31
3422.87
3361.4
3299.91
3238.4
3176.86
3115.31
3053.74
2992.16
2930.56
2868.95
2807.33
2745.7
2684.06
2622.41
2560.75
2499.09
2437.42
2375.75
2314.07
2252.39
2190.7
2129.01
2067.32
2005.63
1943.93
1882.23
1820.53
1758.83
1697.12
1635.42
1573.71
1512
1450.29
1388.58
1326.87
1265.16
1203.45
1141.74
1080.02
1018.31
956.595
894.399
826.396
746.837
653.757
544.86
417.458
268.403
94.0245
4880.07
4714.88
4622.39
4515.42
4421.03
4332.08
4249.71
4173.28
4102.41
4036.71
3974.56
3913.43
3852.25
3791.02
3729.75
3668.44
3607.1
3545.72
3484.31
3422.87
3361.4
3299.91
3238.39
3176.86
3115.31
3053.74
2992.15
2930.56
2868.95
2807.33
2745.69
2684.05
2622.41
2560.75
2499.09
2437.42
2375.75
2314.07
2252.39
2190.7
2129.01
2067.32
2005.63
1943.93
1882.23
1820.53
1758.83
1697.12
1635.42
1573.71
1512
1450.29
1388.58
1326.87
1265.16
1203.45
1141.74
1080.02
1018.31
956.595
894.399
826.396
746.837
653.757
544.86
417.458
268.403
94.0245
4882.71
4714.01
4622.27
4515.08
4420.83
4331.93
4249.61
4173.21
4102.36
4036.69
3974.54
3913.42
3852.24
3791.02
3729.75
3668.44
3607.1
3545.72
3484.31
3422.87
3361.4
3299.91
3238.39
3176.86
3115.31
3053.74
2992.15
2930.56
2868.95
2807.32
2745.69
2684.05
2622.4
2560.75
2499.09
2437.42
2375.75
2314.07
2252.39
2190.7
2129.01
2067.32
2005.63
1943.93
1882.23
1820.53
1758.83
1697.12
1635.42
1573.71
1512
1450.29
1388.58
1326.87
1265.16
1203.45
1141.74
1080.02
1018.31
956.595
894.4
826.396
746.837
653.757
544.86
417.458
268.402
94.0247
4886.13
4714.05
4622.39
4514.99
4420.72
4331.85
4249.54
4173.16
4102.33
4036.66
3974.53
3913.41
3852.24
3791.02
3729.75
3668.44
3607.1
3545.72
3484.31
3422.87
3361.4
3299.91
3238.39
3176.86
3115.31
3053.74
2992.15
2930.55
2868.94
2807.32
2745.69
2684.05
2622.4
2560.75
2499.09
2437.42
2375.75
2314.07
2252.39
2190.7
2129.01
2067.32
2005.63
1943.93
1882.23
1820.53
1758.83
1697.12
1635.42
1573.71
1512
1450.29
1388.58
1326.87
1265.16
1203.45
1141.74
1080.02
1018.31
956.595
894.4
826.396
746.837
653.757
544.86
417.457
268.402
94.0249
4889.97
4714.83
4622.76
4515.14
4420.71
4331.83
4249.52
4173.14
4102.31
4036.65
3974.52
3913.41
3852.24
3791.02
3729.75
3668.45
3607.1
3545.72
3484.31
3422.87
3361.4
3299.91
3238.4
3176.86
3115.31
3053.74
2992.15
2930.56
2868.94
2807.32
2745.69
2684.05
2622.4
2560.75
2499.09
2437.42
2375.75
2314.07
2252.39
2190.7
2129.01
2067.32
2005.63
1943.93
1882.23
1820.53
1758.83
1697.12
1635.42
1573.71
1512
1450.29
1388.58
1326.87
1265.16
1203.45
1141.74
1080.02
1018.31
956.596
894.4
826.397
746.837
653.757
544.86
417.457
268.402
94.0252
4893.9
4716.13
4623.33
4515.48
4420.82
4331.89
4249.54
4173.15
4102.32
4036.65
3974.52
3913.41
3852.24
3791.02
3729.76
3668.45
3607.11
3545.73
3484.32
3422.87
3361.41
3299.91
3238.4
3176.86
3115.31
3053.74
2992.15
2930.56
2868.95
2807.32
2745.69
2684.05
2622.4
2560.75
2499.09
2437.42
2375.75
2314.07
2252.39
2190.7
2129.01
2067.32
2005.63
1943.93
1882.23
1820.53
1758.83
1697.12
1635.42
1573.71
1512
1450.29
1388.58
1326.87
1265.16
1203.45
1141.74
1080.02
1018.31
956.596
894.4
826.397
746.837
653.757
544.86
417.458
268.402
94.0255
4897.59
4717.71
4624.01
4515.96
4421.01
4332
4249.59
4173.18
4102.33
4036.66
3974.53
3913.41
3852.25
3791.03
3729.76
3668.46
3607.11
3545.73
3484.32
3422.88
3361.41
3299.92
3238.4
3176.87
3115.31
3053.74
2992.16
2930.56
2868.95
2807.33
2745.69
2684.05
2622.4
2560.75
2499.09
2437.42
2375.75
2314.07
2252.39
2190.7
2129.01
2067.32
2005.63
1943.93
1882.23
1820.53
1758.83
1697.12
1635.42
1573.71
1512
1450.29
1388.58
1326.87
1265.16
1203.45
1141.74
1080.02
1018.31
956.596
894.4
826.397
746.837
653.757
544.86
417.458
268.402
94.0258
4900.76
4719.32
4624.68
4516.48
4421.23
4332.14
4249.67
4173.22
4102.36
4036.68
3974.54
3913.43
3852.26
3791.04
3729.77
3668.47
3607.12
3545.74
3484.33
3422.89
3361.42
3299.92
3238.41
3176.87
3115.32
3053.75
2992.16
2930.56
2868.95
2807.33
2745.7
2684.05
2622.41
2560.75
2499.09
2437.42
2375.75
2314.07
2252.39
2190.7
2129.01
2067.32
2005.63
1943.93
1882.23
1820.53
1758.83
1697.12
1635.42
1573.71
1512
1450.29
1388.58
1326.87
1265.16
1203.45
1141.74
1080.02
1018.31
956.596
894.4
826.397
746.837
653.757
544.86
417.458
268.402
94.026
4903.15
4720.72
4625.21
4516.93
4421.43
4332.27
4249.74
4173.26
4102.39
4036.7
3974.56
3913.44
3852.27
3791.05
3729.78
3668.48
3607.13
3545.75
3484.34
3422.89
3361.42
3299.93
3238.41
3176.88
3115.32
3053.75
2992.16
2930.56
2868.95
2807.33
2745.7
2684.06
2622.41
2560.75
2499.09
2437.42
2375.75
2314.07
2252.39
2190.7
2129.01
2067.32
2005.63
1943.93
1882.23
1820.53
1758.83
1697.12
1635.42
1573.71
1512
1450.29
1388.58
1326.87
1265.16
1203.45
1141.74
1080.02
1018.31
956.596
894.4
826.396
746.837
653.757
544.86
417.458
268.402
94.0262
4904.49
4721.68
4625.44
4517.23
4421.53
4332.34
4249.77
4173.28
4102.4
4036.71
3974.57
3913.44
3852.27
3791.05
3729.79
3668.48
3607.14
3545.76
3484.35
3422.9
3361.43
3299.94
3238.42
3176.88
3115.33
3053.75
2992.17
2930.57
2868.96
2807.33
2745.7
2684.06
2622.41
2560.75
2499.09
2437.42
2375.75
2314.07
2252.39
2190.7
2129.01
2067.32
2005.63
1943.93
1882.23
1820.53
1758.83
1697.12
1635.42
1573.71
1512
1450.29
1388.58
1326.87
1265.16
1203.45
1141.74
1080.02
1018.31
956.595
894.4
826.396
746.837
653.757
544.86
417.458
268.402
94.0263
4904.47
4721.99
4625.24
4517.25
4421.47
4332.3
4249.74
4173.26
4102.39
4036.7
3974.56
3913.45
3852.28
3791.06
3729.8
3668.49
3607.15
3545.77
3484.35
3422.91
3361.44
3299.94
3238.43
3176.89
3115.33
3053.76
2992.17
2930.57
2868.96
2807.34
2745.7
2684.06
2622.41
2560.75
2499.09
2437.42
2375.75
2314.07
2252.39
2190.7
2129.01
2067.32
2005.63
1943.93
1882.23
1820.53
1758.83
1697.12
1635.42
1573.71
1512
1450.29
1388.58
1326.87
1265.16
1203.45
1141.74
1080.02
1018.31
956.595
894.399
826.396
746.837
653.757
544.86
417.458
268.402
94.0263
4902.82
4721.47
4624.48
4516.93
4421.21
4332.14
4249.63
4173.19
4102.34
4036.67
3974.54
3913.44
3852.27
3791.06
3729.8
3668.5
3607.16
3545.78
3484.36
3422.92
3361.45
3299.95
3238.43
3176.89
3115.34
3053.76
2992.18
2930.57
2868.96
2807.34
2745.7
2684.06
2622.41
2560.76
2499.09
2437.42
2375.75
2314.07
2252.39
2190.7
2129.01
2067.32
2005.63
1943.93
1882.23
1820.53
1758.83
1697.12
1635.42
1573.71
1512
1450.29
1388.58
1326.87
1265.16
1203.45
1141.74
1080.02
1018.31
956.595
894.399
826.396
746.837
653.757
544.86
417.457
268.402
94.0263
4899.22
4720.05
4623.13
4516.27
4420.74
4331.86
4249.46
4173.08
4102.27
4036.63
3974.52
3913.43
3852.27
3791.07
3729.81
3668.51
3607.17
3545.79
3484.37
3422.93
3361.46
3299.96
3238.44
3176.9
3115.34
3053.77
2992.18
2930.58
2868.96
2807.34
2745.71
2684.06
2622.41
2560.76
2499.09
2437.42
2375.75
2314.07
2252.39
2190.7
2129.01
2067.32
2005.63
1943.93
1882.23
1820.53
1758.83
1697.12
1635.42
1573.71
1512
1450.29
1388.58
1326.87
1265.16
1203.45
1141.74
1080.02
1018.31
956.595
894.399
826.396
746.837
653.757
544.86
417.457
268.403
94.026
4893.36
4717.76
4621.22
4515.3
4420.12
4331.49
4249.24
4172.95
4102.19
4036.59
3974.5
3913.42
3852.27
3791.07
3729.82
3668.52
3607.18
3545.8
3484.38
3422.94
3361.46
3299.96
3238.44
3176.9
3115.35
3053.77
2992.18
2930.58
2868.97
2807.34
2745.71
2684.06
2622.41
2560.76
2499.09
2437.42
2375.75
2314.07
2252.39
2190.7
2129.01
2067.32
2005.63
1943.93
1882.23
1820.53
1758.83
1697.12
1635.42
1573.71
1512
1450.29
1388.58
1326.87
1265.16
1203.45
1141.74
1080.02
1018.31
956.595
894.399
826.396
746.837
653.757
544.86
417.457
268.403
94.0256
4885.56
4715.4
4619.36
4514.57
4419.76
4331.36
4249.23
4173
4102.27
4036.67
3974.58
3913.49
3852.34
3791.13
3729.87
3668.56
3607.21
3545.83
3484.41
3422.96
3361.48
3299.98
3238.46
3176.91
3115.35
3053.78
2992.19
2930.58
2868.97
2807.34
2745.71
2684.06
2622.41
2560.76
2499.09
2437.42
2375.75
2314.07
2252.39
2190.7
2129.01
2067.32
2005.63
1943.93
1882.23
1820.53
1758.83
1697.12
1635.42
1573.71
1512
1450.29
1388.58
1326.87
1265.16
1203.45
1141.74
1080.02
1018.31
956.595
894.399
826.396
746.837
653.757
544.86
417.457
268.403
94.025
4874.95
4712.7
4617.04
4513.66
4419.27
4331.14
4249.14
4172.97
4102.28
4036.69
3974.61
3913.53
3852.38
3791.16
3729.9
3668.59
3607.23
3545.84
3484.42
3422.97
3361.49
3299.99
3238.46
3176.92
3115.36
3053.78
2992.19
2930.58
2868.97
2807.34
2745.71
2684.07
2622.41
2560.76
2499.09
2437.42
2375.75
2314.07
2252.39
2190.7
2129.01
2067.32
2005.63
1943.93
1882.23
1820.53
1758.83
1697.12
1635.42
1573.71
1512
1450.29
1388.58
1326.87
1265.16
1203.45
1141.74
1080.02
1018.31
956.595
894.399
826.396
746.837
653.757
544.86
417.457
268.403
94.0243
4868.84
4718.45
4620.06
4516.93
4421.77
4333.06
4250.61
4174.11
4103.15
4037.38
3975.16
3913.96
3852.71
3791.43
3730.11
3668.75
3607.36
3545.94
3484.5
3423.03
3361.54
3300.03
3238.49
3176.94
3115.38
3053.8
2992.2
2930.59
2868.98
2807.35
2745.71
2684.07
2622.42
2560.76
2499.1
2437.43
2375.75
2314.07
2252.39
2190.7
2129.01
2067.32
2005.63
1943.93
1882.23
1820.53
1758.83
1697.12
1635.42
1573.71
1512
1450.29
1388.58
1326.87
1265.16
1203.45
1141.74
1080.02
1018.31
956.596
894.4
826.396
746.837
653.757
544.86
417.457
268.403
94.0239
4884.65
4722.84
4625.66
4518.5
4423.04
4333.61
4250.87
4174.19
4103.14
4037.32
3975.08
3913.87
3852.62
3791.34
3730.03
3668.69
3607.31
3545.91
3484.48
3423.02
3361.53
3300.03
3238.5
3176.95
3115.39
3053.81
2992.22
2930.62
2869
2807.37
2745.74
2684.09
2622.44
2560.78
2499.12
2437.44
2375.77
2314.09
2252.41
2190.72
2129.03
2067.33
2005.64
1943.94
1882.24
1820.54
1758.83
1697.13
1635.42
1573.71
1512.01
1450.3
1388.59
1326.87
1265.16
1203.45
1141.74
1080.02
1018.31
956.596
894.4
826.397
746.837
653.758
544.86
417.458
268.403
94.0244
4882.31
4719.27
4624.8
4517.57
4422.62
4333.34
4250.72
4174.1
4103.1
4037.3
3975.06
3913.86
3852.62
3791.35
3730.04
3668.69
3607.32
3545.91
3484.48
3423.02
3361.53
3300.03
3238.5
3176.95
3115.39
3053.81
2992.22
2930.62
2869
2807.37
2745.74
2684.09
2622.44
2560.78
2499.11
2437.44
2375.77
2314.09
2252.4
2190.72
2129.03
2067.33
2005.64
1943.94
1882.24
1820.54
1758.83
1697.13
1635.42
1573.71
1512.01
1450.3
1388.59
1326.87
1265.16
1203.45
1141.74
1080.02
1018.31
956.596
894.4
826.397
746.837
653.758
544.86
417.458
268.403
94.0242
4883.21
4717.02
4624.39
4516.93
4422.32
4333.13
4250.59
4174.03
4103.05
4037.27
3975.05
3913.86
3852.62
3791.35
3730.04
3668.69
3607.32
3545.91
3484.48
3423.02
3361.53
3300.03
3238.5
3176.95
3115.39
3053.81
2992.22
2930.61
2869
2807.37
2745.73
2684.09
2622.44
2560.78
2499.11
2437.44
2375.77
2314.09
2252.4
2190.72
2129.03
2067.33
2005.64
1943.94
1882.24
1820.54
1758.83
1697.13
1635.42
1573.71
1512.01
1450.3
1388.59
1326.87
1265.16
1203.45
1141.74
1080.02
1018.31
956.596
894.4
826.397
746.837
653.758
544.86
417.458
268.403
94.0242
4885.85
4716.14
4624.28
4516.59
4422.11
4332.99
4250.5
4173.96
4103.01
4037.25
3975.03
3913.85
3852.62
3791.35
3730.04
3668.7
3607.32
3545.91
3484.48
3423.02
3361.53
3300.03
3238.5
3176.95
3115.39
3053.81
2992.22
2930.61
2869
2807.37
2745.73
2684.09
2622.44
2560.78
2499.11
2437.44
2375.77
2314.09
2252.4
2190.72
2129.02
2067.33
2005.64
1943.94
1882.24
1820.54
1758.83
1697.13
1635.42
1573.71
1512
1450.3
1388.59
1326.87
1265.16
1203.45
1141.74
1080.02
1018.31
956.596
894.401
826.397
746.838
653.758
544.86
417.458
268.403
94.0244
4889.26
4716.18
4624.4
4516.49
4422
4332.9
4250.43
4173.92
4102.98
4037.22
3975.02
3913.84
3852.61
3791.35
3730.04
3668.7
3607.32
3545.92
3484.48
3423.02
3361.53
3300.03
3238.5
3176.95
3115.39
3053.81
2992.22
2930.61
2869
2807.37
2745.73
2684.09
2622.44
2560.78
2499.11
2437.44
2375.77
2314.09
2252.4
2190.71
2129.02
2067.33
2005.64
1943.94
1882.24
1820.54
1758.83
1697.13
1635.42
1573.71
1512
1450.3
1388.59
1326.87
1265.16
1203.45
1141.74
1080.02
1018.31
956.597
894.401
826.397
746.838
653.758
544.86
417.458
268.403
94.0246
4893.11
4716.95
4624.77
4516.63
4422
4332.88
4250.4
4173.89
4102.96
4037.21
3975.01
3913.83
3852.61
3791.35
3730.04
3668.7
3607.33
3545.92
3484.48
3423.02
3361.54
3300.03
3238.5
3176.95
3115.39
3053.81
2992.22
2930.61
2869
2807.37
2745.73
2684.09
2622.43
2560.78
2499.11
2437.44
2375.77
2314.09
2252.4
2190.71
2129.02
2067.33
2005.64
1943.94
1882.24
1820.54
1758.83
1697.13
1635.42
1573.71
1512
1450.3
1388.59
1326.87
1265.16
1203.45
1141.74
1080.02
1018.31
956.597
894.401
826.397
746.838
653.758
544.86
417.458
268.403
94.0249
4897.04
4718.24
4625.35
4516.98
4422.1
4332.94
4250.42
4173.9
4102.96
4037.21
3975.01
3913.84
3852.61
3791.35
3730.05
3668.71
3607.33
3545.92
3484.49
3423.03
3361.54
3300.03
3238.5
3176.96
3115.39
3053.81
2992.22
2930.61
2869
2807.37
2745.73
2684.09
2622.43
2560.78
2499.11
2437.44
2375.77
2314.09
2252.4
2190.71
2129.02
2067.33
2005.64
1943.94
1882.24
1820.54
1758.83
1697.13
1635.42
1573.71
1512
1450.3
1388.59
1326.87
1265.16
1203.45
1141.74
1080.02
1018.31
956.597
894.401
826.397
746.838
653.758
544.86
417.458
268.402
94.0251
4900.74
4719.82
4626.03
4517.45
4422.29
4333.05
4250.47
4173.92
4102.97
4037.22
3975.02
3913.84
3852.62
3791.36
3730.05
3668.71
3607.34
3545.93
3484.49
3423.03
3361.54
3300.04
3238.51
3176.96
3115.39
3053.81
2992.22
2930.61
2869
2807.37
2745.73
2684.09
2622.44
2560.78
2499.11
2437.44
2375.77
2314.09
2252.4
2190.71
2129.02
2067.33
2005.64
1943.94
1882.24
1820.54
1758.83
1697.13
1635.42
1573.71
1512
1450.3
1388.59
1326.87
1265.16
1203.45
1141.74
1080.02
1018.31
956.597
894.401
826.397
746.838
653.758
544.86
417.458
268.402
94.0254
4903.94
4721.43
4626.71
4517.97
4422.51
4333.19
4250.55
4173.97
4103
4037.24
3975.03
3913.85
3852.63
3791.36
3730.06
3668.72
3607.34
3545.94
3484.5
3423.04
3361.55
3300.04
3238.51
3176.96
3115.4
3053.82
2992.22
2930.62
2869
2807.37
2745.73
2684.09
2622.44
2560.78
2499.11
2437.44
2375.77
2314.09
2252.4
2190.71
2129.02
2067.33
2005.64
1943.94
1882.24
1820.54
1758.83
1697.13
1635.42
1573.71
1512
1450.3
1388.59
1326.87
1265.16
1203.45
1141.74
1080.02
1018.31
956.597
894.401
826.397
746.838
653.758
544.86
417.458
268.402
94.0256
4906.36
4722.84
4627.25
4518.44
4422.71
4333.32
4250.62
4174.01
4103.02
4037.25
3975.04
3913.86
3852.64
3791.37
3730.07
3668.73
3607.35
3545.94
3484.51
3423.05
3361.56
3300.05
3238.52
3176.97
3115.4
3053.82
2992.23
2930.62
2869
2807.37
2745.74
2684.09
2622.44
2560.78
2499.11
2437.44
2375.77
2314.09
2252.4
2190.71
2129.02
2067.33
2005.64
1943.94
1882.24
1820.54
1758.83
1697.13
1635.42
1573.71
1512
1450.3
1388.59
1326.87
1265.16
1203.45
1141.74
1080.02
1018.31
956.597
894.401
826.397
746.838
653.758
544.86
417.458
268.402
94.0258
4907.72
4723.81
4627.49
4518.74
4422.81
4333.39
4250.65
4174.03
4103.04
4037.26
3975.05
3913.87
3852.65
3791.38
3730.08
3668.74
3607.36
3545.95
3484.52
3423.05
3361.57
3300.05
3238.52
3176.97
3115.41
3053.83
2992.23
2930.62
2869
2807.38
2745.74
2684.09
2622.44
2560.78
2499.11
2437.44
2375.77
2314.09
2252.4
2190.72
2129.02
2067.33
2005.64
1943.94
1882.24
1820.54
1758.83
1697.13
1635.42
1573.71
1512
1450.29
1388.58
1326.87
1265.16
1203.45
1141.74
1080.02
1018.31
956.596
894.401
826.397
746.838
653.758
544.86
417.458
268.402
94.0259
4907.73
4724.13
4627.3
4518.77
4422.76
4333.36
4250.63
4174.01
4103.03
4037.26
3975.05
3913.87
3852.65
3791.39
3730.08
3668.74
3607.37
3545.96
3484.53
3423.06
3361.57
3300.06
3238.53
3176.98
3115.41
3053.83
2992.24
2930.63
2869.01
2807.38
2745.74
2684.09
2622.44
2560.78
2499.12
2437.44
2375.77
2314.09
2252.4
2190.72
2129.02
2067.33
2005.64
1943.94
1882.24
1820.53
1758.83
1697.13
1635.42
1573.71
1512
1450.29
1388.58
1326.87
1265.16
1203.45
1141.74
1080.02
1018.31
956.596
894.4
826.397
746.838
653.758
544.86
417.458
268.402
94.0259
4906.1
4723.63
4626.56
4518.47
4422.51
4333.2
4250.53
4173.95
4102.99
4037.23
3975.03
3913.86
3852.65
3791.39
3730.09
3668.75
3607.38
3545.97
3484.53
3423.07
3361.58
3300.07
3238.54
3176.99
3115.42
3053.84
2992.24
2930.63
2869.01
2807.38
2745.74
2684.1
2622.44
2560.78
2499.12
2437.44
2375.77
2314.09
2252.4
2190.72
2129.03
2067.33
2005.64
1943.94
1882.24
1820.53
1758.83
1697.13
1635.42
1573.71
1512
1450.29
1388.58
1326.87
1265.16
1203.45
1141.74
1080.02
1018.31
956.596
894.4
826.397
746.838
653.758
544.86
417.458
268.403
94.0259
4902.54
4722.24
4625.23
4517.82
4422.06
4332.94
4250.36
4173.85
4102.93
4037.2
3975.02
3913.86
3852.65
3791.4
3730.1
3668.76
3607.39
3545.98
3484.54
3423.08
3361.59
3300.08
3238.54
3176.99
3115.42
3053.84
2992.24
2930.63
2869.01
2807.38
2745.75
2684.1
2622.44
2560.78
2499.12
2437.45
2375.77
2314.09
2252.4
2190.72
2129.03
2067.33
2005.64
1943.94
1882.24
1820.53
1758.83
1697.13
1635.42
1573.71
1512
1450.29
1388.58
1326.87
1265.16
1203.45
1141.74
1080.02
1018.31
956.596
894.4
826.397
746.838
653.758
544.86
417.458
268.403
94.0256
4896.69
4719.97
4623.32
4516.87
4421.44
4332.58
4250.15
4173.72
4102.86
4037.16
3975
3913.86
3852.66
3791.41
3730.11
3668.78
3607.4
3545.99
3484.56
3423.09
3361.6
3300.08
3238.55
3177
3115.43
3053.84
2992.25
2930.64
2869.02
2807.39
2745.75
2684.1
2622.44
2560.78
2499.12
2437.45
2375.77
2314.09
2252.4
2190.72
2129.03
2067.33
2005.64
1943.94
1882.24
1820.53
1758.83
1697.13
1635.42
1573.71
1512
1450.29
1388.58
1326.87
1265.16
1203.45
1141.74
1080.02
1018.31
956.596
894.4
826.397
746.838
653.758
544.86
417.458
268.403
94.0252
4888.93
4717.65
4621.5
4516.17
4421.1
4332.47
4250.15
4173.78
4102.94
4037.25
3975.09
3913.94
3852.73
3791.47
3730.17
3668.82
3607.44
3546.03
3484.58
3423.11
3361.62
3300.1
3238.56
3177.01
3115.44
3053.85
2992.25
2930.64
2869.02
2807.39
2745.75
2684.1
2622.45
2560.78
2499.12
2437.45
2375.77
2314.09
2252.4
2190.72
2129.03
2067.33
2005.64
1943.94
1882.24
1820.54
1758.83
1697.13
1635.42
1573.71
1512
1450.3
1388.58
1326.87
1265.16
1203.45
1141.74
1080.02
1018.31
956.596
894.4
826.397
746.837
653.758
544.86
417.458
268.403
94.0247
4878.34
4714.97
4619.17
4515.27
4420.61
4332.25
4250.06
4173.76
4102.95
4037.28
3975.12
3913.98
3852.77
3791.51
3730.2
3668.85
3607.47
3546.05
3484.6
3423.13
3361.63
3300.11
3238.57
3177.01
3115.44
3053.85
2992.25
2930.64
2869.02
2807.39
2745.75
2684.1
2622.45
2560.79
2499.12
2437.45
2375.77
2314.09
2252.4
2190.72
2129.03
2067.33
2005.64
1943.94
1882.24
1820.54
1758.83
1697.13
1635.42
1573.71
1512
1450.3
1388.59
1326.87
1265.16
1203.45
1141.74
1080.02
1018.31
956.596
894.4
826.397
746.837
653.758
544.86
417.457
268.403
94.024
4872.27
4720.75
4622.16
4518.54
4423.11
4334.17
4251.54
4174.89
4103.82
4037.96
3975.66
3914.4
3853.1
3791.77
3730.4
3669.01
3607.59
3546.14
3484.67
3423.18
3361.67
3300.14
3238.6
3177.03
3115.46
3053.87
2992.26
2930.65
2869.03
2807.39
2745.75
2684.1
2622.45
2560.79
2499.12
2437.45
2375.77
2314.09
2252.41
2190.72
2129.03
2067.33
2005.64
1943.94
1882.24
1820.54
1758.83
1697.13
1635.42
1573.71
1512.01
1450.3
1388.59
1326.87
1265.16
1203.45
1141.74
1080.02
1018.31
956.597
894.401
826.397
746.838
653.758
544.86
417.458
268.403
94.0237
4887.64
4724.98
4627.61
4520.02
4424.33
4334.68
4251.78
4174.96
4103.81
4037.9
3975.58
3914.31
3853.02
3791.69
3730.34
3668.96
3607.55
3546.12
3484.66
3423.18
3361.68
3300.15
3238.61
3177.05
3115.48
3053.89
2992.29
2930.68
2869.06
2807.42
2745.78
2684.13
2622.47
2560.81
2499.14
2437.47
2375.79
2314.11
2252.42
2190.73
2129.04
2067.35
2005.65
1943.95
1882.25
1820.54
1758.84
1697.13
1635.43
1573.72
1512.01
1450.3
1388.59
1326.88
1265.17
1203.45
1141.74
1080.03
1018.31
956.598
894.401
826.398
746.838
653.759
544.861
417.458
268.403
94.0241
4885.29
4721.4
4626.75
4519.09
4423.91
4334.41
4251.63
4174.88
4103.76
4037.88
3975.57
3914.31
3853.02
3791.7
3730.34
3668.96
3607.56
3546.12
3484.66
3423.18
3361.68
3300.15
3238.61
3177.05
3115.48
3053.89
2992.29
2930.68
2869.05
2807.42
2745.78
2684.13
2622.47
2560.81
2499.14
2437.47
2375.79
2314.11
2252.42
2190.73
2129.04
2067.34
2005.65
1943.95
1882.25
1820.54
1758.84
1697.13
1635.43
1573.72
1512.01
1450.3
1388.59
1326.88
1265.17
1203.45
1141.74
1080.03
1018.31
956.598
894.401
826.398
746.838
653.758
544.861
417.458
268.403
94.0239
4886.19
4719.14
4626.34
4518.45
4423.61
4334.2
4251.5
4174.8
4103.72
4037.85
3975.56
3914.31
3853.02
3791.7
3730.35
3668.97
3607.56
3546.12
3484.66
3423.18
3361.68
3300.15
3238.61
3177.05
3115.48
3053.89
2992.29
2930.68
2869.05
2807.42
2745.78
2684.13
2622.47
2560.81
2499.14
2437.47
2375.79
2314.11
2252.42
2190.73
2129.04
2067.34
2005.65
1943.95
1882.25
1820.54
1758.84
1697.13
1635.43
1573.72
1512.01
1450.3
1388.59
1326.88
1265.17
1203.45
1141.74
1080.03
1018.31
956.598
894.402
826.398
746.838
653.758
544.861
417.458
268.403
94.0239
4888.82
4718.25
4626.23
4518.1
4423.4
4334.06
4251.4
4174.74
4103.68
4037.83
3975.55
3914.3
3853.01
3791.7
3730.35
3668.97
3607.56
3546.13
3484.67
3423.18
3361.68
3300.15
3238.61
3177.05
3115.48
3053.89
2992.29
2930.67
2869.05
2807.42
2745.78
2684.13
2622.47
2560.81
2499.14
2437.47
2375.79
2314.11
2252.42
2190.73
2129.04
2067.34
2005.65
1943.95
1882.25
1820.54
1758.84
1697.13
1635.43
1573.72
1512.01
1450.3
1388.59
1326.88
1265.17
1203.45
1141.74
1080.03
1018.31
956.598
894.402
826.398
746.838
653.758
544.861
417.458
268.403
94.0241
4892.23
4718.28
4626.35
4518
4423.29
4333.97
4251.34
4174.69
4103.65
4037.81
3975.53
3914.29
3853.01
3791.7
3730.35
3668.97
3607.56
3546.13
3484.67
3423.19
3361.68
3300.16
3238.61
3177.05
3115.48
3053.89
2992.29
2930.67
2869.05
2807.42
2745.78
2684.13
2622.47
2560.81
2499.14
2437.47
2375.79
2314.11
2252.42
2190.73
2129.04
2067.34
2005.65
1943.95
1882.25
1820.54
1758.84
1697.13
1635.43
1573.72
1512.01
1450.3
1388.59
1326.88
1265.17
1203.45
1141.74
1080.03
1018.31
956.598
894.402
826.398
746.838
653.758
544.861
417.458
268.403
94.0243
4896.07
4719.05
4626.73
4518.14
4423.29
4333.95
4251.31
4174.67
4103.63
4037.8
3975.52
3914.29
3853.01
3791.7
3730.35
3668.97
3607.57
3546.13
3484.67
3423.19
3361.68
3300.16
3238.61
3177.05
3115.48
3053.89
2992.29
2930.67
2869.05
2807.42
2745.78
2684.13
2622.47
2560.81
2499.14
2437.47
2375.79
2314.1
2252.42
2190.73
2129.04
2067.34
2005.65
1943.95
1882.25
1820.54
1758.84
1697.13
1635.43
1573.72
1512.01
1450.3
1388.59
1326.88
1265.17
1203.45
1141.74
1080.03
1018.31
956.598
894.402
826.398
746.838
653.759
544.861
417.458
268.403
94.0245
4900.01
4720.34
4627.3
4518.48
4423.39
4334.01
4251.32
4174.67
4103.63
4037.79
3975.52
3914.29
3853.01
3791.7
3730.35
3668.98
3607.57
3546.14
3484.68
3423.19
3361.69
3300.16
3238.62
3177.06
3115.48
3053.89
2992.29
2930.68
2869.05
2807.42
2745.78
2684.13
2622.47
2560.81
2499.14
2437.46
2375.79
2314.1
2252.42
2190.73
2129.04
2067.34
2005.65
1943.95
1882.25
1820.54
1758.84
1697.13
1635.43
1573.72
1512.01
1450.3
1388.59
1326.88
1265.17
1203.45
1141.74
1080.03
1018.31
956.598
894.402
826.398
746.839
653.759
544.861
417.458
268.403
94.0247
4903.73
4721.92
4628
4518.96
4423.58
4334.12
4251.38
4174.7
4103.64
4037.8
3975.53
3914.29
3853.02
3791.71
3730.36
3668.98
3607.58
3546.14
3484.68
3423.2
3361.69
3300.16
3238.62
3177.06
3115.48
3053.89
2992.29
2930.68
2869.05
2807.42
2745.78
2684.13
2622.47
2560.81
2499.14
2437.47
2375.79
2314.1
2252.42
2190.73
2129.04
2067.34
2005.65
1943.95
1882.25
1820.54
1758.84
1697.13
1635.43
1573.72
1512.01
1450.3
1388.59
1326.88
1265.17
1203.45
1141.74
1080.03
1018.31
956.598
894.402
826.398
746.839
653.759
544.861
417.458
268.403
94.025
4906.94
4723.53
4628.68
4519.48
4423.8
4334.26
4251.45
4174.74
4103.67
4037.82
3975.54
3914.3
3853.02
3791.71
3730.37
3668.99
3607.58
3546.15
3484.69
3423.2
3361.7
3300.17
3238.63
3177.06
3115.49
3053.9
2992.29
2930.68
2869.05
2807.42
2745.78
2684.13
2622.47
2560.81
2499.14
2437.47
2375.79
2314.1
2252.42
2190.73
2129.04
2067.34
2005.65
1943.95
1882.25
1820.54
1758.84
1697.13
1635.43
1573.72
1512.01
1450.3
1388.59
1326.88
1265.17
1203.45
1141.74
1080.03
1018.31
956.598
894.402
826.398
746.839
653.759
544.861
417.458
268.403
94.0252
4909.37
4724.95
4629.22
4519.95
4424
4334.39
4251.52
4174.78
4103.69
4037.83
3975.55
3914.31
3853.03
3791.72
3730.38
3669
3607.59
3546.16
3484.69
3423.21
3361.7
3300.18
3238.63
3177.07
3115.49
3053.9
2992.3
2930.68
2869.06
2807.42
2745.78
2684.13
2622.47
2560.81
2499.14
2437.47
2375.79
2314.11
2252.42
2190.73
2129.04
2067.34
2005.65
1943.95
1882.25
1820.54
1758.84
1697.13
1635.43
1573.72
1512.01
1450.3
1388.59
1326.88
1265.16
1203.45
1141.74
1080.03
1018.31
956.598
894.402
826.398
746.838
653.759
544.861
417.458
268.403
94.0254
4910.76
4725.93
4629.48
4520.26
4424.11
4334.46
4251.56
4174.8
4103.71
4037.84
3975.56
3914.32
3853.04
3791.73
3730.38
3669.01
3607.6
3546.16
3484.7
3423.22
3361.71
3300.18
3238.64
3177.07
3115.5
3053.91
2992.3
2930.69
2869.06
2807.43
2745.78
2684.13
2622.47
2560.81
2499.14
2437.47
2375.79
2314.11
2252.42
2190.73
2129.04
2067.34
2005.65
1943.95
1882.25
1820.54
1758.84
1697.13
1635.43
1573.72
1512.01
1450.3
1388.59
1326.88
1265.16
1203.45
1141.74
1080.03
1018.31
956.598
894.402
826.398
746.838
653.758
544.861
417.458
268.403
94.0255
4910.8
4726.26
4629.3
4520.3
4424.06
4334.44
4251.54
4174.79
4103.7
4037.84
3975.56
3914.32
3853.05
3791.74
3730.39
3669.02
3607.61
3546.17
3484.71
3423.23
3361.72
3300.19
3238.64
3177.08
3115.5
3053.91
2992.31
2930.69
2869.06
2807.43
2745.78
2684.13
2622.48
2560.81
2499.14
2437.47
2375.79
2314.11
2252.42
2190.73
2129.04
2067.34
2005.65
1943.95
1882.25
1820.54
1758.84
1697.13
1635.43
1573.72
1512.01
1450.3
1388.59
1326.88
1265.16
1203.45
1141.74
1080.03
1018.31
956.598
894.402
826.398
746.838
653.758
544.861
417.458
268.403
94.0255
4909.19
4725.78
4628.57
4520.01
4423.81
4334.29
4251.44
4174.73
4103.66
4037.82
3975.55
3914.32
3853.05
3791.74
3730.4
3669.02
3607.62
3546.18
3484.72
3423.23
3361.73
3300.2
3238.65
3177.09
3115.51
3053.91
2992.31
2930.69
2869.07
2807.43
2745.79
2684.14
2622.48
2560.81
2499.14
2437.47
2375.79
2314.11
2252.42
2190.73
2129.04
2067.34
2005.65
1943.95
1882.25
1820.54
1758.84
1697.13
1635.43
1573.72
1512.01
1450.3
1388.59
1326.88
1265.16
1203.45
1141.74
1080.03
1018.31
956.598
894.402
826.398
746.838
653.758
544.861
417.458
268.403
94.0254
4905.65
4724.41
4627.26
4519.37
4423.37
4334.03
4251.28
4174.63
4103.61
4037.79
3975.54
3914.32
3853.05
3791.75
3730.41
3669.04
3607.63
3546.2
3484.73
3423.25
3361.74
3300.21
3238.66
3177.09
3115.51
3053.92
2992.31
2930.7
2869.07
2807.43
2745.79
2684.14
2622.48
2560.81
2499.14
2437.47
2375.79
2314.11
2252.42
2190.73
2129.04
2067.34
2005.65
1943.95
1882.25
1820.54
1758.84
1697.13
1635.43
1573.72
1512.01
1450.3
1388.59
1326.88
1265.16
1203.45
1141.74
1080.03
1018.31
956.598
894.402
826.398
746.838
653.758
544.861
417.458
268.403
94.0252
4899.83
4722.16
4625.36
4518.44
4422.77
4333.68
4251.08
4174.51
4103.54
4037.76
3975.52
3914.32
3853.06
3791.76
3730.43
3669.05
3607.65
3546.21
3484.75
3423.26
3361.75
3300.22
3238.67
3177.1
3115.52
3053.92
2992.32
2930.7
2869.07
2807.44
2745.79
2684.14
2622.48
2560.81
2499.14
2437.47
2375.79
2314.11
2252.42
2190.73
2129.04
2067.34
2005.65
1943.95
1882.25
1820.54
1758.84
1697.13
1635.43
1573.72
1512.01
1450.3
1388.59
1326.88
1265.16
1203.45
1141.74
1080.03
1018.31
956.598
894.402
826.398
746.838
653.758
544.861
417.458
268.403
94.0248
4892.09
4719.87
4623.55
4517.76
4422.45
4333.59
4251.09
4174.58
4103.63
4037.85
3975.62
3914.4
3853.14
3791.83
3730.48
3669.1
3607.69
3546.24
3484.77
3423.28
3361.77
3300.23
3238.68
3177.11
3115.53
3053.93
2992.32
2930.7
2869.08
2807.44
2745.79
2684.14
2622.48
2560.82
2499.15
2437.47
2375.79
2314.11
2252.42
2190.73
2129.04
2067.34
2005.65
1943.95
1882.25
1820.54
1758.84
1697.13
1635.43
1573.72
1512.01
1450.3
1388.59
1326.88
1265.16
1203.45
1141.74
1080.03
1018.31
956.598
894.402
826.398
746.838
653.758
544.861
417.458
268.403
94.0243
4881.53
4717.2
4621.22
4516.87
4421.96
4333.37
4251.01
4174.57
4103.65
4037.88
3975.66
3914.44
3853.18
3791.87
3730.52
3669.13
3607.71
3546.27
3484.79
3423.3
3361.78
3300.24
3238.69
3177.12
3115.53
3053.94
2992.33
2930.71
2869.08
2807.44
2745.79
2684.14
2622.48
2560.82
2499.15
2437.47
2375.79
2314.11
2252.42
2190.73
2129.04
2067.34
2005.65
1943.95
1882.25
1820.54
1758.84
1697.13
1635.43
1573.72
1512.01
1450.3
1388.59
1326.88
1265.16
1203.45
1141.74
1080.03
1018.31
956.598
894.402
826.398
746.838
653.758
544.861
417.458
268.403
94.0237
4875.48
4723.01
4624.2
4520.14
4424.45
4335.28
4252.47
4175.68
4104.51
4038.56
3976.19
3914.86
3853.5
3792.12
3730.71
3669.28
3607.83
3546.36
3484.86
3423.35
3361.82
3300.27
3238.71
3177.14
3115.55
3053.95
2992.34
2930.71
2869.08
2807.44
2745.8
2684.14
2622.48
2560.82
2499.15
2437.47
2375.79
2314.11
2252.42
2190.73
2129.04
2067.34
2005.65
1943.95
1882.25
1820.54
1758.84
1697.13
1635.43
1573.72
1512.01
1450.3
1388.59
1326.88
1265.17
1203.45
1141.74
1080.03
1018.31
956.598
894.402
826.398
746.838
653.758
544.861
417.458
268.403
94.0234
4890.46
4727.09
4629.5
4521.54
4425.62
4335.77
4252.7
4175.75
4104.5
4038.51
3976.11
3914.78
3853.43
3792.06
3730.66
3669.24
3607.8
3546.34
3484.86
3423.35
3361.83
3300.29
3238.73
3177.16
3115.58
3053.98
2992.37
2930.75
2869.12
2807.48
2745.83
2684.17
2622.51
2560.84
2499.17
2437.5
2375.81
2314.13
2252.44
2190.75
2129.06
2067.36
2005.66
1943.96
1882.26
1820.55
1758.85
1697.14
1635.43
1573.72
1512.01
1450.3
1388.59
1326.88
1265.17
1203.46
1141.74
1080.03
1018.31
956.599
894.403
826.399
746.839
653.759
544.861
417.458
268.403
94.0237
4888.11
4723.49
4628.64
4520.6
4425.2
4335.49
4252.55
4175.67
4104.45
4038.48
3976.1
3914.78
3853.43
3792.06
3730.67
3669.25
3607.81
3546.35
3484.86
3423.36
3361.83
3300.29
3238.73
3177.16
3115.58
3053.98
2992.37
2930.75
2869.11
2807.47
2745.83
2684.17
2622.51
2560.84
2499.17
2437.49
2375.81
2314.13
2252.44
2190.75
2129.05
2067.36
2005.66
1943.96
1882.26
1820.55
1758.85
1697.14
1635.43
1573.72
1512.01
1450.3
1388.59
1326.88
1265.17
1203.46
1141.74
1080.03
1018.31
956.599
894.403
826.399
746.839
653.759
544.861
417.458
268.403
94.0235
4889
4721.22
4628.24
4519.95
4424.9
4335.28
4252.42
4175.59
4104.41
4038.46
3976.09
3914.78
3853.43
3792.07
3730.67
3669.25
3607.81
3546.35
3484.86
3423.36
3361.83
3300.29
3238.73
3177.16
3115.58
3053.98
2992.37
2930.74
2869.11
2807.47
2745.83
2684.17
2622.51
2560.84
2499.17
2437.49
2375.81
2314.13
2252.44
2190.75
2129.05
2067.36
2005.66
1943.96
1882.26
1820.55
1758.85
1697.14
1635.43
1573.72
1512.01
1450.3
1388.59
1326.88
1265.17
1203.46
1141.74
1080.03
1018.31
956.599
894.403
826.399
746.839
653.759
544.861
417.458
268.403
94.0236
4891.63
4720.32
4628.12
4519.6
4424.69
4335.14
4252.33
4175.53
4104.37
4038.43
3976.08
3914.77
3853.43
3792.07
3730.67
3669.26
3607.81
3546.35
3484.87
3423.36
3361.84
3300.29
3238.74
3177.16
3115.58
3053.98
2992.36
2930.74
2869.11
2807.47
2745.82
2684.17
2622.51
2560.84
2499.17
2437.49
2375.81
2314.13
2252.44
2190.75
2129.05
2067.36
2005.66
1943.96
1882.26
1820.55
1758.85
1697.14
1635.43
1573.72
1512.01
1450.3
1388.59
1326.88
1265.17
1203.46
1141.74
1080.03
1018.31
956.599
894.403
826.399
746.839
653.759
544.861
417.458
268.403
94.0237
4895.04
4720.35
4628.25
4519.5
4424.58
4335.05
4252.26
4175.48
4104.33
4038.41
3976.06
3914.76
3853.43
3792.07
3730.68
3669.26
3607.82
3546.35
3484.87
3423.36
3361.84
3300.3
3238.74
3177.16
3115.58
3053.98
2992.36
2930.74
2869.11
2807.47
2745.82
2684.17
2622.51
2560.84
2499.17
2437.49
2375.81
2314.13
2252.44
2190.75
2129.05
2067.36
2005.66
1943.96
1882.26
1820.55
1758.85
1697.14
1635.43
1573.72
1512.01
1450.3
1388.59
1326.88
1265.17
1203.46
1141.74
1080.03
1018.31
956.599
894.403
826.399
746.839
653.759
544.861
417.458
268.403
94.0239
4898.88
4721.11
4628.62
4519.64
4424.57
4335.03
4252.23
4175.46
4104.32
4038.4
3976.06
3914.76
3853.43
3792.07
3730.68
3669.26
3607.82
3546.36
3484.87
3423.37
3361.84
3300.3
3238.74
3177.16
3115.58
3053.98
2992.37
2930.74
2869.11
2807.47
2745.82
2684.17
2622.51
2560.84
2499.17
2437.49
2375.81
2314.13
2252.44
2190.75
2129.05
2067.36
2005.66
1943.96
1882.26
1820.55
1758.85
1697.14
1635.43
1573.72
1512.01
1450.3
1388.59
1326.88
1265.17
1203.46
1141.74
1080.03
1018.31
956.599
894.403
826.399
746.839
653.759
544.861
417.458
268.403
94.0241
4902.82
4722.4
4629.2
4519.99
4424.68
4335.09
4252.24
4175.46
4104.31
4038.4
3976.06
3914.76
3853.43
3792.07
3730.68
3669.27
3607.83
3546.36
3484.88
3423.37
3361.84
3300.3
3238.74
3177.17
3115.58
3053.98
2992.37
2930.74
2869.11
2807.47
2745.82
2684.17
2622.51
2560.84
2499.17
2437.49
2375.81
2314.13
2252.44
2190.75
2129.05
2067.36
2005.66
1943.96
1882.26
1820.55
1758.85
1697.14
1635.43
1573.72
1512.01
1450.3
1388.59
1326.88
1265.17
1203.46
1141.74
1080.03
1018.31
956.599
894.403
826.399
746.839
653.759
544.861
417.458
268.403
94.0243
4906.55
4723.98
4629.9
4520.46
4424.86
4335.2
4252.3
4175.49
4104.33
4038.4
3976.06
3914.76
3853.43
3792.07
3730.69
3669.27
3607.83
3546.37
3484.88
3423.37
3361.85
3300.3
3238.74
3177.17
3115.58
3053.98
2992.37
2930.75
2869.11
2807.47
2745.82
2684.17
2622.51
2560.84
2499.17
2437.49
2375.81
2314.13
2252.44
2190.75
2129.05
2067.36
2005.66
1943.96
1882.26
1820.55
1758.85
1697.14
1635.43
1573.72
1512.01
1450.3
1388.59
1326.88
1265.17
1203.46
1141.74
1080.03
1018.31
956.6
894.403
826.399
746.839
653.759
544.861
417.458
268.403
94.0245
4909.77
4725.6
4630.59
4520.99
4425.09
4335.34
4252.37
4175.53
4104.35
4038.42
3976.07
3914.77
3853.44
3792.08
3730.69
3669.28
3607.84
3546.37
3484.89
3423.38
3361.85
3300.31
3238.75
3177.17
3115.58
3053.98
2992.37
2930.75
2869.12
2807.47
2745.83
2684.17
2622.51
2560.84
2499.17
2437.49
2375.81
2314.13
2252.44
2190.75
2129.05
2067.36
2005.66
1943.96
1882.26
1820.55
1758.85
1697.14
1635.43
1573.72
1512.01
1450.3
1388.59
1326.88
1265.17
1203.46
1141.74
1080.03
1018.31
956.599
894.403
826.399
746.839
653.759
544.861
417.458
268.403
94.0247
4912.22
4727.02
4631.14
4521.46
4425.29
4335.47
4252.44
4175.57
4104.38
4038.44
3976.08
3914.78
3853.45
3792.09
3730.7
3669.28
3607.84
3546.38
3484.89
3423.39
3361.86
3300.31
3238.75
3177.18
3115.59
3053.99
2992.37
2930.75
2869.12
2807.48
2745.83
2684.17
2622.51
2560.84
2499.17
2437.49
2375.81
2314.13
2252.44
2190.75
2129.05
2067.36
2005.66
1943.96
1882.25
1820.55
1758.85
1697.14
1635.43
1573.72
1512.01
1450.3
1388.59
1326.88
1265.17
1203.45
1141.74
1080.03
1018.31
956.599
894.403
826.399
746.839
653.759
544.861
417.458
268.403
94.0249
4913.62
4728.01
4631.4
4521.77
4425.4
4335.54
4252.48
4175.6
4104.39
4038.45
3976.09
3914.79
3853.46
3792.1
3730.71
3669.29
3607.85
3546.39
3484.9
3423.39
3361.87
3300.32
3238.76
3177.18
3115.59
3053.99
2992.38
2930.75
2869.12
2807.48
2745.83
2684.17
2622.51
2560.84
2499.17
2437.49
2375.81
2314.13
2252.44
2190.75
2129.05
2067.36
2005.66
1943.96
1882.25
1820.55
1758.85
1697.14
1635.43
1573.72
1512.01
1450.3
1388.59
1326.88
1265.17
1203.45
1141.74
1080.03
1018.31
956.599
894.403
826.399
746.839
653.759
544.861
417.458
268.403
94.025
4913.68
4728.36
4631.23
4521.82
4425.36
4335.53
4252.46
4175.58
4104.39
4038.44
3976.09
3914.79
3853.46
3792.1
3730.72
3669.3
3607.86
3546.4
3484.91
3423.4
3361.87
3300.33
3238.77
3177.19
3115.6
3054
2992.38
2930.76
2869.12
2807.48
2745.83
2684.18
2622.51
2560.85
2499.17
2437.49
2375.81
2314.13
2252.44
2190.75
2129.05
2067.36
2005.66
1943.96
1882.25
1820.55
1758.85
1697.14
1635.43
1573.72
1512.01
1450.3
1388.59
1326.88
1265.17
1203.45
1141.74
1080.03
1018.31
956.599
894.403
826.399
746.839
653.759
544.861
417.458
268.403
94.025
4912.09
4727.89
4630.51
4521.54
4425.12
4335.38
4252.37
4175.53
4104.35
4038.42
3976.08
3914.79
3853.47
3792.11
3730.73
3669.31
3607.87
3546.41
3484.92
3423.41
3361.88
3300.34
3238.77
3177.2
3115.6
3054
2992.39
2930.76
2869.13
2807.48
2745.83
2684.18
2622.51
2560.85
2499.17
2437.5
2375.81
2314.13
2252.44
2190.75
2129.05
2067.36
2005.66
1943.96
1882.26
1820.55
1758.85
1697.14
1635.43
1573.72
1512.01
1450.3
1388.59
1326.88
1265.17
1203.45
1141.74
1080.03
1018.31
956.599
894.403
826.399
746.839
653.759
544.861
417.458
268.403
94.0249
4908.57
4726.54
4629.21
4520.92
4424.69
4335.13
4252.22
4175.44
4104.3
4038.4
3976.08
3914.79
3853.47
3792.12
3730.74
3669.33
3607.89
3546.42
3484.93
3423.42
3361.89
3300.35
3238.78
3177.2
3115.61
3054.01
2992.39
2930.76
2869.13
2807.49
2745.84
2684.18
2622.52
2560.85
2499.17
2437.5
2375.81
2314.13
2252.44
2190.75
2129.05
2067.36
2005.66
1943.96
1882.26
1820.55
1758.85
1697.14
1635.43
1573.72
1512.01
1450.3
1388.59
1326.88
1265.17
1203.45
1141.74
1080.03
1018.31
956.599
894.403
826.399
746.839
653.759
544.861
417.458
268.403
94.0247
4902.77
4724.31
4627.33
4520
4424.09
4334.79
4252.02
4175.33
4104.24
4038.37
3976.07
3914.8
3853.49
3792.14
3730.76
3669.35
3607.9
3546.44
3484.95
3423.44
3361.91
3300.36
3238.79
3177.21
3115.62
3054.01
2992.39
2930.77
2869.13
2807.49
2745.84
2684.18
2622.52
2560.85
2499.18
2437.5
2375.81
2314.13
2252.44
2190.75
2129.05
2067.36
2005.66
1943.96
1882.26
1820.55
1758.85
1697.14
1635.43
1573.72
1512.01
1450.3
1388.59
1326.88
1265.17
1203.45
1141.74
1080.03
1018.31
956.599
894.403
826.399
746.839
653.759
544.861
417.458
268.403
94.0244
4895.06
4722.04
4625.53
4519.34
4423.78
4334.71
4252.05
4175.4
4104.34
4038.47
3976.16
3914.89
3853.56
3792.21
3730.82
3669.4
3607.95
3546.47
3484.98
3423.46
3361.93
3300.37
3238.8
3177.22
3115.63
3054.02
2992.4
2930.77
2869.14
2807.49
2745.84
2684.18
2622.52
2560.85
2499.18
2437.5
2375.82
2314.13
2252.44
2190.75
2129.05
2067.36
2005.66
1943.96
1882.26
1820.55
1758.85
1697.14
1635.43
1573.72
1512.01
1450.3
1388.59
1326.88
1265.17
1203.45
1141.74
1080.03
1018.31
956.599
894.403
826.399
746.839
653.759
544.861
417.458
268.403
94.024
4884.52
4719.39
4623.2
4518.45
4423.3
4334.49
4251.97
4175.39
4104.36
4038.51
3976.21
3914.93
3853.61
3792.25
3730.85
3669.43
3607.97
3546.5
3485
3423.48
3361.94
3300.38
3238.81
3177.23
3115.63
3054.02
2992.4
2930.78
2869.14
2807.49
2745.84
2684.18
2622.52
2560.85
2499.18
2437.5
2375.82
2314.13
2252.44
2190.75
2129.05
2067.36
2005.66
1943.96
1882.26
1820.55
1758.85
1697.14
1635.43
1573.72
1512.01
1450.3
1388.59
1326.88
1265.17
1203.46
1141.74
1080.03
1018.31
956.599
894.403
826.399
746.839
653.759
544.861
417.458
268.403
94.0234
4878.47
4725.21
4626.16
4521.72
4425.78
4336.4
4253.42
4176.5
4105.21
4039.18
3976.73
3915.34
3853.93
3792.49
3731.04
3669.57
3608.09
3546.58
3485.06
3423.53
3361.98
3300.41
3238.84
3177.25
3115.64
3054.03
2992.41
2930.78
2869.14
2807.5
2745.84
2684.19
2622.52
2560.85
2499.18
2437.5
2375.82
2314.13
2252.44
2190.75
2129.05
2067.36
2005.66
1943.96
1882.26
1820.55
1758.85
1697.14
1635.43
1573.72
1512.01
1450.3
1388.59
1326.88
1265.17
1203.46
1141.74
1080.03
1018.31
956.599
894.403
826.399
746.839
653.759
544.861
417.458
268.404
94.0231
4893.14
4729.15
4631.34
4523.04
4426.9
4336.85
4253.63
4176.56
4105.2
4039.12
3976.66
3915.27
3853.86
3792.44
3731
3669.54
3608.07
3546.58
3485.07
3423.54
3362
3300.44
3238.87
3177.28
3115.68
3054.07
2992.45
2930.82
2869.18
2807.53
2745.88
2684.22
2622.55
2560.88
2499.2
2437.52
2375.84
2314.15
2252.46
2190.77
2129.07
2067.37
2005.67
1943.97
1882.27
1820.56
1758.86
1697.15
1635.44
1573.73
1512.02
1450.31
1388.6
1326.88
1265.17
1203.46
1141.74
1080.03
1018.32
956.601
894.404
826.4
746.84
653.76
544.862
417.459
268.404
94.0233
4890.78
4725.54
4630.48
4522.1
4426.49
4336.58
4253.48
4176.47
4105.15
4039.1
3976.65
3915.27
3853.86
3792.45
3731.01
3669.55
3608.08
3546.58
3485.07
3423.54
3362
3300.44
3238.87
3177.28
3115.68
3054.07
2992.45
2930.82
2869.18
2807.53
2745.88
2684.22
2622.55
2560.88
2499.2
2437.52
2375.84
2314.15
2252.46
2190.77
2129.07
2067.37
2005.67
1943.97
1882.27
1820.56
1758.86
1697.15
1635.44
1573.73
1512.02
1450.31
1388.6
1326.88
1265.17
1203.46
1141.74
1080.03
1018.32
956.601
894.404
826.4
746.84
653.76
544.862
417.459
268.404
94.0231
4891.68
4723.26
4630.08
4521.45
4426.18
4336.37
4253.35
4176.4
4105.11
4039.08
3976.64
3915.26
3853.86
3792.45
3731.01
3669.55
3608.08
3546.59
3485.07
3423.54
3362
3300.44
3238.87
3177.28
3115.68
3054.07
2992.45
2930.82
2869.18
2807.53
2745.88
2684.22
2622.55
2560.88
2499.2
2437.52
2375.84
2314.15
2252.46
2190.77
2129.07
2067.37
2005.67
1943.97
1882.27
1820.56
1758.86
1697.15
1635.44
1573.73
1512.02
1450.31
1388.6
1326.88
1265.17
1203.46
1141.74
1080.03
1018.32
956.601
894.404
826.401
746.84
653.76
544.862
417.459
268.403
94.0232
4894.3
4722.35
4629.96
4521.1
4425.97
4336.22
4253.26
4176.34
4105.07
4039.05
3976.63
3915.26
3853.86
3792.45
3731.01
3669.56
3608.08
3546.59
3485.08
3423.55
3362
3300.44
3238.87
3177.28
3115.68
3054.07
2992.45
2930.82
2869.18
2807.53
2745.88
2684.22
2622.55
2560.88
2499.2
2437.52
2375.84
2314.15
2252.46
2190.77
2129.07
2067.37
2005.67
1943.97
1882.27
1820.56
1758.85
1697.15
1635.44
1573.73
1512.02
1450.31
1388.6
1326.88
1265.17
1203.46
1141.74
1080.03
1018.32
956.601
894.404
826.401
746.84
653.76
544.862
417.458
268.403
94.0233
4897.71
4722.37
4630.08
4520.99
4425.86
4336.13
4253.19
4176.29
4105.04
4039.03
3976.61
3915.25
3853.86
3792.45
3731.02
3669.56
3608.09
3546.59
3485.08
3423.55
3362
3300.44
3238.87
3177.28
3115.68
3054.07
2992.45
2930.82
2869.18
2807.53
2745.88
2684.22
2622.55
2560.88
2499.2
2437.52
2375.84
2314.15
2252.46
2190.77
2129.07
2067.37
2005.67
1943.97
1882.27
1820.56
1758.85
1697.15
1635.44
1573.73
1512.02
1450.31
1388.6
1326.88
1265.17
1203.46
1141.74
1080.03
1018.32
956.601
894.404
826.401
746.84
653.76
544.862
417.458
268.403
94.0234
4901.55
4723.13
4630.46
4521.13
4425.85
4336.12
4253.16
4176.26
4105.02
4039.02
3976.61
3915.24
3853.86
3792.45
3731.02
3669.56
3608.09
3546.6
3485.08
3423.55
3362.01
3300.45
3238.87
3177.28
3115.68
3054.07
2992.45
2930.82
2869.18
2807.53
2745.88
2684.22
2622.55
2560.88
2499.2
2437.52
2375.84
2314.15
2252.46
2190.77
2129.07
2067.37
2005.67
1943.97
1882.27
1820.56
1758.85
1697.15
1635.44
1573.73
1512.02
1450.31
1388.6
1326.88
1265.17
1203.46
1141.74
1080.03
1018.32
956.601
894.405
826.401
746.84
653.76
544.862
417.459
268.403
94.0236
4905.49
4724.43
4631.04
4521.47
4425.96
4336.17
4253.17
4176.27
4105.02
4039.01
3976.6
3915.24
3853.86
3792.45
3731.02
3669.57
3608.09
3546.6
3485.09
3423.56
3362.01
3300.45
3238.87
3177.28
3115.68
3054.07
2992.45
2930.82
2869.18
2807.53
2745.88
2684.22
2622.55
2560.88
2499.2
2437.52
2375.84
2314.15
2252.46
2190.77
2129.07
2067.37
2005.67
1943.97
1882.27
1820.56
1758.85
1697.15
1635.44
1573.73
1512.02
1450.31
1388.6
1326.88
1265.17
1203.46
1141.74
1080.03
1018.32
956.601
894.405
826.401
746.84
653.76
544.862
417.459
268.403
94.0238
4909.22
4726
4631.74
4521.95
4426.14
4336.28
4253.22
4176.29
4105.03
4039.02
3976.61
3915.25
3853.86
3792.46
3731.03
3669.57
3608.1
3546.6
3485.09
3423.56
3362.01
3300.45
3238.88
3177.29
3115.68
3054.07
2992.45
2930.82
2869.18
2807.53
2745.88
2684.22
2622.55
2560.88
2499.2
2437.52
2375.84
2314.15
2252.46
2190.76
2129.07
2067.37
2005.67
1943.97
1882.27
1820.56
1758.85
1697.15
1635.44
1573.73
1512.02
1450.31
1388.6
1326.88
1265.17
1203.46
1141.74
1080.03
1018.32
956.601
894.405
826.401
746.84
653.76
544.862
417.459
268.403
94.024
4912.45
4727.63
4632.43
4522.48
4426.36
4336.42
4253.3
4176.33
4105.05
4039.04
3976.62
3915.26
3853.87
3792.46
3731.03
3669.58
3608.1
3546.61
3485.1
3423.57
3362.02
3300.46
3238.88
3177.29
3115.69
3054.08
2992.45
2930.82
2869.18
2807.53
2745.88
2684.22
2622.55
2560.88
2499.2
2437.52
2375.84
2314.15
2252.46
2190.76
2129.07
2067.37
2005.67
1943.97
1882.27
1820.56
1758.85
1697.15
1635.44
1573.73
1512.02
1450.31
1388.6
1326.88
1265.17
1203.46
1141.74
1080.03
1018.32
956.601
894.404
826.401
746.84
653.76
544.862
417.459
268.403
94.0242
4914.91
4729.06
4632.99
4522.96
4426.57
4336.55
4253.37
4176.38
4105.08
4039.05
3976.63
3915.27
3853.88
3792.47
3731.04
3669.59
3608.11
3546.62
3485.1
3423.57
3362.03
3300.46
3238.88
3177.29
3115.69
3054.08
2992.46
2930.82
2869.18
2807.53
2745.88
2684.22
2622.55
2560.88
2499.2
2437.52
2375.84
2314.15
2252.46
2190.76
2129.07
2067.37
2005.67
1943.97
1882.27
1820.56
1758.85
1697.15
1635.44
1573.73
1512.02
1450.31
1388.6
1326.88
1265.17
1203.46
1141.74
1080.03
1018.32
956.601
894.404
826.4
746.84
653.76
544.862
417.459
268.403
94.0243
4916.33
4730.06
4633.25
4523.27
4426.68
4336.63
4253.41
4176.4
4105.1
4039.07
3976.64
3915.27
3853.89
3792.48
3731.05
3669.59
3608.12
3546.63
3485.11
3423.58
3362.03
3300.47
3238.89
3177.3
3115.7
3054.08
2992.46
2930.83
2869.19
2807.54
2745.88
2684.22
2622.55
2560.88
2499.2
2437.52
2375.84
2314.15
2252.46
2190.77
2129.07
2067.37
2005.67
1943.97
1882.27
1820.56
1758.85
1697.15
1635.44
1573.73
1512.02
1450.31
1388.6
1326.88
1265.17
1203.46
1141.74
1080.03
1018.32
956.601
894.404
826.4
746.84
653.76
544.862
417.459
268.403
94.0244
4916.4
4730.41
4633.09
4523.33
4426.65
4336.62
4253.4
4176.39
4105.09
4039.06
3976.64
3915.28
3853.9
3792.49
3731.06
3669.6
3608.13
3546.64
3485.12
3423.59
3362.04
3300.48
3238.9
3177.31
3115.7
3054.09
2992.46
2930.83
2869.19
2807.54
2745.88
2684.22
2622.55
2560.88
2499.2
2437.52
2375.84
2314.15
2252.46
2190.77
2129.07
2067.37
2005.67
1943.97
1882.27
1820.56
1758.85
1697.15
1635.44
1573.73
1512.02
1450.31
1388.6
1326.88
1265.17
1203.46
1141.74
1080.03
1018.32
956.601
894.404
826.401
746.84
653.76
544.862
417.459
268.403
94.0244
4914.83
4729.96
4632.39
4523.06
4426.41
4336.48
4253.31
4176.34
4105.06
4039.05
3976.64
3915.28
3853.9
3792.5
3731.07
3669.62
3608.14
3546.65
3485.13
3423.6
3362.05
3300.48
3238.91
3177.31
3115.71
3054.09
2992.47
2930.83
2869.19
2807.54
2745.89
2684.22
2622.56
2560.88
2499.21
2437.52
2375.84
2314.15
2252.46
2190.77
2129.07
2067.37
2005.67
1943.97
1882.27
1820.56
1758.85
1697.15
1635.44
1573.73
1512.02
1450.31
1388.6
1326.88
1265.17
1203.46
1141.74
1080.03
1018.32
956.601
894.404
826.401
746.84
653.76
544.862
417.459
268.403
94.0244
4911.32
4728.62
4631.1
4522.45
4425.99
4336.24
4253.17
4176.26
4105.02
4039.03
3976.63
3915.29
3853.91
3792.51
3731.08
3669.63
3608.16
3546.66
3485.15
3423.61
3362.06
3300.49
3238.91
3177.32
3115.72
3054.1
2992.47
2930.84
2869.2
2807.55
2745.89
2684.23
2622.56
2560.88
2499.21
2437.53
2375.84
2314.15
2252.46
2190.77
2129.07
2067.37
2005.67
1943.97
1882.27
1820.56
1758.85
1697.15
1635.44
1573.73
1512.02
1450.31
1388.6
1326.88
1265.17
1203.46
1141.74
1080.03
1018.32
956.601
894.404
826.401
746.84
653.76
544.862
417.459
268.403
94.0242
4905.54
4726.4
4629.22
4521.54
4425.4
4335.9
4252.97
4176.15
4104.96
4039
3976.63
3915.29
3853.92
3792.53
3731.1
3669.65
3608.18
3546.68
3485.16
3423.63
3362.07
3300.51
3238.92
3177.33
3115.72
3054.1
2992.48
2930.84
2869.2
2807.55
2745.89
2684.23
2622.56
2560.89
2499.21
2437.53
2375.84
2314.15
2252.46
2190.77
2129.07
2067.37
2005.67
1943.97
1882.27
1820.56
1758.85
1697.15
1635.44
1573.73
1512.02
1450.31
1388.6
1326.88
1265.17
1203.46
1141.74
1080.03
1018.32
956.601
894.404
826.401
746.84
653.76
544.862
417.458
268.403
94.0239
4897.86
4724.16
4627.44
4520.89
4425.1
4335.83
4253.01
4176.23
4105.06
4039.11
3976.73
3915.38
3854.01
3792.6
3731.16
3669.7
3608.22
3546.72
3485.19
3423.65
3362.09
3300.52
3238.94
3177.34
3115.73
3054.11
2992.48
2930.85
2869.2
2807.55
2745.89
2684.23
2622.56
2560.89
2499.21
2437.53
2375.84
2314.15
2252.46
2190.77
2129.07
2067.37
2005.67
1943.97
1882.27
1820.56
1758.85
1697.15
1635.44
1573.73
1512.02
1450.31
1388.6
1326.88
1265.17
1203.46
1141.74
1080.03
1018.32
956.601
894.404
826.4
746.84
653.76
544.862
417.458
268.403
94.0235
4887.34
4721.52
4625.11
4520.01
4424.62
4335.61
4252.93
4176.22
4105.08
4039.14
3976.77
3915.43
3854.05
3792.64
3731.2
3669.74
3608.25
3546.74
3485.21
3423.67
3362.11
3300.53
3238.95
3177.35
3115.74
3054.12
2992.49
2930.85
2869.2
2807.55
2745.89
2684.23
2622.56
2560.89
2499.21
2437.53
2375.84
2314.15
2252.46
2190.77
2129.07
2067.37
2005.67
1943.97
1882.27
1820.56
1758.85
1697.15
1635.44
1573.73
1512.02
1450.31
1388.6
1326.88
1265.17
1203.46
1141.74
1080.03
1018.32
956.601
894.404
826.4
746.84
653.76
544.862
417.458
268.404
94.023
4881.28
4727.34
4628.05
4523.28
4427.09
4337.51
4254.37
4177.32
4105.93
4039.8
3977.28
3915.83
3854.36
3792.88
3731.39
3669.88
3608.36
3546.82
3485.28
3423.72
3362.14
3300.56
3238.97
3177.36
3115.75
3054.12
2992.49
2930.85
2869.21
2807.55
2745.9
2684.23
2622.56
2560.89
2499.21
2437.53
2375.84
2314.15
2252.46
2190.77
2129.07
2067.37
2005.67
1943.97
1882.27
1820.56
1758.85
1697.15
1635.44
1573.73
1512.02
1450.31
1388.6
1326.88
1265.17
1203.46
1141.74
1080.03
1018.32
956.601
894.405
826.401
746.84
653.76
544.862
417.458
268.404
94.0228
4895.68
4731.14
4633.12
4524.52
4428.17
4337.93
4254.56
4177.37
4105.91
4039.75
3977.22
3915.76
3854.3
3792.83
3731.35
3669.85
3608.35
3546.82
3485.29
3423.74
3362.17
3300.59
3239
3177.4
3115.79
3054.17
2992.54
2930.9
2869.25
2807.59
2745.93
2684.27
2622.6
2560.92
2499.24
2437.55
2375.87
2314.18
2252.48
2190.79
2129.09
2067.39
2005.69
1943.98
1882.28
1820.57
1758.86
1697.16
1635.45
1573.74
1512.03
1450.31
1388.6
1326.89
1265.17
1203.46
1141.75
1080.03
1018.32
956.603
894.406
826.402
746.841
653.761
544.862
417.459
268.404
94.0228
4893.32
4727.53
4632.26
4523.57
4427.75
4337.66
4254.41
4177.28
4105.86
4039.73
3977.21
3915.77
3854.31
3792.84
3731.36
3669.86
3608.35
3546.83
3485.29
3423.74
3362.17
3300.59
3239
3177.4
3115.79
3054.17
2992.54
2930.9
2869.25
2807.59
2745.93
2684.27
2622.59
2560.92
2499.24
2437.55
2375.87
2314.18
2252.48
2190.79
2129.09
2067.39
2005.69
1943.98
1882.28
1820.57
1758.86
1697.16
1635.45
1573.74
1512.03
1450.31
1388.6
1326.89
1265.17
1203.46
1141.75
1080.03
1018.32
956.603
894.406
826.402
746.841
653.761
544.862
417.459
268.404
94.0227
4894.21
4725.24
4631.86
4522.92
4427.45
4337.45
4254.29
4177.21
4105.82
4039.7
3977.2
3915.76
3854.31
3792.84
3731.36
3669.87
3608.36
3546.83
3485.29
3423.74
3362.17
3300.6
3239
3177.4
3115.79
3054.17
2992.53
2930.89
2869.25
2807.59
2745.93
2684.27
2622.59
2560.92
2499.24
2437.55
2375.87
2314.18
2252.48
2190.79
2129.09
2067.39
2005.69
1943.98
1882.28
1820.57
1758.86
1697.16
1635.45
1573.74
1512.03
1450.31
1388.6
1326.89
1265.17
1203.46
1141.75
1080.03
1018.32
956.603
894.406
826.402
746.841
653.761
544.862
417.459
268.404
94.0227
4896.83
4724.33
4631.74
4522.56
4427.24
4337.3
4254.19
4177.15
4105.78
4039.68
3977.19
3915.75
3854.31
3792.84
3731.36
3669.87
3608.36
3546.84
3485.3
3423.74
3362.18
3300.6
3239.01
3177.4
3115.79
3054.17
2992.53
2930.89
2869.25
2807.59
2745.93
2684.27
2622.59
2560.92
2499.24
2437.55
2375.87
2314.18
2252.48
2190.79
2129.09
2067.39
2005.69
1943.98
1882.28
1820.57
1758.86
1697.16
1635.45
1573.74
1512.02
1450.31
1388.6
1326.89
1265.17
1203.46
1141.75
1080.03
1018.32
956.603
894.406
826.402
746.841
653.761
544.862
417.459
268.404
94.0228
4900.24
4724.34
4631.86
4522.46
4427.12
4337.21
4254.12
4177.1
4105.75
4039.66
3977.17
3915.75
3854.3
3792.84
3731.37
3669.87
3608.36
3546.84
3485.3
3423.75
3362.18
3300.6
3239.01
3177.4
3115.79
3054.17
2992.53
2930.89
2869.25
2807.59
2745.93
2684.26
2622.59
2560.92
2499.24
2437.55
2375.87
2314.17
2252.48
2190.79
2129.09
2067.39
2005.69
1943.98
1882.28
1820.57
1758.86
1697.16
1635.45
1573.74
1512.02
1450.31
1388.6
1326.89
1265.17
1203.46
1141.75
1080.03
1018.32
956.603
894.406
826.402
746.841
653.761
544.862
417.459
268.404
94.023
4904.08
4725.1
4632.24
4522.6
4427.12
4337.19
4254.09
4177.07
4105.73
4039.65
3977.16
3915.74
3854.3
3792.84
3731.37
3669.88
3608.37
3546.84
3485.3
3423.75
3362.18
3300.6
3239.01
3177.4
3115.79
3054.17
2992.53
2930.89
2869.25
2807.59
2745.93
2684.26
2622.59
2560.92
2499.24
2437.55
2375.86
2314.17
2252.48
2190.79
2129.09
2067.39
2005.69
1943.98
1882.28
1820.57
1758.86
1697.15
1635.45
1573.74
1512.02
1450.31
1388.6
1326.89
1265.17
1203.46
1141.75
1080.03
1018.32
956.603
894.406
826.402
746.841
653.761
544.862
417.459
268.404
94.0231
4908.02
4726.39
4632.82
4522.94
4427.22
4337.25
4254.1
4177.08
4105.73
4039.64
3977.16
3915.74
3854.3
3792.85
3731.37
3669.88
3608.37
3546.85
3485.31
3423.75
3362.18
3300.6
3239.01
3177.41
3115.79
3054.17
2992.54
2930.9
2869.25
2807.59
2745.93
2684.26
2622.59
2560.92
2499.24
2437.55
2375.86
2314.17
2252.48
2190.78
2129.09
2067.39
2005.69
1943.98
1882.28
1820.57
1758.86
1697.15
1635.45
1573.74
1512.02
1450.31
1388.6
1326.89
1265.17
1203.46
1141.75
1080.03
1018.32
956.603
894.406
826.402
746.841
653.761
544.862
417.459
268.404
94.0233
4911.75
4727.97
4633.52
4523.42
4427.41
4337.36
4254.16
4177.1
4105.74
4039.65
3977.17
3915.75
3854.31
3792.85
3731.38
3669.89
3608.38
3546.85
3485.31
3423.76
3362.19
3300.61
3239.01
3177.41
3115.79
3054.17
2992.54
2930.9
2869.25
2807.59
2745.93
2684.26
2622.59
2560.92
2499.24
2437.55
2375.86
2314.17
2252.48
2190.78
2129.09
2067.39
2005.68
1943.98
1882.28
1820.57
1758.86
1697.15
1635.44
1573.73
1512.02
1450.31
1388.6
1326.89
1265.17
1203.46
1141.75
1080.03
1018.32
956.603
894.406
826.402
746.841
653.761
544.862
417.459
268.404
94.0235
4914.99
4729.6
4634.21
4523.95
4427.63
4337.5
4254.23
4177.14
4105.76
4039.67
3977.18
3915.75
3854.31
3792.86
3731.38
3669.89
3608.38
3546.86
3485.32
3423.76
3362.19
3300.61
3239.02
3177.41
3115.8
3054.17
2992.54
2930.9
2869.25
2807.59
2745.93
2684.27
2622.59
2560.92
2499.24
2437.55
2375.86
2314.17
2252.48
2190.78
2129.09
2067.39
2005.68
1943.98
1882.28
1820.57
1758.86
1697.15
1635.44
1573.73
1512.02
1450.31
1388.6
1326.89
1265.17
1203.46
1141.75
1080.03
1018.32
956.603
894.406
826.402
746.841
653.761
544.862
417.459
268.404
94.0236
4917.46
4731.03
4634.77
4524.43
4427.83
4337.63
4254.3
4177.19
4105.79
4039.68
3977.19
3915.76
3854.32
3792.87
3731.39
3669.9
3608.39
3546.86
3485.32
3423.77
3362.2
3300.62
3239.02
3177.42
3115.8
3054.18
2992.54
2930.9
2869.25
2807.6
2745.93
2684.27
2622.59
2560.92
2499.24
2437.55
2375.86
2314.17
2252.48
2190.78
2129.09
2067.39
2005.68
1943.98
1882.28
1820.57
1758.86
1697.15
1635.44
1573.73
1512.02
1450.31
1388.6
1326.89
1265.17
1203.46
1141.75
1080.03
1018.32
956.603
894.406
826.402
746.841
653.761
544.862
417.459
268.404
94.0238
4918.88
4732.04
4635.05
4524.75
4427.95
4337.71
4254.35
4177.21
4105.81
4039.7
3977.2
3915.77
3854.33
3792.87
3731.4
3669.91
3608.4
3546.87
3485.33
3423.78
3362.21
3300.62
3239.03
3177.42
3115.81
3054.18
2992.55
2930.9
2869.25
2807.6
2745.94
2684.27
2622.6
2560.92
2499.24
2437.55
2375.87
2314.17
2252.48
2190.78
2129.09
2067.39
2005.68
1943.98
1882.28
1820.57
1758.86
1697.15
1635.44
1573.73
1512.02
1450.31
1388.6
1326.89
1265.17
1203.46
1141.75
1080.03
1018.32
956.603
894.406
826.402
746.841
653.761
544.862
417.459
268.404
94.0238
4918.97
4732.41
4634.89
4524.82
4427.92
4337.7
4254.34
4177.21
4105.81
4039.7
3977.2
3915.78
3854.34
3792.88
3731.41
3669.92
3608.41
3546.88
3485.34
3423.79
3362.22
3300.63
3239.04
3177.43
3115.81
3054.19
2992.55
2930.91
2869.26
2807.6
2745.94
2684.27
2622.6
2560.92
2499.24
2437.55
2375.87
2314.17
2252.48
2190.78
2129.09
2067.39
2005.68
1943.98
1882.28
1820.57
1758.86
1697.15
1635.44
1573.73
1512.02
1450.31
1388.6
1326.89
1265.17
1203.46
1141.75
1080.03
1018.32
956.603
894.406
826.402
746.841
653.761
544.862
417.459
268.404
94.0239
4917.41
4731.97
4634.19
4524.55
4427.69
4337.57
4254.25
4177.16
4105.78
4039.68
3977.2
3915.78
3854.35
3792.89
3731.42
3669.93
3608.42
3546.9
3485.35
3423.8
3362.22
3300.64
3239.04
3177.44
3115.82
3054.19
2992.56
2930.91
2869.26
2807.6
2745.94
2684.27
2622.6
2560.92
2499.24
2437.56
2375.87
2314.18
2252.48
2190.79
2129.09
2067.39
2005.68
1943.98
1882.28
1820.57
1758.86
1697.15
1635.44
1573.73
1512.02
1450.31
1388.6
1326.89
1265.17
1203.46
1141.75
1080.03
1018.32
956.603
894.406
826.402
746.842
653.761
544.863
417.459
268.404
94.0238
4913.92
4730.64
4632.92
4523.95
4427.28
4337.34
4254.11
4177.08
4105.74
4039.67
3977.2
3915.79
3854.36
3792.91
3731.44
3669.95
3608.44
3546.91
3485.37
3423.81
3362.24
3300.65
3239.05
3177.44
3115.83
3054.2
2992.56
2930.92
2869.26
2807.61
2745.94
2684.27
2622.6
2560.92
2499.24
2437.56
2375.87
2314.18
2252.48
2190.79
2129.09
2067.39
2005.69
1943.98
1882.28
1820.57
1758.86
1697.15
1635.45
1573.73
1512.02
1450.31
1388.6
1326.89
1265.17
1203.46
1141.75
1080.03
1018.32
956.603
894.406
826.402
746.841
653.761
544.862
417.459
268.404
94.0237
4908.16
4728.44
4631.05
4523.05
4426.7
4337.01
4253.93
4176.97
4105.68
4039.64
3977.19
3915.8
3854.37
3792.93
3731.46
3669.97
3608.46
3546.93
3485.38
3423.82
3362.25
3300.66
3239.06
3177.45
3115.83
3054.2
2992.57
2930.92
2869.27
2807.61
2745.95
2684.28
2622.6
2560.92
2499.24
2437.56
2375.87
2314.18
2252.48
2190.79
2129.09
2067.39
2005.69
1943.98
1882.28
1820.57
1758.86
1697.15
1635.45
1573.73
1512.02
1450.31
1388.6
1326.89
1265.17
1203.46
1141.75
1080.03
1018.32
956.603
894.406
826.402
746.841
653.761
544.862
417.459
268.404
94.0234
4900.49
4726.21
4629.27
4522.41
4426.4
4336.94
4253.96
4177.06
4105.79
4039.75
3977.3
3915.89
3854.46
3793
3731.52
3670.02
3608.5
3546.97
3485.41
3423.85
3362.27
3300.68
3239.08
3177.46
3115.84
3054.21
2992.57
2930.92
2869.27
2807.61
2745.95
2684.28
2622.6
2560.93
2499.24
2437.56
2375.87
2314.18
2252.48
2190.79
2129.09
2067.39
2005.69
1943.98
1882.28
1820.57
1758.86
1697.15
1635.44
1573.73
1512.02
1450.31
1388.6
1326.89
1265.17
1203.46
1141.75
1080.03
1018.32
956.603
894.406
826.402
746.841
653.761
544.862
417.459
268.404
94.0231
4889.98
4723.58
4626.94
4521.53
4425.92
4336.73
4253.89
4177.05
4105.81
4039.79
3977.34
3915.94
3854.5
3793.04
3731.56
3670.05
3608.53
3546.99
3485.44
3423.87
3362.28
3300.69
3239.09
3177.47
3115.85
3054.22
2992.58
2930.93
2869.27
2807.61
2745.95
2684.28
2622.61
2560.93
2499.24
2437.56
2375.87
2314.18
2252.48
2190.79
2129.09
2067.39
2005.69
1943.98
1882.28
1820.57
1758.86
1697.15
1635.44
1573.73
1512.02
1450.31
1388.6
1326.89
1265.17
1203.46
1141.75
1080.03
1018.32
956.603
894.406
826.402
746.841
653.761
544.862
417.459
268.404
94.0226
4883.91
4729.41
4629.87
4524.79
4428.38
4338.62
4255.32
4178.14
4106.65
4040.44
3977.85
3916.33
3854.81
3793.28
3731.74
3670.19
3608.64
3547.07
3485.5
3423.91
3362.32
3300.72
3239.1
3177.49
3115.86
3054.22
2992.58
2930.93
2869.28
2807.62
2745.95
2684.28
2622.61
2560.93
2499.24
2437.56
2375.87
2314.18
2252.48
2190.79
2129.09
2067.39
2005.69
1943.98
1882.28
1820.57
1758.86
1697.15
1635.44
1573.73
1512.02
1450.31
1388.6
1326.89
1265.17
1203.46
1141.75
1080.03
1018.32
956.603
894.406
826.402
746.841
653.761
544.863
417.459
268.404
94.0224
4898.09
4733.08
4634.84
4525.97
4429.42
4339.01
4255.5
4178.18
4106.63
4040.39
3977.79
3916.27
3854.76
3793.24
3731.71
3670.18
3608.63
3547.08
3485.51
3423.94
3362.35
3300.75
3239.15
3177.53
3115.9
3054.27
2992.63
2930.98
2869.32
2807.66
2745.99
2684.32
2622.64
2560.96
2499.28
2437.59
2375.9
2314.2
2252.51
2190.81
2129.11
2067.4
2005.7
1944
1882.29
1820.58
1758.87
1697.16
1635.45
1573.74
1512.03
1450.32
1388.61
1326.89
1265.18
1203.46
1141.75
1080.04
1018.32
956.605
894.408
826.403
746.843
653.762
544.863
417.459
268.404
94.0224
4895.73
4729.45
4633.98
4525.02
4429
4338.73
4255.34
4178.1
4106.58
4040.36
3977.78
3916.27
3854.76
3793.24
3731.72
3670.18
3608.64
3547.08
3485.52
3423.94
3362.35
3300.76
3239.15
3177.53
3115.9
3054.27
2992.63
2930.98
2869.32
2807.66
2745.99
2684.32
2622.64
2560.96
2499.27
2437.59
2375.9
2314.2
2252.51
2190.81
2129.11
2067.4
2005.7
1944
1882.29
1820.58
1758.87
1697.16
1635.45
1573.74
1512.03
1450.32
1388.61
1326.89
1265.18
1203.46
1141.75
1080.04
1018.32
956.605
894.408
826.403
746.843
653.762
544.863
417.459
268.404
94.0223
4896.62
4727.15
4633.58
4524.36
4428.69
4338.52
4255.22
4178.02
4106.54
4040.34
3977.77
3916.27
3854.76
3793.25
3731.72
3670.19
3608.64
3547.09
3485.52
3423.94
3362.36
3300.76
3239.15
3177.53
3115.9
3054.27
2992.63
2930.98
2869.32
2807.66
2745.99
2684.32
2622.64
2560.96
2499.27
2437.59
2375.9
2314.2
2252.51
2190.81
2129.11
2067.4
2005.7
1944
1882.29
1820.58
1758.87
1697.16
1635.45
1573.74
1512.03
1450.32
1388.61
1326.89
1265.18
1203.46
1141.75
1080.04
1018.32
956.605
894.408
826.403
746.843
653.762
544.863
417.459
268.404
94.0223
4899.24
4726.24
4633.46
4524
4428.48
4338.37
4255.12
4177.96
4106.5
4040.32
3977.75
3916.26
3854.76
3793.25
3731.73
3670.19
3608.65
3547.09
3485.52
3423.95
3362.36
3300.76
3239.15
3177.53
3115.9
3054.27
2992.63
2930.98
2869.32
2807.66
2745.99
2684.32
2622.64
2560.96
2499.27
2437.59
2375.89
2314.2
2252.5
2190.81
2129.11
2067.4
2005.7
1944
1882.29
1820.58
1758.87
1697.16
1635.45
1573.74
1512.03
1450.32
1388.61
1326.89
1265.18
1203.46
1141.75
1080.04
1018.32
956.605
894.408
826.403
746.843
653.762
544.863
417.459
268.404
94.0224
4902.64
4726.25
4633.58
4523.9
4428.37
4338.28
4255.05
4177.91
4106.46
4040.3
3977.74
3916.25
3854.76
3793.25
3731.73
3670.2
3608.65
3547.1
3485.53
3423.95
3362.36
3300.76
3239.15
3177.53
3115.9
3054.27
2992.63
2930.98
2869.32
2807.66
2745.99
2684.32
2622.64
2560.96
2499.27
2437.59
2375.89
2314.2
2252.5
2190.81
2129.11
2067.4
2005.7
1944
1882.29
1820.58
1758.87
1697.16
1635.45
1573.74
1512.03
1450.32
1388.61
1326.89
1265.18
1203.46
1141.75
1080.04
1018.32
956.605
894.408
826.403
746.843
653.762
544.863
417.459
268.404
94.0225
4906.48
4727.01
4633.96
4524.03
4428.36
4338.26
4255.02
4177.89
4106.44
4040.28
3977.73
3916.25
3854.76
3793.25
3731.73
3670.2
3608.65
3547.1
3485.53
3423.95
3362.36
3300.76
3239.15
3177.53
3115.91
3054.27
2992.63
2930.98
2869.32
2807.66
2745.99
2684.32
2622.64
2560.96
2499.27
2437.59
2375.89
2314.2
2252.5
2190.81
2129.11
2067.4
2005.7
1943.99
1882.29
1820.58
1758.87
1697.16
1635.45
1573.74
1512.03
1450.32
1388.61
1326.89
1265.18
1203.46
1141.75
1080.04
1018.32
956.605
894.408
826.403
746.843
653.762
544.863
417.459
268.404
94.0226
4910.42
4728.3
4634.54
4524.38
4428.46
4338.32
4255.03
4177.89
4106.44
4040.28
3977.73
3916.25
3854.76
3793.25
3731.73
3670.2
3608.66
3547.1
3485.54
3423.96
3362.37
3300.77
3239.16
3177.54
3115.91
3054.27
2992.63
2930.98
2869.32
2807.66
2745.99
2684.32
2622.64
2560.96
2499.27
2437.58
2375.89
2314.2
2252.5
2190.81
2129.11
2067.4
2005.7
1943.99
1882.29
1820.58
1758.87
1697.16
1635.45
1573.74
1512.03
1450.32
1388.61
1326.89
1265.18
1203.46
1141.75
1080.03
1018.32
956.605
894.408
826.403
746.843
653.762
544.863
417.459
268.404
94.0227
4914.15
4729.88
4635.24
4524.86
4428.65
4338.43
4255.09
4177.91
4106.46
4040.29
3977.73
3916.25
3854.76
3793.26
3731.74
3670.21
3608.66
3547.11
3485.54
3423.96
3362.37
3300.77
3239.16
3177.54
3115.91
3054.27
2992.63
2930.98
2869.32
2807.66
2745.99
2684.32
2622.64
2560.96
2499.27
2437.58
2375.89
2314.2
2252.5
2190.81
2129.11
2067.4
2005.7
1943.99
1882.29
1820.58
1758.87
1697.16
1635.45
1573.74
1512.03
1450.32
1388.6
1326.89
1265.18
1203.46
1141.75
1080.03
1018.32
956.604
894.408
826.403
746.843
653.762
544.863
417.459
268.404
94.0229
4917.4
4731.51
4635.94
4525.39
4428.87
4338.57
4255.16
4177.96
4106.48
4040.3
3977.74
3916.26
3854.77
3793.26
3731.74
3670.21
3608.67
3547.11
3485.55
3423.97
3362.38
3300.77
3239.16
3177.54
3115.91
3054.28
2992.63
2930.98
2869.32
2807.66
2745.99
2684.32
2622.64
2560.96
2499.27
2437.58
2375.89
2314.2
2252.5
2190.81
2129.1
2067.4
2005.7
1943.99
1882.29
1820.58
1758.87
1697.16
1635.45
1573.74
1512.03
1450.32
1388.6
1326.89
1265.18
1203.46
1141.75
1080.03
1018.32
956.604
894.407
826.403
746.843
653.762
544.863
417.459
268.404
94.023
4919.87
4732.95
4636.5
4525.87
4429.08
4338.71
4255.23
4178
4106.51
4040.32
3977.76
3916.27
3854.78
3793.27
3731.75
3670.22
3608.68
3547.12
3485.55
3423.97
3362.38
3300.78
3239.17
3177.55
3115.92
3054.28
2992.63
2930.98
2869.32
2807.66
2745.99
2684.32
2622.64
2560.96
2499.27
2437.59
2375.89
2314.2
2252.5
2190.81
2129.1
2067.4
2005.7
1943.99
1882.29
1820.58
1758.87
1697.16
1635.45
1573.74
1512.03
1450.32
1388.6
1326.89
1265.18
1203.46
1141.75
1080.03
1018.32
956.604
894.407
826.403
746.843
653.762
544.863
417.459
268.404
94.0231
4921.31
4733.96
4636.78
4526.2
4429.2
4338.79
4255.28
4178.03
4106.52
4040.33
3977.77
3916.28
3854.79
3793.28
3731.76
3670.23
3608.69
3547.13
3485.56
3423.98
3362.39
3300.79
3239.17
3177.55
3115.92
3054.28
2992.64
2930.99
2869.33
2807.66
2745.99
2684.32
2622.64
2560.96
2499.27
2437.59
2375.89
2314.2
2252.5
2190.81
2129.1
2067.4
2005.7
1943.99
1882.29
1820.58
1758.87
1697.16
1635.45
1573.74
1512.03
1450.32
1388.6
1326.89
1265.18
1203.46
1141.75
1080.03
1018.32
956.605
894.408
826.403
746.843
653.762
544.863
417.459
268.404
94.0232
4921.41
4734.34
4636.63
4526.27
4429.17
4338.78
4255.27
4178.02
4106.52
4040.33
3977.77
3916.29
3854.79
3793.29
3731.77
3670.24
3608.7
3547.14
3485.57
3423.99
3362.4
3300.79
3239.18
3177.56
3115.93
3054.29
2992.64
2930.99
2869.33
2807.67
2746
2684.32
2622.64
2560.96
2499.28
2437.59
2375.9
2314.2
2252.5
2190.81
2129.11
2067.4
2005.7
1943.99
1882.29
1820.58
1758.87
1697.16
1635.45
1573.74
1512.03
1450.32
1388.6
1326.89
1265.18
1203.46
1141.75
1080.03
1018.32
956.605
894.408
826.403
746.843
653.762
544.863
417.459
268.404
94.0233
4919.86
4733.91
4635.94
4526.01
4428.95
4338.65
4255.19
4177.97
4106.5
4040.32
3977.77
3916.29
3854.8
3793.3
3731.78
3670.25
3608.71
3547.15
3485.58
3424
3362.41
3300.8
3239.19
3177.56
3115.93
3054.29
2992.65
2930.99
2869.33
2807.67
2746
2684.32
2622.65
2560.96
2499.28
2437.59
2375.9
2314.2
2252.5
2190.81
2129.11
2067.4
2005.7
1943.99
1882.29
1820.58
1758.87
1697.16
1635.45
1573.74
1512.03
1450.32
1388.6
1326.89
1265.18
1203.46
1141.75
1080.03
1018.32
956.605
894.408
826.403
746.843
653.762
544.863
417.459
268.404
94.0232
4916.38
4732.6
4634.67
4525.42
4428.54
4338.42
4255.06
4177.9
4106.46
4040.31
3977.77
3916.3
3854.82
3793.32
3731.8
3670.27
3608.73
3547.17
3485.6
3424.01
3362.42
3300.81
3239.2
3177.57
3115.94
3054.3
2992.65
2931
2869.34
2807.67
2746
2684.33
2622.65
2560.96
2499.28
2437.59
2375.9
2314.2
2252.51
2190.81
2129.11
2067.4
2005.7
1943.99
1882.29
1820.58
1758.87
1697.16
1635.45
1573.74
1512.03
1450.32
1388.6
1326.89
1265.18
1203.46
1141.75
1080.03
1018.32
956.605
894.408
826.403
746.843
653.762
544.863
417.459
268.404
94.0231
4910.63
4730.4
4632.81
4524.52
4427.97
4338.1
4254.87
4177.8
4106.41
4040.29
3977.77
3916.31
3854.83
3793.34
3731.82
3670.29
3608.75
3547.19
3485.61
3424.03
3362.43
3300.82
3239.21
3177.58
3115.95
3054.31
2992.66
2931
2869.34
2807.67
2746
2684.33
2622.65
2560.97
2499.28
2437.59
2375.9
2314.2
2252.51
2190.81
2129.11
2067.4
2005.7
1943.99
1882.29
1820.58
1758.87
1697.16
1635.45
1573.74
1512.03
1450.32
1388.6
1326.89
1265.18
1203.46
1141.75
1080.03
1018.32
956.605
894.408
826.403
746.842
653.762
544.863
417.459
268.404
94.0228
4902.98
4728.19
4631.04
4523.9
4427.68
4338.04
4254.91
4177.89
4106.52
4040.4
3977.87
3916.41
3854.92
3793.41
3731.89
3670.35
3608.79
3547.22
3485.65
3424.05
3362.45
3300.84
3239.22
3177.59
3115.96
3054.31
2992.66
2931.01
2869.34
2807.68
2746.01
2684.33
2622.65
2560.97
2499.28
2437.59
2375.9
2314.2
2252.51
2190.81
2129.11
2067.4
2005.7
1944
1882.29
1820.58
1758.87
1697.16
1635.45
1573.74
1512.03
1450.32
1388.6
1326.89
1265.18
1203.46
1141.75
1080.03
1018.32
956.605
894.408
826.403
746.843
653.762
544.863
417.459
268.404
94.0226
4892.48
4725.57
4628.72
4523.02
4427.2
4337.83
4254.84
4177.88
4106.54
4040.44
3977.92
3916.45
3854.96
3793.45
3731.92
3670.38
3608.82
3547.25
3485.67
3424.07
3362.47
3300.85
3239.23
3177.6
3115.96
3054.32
2992.67
2931.01
2869.35
2807.68
2746.01
2684.33
2622.65
2560.97
2499.28
2437.59
2375.9
2314.2
2252.51
2190.81
2129.11
2067.4
2005.7
1944
1882.29
1820.58
1758.87
1697.16
1635.45
1573.74
1512.03
1450.32
1388.6
1326.89
1265.18
1203.46
1141.75
1080.03
1018.32
956.605
894.408
826.403
746.843
653.762
544.863
417.459
268.404
94.0222
4886.4
4731.39
4631.62
4526.27
4429.65
4339.71
4256.27
4178.96
4107.37
4041.08
3978.42
3916.84
3855.26
3793.68
3732.1
3670.51
3608.92
3547.33
3485.72
3424.12
3362.5
3300.88
3239.25
3177.61
3115.97
3054.32
2992.67
2931.01
2869.35
2807.68
2746.01
2684.33
2622.65
2560.97
2499.28
2437.59
2375.9
2314.2
2252.51
2190.81
2129.11
2067.4
2005.7
1944
1882.29
1820.58
1758.87
1697.16
1635.45
1573.74
1512.03
1450.32
1388.6
1326.89
1265.18
1203.46
1141.75
1080.03
1018.32
956.605
894.408
826.403
746.843
653.762
544.863
417.459
268.404
94.022
4900.38
4734.94
4636.5
4527.38
4430.65
4340.07
4256.42
4178.99
4107.34
4041.03
3978.36
3916.78
3855.21
3793.65
3732.08
3670.5
3608.93
3547.34
3485.75
3424.15
3362.54
3300.92
3239.3
3177.66
3116.02
3054.38
2992.72
2931.06
2869.4
2807.73
2746.05
2684.37
2622.69
2561
2499.31
2437.62
2375.93
2314.23
2252.53
2190.83
2129.13
2067.42
2005.72
1944.01
1882.3
1820.59
1758.88
1697.17
1635.46
1573.75
1512.04
1450.32
1388.61
1326.9
1265.18
1203.47
1141.75
1080.04
1018.32
956.607
894.41
826.405
746.844
653.763
544.864
417.46
268.405
94.0219
4898.02
4731.31
4635.64
4526.43
4430.22
4339.79
4256.27
4178.91
4107.3
4041
3978.35
3916.78
3855.22
3793.65
3732.08
3670.51
3608.93
3547.35
3485.75
3424.15
3362.54
3300.92
3239.3
3177.66
3116.02
3054.37
2992.72
2931.06
2869.4
2807.73
2746.05
2684.37
2622.69
2561
2499.31
2437.62
2375.93
2314.23
2252.53
2190.83
2129.13
2067.42
2005.72
1944.01
1882.3
1820.59
1758.88
1697.17
1635.46
1573.75
1512.04
1450.32
1388.61
1326.9
1265.18
1203.47
1141.75
1080.04
1018.32
956.607
894.41
826.405
746.844
653.763
544.864
417.46
268.404
94.0218
4898.91
4729
4635.24
4525.77
4429.92
4339.58
4256.14
4178.83
4107.25
4040.98
3978.34
3916.78
3855.22
3793.66
3732.09
3670.52
3608.94
3547.35
3485.76
3424.15
3362.54
3300.92
3239.3
3177.66
3116.02
3054.37
2992.72
2931.06
2869.4
2807.72
2746.05
2684.37
2622.69
2561
2499.31
2437.62
2375.93
2314.23
2252.53
2190.83
2129.13
2067.42
2005.72
1944.01
1882.3
1820.59
1758.88
1697.17
1635.46
1573.75
1512.04
1450.32
1388.61
1326.9
1265.18
1203.47
1141.75
1080.04
1018.32
956.607
894.41
826.405
746.844
653.763
544.864
417.46
268.404
94.0218
4901.53
4728.09
4635.12
4525.41
4429.71
4339.43
4256.04
4178.77
4107.21
4040.95
3978.32
3916.77
3855.22
3793.66
3732.09
3670.52
3608.94
3547.35
3485.76
3424.16
3362.54
3300.93
3239.3
3177.66
3116.02
3054.37
2992.72
2931.06
2869.39
2807.72
2746.05
2684.37
2622.69
2561
2499.31
2437.62
2375.93
2314.23
2252.53
2190.83
2129.13
2067.42
2005.72
1944.01
1882.3
1820.59
1758.88
1697.17
1635.46
1573.75
1512.04
1450.32
1388.61
1326.9
1265.18
1203.47
1141.75
1080.04
1018.32
956.607
894.41
826.405
746.844
653.763
544.864
417.46
268.404
94.0219
4904.93
4728.1
4635.24
4525.3
4429.59
4339.34
4255.97
4178.72
4107.18
4040.93
3978.31
3916.77
3855.22
3793.66
3732.09
3670.52
3608.94
3547.36
3485.76
3424.16
3362.55
3300.93
3239.3
3177.67
3116.02
3054.38
2992.72
2931.06
2869.39
2807.72
2746.05
2684.37
2622.69
2561
2499.31
2437.62
2375.93
2314.23
2252.53
2190.83
2129.13
2067.42
2005.72
1944.01
1882.3
1820.59
1758.88
1697.17
1635.46
1573.75
1512.04
1450.32
1388.61
1326.9
1265.18
1203.47
1141.75
1080.04
1018.32
956.607
894.41
826.405
746.844
653.763
544.864
417.46
268.404
94.022
4908.76
4728.85
4635.62
4525.44
4429.58
4339.32
4255.94
4178.7
4107.16
4040.92
3978.3
3916.76
3855.21
3793.66
3732.1
3670.53
3608.95
3547.36
3485.77
3424.16
3362.55
3300.93
3239.3
3177.67
3116.02
3054.38
2992.72
2931.06
2869.39
2807.72
2746.05
2684.37
2622.69
2561
2499.31
2437.62
2375.92
2314.23
2252.53
2190.83
2129.13
2067.42
2005.72
1944.01
1882.3
1820.59
1758.88
1697.17
1635.46
1573.75
1512.04
1450.32
1388.61
1326.9
1265.18
1203.47
1141.75
1080.04
1018.32
956.607
894.409
826.405
746.844
653.763
544.864
417.46
268.404
94.0221
4912.7
4730.14
4636.2
4525.78
4429.68
4339.37
4255.95
4178.7
4107.16
4040.92
3978.3
3916.76
3855.21
3793.66
3732.1
3670.53
3608.95
3547.37
3485.77
3424.17
3362.55
3300.93
3239.3
3177.67
3116.03
3054.38
2992.72
2931.06
2869.4
2807.72
2746.05
2684.37
2622.69
2561
2499.31
2437.62
2375.92
2314.23
2252.53
2190.83
2129.12
2067.42
2005.72
1944.01
1882.3
1820.59
1758.88
1697.17
1635.46
1573.75
1512.04
1450.32
1388.61
1326.9
1265.18
1203.47
1141.75
1080.04
1018.32
956.607
894.409
826.405
746.844
653.763
544.864
417.46
268.404
94.0222
4916.44
4731.72
4636.9
4526.26
4429.87
4339.48
4256.01
4178.72
4107.17
4040.92
3978.31
3916.77
3855.22
3793.67
3732.1
3670.54
3608.96
3547.37
3485.77
3424.17
3362.56
3300.94
3239.31
3177.67
3116.03
3054.38
2992.72
2931.06
2869.4
2807.73
2746.05
2684.37
2622.69
2561
2499.31
2437.62
2375.92
2314.23
2252.53
2190.83
2129.12
2067.42
2005.71
1944.01
1882.3
1820.59
1758.88
1697.17
1635.46
1573.75
1512.04
1450.32
1388.61
1326.9
1265.18
1203.47
1141.75
1080.04
1018.32
956.606
894.409
826.405
746.844
653.763
544.864
417.46
268.404
94.0223
4919.68
4733.36
4637.6
4526.79
4430.09
4339.63
4256.08
4178.77
4107.2
4040.94
3978.32
3916.77
3855.23
3793.67
3732.11
3670.54
3608.96
3547.38
3485.78
3424.18
3362.56
3300.94
3239.31
3177.68
3116.03
3054.38
2992.73
2931.06
2869.4
2807.73
2746.05
2684.37
2622.69
2561
2499.31
2437.62
2375.92
2314.23
2252.53
2190.83
2129.12
2067.42
2005.71
1944.01
1882.3
1820.59
1758.88
1697.17
1635.46
1573.75
1512.04
1450.32
1388.61
1326.9
1265.18
1203.47
1141.75
1080.04
1018.32
956.606
894.409
826.405
746.844
653.763
544.864
417.46
268.404
94.0224
4922.16
4734.8
4638.16
4527.28
4430.3
4339.76
4256.15
4178.81
4107.22
4040.96
3978.33
3916.78
3855.23
3793.68
3732.12
3670.55
3608.97
3547.38
3485.79
3424.18
3362.57
3300.95
3239.32
3177.68
3116.04
3054.39
2992.73
2931.07
2869.4
2807.73
2746.05
2684.37
2622.69
2561
2499.31
2437.62
2375.92
2314.23
2252.53
2190.83
2129.12
2067.42
2005.71
1944.01
1882.3
1820.59
1758.88
1697.17
1635.46
1573.75
1512.04
1450.32
1388.61
1326.9
1265.18
1203.47
1141.75
1080.04
1018.32
956.606
894.409
826.405
746.844
653.763
544.864
417.46
268.404
94.0225
4923.61
4735.82
4638.44
4527.61
4430.43
4339.85
4256.2
4178.84
4107.24
4040.97
3978.34
3916.79
3855.24
3793.69
3732.13
3670.56
3608.98
3547.39
3485.79
3424.19
3362.58
3300.95
3239.32
3177.68
3116.04
3054.39
2992.73
2931.07
2869.4
2807.73
2746.05
2684.37
2622.69
2561
2499.31
2437.62
2375.92
2314.23
2252.53
2190.83
2129.12
2067.42
2005.71
1944.01
1882.3
1820.59
1758.88
1697.17
1635.46
1573.75
1512.04
1450.32
1388.61
1326.9
1265.18
1203.47
1141.75
1080.04
1018.32
956.606
894.409
826.405
746.844
653.763
544.864
417.46
268.404
94.0225
4923.71
4736.2
4638.3
4527.69
4430.4
4339.84
4256.2
4178.84
4107.24
4040.97
3978.35
3916.8
3855.25
3793.7
3732.14
3670.57
3608.99
3547.4
3485.8
3424.2
3362.58
3300.96
3239.33
3177.69
3116.05
3054.39
2992.74
2931.07
2869.41
2807.73
2746.06
2684.38
2622.69
2561
2499.31
2437.62
2375.93
2314.23
2252.53
2190.83
2129.12
2067.42
2005.71
1944.01
1882.3
1820.59
1758.88
1697.17
1635.46
1573.75
1512.04
1450.32
1388.61
1326.9
1265.18
1203.47
1141.75
1080.04
1018.32
956.606
894.409
826.405
746.844
653.763
544.864
417.46
268.404
94.0226
4922.18
4735.78
4637.62
4527.43
4430.18
4339.72
4256.12
4178.79
4107.22
4040.96
3978.34
3916.81
3855.26
3793.71
3732.15
3670.58
3609
3547.41
3485.82
3424.21
3362.59
3300.97
3239.34
3177.7
3116.05
3054.4
2992.74
2931.08
2869.41
2807.74
2746.06
2684.38
2622.69
2561.01
2499.32
2437.62
2375.93
2314.23
2252.53
2190.83
2129.13
2067.42
2005.72
1944.01
1882.3
1820.59
1758.88
1697.17
1635.46
1573.75
1512.04
1450.32
1388.61
1326.9
1265.18
1203.47
1141.75
1080.04
1018.32
956.606
894.409
826.405
746.844
653.763
544.864
417.46
268.404
94.0225
4918.71
4734.48
4636.36
4526.85
4429.78
4339.49
4255.99
4178.72
4107.18
4040.95
3978.35
3916.82
3855.28
3793.73
3732.17
3670.6
3609.02
3547.43
3485.83
3424.22
3362.61
3300.98
3239.35
3177.71
3116.06
3054.41
2992.75
2931.08
2869.41
2807.74
2746.06
2684.38
2622.7
2561.01
2499.32
2437.62
2375.93
2314.23
2252.53
2190.83
2129.13
2067.42
2005.72
1944.01
1882.3
1820.59
1758.88
1697.17
1635.46
1573.75
1512.04
1450.32
1388.61
1326.9
1265.18
1203.47
1141.75
1080.04
1018.32
956.606
894.409
826.405
746.844
653.763
544.864
417.46
268.404
94.0224
4912.97
4732.3
4634.51
4525.96
4429.21
4339.18
4255.81
4178.62
4107.14
4040.94
3978.35
3916.83
3855.3
3793.75
3732.19
3670.62
3609.04
3547.45
3485.85
3424.24
3362.62
3300.99
3239.36
3177.72
3116.07
3054.41
2992.75
2931.09
2869.42
2807.74
2746.06
2684.38
2622.7
2561.01
2499.32
2437.62
2375.93
2314.23
2252.53
2190.83
2129.13
2067.42
2005.72
1944.01
1882.3
1820.59
1758.88
1697.17
1635.46
1573.75
1512.04
1450.32
1388.61
1326.9
1265.18
1203.47
1141.75
1080.04
1018.32
956.606
894.409
826.405
746.844
653.763
544.864
417.46
268.404
94.0222
4905.33
4730.09
4632.74
4525.34
4428.93
4339.11
4255.85
4178.71
4107.24
4041.05
3978.45
3916.92
3855.38
3793.83
3732.26
3670.68
3609.09
3547.49
3485.88
3424.27
3362.64
3301.01
3239.37
3177.73
3116.08
3054.42
2992.76
2931.09
2869.42
2807.75
2746.07
2684.38
2622.7
2561.01
2499.32
2437.63
2375.93
2314.23
2252.53
2190.83
2129.13
2067.42
2005.72
1944.01
1882.3
1820.59
1758.88
1697.17
1635.46
1573.75
1512.04
1450.32
1388.61
1326.9
1265.18
1203.47
1141.75
1080.04
1018.32
956.607
894.409
826.405
746.844
653.763
544.864
417.46
268.404
94.022
4894.85
4727.48
4630.42
4524.47
4428.45
4338.91
4255.78
4178.7
4107.27
4041.09
3978.5
3916.97
3855.43
3793.87
3732.3
3670.71
3609.12
3547.51
3485.9
3424.28
3362.66
3301.02
3239.38
3177.74
3116.08
3054.43
2992.76
2931.1
2869.42
2807.75
2746.07
2684.39
2622.7
2561.01
2499.32
2437.63
2375.93
2314.23
2252.53
2190.83
2129.13
2067.42
2005.72
1944.01
1882.3
1820.59
1758.88
1697.17
1635.46
1573.75
1512.04
1450.32
1388.61
1326.9
1265.18
1203.47
1141.75
1080.04
1018.32
956.607
894.409
826.405
746.844
653.763
544.864
417.459
268.404
94.0218
4888.74
4733.3
4633.31
4527.71
4430.89
4340.78
4257.2
4179.78
4108.09
4041.72
3979
3917.36
3855.72
3794.1
3732.47
3670.84
3609.22
3547.59
3485.96
3424.32
3362.69
3301.04
3239.4
3177.75
3116.09
3054.43
2992.77
2931.1
2869.42
2807.75
2746.07
2684.39
2622.7
2561.01
2499.32
2437.62
2375.93
2314.23
2252.53
2190.83
2129.13
2067.42
2005.72
1944.01
1882.3
1820.59
1758.88
1697.17
1635.46
1573.75
1512.04
1450.32
1388.61
1326.9
1265.18
1203.47
1141.75
1080.04
1018.32
956.607
894.41
826.405
746.844
653.763
544.864
417.46
268.405
94.0216
4902.56
4736.74
4638.11
4528.75
4431.84
4341.11
4257.33
4179.8
4108.06
4041.66
3978.93
3917.3
3855.68
3794.06
3732.45
3670.84
3609.22
3547.61
3485.99
3424.36
3362.73
3301.09
3239.45
3177.8
3116.14
3054.48
2992.82
2931.15
2869.47
2807.8
2746.11
2684.43
2622.74
2561.05
2499.35
2437.66
2375.96
2314.26
2252.56
2190.85
2129.15
2067.44
2005.73
1944.02
1882.32
1820.61
1758.89
1697.18
1635.47
1573.76
1512.04
1450.33
1388.62
1326.9
1265.19
1203.47
1141.76
1080.04
1018.33
956.61
894.412
826.407
746.845
653.764
544.865
417.46
268.405
94.0214
4900.19
4733.1
4637.24
4527.8
4431.42
4340.83
4257.18
4179.71
4108.01
4041.64
3978.92
3917.3
3855.68
3794.07
3732.46
3670.84
3609.23
3547.61
3485.99
3424.36
3362.73
3301.09
3239.45
3177.8
3116.14
3054.48
2992.82
2931.15
2869.47
2807.8
2746.11
2684.43
2622.74
2561.05
2499.35
2437.66
2375.96
2314.26
2252.56
2190.85
2129.15
2067.44
2005.73
1944.02
1882.32
1820.6
1758.89
1697.18
1635.47
1573.76
1512.04
1450.33
1388.62
1326.9
1265.19
1203.47
1141.76
1080.04
1018.33
956.61
894.412
826.407
746.845
653.764
544.865
417.46
268.405
94.0214
4901.08
4730.78
4636.84
4527.13
4431.11
4340.62
4257.05
4179.63
4107.96
4041.62
3978.91
3917.29
3855.68
3794.07
3732.46
3670.85
3609.24
3547.62
3485.99
3424.37
3362.73
3301.09
3239.45
3177.8
3116.14
3054.48
2992.82
2931.15
2869.47
2807.79
2746.11
2684.43
2622.74
2561.05
2499.35
2437.66
2375.96
2314.26
2252.56
2190.85
2129.15
2067.44
2005.73
1944.02
1882.31
1820.6
1758.89
1697.18
1635.47
1573.76
1512.04
1450.33
1388.62
1326.9
1265.19
1203.47
1141.76
1080.04
1018.33
956.609
894.412
826.407
746.845
653.764
544.865
417.46
268.405
94.0214
4903.7
4729.86
4636.72
4526.77
4430.9
4340.46
4256.95
4179.57
4107.92
4041.59
3978.9
3917.29
3855.68
3794.07
3732.46
3670.85
3609.24
3547.62
3486
3424.37
3362.74
3301.1
3239.45
3177.8
3116.15
3054.48
2992.82
2931.15
2869.47
2807.79
2746.11
2684.43
2622.74
2561.05
2499.35
2437.66
2375.96
2314.26
2252.55
2190.85
2129.15
2067.44
2005.73
1944.02
1882.31
1820.6
1758.89
1697.18
1635.47
1573.76
1512.04
1450.33
1388.62
1326.9
1265.19
1203.47
1141.76
1080.04
1018.33
956.609
894.412
826.407
746.845
653.764
544.865
417.46
268.405
94.0214
4907.1
4729.87
4636.84
4526.66
4430.78
4340.37
4256.88
4179.52
4107.89
4041.57
3978.88
3917.28
3855.68
3794.07
3732.47
3670.86
3609.24
3547.62
3486
3424.37
3362.74
3301.1
3239.45
3177.8
3116.15
3054.48
2992.82
2931.15
2869.47
2807.79
2746.11
2684.43
2622.74
2561.05
2499.35
2437.66
2375.96
2314.26
2252.55
2190.85
2129.15
2067.44
2005.73
1944.02
1882.31
1820.6
1758.89
1697.18
1635.47
1573.76
1512.04
1450.33
1388.62
1326.9
1265.19
1203.47
1141.76
1080.04
1018.33
956.609
894.411
826.406
746.845
653.764
544.865
417.46
268.405
94.0214
4910.93
4730.62
4637.21
4526.8
4430.77
4340.36
4256.85
4179.5
4107.87
4041.56
3978.87
3917.28
3855.68
3794.07
3732.47
3670.86
3609.25
3547.63
3486
3424.38
3362.74
3301.1
3239.46
3177.8
3116.15
3054.49
2992.82
2931.15
2869.47
2807.79
2746.11
2684.43
2622.74
2561.05
2499.35
2437.66
2375.96
2314.26
2252.55
2190.85
2129.15
2067.44
2005.73
1944.02
1882.31
1820.6
1758.89
1697.18
1635.47
1573.76
1512.04
1450.33
1388.62
1326.9
1265.19
1203.47
1141.76
1080.04
1018.32
956.609
894.411
826.406
746.845
653.764
544.865
417.46
268.405
94.0215
4914.87
4731.91
4637.79
4527.14
4430.87
4340.41
4256.86
4179.5
4107.87
4041.55
3978.87
3917.27
3855.68
3794.08
3732.47
3670.86
3609.25
3547.63
3486.01
3424.38
3362.74
3301.1
3239.46
3177.81
3116.15
3054.49
2992.82
2931.15
2869.47
2807.79
2746.11
2684.43
2622.74
2561.05
2499.35
2437.65
2375.96
2314.26
2252.55
2190.85
2129.15
2067.44
2005.73
1944.02
1882.31
1820.6
1758.89
1697.18
1635.47
1573.76
1512.04
1450.33
1388.62
1326.9
1265.19
1203.47
1141.76
1080.04
1018.32
956.609
894.411
826.406
746.845
653.764
544.865
417.46
268.405
94.0216
4918.61
4733.5
4638.49
4527.62
4431.06
4340.52
4256.91
4179.52
4107.88
4041.56
3978.88
3917.28
3855.68
3794.08
3732.48
3670.87
3609.26
3547.64
3486.01
3424.38
3362.75
3301.11
3239.46
3177.81
3116.15
3054.49
2992.82
2931.15
2869.47
2807.8
2746.11
2684.43
2622.74
2561.05
2499.35
2437.65
2375.96
2314.26
2252.55
2190.85
2129.14
2067.44
2005.73
1944.02
1882.31
1820.6
1758.89
1697.18
1635.47
1573.76
1512.04
1450.33
1388.61
1326.9
1265.19
1203.47
1141.76
1080.04
1018.32
956.609
894.411
826.406
746.845
653.764
544.865
417.46
268.405
94.0217
4921.85
4735.13
4639.2
4528.16
4431.29
4340.66
4256.99
4179.57
4107.91
4041.57
3978.89
3917.29
3855.69
3794.09
3732.48
3670.87
3609.26
3547.64
3486.02
3424.39
3362.75
3301.11
3239.46
3177.81
3116.15
3054.49
2992.82
2931.15
2869.48
2807.8
2746.11
2684.43
2622.74
2561.05
2499.35
2437.65
2375.96
2314.26
2252.55
2190.85
2129.14
2067.44
2005.73
1944.02
1882.31
1820.6
1758.89
1697.18
1635.47
1573.76
1512.04
1450.33
1388.61
1326.9
1265.19
1203.47
1141.76
1080.04
1018.32
956.608
894.411
826.406
746.845
653.764
544.865
417.46
268.405
94.0217
4924.34
4736.58
4639.76
4528.65
4431.5
4340.8
4257.06
4179.61
4107.93
4041.59
3978.9
3917.3
3855.7
3794.09
3732.49
3670.88
3609.27
3547.65
3486.03
3424.4
3362.76
3301.12
3239.47
3177.82
3116.16
3054.49
2992.83
2931.15
2869.48
2807.8
2746.12
2684.43
2622.74
2561.05
2499.35
2437.66
2375.96
2314.26
2252.55
2190.85
2129.14
2067.44
2005.73
1944.02
1882.31
1820.6
1758.89
1697.18
1635.47
1573.76
1512.04
1450.33
1388.61
1326.9
1265.19
1203.47
1141.76
1080.04
1018.32
956.608
894.411
826.406
746.845
653.764
544.865
417.46
268.405
94.0218
4925.79
4737.6
4640.05
4528.98
4431.62
4340.89
4257.11
4179.64
4107.95
4041.61
3978.91
3917.31
3855.71
3794.1
3732.5
3670.89
3609.28
3547.66
3486.03
3424.4
3362.77
3301.12
3239.48
3177.82
3116.16
3054.5
2992.83
2931.16
2869.48
2807.8
2746.12
2684.43
2622.74
2561.05
2499.35
2437.66
2375.96
2314.26
2252.55
2190.85
2129.14
2067.44
2005.73
1944.02
1882.31
1820.6
1758.89
1697.18
1635.47
1573.76
1512.04
1450.33
1388.61
1326.9
1265.19
1203.47
1141.75
1080.04
1018.32
956.609
894.411
826.406
746.845
653.764
544.865
417.46
268.405
94.0218
4925.9
4738
4639.91
4529.06
4431.6
4340.89
4257.11
4179.64
4107.96
4041.61
3978.92
3917.32
3855.72
3794.11
3732.51
3670.9
3609.29
3547.67
3486.04
3424.41
3362.78
3301.13
3239.48
3177.83
3116.17
3054.5
2992.83
2931.16
2869.48
2807.8
2746.12
2684.43
2622.74
2561.05
2499.35
2437.66
2375.96
2314.26
2252.55
2190.85
2129.15
2067.44
2005.73
1944.02
1882.31
1820.6
1758.89
1697.18
1635.47
1573.76
1512.04
1450.33
1388.61
1326.9
1265.19
1203.47
1141.76
1080.04
1018.32
956.609
894.411
826.406
746.845
653.764
544.865
417.46
268.405
94.0219
4924.37
4737.58
4639.23
4528.81
4431.39
4340.77
4257.04
4179.6
4107.93
4041.6
3978.92
3917.32
3855.73
3794.13
3732.52
3670.92
3609.3
3547.68
3486.06
3424.42
3362.79
3301.14
3239.49
3177.84
3116.17
3054.51
2992.84
2931.17
2869.49
2807.81
2746.12
2684.43
2622.74
2561.05
2499.36
2437.66
2375.96
2314.26
2252.55
2190.85
2129.15
2067.44
2005.73
1944.02
1882.31
1820.6
1758.89
1697.18
1635.47
1573.76
1512.04
1450.33
1388.61
1326.9
1265.19
1203.47
1141.76
1080.04
1018.32
956.609
894.411
826.406
746.845
653.764
544.865
417.46
268.405
94.0219
4920.92
4736.29
4637.98
4528.24
4430.99
4340.54
4256.91
4179.53
4107.9
4041.59
3978.92
3917.33
3855.74
3794.15
3732.54
3670.94
3609.32
3547.7
3486.07
3424.44
3362.8
3301.15
3239.5
3177.84
3116.18
3054.52
2992.84
2931.17
2869.49
2807.81
2746.12
2684.44
2622.75
2561.05
2499.36
2437.66
2375.96
2314.26
2252.56
2190.85
2129.15
2067.44
2005.73
1944.02
1882.31
1820.6
1758.89
1697.18
1635.47
1573.76
1512.04
1450.33
1388.61
1326.9
1265.19
1203.47
1141.76
1080.04
1018.32
956.608
894.411
826.406
746.845
653.764
544.865
417.46
268.405
94.0218
4915.19
4734.11
4636.13
4527.35
4430.42
4340.23
4256.73
4179.44
4107.86
4041.58
3978.93
3917.35
3855.76
3794.17
3732.57
3670.96
3609.34
3547.72
3486.09
3424.45
3362.81
3301.16
3239.51
3177.85
3116.19
3054.52
2992.85
2931.17
2869.5
2807.81
2746.13
2684.44
2622.75
2561.05
2499.36
2437.66
2375.96
2314.26
2252.56
2190.85
2129.15
2067.44
2005.73
1944.02
1882.31
1820.6
1758.89
1697.18
1635.47
1573.76
1512.04
1450.33
1388.61
1326.9
1265.19
1203.47
1141.76
1080.04
1018.32
956.609
894.411
826.406
746.845
653.764
544.865
417.46
268.405
94.0216
4907.55
4731.92
4634.37
4526.74
4430.14
4340.17
4256.78
4179.53
4107.97
4041.69
3979.03
3917.44
3855.85
3794.24
3732.63
3671.01
3609.39
3547.76
3486.12
3424.48
3362.83
3301.18
3239.53
3177.86
3116.2
3054.53
2992.86
2931.18
2869.5
2807.82
2746.13
2684.44
2622.75
2561.05
2499.36
2437.66
2375.96
2314.26
2252.56
2190.85
2129.15
2067.44
2005.73
1944.02
1882.31
1820.6
1758.89
1697.18
1635.47
1573.76
1512.04
1450.33
1388.61
1326.9
1265.19
1203.47
1141.76
1080.04
1018.32
956.609
894.411
826.406
746.845
653.764
544.865
417.46
268.405
94.0215
4897.08
4729.31
4632.05
4525.87
4429.67
4339.96
4256.7
4179.52
4107.99
4041.73
3979.08
3917.49
3855.89
3794.29
3732.67
3671.05
3609.42
3547.78
3486.14
3424.5
3362.85
3301.19
3239.54
3177.87
3116.21
3054.53
2992.86
2931.18
2869.5
2807.82
2746.13
2684.44
2622.75
2561.06
2499.36
2437.66
2375.96
2314.26
2252.56
2190.85
2129.15
2067.44
2005.73
1944.02
1882.31
1820.6
1758.89
1697.18
1635.47
1573.76
1512.04
1450.33
1388.61
1326.9
1265.19
1203.47
1141.76
1080.04
1018.32
956.609
894.411
826.406
746.845
653.764
544.865
417.46
268.405
94.0213
4890.95
4735.12
4634.93
4529.1
4432.09
4341.82
4258.11
4180.59
4108.81
4042.36
3979.57
3917.87
3856.19
3794.51
3732.84
3671.18
3609.51
3547.86
3486.2
3424.54
3362.88
3301.21
3239.55
3177.88
3116.21
3054.54
2992.86
2931.18
2869.5
2807.82
2746.13
2684.44
2622.75
2561.05
2499.36
2437.66
2375.96
2314.26
2252.56
2190.85
2129.15
2067.44
2005.73
1944.02
1882.31
1820.6
1758.89
1697.18
1635.47
1573.76
1512.04
1450.33
1388.61
1326.9
1265.19
1203.47
1141.76
1080.04
1018.32
956.609
894.411
826.407
746.845
653.764
544.865
417.46
268.405
94.0212
4904.62
4738.46
4639.65
4530.08
4433.01
4342.13
4258.23
4180.59
4108.76
4042.3
3979.5
3917.81
3856.14
3794.48
3732.82
3671.17
3609.52
3547.88
3486.23
3424.58
3362.92
3301.27
3239.6
3177.94
3116.27
3054.6
2992.92
2931.24
2869.55
2807.87
2746.18
2684.49
2622.79
2561.09
2499.39
2437.69
2375.99
2314.29
2252.58
2190.88
2129.17
2067.46
2005.75
1944.04
1882.33
1820.62
1758.9
1697.19
1635.48
1573.76
1512.05
1450.34
1388.62
1326.91
1265.19
1203.48
1141.76
1080.04
1018.33
956.612
894.414
826.409
746.847
653.765
544.865
417.46
268.405
94.0209
4902.26
4734.81
4638.78
4529.13
4432.58
4341.85
4258.07
4180.5
4108.71
4042.27
3979.49
3917.81
3856.14
3794.48
3732.83
3671.18
3609.53
3547.88
3486.23
3424.58
3362.93
3301.27
3239.6
3177.94
3116.27
3054.6
2992.92
2931.24
2869.55
2807.87
2746.18
2684.48
2622.79
2561.09
2499.39
2437.69
2375.99
2314.29
2252.58
2190.88
2129.17
2067.46
2005.75
1944.04
1882.33
1820.62
1758.9
1697.19
1635.48
1573.76
1512.05
1450.34
1388.62
1326.91
1265.19
1203.48
1141.76
1080.04
1018.33
956.612
894.414
826.409
746.847
653.765
544.865
417.46
268.405
94.0209
4903.15
4732.49
4638.38
4528.46
4432.27
4341.63
4257.94
4180.43
4108.67
4042.25
3979.48
3917.81
3856.14
3794.49
3732.83
3671.18
3609.54
3547.89
3486.24
3424.58
3362.93
3301.27
3239.61
3177.94
3116.27
3054.6
2992.92
2931.24
2869.55
2807.87
2746.18
2684.48
2622.79
2561.09
2499.39
2437.69
2375.99
2314.29
2252.58
2190.87
2129.17
2067.46
2005.75
1944.04
1882.33
1820.62
1758.9
1697.19
1635.48
1573.76
1512.05
1450.34
1388.62
1326.91
1265.19
1203.48
1141.76
1080.04
1018.33
956.612
894.414
826.408
746.847
653.765
544.865
417.46
268.405
94.0209
4905.76
4731.57
4638.26
4528.1
4432.06
4341.48
4257.84
4180.36
4108.63
4042.22
3979.47
3917.8
3856.14
3794.49
3732.84
3671.19
3609.54
3547.89
3486.24
3424.59
3362.93
3301.27
3239.61
3177.94
3116.27
3054.6
2992.92
2931.24
2869.55
2807.87
2746.18
2684.48
2622.79
2561.09
2499.39
2437.69
2375.99
2314.29
2252.58
2190.87
2129.17
2067.46
2005.75
1944.04
1882.33
1820.62
1758.9
1697.19
1635.48
1573.76
1512.05
1450.34
1388.62
1326.91
1265.19
1203.48
1141.76
1080.04
1018.33
956.612
894.414
826.408
746.847
653.765
544.865
417.46
268.405
94.0209
4909.16
4731.57
4638.38
4527.99
4431.94
4341.39
4257.77
4180.31
4108.6
4042.2
3979.45
3917.79
3856.14
3794.49
3732.84
3671.19
3609.54
3547.89
3486.24
3424.59
3362.93
3301.27
3239.61
3177.94
3116.27
3054.6
2992.92
2931.24
2869.55
2807.87
2746.18
2684.48
2622.79
2561.09
2499.39
2437.69
2375.99
2314.29
2252.58
2190.87
2129.17
2067.46
2005.75
1944.04
1882.33
1820.62
1758.9
1697.19
1635.48
1573.76
1512.05
1450.34
1388.62
1326.91
1265.19
1203.48
1141.76
1080.04
1018.33
956.611
894.414
826.408
746.847
653.765
544.865
417.46
268.405
94.0209
4912.99
4732.32
4638.75
4528.12
4431.93
4341.37
4257.74
4180.29
4108.58
4042.19
3979.44
3917.79
3856.14
3794.49
3732.84
3671.19
3609.55
3547.9
3486.25
3424.59
3362.94
3301.28
3239.61
3177.94
3116.27
3054.6
2992.92
2931.24
2869.55
2807.87
2746.18
2684.48
2622.79
2561.09
2499.39
2437.69
2375.99
2314.29
2252.58
2190.87
2129.17
2067.46
2005.75
1944.04
1882.33
1820.62
1758.9
1697.19
1635.48
1573.76
1512.05
1450.34
1388.62
1326.91
1265.19
1203.48
1141.76
1080.04
1018.33
956.611
894.413
826.408
746.846
653.765
544.865
417.46
268.405
94.0209
4916.93
4733.61
4639.33
4528.46
4432.03
4341.42
4257.76
4180.29
4108.57
4042.18
3979.44
3917.79
3856.14
3794.49
3732.84
3671.2
3609.55
3547.9
3486.25
3424.6
3362.94
3301.28
3239.61
3177.95
3116.27
3054.6
2992.92
2931.24
2869.55
2807.87
2746.18
2684.48
2622.79
2561.09
2499.39
2437.69
2375.99
2314.29
2252.58
2190.87
2129.17
2067.46
2005.75
1944.04
1882.33
1820.62
1758.9
1697.19
1635.48
1573.76
1512.05
1450.34
1388.62
1326.91
1265.19
1203.48
1141.76
1080.04
1018.33
956.611
894.413
826.408
746.846
653.765
544.865
417.46
268.405
94.0209
4920.67
4735.2
4640.03
4528.94
4432.22
4341.54
4257.81
4180.31
4108.59
4042.19
3979.45
3917.79
3856.14
3794.49
3732.85
3671.2
3609.56
3547.91
3486.26
3424.6
3362.94
3301.28
3239.62
3177.95
3116.28
3054.6
2992.92
2931.24
2869.56
2807.87
2746.18
2684.48
2622.79
2561.09
2499.39
2437.69
2375.99
2314.29
2252.58
2190.87
2129.17
2067.46
2005.75
1944.04
1882.33
1820.62
1758.9
1697.19
1635.48
1573.76
1512.05
1450.33
1388.62
1326.91
1265.19
1203.47
1141.76
1080.04
1018.33
956.611
894.413
826.408
746.846
653.765
544.865
417.46
268.405
94.021
4923.91
4736.84
4640.73
4529.48
4432.45
4341.68
4257.88
4180.36
4108.61
4042.21
3979.46
3917.8
3856.15
3794.5
3732.85
3671.21
3609.56
3547.91
3486.26
3424.61
3362.95
3301.29
3239.62
3177.95
3116.28
3054.6
2992.92
2931.24
2869.56
2807.87
2746.18
2684.48
2622.79
2561.09
2499.39
2437.69
2375.99
2314.28
2252.58
2190.87
2129.17
2067.46
2005.75
1944.04
1882.33
1820.61
1758.9
1697.19
1635.48
1573.76
1512.05
1450.33
1388.62
1326.91
1265.19
1203.47
1141.76
1080.04
1018.33
956.611
894.413
826.408
746.846
653.765
544.865
417.46
268.405
94.021
4926.4
4738.29
4641.3
4529.97
4432.66
4341.82
4257.96
4180.4
4108.64
4042.23
3979.47
3917.81
3856.16
3794.51
3732.86
3671.22
3609.57
3547.92
3486.27
3424.61
3362.95
3301.29
3239.63
3177.96
3116.28
3054.61
2992.93
2931.24
2869.56
2807.87
2746.18
2684.49
2622.79
2561.09
2499.39
2437.69
2375.99
2314.29
2252.58
2190.87
2129.17
2067.46
2005.75
1944.04
1882.33
1820.61
1758.9
1697.19
1635.48
1573.76
1512.05
1450.33
1388.62
1326.9
1265.19
1203.47
1141.76
1080.04
1018.33
956.611
894.413
826.408
746.846
653.765
544.865
417.46
268.405
94.0211
4927.85
4739.32
4641.59
4530.31
4432.78
4341.91
4258.01
4180.43
4108.66
4042.24
3979.48
3917.82
3856.17
3794.52
3732.87
3671.23
3609.58
3547.93
3486.28
3424.62
3362.96
3301.3
3239.63
3177.96
3116.29
3054.61
2992.93
2931.25
2869.56
2807.87
2746.18
2684.49
2622.79
2561.09
2499.39
2437.69
2375.99
2314.29
2252.58
2190.87
2129.17
2067.46
2005.75
1944.04
1882.33
1820.61
1758.9
1697.19
1635.48
1573.76
1512.05
1450.33
1388.62
1326.9
1265.19
1203.47
1141.76
1080.04
1018.33
956.611
894.413
826.408
746.846
653.765
544.865
417.461
268.405
94.0211
4927.98
4739.71
4641.46
4530.39
4432.77
4341.91
4258.01
4180.43
4108.66
4042.25
3979.49
3917.83
3856.18
3794.53
3732.88
3671.24
3609.59
3547.94
3486.29
3424.63
3362.97
3301.31
3239.64
3177.97
3116.29
3054.62
2992.94
2931.25
2869.56
2807.88
2746.18
2684.49
2622.79
2561.1
2499.4
2437.69
2375.99
2314.29
2252.58
2190.87
2129.17
2067.46
2005.75
1944.04
1882.33
1820.61
1758.9
1697.19
1635.48
1573.76
1512.05
1450.33
1388.62
1326.9
1265.19
1203.47
1141.76
1080.04
1018.33
956.611
894.413
826.408
746.846
653.765
544.865
417.461
268.405
94.0211
4926.46
4739.3
4640.78
4530.15
4432.55
4341.79
4257.93
4180.39
4108.64
4042.24
3979.49
3917.84
3856.19
3794.54
3732.9
3671.25
3609.6
3547.95
3486.3
3424.64
3362.98
3301.32
3239.65
3177.98
3116.3
3054.62
2992.94
2931.26
2869.57
2807.88
2746.19
2684.49
2622.8
2561.1
2499.4
2437.69
2375.99
2314.29
2252.58
2190.87
2129.17
2067.46
2005.75
1944.04
1882.33
1820.62
1758.9
1697.19
1635.48
1573.76
1512.05
1450.33
1388.62
1326.91
1265.19
1203.47
1141.76
1080.04
1018.33
956.611
894.413
826.408
746.846
653.765
544.865
417.46
268.405
94.0211
4923.01
4738.02
4639.53
4529.58
4432.16
4341.57
4257.81
4180.33
4108.61
4042.23
3979.5
3917.85
3856.21
3794.56
3732.92
3671.27
3609.62
3547.97
3486.32
3424.66
3362.99
3301.33
3239.66
3177.98
3116.31
3054.63
2992.95
2931.26
2869.57
2807.88
2746.19
2684.49
2622.8
2561.1
2499.4
2437.7
2375.99
2314.29
2252.58
2190.87
2129.17
2067.46
2005.75
1944.04
1882.33
1820.62
1758.9
1697.19
1635.48
1573.76
1512.05
1450.33
1388.62
1326.91
1265.19
1203.47
1141.76
1080.04
1018.33
956.611
894.413
826.408
746.846
653.765
544.865
417.46
268.405
94.0211
4917.28
4735.85
4637.69
4528.7
4431.6
4341.26
4257.64
4180.23
4108.57
4042.22
3979.5
3917.87
3856.23
3794.59
3732.94
3671.3
3609.65
3547.99
3486.33
3424.67
3363.01
3301.34
3239.67
3177.99
3116.32
3054.63
2992.95
2931.26
2869.58
2807.88
2746.19
2684.5
2622.8
2561.1
2499.4
2437.7
2375.99
2314.29
2252.58
2190.88
2129.17
2067.46
2005.75
1944.04
1882.33
1820.62
1758.9
1697.19
1635.48
1573.76
1512.05
1450.33
1388.62
1326.9
1265.19
1203.47
1141.76
1080.04
1018.33
956.611
894.413
826.408
746.846
653.765
544.865
417.46
268.405
94.021
4909.66
4733.66
4635.94
4528.09
4431.32
4341.2
4257.68
4180.33
4108.68
4042.33
3979.61
3917.96
3856.31
3794.66
3733.01
3671.35
3609.69
3548.03
3486.37
3424.7
3363.03
3301.36
3239.68
3178
3116.32
3054.64
2992.96
2931.27
2869.58
2807.89
2746.19
2684.5
2622.8
2561.1
2499.4
2437.7
2375.99
2314.29
2252.58
2190.88
2129.17
2067.46
2005.75
1944.04
1882.33
1820.62
1758.9
1697.19
1635.48
1573.76
1512.05
1450.33
1388.62
1326.9
1265.19
1203.47
1141.76
1080.04
1018.33
956.611
894.413
826.408
746.846
653.765
544.865
417.46
268.405
94.0209
4899.19
4731.06
4633.61
4527.22
4430.85
4341
4257.61
4180.32
4108.71
4042.37
3979.65
3918.01
3856.36
3794.71
3733.05
3671.38
3609.72
3548.05
3486.39
3424.72
3363.04
3301.37
3239.69
3178.01
3116.33
3054.65
2992.96
2931.27
2869.58
2807.89
2746.2
2684.5
2622.8
2561.1
2499.4
2437.7
2375.99
2314.29
2252.58
2190.88
2129.17
2067.46
2005.75
1944.04
1882.33
1820.62
1758.9
1697.19
1635.48
1573.76
1512.05
1450.33
1388.62
1326.9
1265.19
1203.47
1141.76
1080.04
1018.33
956.611
894.413
826.408
746.847
653.765
544.865
417.46
268.405
94.0209
4893.04
4736.87
4636.48
4530.44
4433.26
4342.85
4259.01
4181.38
4109.52
4043
3980.14
3918.39
3856.65
3794.92
3733.21
3671.51
3609.81
3548.12
3486.44
3424.75
3363.07
3301.39
3239.7
3178.02
3116.34
3054.65
2992.96
2931.27
2869.58
2807.89
2746.19
2684.5
2622.8
2561.1
2499.4
2437.7
2375.99
2314.29
2252.58
2190.88
2129.17
2067.46
2005.75
1944.04
1882.33
1820.62
1758.9
1697.19
1635.48
1573.76
1512.05
1450.33
1388.62
1326.9
1265.19
1203.47
1141.76
1080.04
1018.33
956.611
894.413
826.408
746.847
653.765
544.866
417.46
268.405
94.0208
4906.58
4740.1
4641.13
4531.37
4434.14
4343.12
4259.1
4181.37
4109.46
4042.92
3980.06
3918.32
3856.6
3794.89
3733.19
3671.51
3609.83
3548.15
3486.47
3424.8
3363.12
3301.44
3239.76
3178.08
3116.4
3054.71
2993.02
2931.33
2869.64
2807.94
2746.24
2684.54
2622.84
2561.14
2499.44
2437.73
2376.03
2314.32
2252.61
2190.9
2129.19
2067.48
2005.77
1944.05
1882.34
1820.63
1758.92
1697.2
1635.49
1573.77
1512.06
1450.34
1388.63
1326.91
1265.2
1203.48
1141.76
1080.05
1018.33
956.614
894.416
826.41
746.848
653.766
544.866
417.461
268.406
94.0204
4904.21
4736.45
4640.26
4530.41
4433.71
4342.84
4258.95
4181.28
4109.41
4042.9
3980.06
3918.32
3856.6
3794.9
3733.2
3671.51
3609.83
3548.15
3486.48
3424.8
3363.12
3301.44
3239.76
3178.08
3116.4
3054.71
2993.02
2931.33
2869.64
2807.94
2746.24
2684.54
2622.84
2561.14
2499.44
2437.73
2376.02
2314.32
2252.61
2190.9
2129.19
2067.48
2005.77
1944.05
1882.34
1820.63
1758.92
1697.2
1635.49
1573.77
1512.06
1450.34
1388.63
1326.91
1265.2
1203.48
1141.76
1080.05
1018.33
956.614
894.416
826.41
746.848
653.766
544.866
417.461
268.406
94.0203
4905.1
4734.13
4639.85
4529.74
4433.4
4342.62
4258.82
4181.2
4109.36
4042.87
3980.04
3918.32
3856.6
3794.9
3733.21
3671.52
3609.84
3548.16
3486.48
3424.8
3363.12
3301.44
3239.76
3178.08
3116.4
3054.71
2993.02
2931.33
2869.63
2807.94
2746.24
2684.54
2622.84
2561.14
2499.44
2437.73
2376.02
2314.32
2252.61
2190.9
2129.19
2067.48
2005.77
1944.05
1882.34
1820.63
1758.92
1697.2
1635.49
1573.77
1512.06
1450.34
1388.63
1326.91
1265.2
1203.48
1141.76
1080.05
1018.33
956.614
894.416
826.41
746.848
653.766
544.866
417.461
268.406
94.0203
4907.72
4733.2
4639.73
4529.37
4433.18
4342.47
4258.72
4181.14
4109.32
4042.85
3980.03
3918.31
3856.6
3794.9
3733.21
3671.52
3609.84
3548.16
3486.48
3424.8
3363.13
3301.45
3239.76
3178.08
3116.4
3054.71
2993.02
2931.33
2869.63
2807.94
2746.24
2684.54
2622.84
2561.14
2499.44
2437.73
2376.02
2314.32
2252.61
2190.9
2129.19
2067.48
2005.77
1944.05
1882.34
1820.63
1758.91
1697.2
1635.49
1573.77
1512.06
1450.34
1388.63
1326.91
1265.2
1203.48
1141.76
1080.05
1018.33
956.614
894.416
826.41
746.848
653.766
544.866
417.461
268.406
94.0203
4911.12
4733.2
4639.85
4529.26
4433.06
4342.38
4258.64
4181.09
4109.29
4042.82
3980.02
3918.3
3856.6
3794.9
3733.21
3671.53
3609.84
3548.17
3486.49
3424.81
3363.13
3301.45
3239.77
3178.08
3116.4
3054.71
2993.02
2931.33
2869.63
2807.94
2746.24
2684.54
2622.84
2561.14
2499.43
2437.73
2376.02
2314.32
2252.61
2190.9
2129.19
2067.48
2005.77
1944.05
1882.34
1820.63
1758.91
1697.2
1635.49
1573.77
1512.06
1450.34
1388.63
1326.91
1265.2
1203.48
1141.76
1080.05
1018.33
956.614
894.416
826.41
746.848
653.766
544.866
417.461
268.406
94.0203
4914.95
4733.95
4640.22
4529.4
4433.06
4342.36
4258.61
4181.06
4109.27
4042.81
3980.01
3918.3
3856.6
3794.9
3733.21
3671.53
3609.85
3548.17
3486.49
3424.81
3363.13
3301.45
3239.77
3178.08
3116.4
3054.71
2993.02
2931.33
2869.63
2807.94
2746.24
2684.54
2622.84
2561.14
2499.43
2437.73
2376.02
2314.32
2252.61
2190.9
2129.19
2067.48
2005.77
1944.05
1882.34
1820.63
1758.91
1697.2
1635.49
1573.77
1512.06
1450.34
1388.63
1326.91
1265.2
1203.48
1141.76
1080.05
1018.33
956.614
894.415
826.41
746.848
653.766
544.866
417.461
268.406
94.0203
4918.89
4735.24
4640.8
4529.74
4433.16
4342.41
4258.63
4181.06
4109.27
4042.81
3980
3918.3
3856.6
3794.9
3733.22
3671.53
3609.85
3548.17
3486.49
3424.81
3363.14
3301.45
3239.77
3178.09
3116.4
3054.71
2993.02
2931.33
2869.64
2807.94
2746.24
2684.54
2622.84
2561.14
2499.43
2437.73
2376.02
2314.32
2252.61
2190.9
2129.19
2067.48
2005.77
1944.05
1882.34
1820.63
1758.91
1697.2
1635.49
1573.77
1512.06
1450.34
1388.63
1326.91
1265.19
1203.48
1141.76
1080.05
1018.33
956.613
894.415
826.41
746.848
653.766
544.866
417.461
268.406
94.0203
4922.62
4736.83
4641.5
4530.22
4433.34
4342.52
4258.68
4181.09
4109.28
4042.81
3980.01
3918.3
3856.6
3794.91
3733.22
3671.54
3609.86
3548.18
3486.5
3424.82
3363.14
3301.46
3239.77
3178.09
3116.4
3054.71
2993.02
2931.33
2869.64
2807.94
2746.24
2684.54
2622.84
2561.14
2499.43
2437.73
2376.02
2314.32
2252.61
2190.9
2129.19
2067.48
2005.76
1944.05
1882.34
1820.63
1758.91
1697.2
1635.49
1573.77
1512.06
1450.34
1388.63
1326.91
1265.19
1203.48
1141.76
1080.05
1018.33
956.613
894.415
826.41
746.848
653.766
544.866
417.461
268.406
94.0203
4925.87
4738.47
4642.2
4530.76
4433.57
4342.67
4258.75
4181.13
4109.3
4042.83
3980.02
3918.31
3856.61
3794.91
3733.23
3671.54
3609.86
3548.18
3486.5
3424.82
3363.14
3301.46
3239.78
3178.09
3116.41
3054.72
2993.03
2931.33
2869.64
2807.94
2746.24
2684.54
2622.84
2561.14
2499.43
2437.73
2376.02
2314.32
2252.61
2190.9
2129.19
2067.48
2005.76
1944.05
1882.34
1820.63
1758.91
1697.2
1635.49
1573.77
1512.06
1450.34
1388.63
1326.91
1265.19
1203.48
1141.76
1080.05
1018.33
956.613
894.415
826.41
746.848
653.766
544.866
417.461
268.406
94.0203
4928.36
4739.92
4642.77
4531.25
4433.78
4342.8
4258.83
4181.18
4109.33
4042.85
3980.03
3918.32
3856.62
3794.92
3733.24
3671.55
3609.87
3548.19
3486.51
3424.83
3363.15
3301.47
3239.78
3178.1
3116.41
3054.72
2993.03
2931.34
2869.64
2807.94
2746.25
2684.54
2622.84
2561.14
2499.44
2437.73
2376.02
2314.32
2252.61
2190.9
2129.19
2067.48
2005.76
1944.05
1882.34
1820.63
1758.91
1697.2
1635.49
1573.77
1512.06
1450.34
1388.63
1326.91
1265.19
1203.48
1141.76
1080.05
1018.33
956.613
894.415
826.41
746.848
653.766
544.866
417.461
268.406
94.0204
4929.82
4740.95
4643.07
4531.59
4433.91
4342.9
4258.88
4181.21
4109.35
4042.86
3980.05
3918.33
3856.63
3794.93
3733.25
3671.56
3609.88
3548.2
3486.52
3424.84
3363.16
3301.47
3239.79
3178.1
3116.41
3054.72
2993.03
2931.34
2869.64
2807.95
2746.25
2684.55
2622.84
2561.14
2499.44
2437.73
2376.02
2314.32
2252.61
2190.9
2129.19
2067.48
2005.76
1944.05
1882.34
1820.63
1758.91
1697.2
1635.49
1573.77
1512.06
1450.34
1388.63
1326.91
1265.19
1203.48
1141.76
1080.05
1018.33
956.613
894.415
826.41
746.848
653.766
544.866
417.461
268.406
94.0204
4929.94
4741.36
4642.94
4531.68
4433.9
4342.9
4258.88
4181.21
4109.36
4042.87
3980.05
3918.34
3856.64
3794.95
3733.26
3671.57
3609.89
3548.21
3486.53
3424.85
3363.17
3301.48
3239.8
3178.11
3116.42
3054.73
2993.04
2931.34
2869.65
2807.95
2746.25
2684.55
2622.85
2561.14
2499.44
2437.73
2376.02
2314.32
2252.61
2190.9
2129.19
2067.48
2005.77
1944.05
1882.34
1820.63
1758.91
1697.2
1635.49
1573.77
1512.06
1450.34
1388.63
1326.91
1265.19
1203.48
1141.76
1080.05
1018.33
956.613
894.415
826.41
746.848
653.766
544.866
417.461
268.406
94.0204
4928.43
4740.95
4642.27
4531.44
4433.69
4342.78
4258.81
4181.17
4109.34
4042.86
3980.06
3918.35
3856.65
3794.96
3733.27
3671.59
3609.91
3548.22
3486.54
3424.86
3363.18
3301.49
3239.81
3178.12
3116.43
3054.74
2993.04
2931.35
2869.65
2807.95
2746.25
2684.55
2622.85
2561.14
2499.44
2437.73
2376.03
2314.32
2252.61
2190.9
2129.19
2067.48
2005.77
1944.05
1882.34
1820.63
1758.91
1697.2
1635.49
1573.77
1512.06
1450.34
1388.63
1326.91
1265.19
1203.48
1141.76
1080.05
1018.33
956.613
894.415
826.409
746.848
653.766
544.866
417.461
268.406
94.0204
4924.99
4739.67
4641.02
4530.87
4433.3
4342.57
4258.69
4181.11
4109.31
4042.86
3980.06
3918.36
3856.67
3794.98
3733.29
3671.61
3609.93
3548.24
3486.56
3424.88
3363.19
3301.5
3239.82
3178.13
3116.43
3054.74
2993.05
2931.35
2869.65
2807.95
2746.25
2684.55
2622.85
2561.15
2499.44
2437.73
2376.03
2314.32
2252.61
2190.9
2129.19
2067.48
2005.77
1944.05
1882.34
1820.63
1758.91
1697.2
1635.49
1573.77
1512.06
1450.34
1388.63
1326.91
1265.19
1203.48
1141.76
1080.05
1018.33
956.613
894.415
826.409
746.848
653.766
544.866
417.461
268.406
94.0204
4919.27
4737.51
4639.19
4530
4432.74
4342.26
4258.52
4181.02
4109.27
4042.85
3980.07
3918.38
3856.69
3795
3733.32
3671.63
3609.95
3548.26
3486.58
3424.89
3363.2
3301.52
3239.83
3178.13
3116.44
3054.75
2993.05
2931.36
2869.66
2807.96
2746.26
2684.55
2622.85
2561.15
2499.44
2437.73
2376.03
2314.32
2252.61
2190.9
2129.19
2067.48
2005.77
1944.05
1882.34
1820.63
1758.91
1697.2
1635.49
1573.77
1512.06
1450.34
1388.63
1326.91
1265.19
1203.48
1141.76
1080.05
1018.33
956.613
894.415
826.409
746.848
653.766
544.866
417.461
268.405
94.0203
4911.65
4735.33
4637.43
4529.39
4432.46
4342.2
4258.57
4181.11
4109.38
4042.96
3980.17
3918.47
3856.78
3795.08
3733.38
3671.69
3609.99
3548.3
3486.61
3424.92
3363.23
3301.53
3239.84
3178.15
3116.45
3054.76
2993.06
2931.36
2869.66
2807.96
2746.26
2684.56
2622.85
2561.15
2499.44
2437.73
2376.03
2314.32
2252.61
2190.9
2129.19
2067.48
2005.77
1944.05
1882.34
1820.63
1758.91
1697.2
1635.49
1573.77
1512.06
1450.34
1388.63
1326.91
1265.19
1203.48
1141.76
1080.05
1018.33
956.613
894.415
826.41
746.848
653.766
544.866
417.461
268.405
94.0203
4901.18
4732.73
4635.11
4528.52
4431.99
4342
4258.49
4181.1
4109.41
4043
3980.22
3918.52
3856.82
3795.12
3733.42
3671.72
3610.02
3548.33
3486.63
3424.94
3363.24
3301.55
3239.85
3178.15
3116.46
3054.76
2993.06
2931.36
2869.66
2807.96
2746.26
2684.56
2622.85
2561.15
2499.44
2437.74
2376.03
2314.32
2252.61
2190.9
2129.19
2067.48
2005.77
1944.05
1882.34
1820.63
1758.91
1697.2
1635.49
1573.77
1512.06
1450.34
1388.63
1326.91
1265.19
1203.48
1141.76
1080.05
1018.33
956.613
894.415
826.41
746.848
653.766
544.866
417.461
268.405
94.0204
4895.01
4738.53
4637.96
4531.73
4434.39
4343.84
4259.89
4182.16
4110.21
4043.62
3980.7
3918.89
3857.11
3795.34
3733.58
3671.84
3610.12
3548.39
3486.68
3424.97
3363.27
3301.56
3239.86
3178.16
3116.46
3054.76
2993.06
2931.36
2869.66
2807.96
2746.26
2684.56
2622.85
2561.15
2499.44
2437.73
2376.03
2314.32
2252.61
2190.9
2129.19
2067.48
2005.77
1944.05
1882.34
1820.63
1758.91
1697.2
1635.49
1573.77
1512.06
1450.34
1388.63
1326.91
1265.19
1203.48
1141.76
1080.05
1018.33
956.614
894.415
826.41
746.848
653.766
544.866
417.461
268.406
94.0204
4908.44
4741.68
4642.54
4532.61
4435.23
4344.08
4259.96
4182.13
4110.14
4043.53
3980.62
3918.82
3857.05
3795.3
3733.56
3671.84
3610.13
3548.42
3486.71
3425.01
3363.32
3301.62
3239.92
3178.22
3116.52
3054.82
2993.12
2931.42
2869.72
2808.01
2746.31
2684.6
2622.9
2561.19
2499.48
2437.77
2376.06
2314.35
2252.64
2190.92
2129.21
2067.5
2005.78
1944.07
1882.36
1820.64
1758.93
1697.21
1635.5
1573.78
1512.06
1450.35
1388.63
1326.92
1265.2
1203.48
1141.77
1080.05
1018.33
956.616
894.418
826.412
746.85
653.767
544.867
417.461
268.406
94.0198
4906.07
4738.02
4641.67
4531.64
4434.8
4343.8
4259.8
4182.04
4110.09
4043.51
3980.61
3918.82
3857.06
3795.31
3733.57
3671.85
3610.13
3548.42
3486.72
3425.02
3363.32
3301.62
3239.92
3178.22
3116.52
3054.82
2993.12
2931.42
2869.72
2808.01
2746.31
2684.6
2622.9
2561.19
2499.48
2437.77
2376.06
2314.35
2252.64
2190.92
2129.21
2067.5
2005.78
1944.07
1882.36
1820.64
1758.93
1697.21
1635.5
1573.78
1512.06
1450.35
1388.63
1326.92
1265.2
1203.48
1141.77
1080.05
1018.33
956.616
894.418
826.412
746.85
653.767
544.867
417.461
268.406
94.0198
4906.96
4735.69
4641.27
4530.97
4434.49
4343.58
4259.67
4181.96
4110.04
4043.48
3980.6
3918.82
3857.06
3795.31
3733.58
3671.85
3610.14
3548.43
3486.72
3425.02
3363.32
3301.62
3239.92
3178.22
3116.52
3054.82
2993.12
2931.42
2869.72
2808.01
2746.31
2684.6
2622.89
2561.19
2499.48
2437.77
2376.06
2314.35
2252.64
2190.92
2129.21
2067.5
2005.78
1944.07
1882.36
1820.64
1758.93
1697.21
1635.5
1573.78
1512.06
1450.35
1388.63
1326.92
1265.2
1203.48
1141.77
1080.05
1018.33
956.616
894.418
826.412
746.85
653.767
544.867
417.461
268.406
94.0198
4909.57
4734.76
4641.14
4530.61
4434.27
4343.43
4259.57
4181.9
4110
4043.46
3980.58
3918.81
3857.05
3795.31
3733.58
3671.86
3610.14
3548.43
3486.73
3425.02
3363.32
3301.62
3239.92
3178.22
3116.52
3054.82
2993.12
2931.42
2869.72
2808.01
2746.31
2684.6
2622.89
2561.19
2499.48
2437.77
2376.06
2314.35
2252.64
2190.92
2129.21
2067.5
2005.78
1944.07
1882.36
1820.64
1758.93
1697.21
1635.5
1573.78
1512.06
1450.35
1388.63
1326.92
1265.2
1203.48
1141.77
1080.05
1018.33
956.616
894.418
826.412
746.85
653.767
544.867
417.461
268.406
94.0198
4912.97
4734.76
4641.26
4530.49
4434.15
4343.33
4259.49
4181.85
4109.97
4043.44
3980.57
3918.8
3857.05
3795.31
3733.58
3671.86
3610.15
3548.44
3486.73
3425.03
3363.33
3301.62
3239.92
3178.23
3116.52
3054.82
2993.12
2931.42
2869.72
2808.01
2746.31
2684.6
2622.89
2561.19
2499.48
2437.77
2376.06
2314.35
2252.63
2190.92
2129.21
2067.5
2005.78
1944.07
1882.36
1820.64
1758.93
1697.21
1635.5
1573.78
1512.06
1450.35
1388.63
1326.92
1265.2
1203.48
1141.77
1080.05
1018.33
956.616
894.418
826.412
746.85
653.767
544.867
417.461
268.406
94.0197
4916.8
4735.51
4641.63
4530.63
4434.14
4343.32
4259.46
4181.82
4109.95
4043.42
3980.56
3918.8
3857.05
3795.31
3733.58
3671.86
3610.15
3548.44
3486.73
3425.03
3363.33
3301.63
3239.93
3178.23
3116.53
3054.83
2993.12
2931.42
2869.72
2808.01
2746.31
2684.6
2622.89
2561.19
2499.48
2437.77
2376.06
2314.35
2252.63
2190.92
2129.21
2067.5
2005.78
1944.07
1882.35
1820.64
1758.93
1697.21
1635.49
1573.78
1512.06
1450.35
1388.63
1326.92
1265.2
1203.48
1141.77
1080.05
1018.33
956.616
894.417
826.412
746.849
653.767
544.867
417.461
268.406
94.0197
4920.74
4736.8
4642.21
4530.97
4434.24
4343.37
4259.48
4181.82
4109.94
4043.42
3980.56
3918.8
3857.05
3795.31
3733.59
3671.87
3610.15
3548.44
3486.74
3425.03
3363.33
3301.63
3239.93
3178.23
3116.53
3054.83
2993.12
2931.42
2869.72
2808.01
2746.31
2684.6
2622.89
2561.19
2499.48
2437.77
2376.06
2314.35
2252.63
2190.92
2129.21
2067.5
2005.78
1944.07
1882.35
1820.64
1758.93
1697.21
1635.49
1573.78
1512.06
1450.35
1388.63
1326.92
1265.2
1203.48
1141.77
1080.05
1018.33
956.616
894.417
826.411
746.849
653.767
544.867
417.461
268.406
94.0196
4924.47
4738.39
4642.91
4531.45
4434.43
4343.48
4259.53
4181.85
4109.96
4043.43
3980.56
3918.8
3857.05
3795.32
3733.59
3671.87
3610.16
3548.45
3486.74
3425.04
3363.34
3301.63
3239.93
3178.23
3116.53
3054.83
2993.13
2931.42
2869.72
2808.01
2746.31
2684.6
2622.89
2561.19
2499.48
2437.77
2376.06
2314.35
2252.63
2190.92
2129.21
2067.5
2005.78
1944.07
1882.35
1820.64
1758.93
1697.21
1635.49
1573.78
1512.06
1450.35
1388.63
1326.92
1265.2
1203.48
1141.77
1080.05
1018.33
956.616
894.417
826.411
746.849
653.767
544.867
417.461
268.406
94.0196
4927.72
4740.03
4643.61
4531.99
4434.66
4343.62
4259.6
4181.89
4109.98
4043.44
3980.57
3918.81
3857.06
3795.32
3733.6
3671.88
3610.16
3548.45
3486.75
3425.04
3363.34
3301.64
3239.94
3178.24
3116.53
3054.83
2993.13
2931.43
2869.72
2808.02
2746.31
2684.6
2622.9
2561.19
2499.48
2437.77
2376.06
2314.35
2252.63
2190.92
2129.21
2067.5
2005.78
1944.07
1882.35
1820.64
1758.92
1697.21
1635.49
1573.78
1512.06
1450.35
1388.63
1326.91
1265.2
1203.48
1141.77
1080.05
1018.33
956.616
894.417
826.411
746.849
653.767
544.867
417.461
268.406
94.0196
4930.22
4741.48
4644.19
4532.48
4434.87
4343.76
4259.68
4181.94
4110.01
4043.46
3980.59
3918.82
3857.07
3795.33
3733.61
3671.89
3610.17
3548.46
3486.75
3425.05
3363.35
3301.64
3239.94
3178.24
3116.54
3054.84
2993.13
2931.43
2869.72
2808.02
2746.31
2684.6
2622.9
2561.19
2499.48
2437.77
2376.06
2314.35
2252.63
2190.92
2129.21
2067.5
2005.78
1944.07
1882.35
1820.64
1758.92
1697.21
1635.49
1573.78
1512.06
1450.35
1388.63
1326.91
1265.2
1203.48
1141.77
1080.05
1018.33
956.615
894.417
826.411
746.849
653.767
544.867
417.461
268.406
94.0196
4931.68
4742.52
4644.48
4532.82
4435
4343.86
4259.73
4181.97
4110.03
4043.48
3980.6
3918.83
3857.08
3795.34
3733.62
3671.9
3610.18
3548.47
3486.76
3425.06
3363.35
3301.65
3239.95
3178.25
3116.54
3054.84
2993.14
2931.43
2869.73
2808.02
2746.31
2684.61
2622.9
2561.19
2499.48
2437.77
2376.06
2314.35
2252.63
2190.92
2129.21
2067.5
2005.78
1944.07
1882.35
1820.64
1758.92
1697.21
1635.49
1573.78
1512.06
1450.35
1388.63
1326.91
1265.2
1203.48
1141.77
1080.05
1018.33
956.615
894.417
826.411
746.849
653.767
544.867
417.461
268.406
94.0196
4931.8
4742.93
4644.35
4532.91
4434.99
4343.86
4259.74
4181.97
4110.04
4043.49
3980.61
3918.84
3857.09
3795.36
3733.63
3671.91
3610.19
3548.48
3486.77
3425.07
3363.36
3301.66
3239.96
3178.25
3116.55
3054.84
2993.14
2931.43
2869.73
2808.02
2746.32
2684.61
2622.9
2561.19
2499.48
2437.77
2376.06
2314.35
2252.64
2190.92
2129.21
2067.5
2005.78
1944.07
1882.35
1820.64
1758.92
1697.21
1635.49
1573.78
1512.06
1450.35
1388.63
1326.91
1265.2
1203.48
1141.77
1080.05
1018.33
956.615
894.417
826.411
746.849
653.767
544.867
417.461
268.406
94.0196
4930.29
4742.53
4643.69
4532.68
4434.78
4343.75
4259.67
4181.93
4110.02
4043.48
3980.61
3918.85
3857.1
3795.37
3733.64
3671.92
3610.21
3548.5
3486.79
3425.08
3363.37
3301.67
3239.96
3178.26
3116.55
3054.85
2993.14
2931.44
2869.73
2808.03
2746.32
2684.61
2622.9
2561.19
2499.48
2437.77
2376.06
2314.35
2252.64
2190.92
2129.21
2067.5
2005.78
1944.07
1882.35
1820.64
1758.92
1697.21
1635.49
1573.78
1512.06
1450.35
1388.63
1326.91
1265.2
1203.48
1141.77
1080.05
1018.33
956.615
894.417
826.411
746.849
653.767
544.867
417.461
268.406
94.0196
4926.86
4741.25
4642.44
4532.12
4434.39
4343.53
4259.55
4181.87
4109.99
4043.47
3980.62
3918.87
3857.12
3795.39
3733.66
3671.94
3610.23
3548.51
3486.8
3425.09
3363.39
3301.68
3239.97
3178.27
3116.56
3054.86
2993.15
2931.44
2869.74
2808.03
2746.32
2684.61
2622.9
2561.19
2499.48
2437.77
2376.06
2314.35
2252.64
2190.92
2129.21
2067.5
2005.78
1944.07
1882.35
1820.64
1758.92
1697.21
1635.49
1573.78
1512.06
1450.35
1388.63
1326.91
1265.2
1203.48
1141.77
1080.05
1018.33
956.615
894.417
826.411
746.849
653.767
544.867
417.461
268.406
94.0196
4921.15
4739.1
4640.61
4531.24
4433.84
4343.23
4259.38
4181.78
4109.95
4043.46
3980.63
3918.88
3857.15
3795.42
3733.69
3671.97
3610.25
3548.54
3486.82
3425.11
3363.4
3301.69
3239.98
3178.28
3116.57
3054.86
2993.16
2931.45
2869.74
2808.03
2746.32
2684.61
2622.9
2561.19
2499.48
2437.77
2376.06
2314.35
2252.64
2190.92
2129.21
2067.5
2005.78
1944.07
1882.35
1820.64
1758.92
1697.21
1635.49
1573.78
1512.06
1450.35
1388.63
1326.91
1265.2
1203.48
1141.77
1080.05
1018.33
956.615
894.417
826.411
746.849
653.767
544.867
417.461
268.406
94.0197
4913.53
4736.92
4638.86
4530.63
4433.56
4343.17
4259.42
4181.88
4110.06
4043.57
3980.73
3918.98
3857.23
3795.49
3733.75
3672.02
3610.3
3548.57
3486.85
3425.14
3363.42
3301.71
3240
3178.29
3116.58
3054.87
2993.16
2931.45
2869.74
2808.03
2746.32
2684.62
2622.91
2561.19
2499.48
2437.77
2376.06
2314.35
2252.64
2190.92
2129.21
2067.5
2005.78
1944.07
1882.35
1820.64
1758.92
1697.21
1635.49
1573.78
1512.06
1450.35
1388.63
1326.91
1265.2
1203.48
1141.77
1080.05
1018.33
956.615
894.417
826.411
746.849
653.767
544.867
417.461
268.406
94.0197
4903.06
4734.32
4636.54
4529.77
4433.09
4342.97
4259.35
4181.87
4110.09
4043.62
3980.78
3919.03
3857.28
3795.53
3733.79
3672.06
3610.33
3548.6
3486.87
3425.15
3363.44
3301.72
3240.01
3178.3
3116.59
3054.87
2993.17
2931.46
2869.75
2808.04
2746.33
2684.62
2622.91
2561.2
2499.48
2437.77
2376.06
2314.35
2252.64
2190.92
2129.21
2067.5
2005.78
1944.07
1882.35
1820.64
1758.92
1697.21
1635.49
1573.78
1512.06
1450.35
1388.63
1326.91
1265.2
1203.48
1141.77
1080.05
1018.33
956.616
894.417
826.412
746.849
653.767
544.867
417.461
268.406
94.0199
4896.87
4740.11
4639.38
4532.97
4435.49
4344.8
4260.74
4182.92
4110.89
4044.23
3981.26
3919.4
3857.56
3795.75
3733.95
3672.18
3610.41
3548.66
3486.92
3425.19
3363.46
3301.74
3240.02
3178.3
3116.59
3054.88
2993.17
2931.46
2869.74
2808.03
2746.32
2684.61
2622.9
2561.19
2499.48
2437.77
2376.06
2314.35
2252.64
2190.92
2129.21
2067.5
2005.78
1944.07
1882.35
1820.64
1758.92
1697.21
1635.49
1573.78
1512.06
1450.35
1388.63
1326.91
1265.2
1203.48
1141.77
1080.05
1018.33
956.616
894.417
826.412
746.85
653.767
544.867
417.461
268.406
94.02
4910.19
4743.17
4643.89
4533.79
4436.28
4345.01
4260.78
4182.87
4110.8
4044.14
3981.17
3919.32
3857.5
3795.7
3733.93
3672.17
3610.42
3548.69
3486.96
3425.23
3363.51
3301.79
3240.08
3178.36
3116.65
3054.94
2993.23
2931.51
2869.8
2808.09
2746.38
2684.66
2622.95
2561.24
2499.52
2437.81
2376.09
2314.38
2252.66
2190.95
2129.23
2067.52
2005.8
1944.09
1882.37
1820.65
1758.94
1697.22
1635.5
1573.79
1512.07
1450.35
1388.64
1326.92
1265.2
1203.49
1141.77
1080.05
1018.34
956.619
894.42
826.414
746.851
653.769
544.868
417.462
268.406
94.0192
4907.82
4739.51
4643.02
4532.83
4435.85
4344.73
4260.63
4182.78
4110.75
4044.11
3981.15
3919.32
3857.5
3795.71
3733.94
3672.18
3610.43
3548.69
3486.96
3425.23
3363.51
3301.8
3240.08
3178.36
3116.65
3054.94
2993.23
2931.51
2869.8
2808.09
2746.38
2684.66
2622.95
2561.24
2499.52
2437.81
2376.09
2314.38
2252.66
2190.95
2129.23
2067.52
2005.8
1944.09
1882.37
1820.65
1758.94
1697.22
1635.5
1573.79
1512.07
1450.35
1388.64
1326.92
1265.2
1203.49
1141.77
1080.05
1018.34
956.619
894.42
826.414
746.851
653.769
544.868
417.462
268.406
94.0193
4908.71
4737.18
4642.62
4532.15
4435.53
4344.51
4260.5
4182.7
4110.71
4044.08
3981.14
3919.31
3857.5
3795.71
3733.94
3672.18
3610.43
3548.7
3486.96
3425.24
3363.52
3301.8
3240.08
3178.36
3116.65
3054.94
2993.23
2931.51
2869.8
2808.09
2746.37
2684.66
2622.95
2561.23
2499.52
2437.81
2376.09
2314.38
2252.66
2190.95
2129.23
2067.52
2005.8
1944.09
1882.37
1820.65
1758.94
1697.22
1635.5
1573.79
1512.07
1450.35
1388.64
1326.92
1265.2
1203.49
1141.77
1080.05
1018.34
956.619
894.42
826.414
746.851
653.769
544.868
417.462
268.406
94.0193
4911.33
4736.25
4642.49
4531.79
4435.32
4344.35
4260.39
4182.63
4110.66
4044.06
3981.13
3919.3
3857.5
3795.71
3733.94
3672.19
3610.44
3548.7
3486.97
3425.24
3363.52
3301.8
3240.08
3178.37
3116.65
3054.94
2993.23
2931.51
2869.8
2808.09
2746.37
2684.66
2622.95
2561.23
2499.52
2437.81
2376.09
2314.38
2252.66
2190.95
2129.23
2067.52
2005.8
1944.09
1882.37
1820.65
1758.94
1697.22
1635.5
1573.79
1512.07
1450.35
1388.64
1326.92
1265.2
1203.49
1141.77
1080.05
1018.34
956.619
894.42
826.414
746.851
653.769
544.868
417.462
268.407
94.0192
4914.73
4736.25
4642.61
4531.67
4435.2
4344.26
4260.32
4182.58
4110.63
4044.04
3981.11
3919.3
3857.5
3795.72
3733.95
3672.19
3610.44
3548.7
3486.97
3425.24
3363.52
3301.8
3240.08
3178.37
3116.65
3054.94
2993.23
2931.51
2869.8
2808.09
2746.37
2684.66
2622.95
2561.23
2499.52
2437.81
2376.09
2314.38
2252.66
2190.95
2129.23
2067.52
2005.8
1944.09
1882.37
1820.65
1758.94
1697.22
1635.5
1573.79
1512.07
1450.35
1388.64
1326.92
1265.2
1203.49
1141.77
1080.05
1018.34
956.619
894.42
826.414
746.851
653.768
544.868
417.462
268.407
94.0192
4918.56
4736.99
4642.98
4531.81
4435.19
4344.24
4260.29
4182.56
4110.61
4044.02
3981.1
3919.29
3857.5
3795.72
3733.95
3672.19
3610.45
3548.71
3486.97
3425.25
3363.52
3301.8
3240.09
3178.37
3116.65
3054.94
2993.23
2931.51
2869.8
2808.09
2746.37
2684.66
2622.95
2561.23
2499.52
2437.81
2376.09
2314.38
2252.66
2190.95
2129.23
2067.52
2005.8
1944.09
1882.37
1820.65
1758.94
1697.22
1635.5
1573.79
1512.07
1450.35
1388.64
1326.92
1265.2
1203.49
1141.77
1080.05
1018.34
956.618
894.42
826.414
746.851
653.768
544.868
417.462
268.407
94.0191
4922.5
4738.28
4643.56
4532.15
4435.29
4344.29
4260.3
4182.56
4110.61
4044.02
3981.1
3919.29
3857.5
3795.72
3733.95
3672.2
3610.45
3548.71
3486.98
3425.25
3363.53
3301.81
3240.09
3178.37
3116.66
3054.94
2993.23
2931.51
2869.8
2808.09
2746.37
2684.66
2622.95
2561.23
2499.52
2437.81
2376.09
2314.38
2252.66
2190.95
2129.23
2067.52
2005.8
1944.08
1882.37
1820.65
1758.94
1697.22
1635.5
1573.79
1512.07
1450.35
1388.64
1326.92
1265.2
1203.49
1141.77
1080.05
1018.34
956.618
894.42
826.413
746.851
653.768
544.868
417.462
268.406
94.019
4926.23
4739.87
4644.26
4532.63
4435.47
4344.41
4260.35
4182.58
4110.62
4044.02
3981.11
3919.29
3857.5
3795.72
3733.96
3672.2
3610.46
3548.72
3486.98
3425.26
3363.53
3301.81
3240.09
3178.37
3116.66
3054.94
2993.23
2931.52
2869.8
2808.09
2746.38
2684.66
2622.95
2561.23
2499.52
2437.81
2376.09
2314.38
2252.66
2190.95
2129.23
2067.52
2005.8
1944.08
1882.37
1820.65
1758.94
1697.22
1635.5
1573.79
1512.07
1450.35
1388.64
1326.92
1265.2
1203.49
1141.77
1080.05
1018.34
956.618
894.419
826.413
746.851
653.768
544.868
417.462
268.406
94.0189
4929.48
4741.51
4644.96
4533.17
4435.7
4344.55
4260.43
4182.63
4110.65
4044.04
3981.12
3919.3
3857.51
3795.73
3733.96
3672.21
3610.46
3548.72
3486.99
3425.26
3363.54
3301.81
3240.1
3178.38
3116.66
3054.95
2993.23
2931.52
2869.8
2808.09
2746.38
2684.66
2622.95
2561.23
2499.52
2437.81
2376.09
2314.38
2252.66
2190.95
2129.23
2067.52
2005.8
1944.08
1882.37
1820.65
1758.94
1697.22
1635.5
1573.79
1512.07
1450.35
1388.64
1326.92
1265.2
1203.49
1141.77
1080.05
1018.34
956.618
894.419
826.413
746.851
653.768
544.868
417.462
268.406
94.0189
4931.97
4742.97
4645.53
4533.66
4435.91
4344.69
4260.51
4182.67
4110.67
4044.06
3981.13
3919.31
3857.52
3795.74
3733.97
3672.22
3610.47
3548.73
3487
3425.27
3363.54
3301.82
3240.1
3178.38
3116.67
3054.95
2993.23
2931.52
2869.81
2808.09
2746.38
2684.66
2622.95
2561.24
2499.52
2437.81
2376.09
2314.38
2252.66
2190.95
2129.23
2067.52
2005.8
1944.08
1882.37
1820.65
1758.94
1697.22
1635.5
1573.79
1512.07
1450.35
1388.64
1326.92
1265.2
1203.49
1141.77
1080.05
1018.33
956.618
894.419
826.413
746.851
653.768
544.868
417.462
268.406
94.0189
4933.43
4744.01
4645.83
4534.01
4436.05
4344.78
4260.56
4182.71
4110.7
4044.08
3981.14
3919.33
3857.53
3795.75
3733.98
3672.23
3610.48
3548.74
3487
3425.28
3363.55
3301.83
3240.11
3178.39
3116.67
3054.95
2993.24
2931.52
2869.81
2808.09
2746.38
2684.67
2622.95
2561.24
2499.52
2437.81
2376.09
2314.38
2252.66
2190.95
2129.23
2067.52
2005.8
1944.08
1882.37
1820.65
1758.94
1697.22
1635.5
1573.79
1512.07
1450.35
1388.64
1326.92
1265.2
1203.49
1141.77
1080.05
1018.33
956.618
894.419
826.413
746.851
653.768
544.868
417.462
268.407
94.0188
4933.57
4744.42
4645.7
4534.1
4436.03
4344.79
4260.56
4182.71
4110.7
4044.09
3981.15
3919.34
3857.54
3795.76
3733.99
3672.24
3610.49
3548.75
3487.02
3425.29
3363.56
3301.84
3240.11
3178.39
3116.68
3054.96
2993.24
2931.53
2869.81
2808.1
2746.38
2684.67
2622.95
2561.24
2499.52
2437.81
2376.09
2314.38
2252.66
2190.95
2129.23
2067.52
2005.8
1944.08
1882.37
1820.65
1758.94
1697.22
1635.5
1573.79
1512.07
1450.35
1388.64
1326.92
1265.2
1203.49
1141.77
1080.05
1018.33
956.618
894.419
826.413
746.851
653.768
544.868
417.462
268.406
94.0188
4932.06
4744.02
4645.04
4533.87
4435.83
4344.68
4260.5
4182.67
4110.69
4044.08
3981.16
3919.35
3857.55
3795.77
3734.01
3672.25
3610.5
3548.76
3487.03
3425.3
3363.57
3301.84
3240.12
3178.4
3116.68
3054.96
2993.25
2931.53
2869.82
2808.1
2746.38
2684.67
2622.95
2561.24
2499.52
2437.81
2376.09
2314.38
2252.66
2190.95
2129.23
2067.52
2005.8
1944.08
1882.37
1820.65
1758.94
1697.22
1635.5
1573.79
1512.07
1450.35
1388.64
1326.92
1265.2
1203.49
1141.77
1080.05
1018.33
956.618
894.419
826.413
746.851
653.768
544.868
417.462
268.406
94.0188
4928.63
4742.75
4643.8
4533.31
4435.45
4344.47
4260.38
4182.61
4110.66
4044.08
3981.17
3919.36
3857.57
3795.8
3734.03
3672.27
3610.53
3548.78
3487.05
3425.31
3363.58
3301.86
3240.13
3178.41
3116.69
3054.97
2993.25
2931.54
2869.82
2808.1
2746.39
2684.67
2622.96
2561.24
2499.53
2437.81
2376.09
2314.38
2252.66
2190.95
2129.23
2067.52
2005.8
1944.08
1882.37
1820.65
1758.94
1697.22
1635.5
1573.79
1512.07
1450.35
1388.64
1326.92
1265.2
1203.49
1141.77
1080.05
1018.33
956.618
894.419
826.413
746.85
653.768
544.868
417.462
268.406
94.0189
4922.92
4740.6
4641.97
4532.44
4434.89
4344.16
4260.21
4182.52
4110.62
4044.07
3981.17
3919.38
3857.6
3795.82
3734.06
3672.3
3610.55
3548.8
3487.06
3425.33
3363.6
3301.87
3240.14
3178.42
3116.7
3054.98
2993.26
2931.54
2869.82
2808.11
2746.39
2684.67
2622.96
2561.24
2499.53
2437.81
2376.1
2314.38
2252.66
2190.95
2129.23
2067.52
2005.8
1944.08
1882.37
1820.65
1758.94
1697.22
1635.5
1573.79
1512.07
1450.35
1388.64
1326.92
1265.2
1203.49
1141.77
1080.05
1018.33
956.618
894.419
826.413
746.851
653.768
544.868
417.462
268.406
94.019
4915.31
4738.42
4640.22
4531.83
4434.62
4344.11
4260.26
4182.62
4110.73
4044.18
3981.28
3919.47
3857.68
3795.9
3734.12
3672.35
3610.59
3548.84
3487.1
3425.35
3363.62
3301.89
3240.16
3178.43
3116.71
3054.98
2993.26
2931.54
2869.83
2808.11
2746.39
2684.67
2622.96
2561.24
2499.53
2437.81
2376.1
2314.38
2252.66
2190.95
2129.23
2067.52
2005.8
1944.08
1882.37
1820.65
1758.94
1697.22
1635.5
1573.79
1512.07
1450.35
1388.64
1326.92
1265.2
1203.49
1141.77
1080.05
1018.33
956.618
894.419
826.413
746.851
653.768
544.868
417.462
268.406
94.0192
4904.84
4735.83
4637.9
4530.96
4434.14
4343.9
4260.18
4182.61
4110.76
4044.22
3981.33
3919.52
3857.73
3795.94
3734.16
3672.39
3610.62
3548.87
3487.12
3425.37
3363.63
3301.9
3240.17
3178.44
3116.71
3054.99
2993.27
2931.55
2869.83
2808.11
2746.39
2684.68
2622.96
2561.24
2499.53
2437.81
2376.1
2314.38
2252.66
2190.95
2129.23
2067.52
2005.8
1944.08
1882.37
1820.65
1758.94
1697.22
1635.5
1573.79
1512.07
1450.35
1388.64
1326.92
1265.2
1203.49
1141.77
1080.05
1018.34
956.618
894.419
826.413
746.851
653.768
544.868
417.462
268.406
94.0194
4898.63
4741.62
4640.72
4534.16
4436.54
4345.73
4261.57
4183.66
4111.55
4044.83
3981.8
3919.89
3858.01
3796.15
3734.32
3672.51
3610.71
3548.93
3487.16
3425.41
3363.66
3301.91
3240.18
3178.44
3116.72
3054.99
2993.27
2931.55
2869.83
2808.11
2746.39
2684.67
2622.96
2561.24
2499.53
2437.81
2376.09
2314.38
2252.66
2190.95
2129.23
2067.52
2005.8
1944.08
1882.37
1820.65
1758.94
1697.22
1635.5
1573.79
1512.07
1450.35
1388.64
1326.92
1265.2
1203.49
1141.77
1080.05
1018.34
956.618
894.42
826.413
746.851
653.768
544.868
417.462
268.406
94.0195
4911.85
4744.6
4645.18
4534.93
4437.29
4345.91
4261.58
4183.59
4111.45
4044.72
3981.7
3919.8
3857.94
3796.1
3734.29
3672.5
3610.72
3548.95
3487.19
3425.45
3363.71
3301.97
3240.24
3178.51
3116.78
3055.05
2993.33
2931.61
2869.88
2808.16
2746.44
2684.72
2623
2561.28
2499.57
2437.85
2376.13
2314.41
2252.69
2190.97
2129.26
2067.54
2005.82
1944.1
1882.38
1820.67
1758.95
1697.23
1635.51
1573.8
1512.08
1450.36
1388.64
1326.93
1265.21
1203.49
1141.77
1080.06
1018.34
956.621
894.422
826.416
746.853
653.77
544.869
417.462
268.407
94.0187
4909.48
4740.93
4644.31
4533.96
4436.86
4345.62
4261.42
4183.49
4111.4
4044.69
3981.69
3919.8
3857.94
3796.11
3734.3
3672.5
3610.72
3548.96
3487.2
3425.45
3363.71
3301.97
3240.24
3178.51
3116.78
3055.05
2993.33
2931.6
2869.88
2808.16
2746.44
2684.72
2623
2561.28
2499.56
2437.85
2376.13
2314.41
2252.69
2190.97
2129.25
2067.54
2005.82
1944.1
1882.38
1820.67
1758.95
1697.23
1635.51
1573.8
1512.08
1450.36
1388.64
1326.93
1265.21
1203.49
1141.77
1080.06
1018.34
956.621
894.422
826.416
746.853
653.77
544.869
417.462
268.407
94.0187
4910.37
4738.6
4643.9
4533.28
4436.54
4345.4
4261.29
4183.41
4111.35
4044.67
3981.67
3919.79
3857.94
3796.11
3734.3
3672.51
3610.73
3548.96
3487.2
3425.45
3363.71
3301.97
3240.24
3178.51
3116.78
3055.05
2993.33
2931.6
2869.88
2808.16
2746.44
2684.72
2623
2561.28
2499.56
2437.85
2376.13
2314.41
2252.69
2190.97
2129.25
2067.54
2005.82
1944.1
1882.38
1820.67
1758.95
1697.23
1635.51
1573.8
1512.08
1450.36
1388.64
1326.93
1265.21
1203.49
1141.77
1080.06
1018.34
956.621
894.422
826.416
746.853
653.77
544.869
417.462
268.407
94.0187
4912.99
4737.66
4643.77
4532.92
4436.32
4345.25
4261.19
4183.35
4111.31
4044.64
3981.66
3919.79
3857.94
3796.11
3734.3
3672.51
3610.73
3548.96
3487.21
3425.46
3363.71
3301.97
3240.24
3178.51
3116.78
3055.05
2993.33
2931.6
2869.88
2808.16
2746.44
2684.72
2623
2561.28
2499.56
2437.84
2376.13
2314.41
2252.69
2190.97
2129.25
2067.54
2005.82
1944.1
1882.38
1820.67
1758.95
1697.23
1635.51
1573.8
1512.08
1450.36
1388.64
1326.93
1265.21
1203.49
1141.77
1080.06
1018.34
956.621
894.422
826.416
746.853
653.77
544.869
417.463
268.407
94.0187
4916.38
4737.66
4643.89
4532.8
4436.2
4345.15
4261.12
4183.3
4111.27
4044.62
3981.64
3919.78
3857.93
3796.11
3734.31
3672.51
3610.74
3548.97
3487.21
3425.46
3363.71
3301.98
3240.24
3178.51
3116.78
3055.05
2993.33
2931.6
2869.88
2808.16
2746.44
2684.72
2623
2561.28
2499.56
2437.84
2376.13
2314.41
2252.69
2190.97
2129.25
2067.54
2005.82
1944.1
1882.38
1820.67
1758.95
1697.23
1635.51
1573.8
1512.08
1450.36
1388.64
1326.93
1265.21
1203.49
1141.77
1080.06
1018.34
956.621
894.422
826.415
746.853
653.77
544.869
417.462
268.407
94.0186
4920.22
4738.4
4644.26
4532.93
4436.19
4345.13
4261.08
4183.27
4111.25
4044.6
3981.63
3919.77
3857.93
3796.11
3734.31
3672.52
3610.74
3548.97
3487.21
3425.46
3363.72
3301.98
3240.24
3178.51
3116.78
3055.05
2993.33
2931.61
2869.88
2808.16
2746.44
2684.72
2623
2561.28
2499.56
2437.84
2376.13
2314.41
2252.69
2190.97
2129.25
2067.54
2005.82
1944.1
1882.38
1820.67
1758.95
1697.23
1635.51
1573.8
1512.08
1450.36
1388.64
1326.93
1265.21
1203.49
1141.77
1080.06
1018.34
956.621
894.422
826.415
746.853
653.77
544.869
417.462
268.407
94.0185
4924.16
4739.69
4644.84
4533.27
4436.29
4345.19
4261.1
4183.27
4111.25
4044.6
3981.63
3919.77
3857.93
3796.11
3734.31
3672.52
3610.74
3548.98
3487.22
3425.47
3363.72
3301.98
3240.24
3178.51
3116.78
3055.06
2993.33
2931.61
2869.88
2808.16
2746.44
2684.72
2623
2561.28
2499.56
2437.84
2376.13
2314.41
2252.69
2190.97
2129.25
2067.54
2005.82
1944.1
1882.38
1820.67
1758.95
1697.23
1635.51
1573.8
1512.08
1450.36
1388.64
1326.93
1265.21
1203.49
1141.77
1080.06
1018.34
956.621
894.422
826.415
746.852
653.769
544.869
417.462
268.407
94.0183
4927.89
4741.28
4645.54
4533.76
4436.48
4345.3
4261.15
4183.3
4111.26
4044.61
3981.63
3919.78
3857.94
3796.12
3734.31
3672.53
3610.75
3548.98
3487.22
3425.47
3363.72
3301.98
3240.25
3178.52
3116.79
3055.06
2993.33
2931.61
2869.88
2808.16
2746.44
2684.72
2623
2561.28
2499.56
2437.84
2376.13
2314.41
2252.69
2190.97
2129.25
2067.54
2005.82
1944.1
1882.38
1820.67
1758.95
1697.23
1635.51
1573.8
1512.08
1450.36
1388.64
1326.93
1265.21
1203.49
1141.77
1080.06
1018.34
956.621
894.422
826.415
746.852
653.769
544.869
417.462
268.407
94.0182
4931.14
4742.92
4646.24
4534.3
4436.7
4345.44
4261.22
4183.34
4111.29
4044.62
3981.65
3919.78
3857.94
3796.12
3734.32
3672.53
3610.75
3548.99
3487.23
3425.48
3363.73
3301.99
3240.25
3178.52
3116.79
3055.06
2993.33
2931.61
2869.89
2808.16
2746.44
2684.72
2623
2561.28
2499.56
2437.84
2376.13
2314.41
2252.69
2190.97
2129.25
2067.54
2005.82
1944.1
1882.38
1820.66
1758.95
1697.23
1635.51
1573.8
1512.08
1450.36
1388.64
1326.93
1265.21
1203.49
1141.77
1080.06
1018.34
956.62
894.421
826.415
746.852
653.769
544.869
417.462
268.407
94.0182
4933.63
4744.38
4646.81
4534.79
4436.92
4345.58
4261.3
4183.39
4111.32
4044.64
3981.66
3919.8
3857.95
3796.13
3734.33
3672.54
3610.76
3548.99
3487.23
3425.48
3363.74
3301.99
3240.26
3178.52
3116.79
3055.06
2993.34
2931.61
2869.89
2808.17
2746.44
2684.72
2623
2561.28
2499.56
2437.85
2376.13
2314.41
2252.69
2190.97
2129.25
2067.54
2005.82
1944.1
1882.38
1820.66
1758.95
1697.23
1635.51
1573.79
1512.08
1450.36
1388.64
1326.93
1265.21
1203.49
1141.77
1080.06
1018.34
956.62
894.421
826.415
746.852
653.769
544.869
417.462
268.407
94.0181
4935.1
4745.42
4647.11
4535.14
4437.05
4345.68
4261.36
4183.42
4111.34
4044.66
3981.67
3919.81
3857.97
3796.14
3734.34
3672.55
3610.77
3549
3487.24
3425.49
3363.74
3302
3240.26
3178.53
3116.8
3055.07
2993.34
2931.62
2869.89
2808.17
2746.45
2684.73
2623
2561.28
2499.56
2437.85
2376.13
2314.41
2252.69
2190.97
2129.25
2067.54
2005.82
1944.1
1882.38
1820.66
1758.95
1697.23
1635.51
1573.79
1512.08
1450.36
1388.64
1326.92
1265.21
1203.49
1141.77
1080.06
1018.34
956.62
894.421
826.415
746.852
653.769
544.869
417.462
268.407
94.018
4935.23
4745.84
4646.99
4535.23
4437.04
4345.68
4261.36
4183.43
4111.35
4044.67
3981.68
3919.82
3857.98
3796.16
3734.35
3672.56
3610.78
3549.01
3487.25
3425.5
3363.75
3302.01
3240.27
3178.54
3116.8
3055.07
2993.35
2931.62
2869.89
2808.17
2746.45
2684.73
2623.01
2561.29
2499.57
2437.85
2376.13
2314.41
2252.69
2190.97
2129.25
2067.54
2005.82
1944.1
1882.38
1820.67
1758.95
1697.23
1635.51
1573.79
1512.08
1450.36
1388.64
1326.92
1265.21
1203.49
1141.77
1080.05
1018.34
956.62
894.421
826.415
746.852
653.769
544.869
417.462
268.407
94.018
4933.73
4745.44
4646.33
4535
4436.84
4345.57
4261.29
4183.39
4111.33
4044.66
3981.69
3919.83
3857.99
3796.17
3734.37
3672.58
3610.8
3549.03
3487.27
3425.51
3363.76
3302.02
3240.28
3178.54
3116.81
3055.08
2993.35
2931.62
2869.9
2808.17
2746.45
2684.73
2623.01
2561.29
2499.57
2437.85
2376.13
2314.41
2252.69
2190.97
2129.25
2067.54
2005.82
1944.1
1882.38
1820.67
1758.95
1697.23
1635.51
1573.79
1512.08
1450.36
1388.64
1326.92
1265.21
1203.49
1141.77
1080.05
1018.34
956.62
894.421
826.415
746.852
653.769
544.869
417.462
268.407
94.018
4930.3
4744.18
4645.09
4534.44
4436.46
4345.36
4261.18
4183.33
4111.31
4044.66
3981.7
3919.84
3858.01
3796.19
3734.39
3672.6
3610.82
3549.05
3487.28
3425.53
3363.78
3302.03
3240.29
3178.55
3116.82
3055.08
2993.36
2931.63
2869.9
2808.18
2746.45
2684.73
2623.01
2561.29
2499.57
2437.85
2376.13
2314.41
2252.69
2190.97
2129.25
2067.54
2005.82
1944.1
1882.38
1820.66
1758.95
1697.23
1635.51
1573.79
1512.08
1450.36
1388.64
1326.92
1265.21
1203.49
1141.77
1080.05
1018.34
956.62
894.421
826.415
746.852
653.769
544.869
417.462
268.407
94.0182
4924.6
4742.03
4643.26
4533.57
4435.9
4345.06
4261.01
4183.24
4111.27
4044.65
3981.7
3919.86
3858.03
3796.22
3734.42
3672.62
3610.84
3549.07
3487.3
3425.54
3363.79
3302.04
3240.3
3178.56
3116.82
3055.09
2993.36
2931.63
2869.91
2808.18
2746.46
2684.73
2623.01
2561.29
2499.57
2437.85
2376.13
2314.41
2252.69
2190.97
2129.25
2067.54
2005.82
1944.1
1882.38
1820.66
1758.95
1697.23
1635.51
1573.79
1512.08
1450.36
1388.64
1326.92
1265.21
1203.49
1141.77
1080.05
1018.34
956.62
894.421
826.415
746.852
653.769
544.869
417.462
268.407
94.0184
4916.98
4739.85
4641.51
4532.97
4435.63
4345.01
4261.06
4183.34
4111.38
4044.76
3981.81
3919.96
3858.12
3796.29
3734.48
3672.68
3610.89
3549.11
3487.33
3425.57
3363.81
3302.06
3240.31
3178.57
3116.83
3055.1
2993.37
2931.64
2869.91
2808.18
2746.46
2684.73
2623.01
2561.29
2499.57
2437.85
2376.13
2314.41
2252.69
2190.97
2129.25
2067.54
2005.82
1944.1
1882.38
1820.66
1758.95
1697.23
1635.51
1573.79
1512.08
1450.36
1388.64
1326.92
1265.21
1203.49
1141.77
1080.05
1018.34
956.62
894.421
826.415
746.852
653.769
544.869
417.462
268.407
94.0186
4906.52
4737.26
4639.19
4532.11
4435.15
4344.8
4260.99
4183.33
4111.4
4044.8
3981.86
3920.01
3858.17
3796.34
3734.52
3672.71
3610.92
3549.13
3487.36
3425.59
3363.83
3302.07
3240.32
3178.58
3116.84
3055.1
2993.37
2931.64
2869.91
2808.18
2746.46
2684.74
2623.01
2561.29
2499.57
2437.85
2376.13
2314.41
2252.69
2190.97
2129.25
2067.54
2005.82
1944.1
1882.38
1820.67
1758.95
1697.23
1635.51
1573.79
1512.08
1450.36
1388.64
1326.92
1265.21
1203.49
1141.77
1080.06
1018.34
956.62
894.421
826.415
746.852
653.769
544.869
417.462
268.407
94.0188
4900.28
4743.04
4642.01
4535.29
4437.54
4346.62
4262.36
4184.37
4112.2
4045.41
3982.33
3920.37
3858.44
3796.54
3734.67
3672.83
3611
3549.19
3487.4
3425.62
3363.85
3302.09
3240.33
3178.58
3116.84
3055.1
2993.37
2931.64
2869.91
2808.18
2746.46
2684.73
2623.01
2561.29
2499.57
2437.85
2376.13
2314.41
2252.69
2190.97
2129.25
2067.54
2005.82
1944.1
1882.38
1820.67
1758.95
1697.23
1635.51
1573.79
1512.08
1450.36
1388.64
1326.92
1265.21
1203.49
1141.77
1080.06
1018.34
956.621
894.422
826.415
746.852
653.77
544.869
417.463
268.407
94.0191
4913.42
4745.95
4646.4
4536.01
4438.25
4346.77
4262.35
4184.28
4112.07
4045.29
3982.21
3920.27
3858.36
3796.49
3734.64
3672.81
3611
3549.21
3487.43
3425.66
3363.9
3302.14
3240.39
3178.65
3116.9
3055.17
2993.43
2931.7
2869.97
2808.24
2746.51
2684.78
2623.06
2561.33
2499.61
2437.88
2376.16
2314.44
2252.72
2191
2129.28
2067.56
2005.84
1944.12
1882.4
1820.68
1758.96
1697.24
1635.52
1573.8
1512.09
1450.37
1388.65
1326.93
1265.21
1203.49
1141.78
1080.06
1018.34
956.623
894.424
826.417
746.854
653.771
544.87
417.463
268.407
94.0181
4911.04
4742.27
4645.53
4535.04
4437.82
4346.48
4262.19
4184.18
4112.02
4045.26
3982.2
3920.27
3858.37
3796.49
3734.65
3672.82
3611.01
3549.22
3487.43
3425.66
3363.9
3302.14
3240.39
3178.65
3116.9
3055.16
2993.43
2931.7
2869.96
2808.24
2746.51
2684.78
2623.06
2561.33
2499.61
2437.88
2376.16
2314.44
2252.72
2191
2129.28
2067.56
2005.84
1944.12
1882.4
1820.68
1758.96
1697.24
1635.52
1573.8
1512.09
1450.37
1388.65
1326.93
1265.21
1203.49
1141.78
1080.06
1018.34
956.623
894.424
826.417
746.854
653.771
544.87
417.463
268.407
94.0182
4911.93
4739.94
4645.12
4534.36
4437.5
4346.26
4262.06
4184.1
4111.97
4045.23
3982.19
3920.26
3858.37
3796.5
3734.65
3672.82
3611.02
3549.22
3487.44
3425.66
3363.9
3302.14
3240.39
3178.65
3116.9
3055.16
2993.43
2931.7
2869.96
2808.23
2746.51
2684.78
2623.05
2561.33
2499.61
2437.88
2376.16
2314.44
2252.72
2191
2129.28
2067.56
2005.84
1944.12
1882.4
1820.68
1758.96
1697.24
1635.52
1573.8
1512.09
1450.37
1388.65
1326.93
1265.21
1203.49
1141.78
1080.06
1018.34
956.623
894.424
826.417
746.854
653.771
544.87
417.463
268.407
94.0182
4914.55
4739
4644.99
4533.99
4437.28
4346.1
4261.96
4184.04
4111.93
4045.21
3982.17
3920.25
3858.36
3796.5
3734.65
3672.83
3611.02
3549.22
3487.44
3425.67
3363.9
3302.14
3240.39
3178.65
3116.9
3055.16
2993.43
2931.7
2869.96
2808.23
2746.51
2684.78
2623.05
2561.33
2499.61
2437.88
2376.16
2314.44
2252.72
2191
2129.28
2067.56
2005.84
1944.12
1882.4
1820.68
1758.96
1697.24
1635.52
1573.8
1512.09
1450.37
1388.65
1326.93
1265.21
1203.49
1141.78
1080.06
1018.34
956.623
894.424
826.417
746.854
653.771
544.87
417.463
268.407
94.0181
4917.95
4738.99
4645.11
4533.88
4437.16
4346.01
4261.88
4183.98
4111.89
4045.18
3982.16
3920.25
3858.36
3796.5
3734.66
3672.83
3611.02
3549.23
3487.44
3425.67
3363.91
3302.15
3240.39
3178.65
3116.9
3055.17
2993.43
2931.7
2869.96
2808.23
2746.51
2684.78
2623.05
2561.33
2499.61
2437.88
2376.16
2314.44
2252.72
2191
2129.28
2067.56
2005.84
1944.12
1882.4
1820.68
1758.96
1697.24
1635.52
1573.8
1512.09
1450.37
1388.65
1326.93
1265.21
1203.5
1141.78
1080.06
1018.34
956.623
894.424
826.417
746.854
653.771
544.87
417.463
268.407
94.018
4921.78
4739.74
4645.48
4534.01
4437.15
4345.99
4261.85
4183.96
4111.87
4045.17
3982.15
3920.24
3858.36
3796.5
3734.66
3672.83
3611.03
3549.23
3487.45
3425.67
3363.91
3302.15
3240.4
3178.65
3116.91
3055.17
2993.43
2931.7
2869.96
2808.23
2746.51
2684.78
2623.05
2561.33
2499.61
2437.88
2376.16
2314.44
2252.72
2191
2129.28
2067.56
2005.84
1944.12
1882.4
1820.68
1758.96
1697.24
1635.52
1573.8
1512.09
1450.37
1388.65
1326.93
1265.21
1203.49
1141.78
1080.06
1018.34
956.623
894.424
826.417
746.854
653.771
544.87
417.463
268.407
94.0178
4925.72
4741.03
4646.05
4534.35
4437.25
4346.04
4261.86
4183.96
4111.87
4045.16
3982.14
3920.24
3858.36
3796.5
3734.66
3672.84
3611.03
3549.24
3487.45
3425.68
3363.91
3302.15
3240.4
3178.65
3116.91
3055.17
2993.43
2931.7
2869.96
2808.23
2746.51
2684.78
2623.05
2561.33
2499.61
2437.88
2376.16
2314.44
2252.72
2191
2129.28
2067.56
2005.84
1944.12
1882.4
1820.68
1758.96
1697.24
1635.52
1573.8
1512.09
1450.37
1388.65
1326.93
1265.21
1203.49
1141.78
1080.06
1018.34
956.623
894.424
826.417
746.854
653.771
544.87
417.463
268.407
94.0177
4929.45
4742.62
4646.75
4534.83
4437.43
4346.15
4261.91
4183.98
4111.88
4045.17
3982.15
3920.24
3858.36
3796.5
3734.66
3672.84
3611.03
3549.24
3487.46
3425.68
3363.92
3302.16
3240.4
3178.65
3116.91
3055.17
2993.43
2931.7
2869.97
2808.24
2746.51
2684.78
2623.05
2561.33
2499.61
2437.88
2376.16
2314.44
2252.72
2191
2129.28
2067.56
2005.84
1944.12
1882.4
1820.68
1758.96
1697.24
1635.52
1573.8
1512.09
1450.37
1388.65
1326.93
1265.21
1203.49
1141.78
1080.06
1018.34
956.623
894.424
826.417
746.854
653.771
544.87
417.463
268.407
94.0175
4932.7
4744.26
4647.46
4535.37
4437.66
4346.3
4261.99
4184.03
4111.91
4045.19
3982.16
3920.25
3858.37
3796.51
3734.67
3672.85
3611.04
3549.25
3487.46
3425.69
3363.92
3302.16
3240.41
3178.66
3116.91
3055.17
2993.44
2931.7
2869.97
2808.24
2746.51
2684.78
2623.06
2561.33
2499.61
2437.88
2376.16
2314.44
2252.72
2191
2129.28
2067.56
2005.84
1944.12
1882.4
1820.68
1758.96
1697.24
1635.52
1573.8
1512.08
1450.37
1388.65
1326.93
1265.21
1203.49
1141.78
1080.06
1018.34
956.623
894.424
826.417
746.854
653.771
544.87
417.463
268.407
94.0174
4935.2
4745.72
4648.03
4535.87
4437.88
4346.44
4262.07
4184.07
4111.94
4045.21
3982.17
3920.26
3858.38
3796.52
3734.68
3672.86
3611.05
3549.25
3487.47
3425.69
3363.93
3302.17
3240.41
3178.66
3116.92
3055.18
2993.44
2931.7
2869.97
2808.24
2746.51
2684.78
2623.06
2561.33
2499.61
2437.88
2376.16
2314.44
2252.72
2191
2129.28
2067.56
2005.84
1944.12
1882.4
1820.68
1758.96
1697.24
1635.52
1573.8
1512.08
1450.37
1388.65
1326.93
1265.21
1203.49
1141.78
1080.06
1018.34
956.623
894.423
826.417
746.854
653.771
544.87
417.463
268.407
94.0173
4936.66
4746.76
4648.33
4536.21
4438.01
4346.53
4262.12
4184.11
4111.96
4045.22
3982.19
3920.28
3858.39
3796.53
3734.69
3672.87
3611.06
3549.26
3487.48
3425.7
3363.93
3302.17
3240.42
3178.67
3116.92
3055.18
2993.44
2931.71
2869.97
2808.24
2746.51
2684.78
2623.06
2561.33
2499.61
2437.88
2376.16
2314.44
2252.72
2191
2129.28
2067.56
2005.84
1944.12
1882.4
1820.68
1758.96
1697.24
1635.52
1573.8
1512.08
1450.37
1388.65
1326.93
1265.21
1203.49
1141.78
1080.06
1018.34
956.623
894.423
826.417
746.854
653.771
544.87
417.463
268.407
94.0173
4936.8
4747.18
4648.21
4536.31
4438
4346.54
4262.13
4184.11
4111.97
4045.23
3982.2
3920.29
3858.4
3796.54
3734.7
3672.88
3611.07
3549.27
3487.49
3425.71
3363.94
3302.18
3240.43
3178.67
3116.93
3055.19
2993.45
2931.71
2869.98
2808.24
2746.51
2684.79
2623.06
2561.33
2499.61
2437.88
2376.16
2314.44
2252.72
2191
2129.28
2067.56
2005.84
1944.12
1882.4
1820.68
1758.96
1697.24
1635.52
1573.8
1512.08
1450.37
1388.65
1326.93
1265.21
1203.49
1141.78
1080.06
1018.34
956.623
894.423
826.417
746.854
653.77
544.87
417.463
268.407
94.0172
4935.3
4746.79
4647.55
4536.08
4437.8
4346.43
4262.06
4184.08
4111.95
4045.23
3982.2
3920.3
3858.42
3796.56
3734.72
3672.89
3611.09
3549.29
3487.5
3425.72
3363.95
3302.19
3240.43
3178.68
3116.93
3055.19
2993.45
2931.71
2869.98
2808.25
2746.52
2684.79
2623.06
2561.33
2499.61
2437.89
2376.16
2314.44
2252.72
2191
2129.28
2067.56
2005.84
1944.12
1882.4
1820.68
1758.96
1697.24
1635.52
1573.8
1512.08
1450.37
1388.65
1326.93
1265.21
1203.49
1141.78
1080.06
1018.34
956.622
894.423
826.417
746.854
653.77
544.87
417.463
268.407
94.0173
4931.88
4745.53
4646.31
4535.53
4437.42
4346.22
4261.95
4184.02
4111.93
4045.23
3982.21
3920.31
3858.44
3796.58
3734.74
3672.92
3611.11
3549.31
3487.52
3425.74
3363.97
3302.2
3240.44
3178.69
3116.94
3055.2
2993.46
2931.72
2869.98
2808.25
2746.52
2684.79
2623.06
2561.34
2499.61
2437.89
2376.16
2314.44
2252.72
2191
2129.28
2067.56
2005.84
1944.12
1882.4
1820.68
1758.96
1697.24
1635.52
1573.8
1512.08
1450.37
1388.65
1326.93
1265.21
1203.49
1141.78
1080.06
1018.34
956.622
894.423
826.416
746.853
653.77
544.87
417.463
268.407
94.0175
4926.17
4743.38
4644.49
4534.66
4436.87
4345.92
4261.78
4183.93
4111.89
4045.22
3982.22
3920.33
3858.46
3796.61
3734.77
3672.94
3611.13
3549.33
3487.54
3425.76
3363.98
3302.22
3240.46
3178.7
3116.95
3055.2
2993.46
2931.72
2869.99
2808.25
2746.52
2684.79
2623.06
2561.34
2499.61
2437.89
2376.16
2314.44
2252.72
2191
2129.28
2067.56
2005.84
1944.12
1882.4
1820.68
1758.96
1697.24
1635.52
1573.8
1512.08
1450.37
1388.65
1326.93
1265.21
1203.49
1141.78
1080.06
1018.34
956.623
894.423
826.417
746.854
653.77
544.87
417.463
268.407
94.0177
4918.56
4741.21
4642.74
4534.05
4436.59
4345.87
4261.83
4184.03
4112
4045.33
3982.33
3920.43
3858.55
3796.68
3734.83
3673
3611.17
3549.37
3487.57
3425.78
3364
3302.23
3240.47
3178.71
3116.96
3055.21
2993.47
2931.73
2869.99
2808.26
2746.52
2684.79
2623.06
2561.34
2499.61
2437.89
2376.16
2314.44
2252.72
2191
2129.28
2067.56
2005.84
1944.12
1882.4
1820.68
1758.96
1697.24
1635.52
1573.8
1512.08
1450.37
1388.65
1326.93
1265.21
1203.49
1141.78
1080.06
1018.34
956.623
894.423
826.417
746.854
653.77
544.87
417.463
268.407
94.018
4908.09
4738.62
4640.42
4533.19
4436.12
4345.66
4261.75
4184.02
4112.03
4045.37
3982.37
3920.48
3858.59
3796.72
3734.87
3673.03
3611.2
3549.39
3487.59
3425.8
3364.02
3302.24
3240.48
3178.72
3116.96
3055.22
2993.47
2931.73
2869.99
2808.26
2746.52
2684.79
2623.07
2561.34
2499.61
2437.89
2376.16
2314.44
2252.72
2191
2129.28
2067.56
2005.84
1944.12
1882.4
1820.68
1758.96
1697.24
1635.52
1573.8
1512.08
1450.37
1388.65
1326.93
1265.21
1203.49
1141.78
1080.06
1018.34
956.623
894.424
826.417
746.854
653.771
544.87
417.463
268.407
94.0183
4901.84
4744.39
4643.22
4536.37
4438.5
4347.48
4263.13
4185.06
4112.82
4045.97
3982.84
3920.83
3858.86
3796.93
3735.02
3673.14
3611.29
3549.45
3487.63
3425.83
3364.04
3302.26
3240.49
3178.72
3116.97
3055.22
2993.47
2931.73
2869.99
2808.26
2746.52
2684.79
2623.06
2561.34
2499.61
2437.89
2376.16
2314.44
2252.72
2191
2129.28
2067.56
2005.84
1944.12
1882.4
1820.68
1758.96
1697.24
1635.52
1573.8
1512.08
1450.37
1388.65
1326.93
1265.21
1203.49
1141.78
1080.06
1018.34
956.623
894.424
826.417
746.854
653.771
544.87
417.463
268.407
94.0186
4914.89
4747.22
4647.56
4537.04
4439.17
4347.59
4263.09
4184.94
4112.67
4045.83
3982.71
3920.72
3858.78
3796.86
3734.98
3673.12
3611.28
3549.46
3487.66
3425.87
3364.08
3302.31
3240.54
3178.78
3117.03
3055.28
2993.53
2931.79
2870.05
2808.31
2746.57
2684.84
2623.11
2561.38
2499.65
2437.92
2376.2
2314.47
2252.75
2191.02
2129.3
2067.58
2005.85
1944.13
1882.41
1820.69
1758.97
1697.25
1635.53
1573.81
1512.09
1450.37
1388.65
1326.94
1265.22
1203.5
1141.78
1080.06
1018.34
956.626
894.426
826.419
746.856
653.772
544.871
417.463
268.408
94.0176
4912.51
4743.54
4646.69
4536.06
4438.73
4347.3
4262.93
4184.85
4112.62
4045.8
3982.7
3920.72
3858.78
3796.87
3734.99
3673.13
3611.29
3549.47
3487.66
3425.87
3364.09
3302.31
3240.54
3178.78
3117.03
3055.28
2993.53
2931.79
2870.05
2808.31
2746.57
2684.84
2623.11
2561.38
2499.65
2437.92
2376.2
2314.47
2252.75
2191.02
2129.3
2067.58
2005.85
1944.13
1882.41
1820.69
1758.97
1697.25
1635.53
1573.81
1512.09
1450.37
1388.65
1326.94
1265.22
1203.5
1141.78
1080.06
1018.34
956.626
894.426
826.419
746.856
653.772
544.871
417.463
268.408
94.0177
4913.4
4741.2
4646.27
4535.39
4438.42
4347.08
4262.79
4184.76
4112.57
4045.78
3982.68
3920.71
3858.78
3796.87
3734.99
3673.13
3611.3
3549.47
3487.67
3425.87
3364.09
3302.31
3240.54
3178.78
3117.03
3055.28
2993.53
2931.79
2870.04
2808.31
2746.57
2684.84
2623.11
2561.38
2499.65
2437.92
2376.19
2314.47
2252.75
2191.02
2129.3
2067.58
2005.85
1944.13
1882.41
1820.69
1758.97
1697.25
1635.53
1573.81
1512.09
1450.37
1388.65
1326.94
1265.22
1203.5
1141.78
1080.06
1018.34
956.626
894.426
826.419
746.856
653.772
544.871
417.464
268.408
94.0177
4916.02
4740.26
4646.15
4535.02
4438.2
4346.92
4262.69
4184.7
4112.53
4045.75
3982.67
3920.71
3858.78
3796.87
3734.99
3673.14
3611.3
3549.48
3487.67
3425.87
3364.09
3302.31
3240.54
3178.78
3117.03
3055.28
2993.53
2931.78
2870.04
2808.31
2746.57
2684.84
2623.11
2561.38
2499.65
2437.92
2376.19
2314.47
2252.74
2191.02
2129.3
2067.58
2005.85
1944.13
1882.41
1820.69
1758.97
1697.25
1635.53
1573.81
1512.09
1450.37
1388.65
1326.94
1265.22
1203.5
1141.78
1080.06
1018.34
956.626
894.426
826.419
746.856
653.772
544.871
417.464
268.408
94.0176
4919.42
4740.26
4646.26
4534.9
4438.07
4346.83
4262.61
4184.65
4112.49
4045.73
3982.65
3920.7
3858.77
3796.87
3735
3673.14
3611.3
3549.48
3487.67
3425.88
3364.09
3302.32
3240.55
3178.78
3117.03
3055.28
2993.53
2931.78
2870.04
2808.31
2746.57
2684.84
2623.11
2561.38
2499.65
2437.92
2376.19
2314.47
2252.74
2191.02
2129.3
2067.58
2005.85
1944.13
1882.41
1820.69
1758.97
1697.25
1635.53
1573.81
1512.09
1450.37
1388.65
1326.94
1265.22
1203.5
1141.78
1080.06
1018.34
956.626
894.426
826.419
746.856
653.772
544.871
417.463
268.408
94.0174
4923.25
4741
4646.63
4535.03
4438.06
4346.81
4262.58
4184.62
4112.47
4045.71
3982.64
3920.69
3858.77
3796.87
3735
3673.14
3611.31
3549.48
3487.68
3425.88
3364.09
3302.32
3240.55
3178.79
3117.03
3055.28
2993.53
2931.79
2870.04
2808.31
2746.57
2684.84
2623.11
2561.38
2499.65
2437.92
2376.19
2314.47
2252.74
2191.02
2129.3
2067.58
2005.85
1944.13
1882.41
1820.69
1758.97
1697.25
1635.53
1573.81
1512.09
1450.37
1388.65
1326.94
1265.22
1203.5
1141.78
1080.06
1018.34
956.626
894.426
826.419
746.856
653.772
544.871
417.463
268.408
94.0172
4927.19
4742.29
4647.2
4535.37
4438.16
4346.86
4262.59
4184.62
4112.47
4045.71
3982.64
3920.69
3858.77
3796.87
3735
3673.15
3611.31
3549.49
3487.68
3425.88
3364.1
3302.32
3240.55
3178.79
3117.03
3055.28
2993.53
2931.79
2870.05
2808.31
2746.57
2684.84
2623.11
2561.38
2499.65
2437.92
2376.19
2314.47
2252.74
2191.02
2129.3
2067.58
2005.85
1944.13
1882.41
1820.69
1758.97
1697.25
1635.53
1573.81
1512.09
1450.37
1388.65
1326.94
1265.22
1203.5
1141.78
1080.06
1018.34
956.626
894.426
826.419
746.855
653.772
544.871
417.463
268.408
94.017
4930.93
4743.88
4647.9
4535.85
4438.35
4346.97
4262.65
4184.64
4112.48
4045.71
3982.64
3920.69
3858.77
3796.88
3735
3673.15
3611.31
3549.49
3487.68
3425.89
3364.1
3302.32
3240.55
3178.79
3117.03
3055.28
2993.53
2931.79
2870.05
2808.31
2746.57
2684.84
2623.11
2561.38
2499.65
2437.92
2376.19
2314.47
2252.74
2191.02
2129.3
2067.58
2005.85
1944.13
1882.41
1820.69
1758.97
1697.25
1635.53
1573.81
1512.09
1450.37
1388.65
1326.94
1265.22
1203.5
1141.78
1080.06
1018.34
956.626
894.426
826.419
746.855
653.772
544.871
417.463
268.408
94.0168
4934.18
4745.52
4648.61
4536.39
4438.58
4347.11
4262.72
4184.69
4112.51
4045.73
3982.65
3920.7
3858.78
3796.88
3735.01
3673.16
3611.32
3549.5
3487.69
3425.89
3364.11
3302.33
3240.56
3178.79
3117.04
3055.28
2993.53
2931.79
2870.05
2808.31
2746.57
2684.84
2623.11
2561.38
2499.65
2437.92
2376.19
2314.47
2252.74
2191.02
2129.3
2067.58
2005.85
1944.13
1882.41
1820.69
1758.97
1697.25
1635.53
1573.81
1512.09
1450.37
1388.65
1326.94
1265.22
1203.5
1141.78
1080.06
1018.34
956.625
894.426
826.419
746.855
653.772
544.871
417.463
268.408
94.0167
4936.67
4746.98
4649.18
4536.89
4438.79
4347.25
4262.8
4184.73
4112.54
4045.75
3982.67
3920.71
3858.79
3796.89
3735.02
3673.16
3611.33
3549.51
3487.7
3425.9
3364.11
3302.33
3240.56
3178.8
3117.04
3055.29
2993.54
2931.79
2870.05
2808.31
2746.58
2684.84
2623.11
2561.38
2499.65
2437.92
2376.19
2314.47
2252.74
2191.02
2129.3
2067.57
2005.85
1944.13
1882.41
1820.69
1758.97
1697.25
1635.53
1573.81
1512.09
1450.37
1388.65
1326.94
1265.22
1203.5
1141.78
1080.06
1018.34
956.625
894.426
826.419
746.855
653.772
544.871
417.463
268.408
94.0166
4938.14
4748.03
4649.48
4537.24
4438.93
4347.35
4262.86
4184.77
4112.56
4045.77
3982.68
3920.73
3858.8
3796.9
3735.03
3673.18
3611.34
3549.52
3487.71
3425.91
3364.12
3302.34
3240.57
3178.8
3117.05
3055.29
2993.54
2931.8
2870.05
2808.31
2746.58
2684.84
2623.11
2561.38
2499.65
2437.92
2376.2
2314.47
2252.74
2191.02
2129.3
2067.57
2005.85
1944.13
1882.41
1820.69
1758.97
1697.25
1635.53
1573.81
1512.09
1450.37
1388.65
1326.94
1265.22
1203.5
1141.78
1080.06
1018.34
956.625
894.425
826.419
746.855
653.772
544.871
417.463
268.408
94.0165
4938.27
4748.45
4649.36
4537.34
4438.92
4347.36
4262.86
4184.78
4112.57
4045.78
3982.69
3920.74
3858.81
3796.92
3735.04
3673.19
3611.35
3549.53
3487.72
3425.92
3364.13
3302.35
3240.58
3178.81
3117.05
3055.3
2993.55
2931.8
2870.06
2808.32
2746.58
2684.84
2623.11
2561.38
2499.65
2437.92
2376.2
2314.47
2252.74
2191.02
2129.3
2067.57
2005.85
1944.13
1882.41
1820.69
1758.97
1697.25
1635.53
1573.81
1512.09
1450.37
1388.65
1326.93
1265.22
1203.5
1141.78
1080.06
1018.34
956.625
894.425
826.418
746.855
653.772
544.87
417.463
268.408
94.0164
4936.78
4748.06
4648.7
4537.11
4438.72
4347.25
4262.8
4184.74
4112.55
4045.77
3982.7
3920.75
3858.83
3796.93
3735.06
3673.2
3611.36
3549.54
3487.73
3425.93
3364.14
3302.36
3240.59
3178.82
3117.06
3055.3
2993.55
2931.8
2870.06
2808.32
2746.58
2684.85
2623.11
2561.38
2499.65
2437.92
2376.2
2314.47
2252.75
2191.02
2129.3
2067.58
2005.85
1944.13
1882.41
1820.69
1758.97
1697.25
1635.53
1573.81
1512.09
1450.37
1388.65
1326.93
1265.22
1203.5
1141.78
1080.06
1018.34
956.625
894.425
826.418
746.855
653.771
544.87
417.463
268.408
94.0165
4933.36
4746.8
4647.47
4536.55
4438.34
4347.04
4262.68
4184.68
4112.53
4045.77
3982.71
3920.77
3858.85
3796.95
3735.08
3673.23
3611.39
3549.56
3487.75
3425.95
3364.15
3302.37
3240.6
3178.83
3117.07
3055.31
2993.56
2931.81
2870.06
2808.32
2746.58
2684.85
2623.11
2561.38
2499.65
2437.92
2376.2
2314.47
2252.75
2191.02
2129.3
2067.58
2005.85
1944.13
1882.41
1820.69
1758.97
1697.25
1635.53
1573.81
1512.09
1450.37
1388.65
1326.93
1265.22
1203.5
1141.78
1080.06
1018.34
956.625
894.425
826.418
746.855
653.771
544.87
417.463
268.408
94.0167
4927.65
4744.66
4645.65
4535.69
4437.79
4346.74
4262.51
4184.6
4112.49
4045.76
3982.72
3920.78
3858.87
3796.98
3735.11
3673.25
3611.41
3549.58
3487.77
3425.96
3364.17
3302.38
3240.61
3178.84
3117.07
3055.31
2993.56
2931.81
2870.07
2808.33
2746.59
2684.85
2623.12
2561.38
2499.65
2437.93
2376.2
2314.47
2252.75
2191.02
2129.3
2067.58
2005.85
1944.13
1882.41
1820.69
1758.97
1697.25
1635.53
1573.81
1512.09
1450.37
1388.65
1326.93
1265.22
1203.5
1141.78
1080.06
1018.34
956.625
894.425
826.418
746.855
653.771
544.87
417.463
268.408
94.017
4920.04
4742.48
4643.9
4535.08
4437.51
4346.69
4262.56
4184.69
4112.6
4045.87
3982.82
3920.88
3858.96
3797.05
3735.17
3673.3
3611.45
3549.62
3487.8
3425.99
3364.19
3302.4
3240.62
3178.85
3117.08
3055.32
2993.57
2931.82
2870.07
2808.33
2746.59
2684.85
2623.12
2561.38
2499.65
2437.93
2376.2
2314.47
2252.75
2191.02
2129.3
2067.58
2005.85
1944.13
1882.41
1820.69
1758.97
1697.25
1635.53
1573.81
1512.09
1450.37
1388.65
1326.93
1265.22
1203.5
1141.78
1080.06
1018.34
956.625
894.425
826.419
746.855
653.772
544.871
417.463
268.408
94.0174
4909.57
4739.89
4641.57
4534.22
4437.04
4346.48
4262.49
4184.68
4112.63
4045.92
3982.87
3920.93
3859
3797.1
3735.21
3673.34
3611.48
3549.64
3487.82
3426.01
3364.2
3302.41
3240.63
3178.86
3117.09
3055.33
2993.57
2931.82
2870.07
2808.33
2746.59
2684.85
2623.12
2561.39
2499.65
2437.93
2376.2
2314.47
2252.75
2191.02
2129.3
2067.58
2005.85
1944.13
1882.41
1820.69
1758.97
1697.25
1635.53
1573.81
1512.09
1450.37
1388.65
1326.94
1265.22
1203.5
1141.78
1080.06
1018.34
956.625
894.426
826.419
746.855
653.772
544.871
417.463
268.408
94.0178
4903.3
4745.66
4644.37
4537.39
4439.41
4348.3
4263.86
4185.72
4113.41
4046.52
3983.33
3921.28
3859.27
3797.3
3735.36
3673.45
3611.57
3549.7
3487.86
3426.04
3364.22
3302.43
3240.64
3178.86
3117.09
3055.33
2993.57
2931.82
2870.07
2808.33
2746.59
2684.85
2623.12
2561.38
2499.65
2437.92
2376.2
2314.47
2252.75
2191.02
2129.3
2067.57
2005.85
1944.13
1882.41
1820.69
1758.97
1697.25
1635.53
1573.81
1512.09
1450.37
1388.65
1326.94
1265.22
1203.5
1141.78
1080.06
1018.34
956.625
894.426
826.419
746.856
653.772
544.871
417.464
268.407
94.0181
4916.27
4748.42
4648.65
4538.01
4440.04
4348.37
4263.79
4185.57
4113.25
4046.35
3983.19
3921.16
3859.17
3797.23
3735.31
3673.42
3611.56
3549.71
3487.88
3426.07
3364.26
3302.47
3240.69
3178.92
3117.15
3055.39
2993.63
2931.87
2870.13
2808.38
2746.64
2684.9
2623.16
2561.43
2499.69
2437.96
2376.23
2314.5
2252.77
2191.05
2129.32
2067.6
2005.87
1944.15
1882.43
1820.7
1758.98
1697.26
1635.54
1573.82
1512.1
1450.38
1388.66
1326.94
1265.22
1203.5
1141.78
1080.06
1018.35
956.628
894.428
826.421
746.857
653.773
544.872
417.464
268.408
94.017
4913.89
4744.74
4647.78
4537.03
4439.6
4348.08
4263.63
4185.48
4113.19
4046.33
3983.17
3921.16
3859.18
3797.23
3735.32
3673.43
3611.56
3549.72
3487.89
3426.07
3364.27
3302.47
3240.69
3178.92
3117.15
3055.38
2993.63
2931.87
2870.12
2808.38
2746.64
2684.9
2623.16
2561.42
2499.69
2437.96
2376.23
2314.5
2252.77
2191.05
2129.32
2067.6
2005.87
1944.15
1882.43
1820.7
1758.98
1697.26
1635.54
1573.82
1512.1
1450.38
1388.66
1326.94
1265.22
1203.5
1141.78
1080.06
1018.35
956.628
894.428
826.421
746.857
653.773
544.872
417.464
268.408
94.0171
4914.78
4742.39
4647.36
4536.36
4439.29
4347.86
4263.49
4185.4
4113.14
4046.3
3983.16
3921.15
3859.18
3797.23
3735.32
3673.43
3611.57
3549.72
3487.89
3426.07
3364.27
3302.48
3240.69
3178.92
3117.15
3055.38
2993.63
2931.87
2870.12
2808.38
2746.64
2684.9
2623.16
2561.42
2499.69
2437.96
2376.23
2314.5
2252.77
2191.05
2129.32
2067.59
2005.87
1944.15
1882.43
1820.7
1758.98
1697.26
1635.54
1573.82
1512.1
1450.38
1388.66
1326.94
1265.22
1203.5
1141.78
1080.06
1018.35
956.628
894.428
826.421
746.857
653.773
544.872
417.464
268.408
94.0171
4917.41
4741.45
4647.24
4535.98
4439.07
4347.7
4263.39
4185.33
4113.1
4046.27
3983.14
3921.14
3859.17
3797.23
3735.32
3673.44
3611.57
3549.72
3487.89
3426.07
3364.27
3302.48
3240.69
3178.92
3117.15
3055.38
2993.63
2931.87
2870.12
2808.38
2746.64
2684.9
2623.16
2561.42
2499.69
2437.96
2376.23
2314.5
2252.77
2191.04
2129.32
2067.59
2005.87
1944.15
1882.43
1820.7
1758.98
1697.26
1635.54
1573.82
1512.1
1450.38
1388.66
1326.94
1265.22
1203.5
1141.78
1080.07
1018.35
956.628
894.428
826.421
746.857
653.773
544.872
417.464
268.408
94.017
4920.8
4741.45
4647.35
4535.87
4438.94
4347.6
4263.31
4185.28
4113.06
4046.25
3983.13
3921.13
3859.17
3797.23
3735.32
3673.44
3611.57
3549.73
3487.89
3426.08
3364.27
3302.48
3240.69
3178.92
3117.15
3055.38
2993.63
2931.87
2870.12
2808.38
2746.63
2684.89
2623.16
2561.42
2499.69
2437.96
2376.23
2314.5
2252.77
2191.04
2129.32
2067.59
2005.87
1944.15
1882.42
1820.7
1758.98
1697.26
1635.54
1573.82
1512.1
1450.38
1388.66
1326.94
1265.22
1203.5
1141.78
1080.07
1018.35
956.628
894.428
826.421
746.857
653.773
544.872
417.464
268.408
94.0168
4924.64
4742.19
4647.71
4536
4438.93
4347.58
4263.28
4185.25
4113.04
4046.23
3983.12
3921.13
3859.17
3797.23
3735.33
3673.44
3611.58
3549.73
3487.9
3426.08
3364.28
3302.48
3240.7
3178.92
3117.15
3055.39
2993.63
2931.87
2870.12
2808.38
2746.63
2684.89
2623.16
2561.42
2499.69
2437.96
2376.23
2314.5
2252.77
2191.04
2129.32
2067.59
2005.87
1944.15
1882.42
1820.7
1758.98
1697.26
1635.54
1573.82
1512.1
1450.38
1388.66
1326.94
1265.22
1203.5
1141.78
1080.07
1018.35
956.628
894.428
826.421
746.857
653.773
544.872
417.464
268.408
94.0166
4928.57
4743.48
4648.29
4536.34
4439.03
4347.63
4263.29
4185.25
4113.04
4046.23
3983.11
3921.13
3859.17
3797.23
3735.33
3673.44
3611.58
3549.73
3487.9
3426.08
3364.28
3302.48
3240.7
3178.92
3117.15
3055.39
2993.63
2931.87
2870.12
2808.38
2746.63
2684.89
2623.16
2561.42
2499.69
2437.96
2376.23
2314.5
2252.77
2191.04
2129.32
2067.59
2005.87
1944.15
1882.42
1820.7
1758.98
1697.26
1635.54
1573.82
1512.1
1450.38
1388.66
1326.94
1265.22
1203.5
1141.78
1080.07
1018.35
956.628
894.428
826.421
746.857
653.773
544.872
417.464
268.408
94.0164
4932.31
4745.07
4648.99
4536.82
4439.21
4347.74
4263.34
4185.27
4113.05
4046.23
3983.12
3921.13
3859.17
3797.24
3735.33
3673.45
3611.58
3549.74
3487.91
3426.09
3364.28
3302.49
3240.7
3178.92
3117.15
3055.39
2993.63
2931.88
2870.13
2808.38
2746.64
2684.9
2623.16
2561.42
2499.69
2437.96
2376.23
2314.5
2252.77
2191.04
2129.32
2067.59
2005.87
1944.15
1882.42
1820.7
1758.98
1697.26
1635.54
1573.82
1512.1
1450.38
1388.66
1326.94
1265.22
1203.5
1141.78
1080.06
1018.35
956.628
894.428
826.421
746.857
653.773
544.872
417.464
268.408
94.0162
4935.56
4746.71
4649.69
4537.36
4439.44
4347.89
4263.42
4185.32
4113.08
4046.25
3983.13
3921.14
3859.18
3797.25
3735.34
3673.45
3611.59
3549.74
3487.91
3426.09
3364.29
3302.49
3240.71
3178.93
3117.16
3055.39
2993.63
2931.88
2870.13
2808.38
2746.64
2684.9
2623.16
2561.42
2499.69
2437.96
2376.23
2314.5
2252.77
2191.04
2129.32
2067.59
2005.87
1944.15
1882.42
1820.7
1758.98
1697.26
1635.54
1573.82
1512.1
1450.38
1388.66
1326.94
1265.22
1203.5
1141.78
1080.06
1018.35
956.628
894.428
826.421
746.857
653.773
544.871
417.464
268.408
94.016
4938.06
4748.17
4650.27
4537.86
4439.66
4348.03
4263.5
4185.37
4113.11
4046.27
3983.14
3921.15
3859.19
3797.25
3735.35
3673.46
3611.6
3549.75
3487.92
3426.1
3364.29
3302.5
3240.71
3178.93
3117.16
3055.4
2993.64
2931.88
2870.13
2808.38
2746.64
2684.9
2623.16
2561.42
2499.69
2437.96
2376.23
2314.5
2252.77
2191.04
2129.32
2067.59
2005.87
1944.15
1882.42
1820.7
1758.98
1697.26
1635.54
1573.82
1512.1
1450.38
1388.66
1326.94
1265.22
1203.5
1141.78
1080.06
1018.35
956.628
894.428
826.42
746.857
653.773
544.871
417.464
268.408
94.0158
4939.52
4749.22
4650.57
4538.21
4439.79
4348.13
4263.55
4185.4
4113.13
4046.29
3983.16
3921.16
3859.2
3797.27
3735.36
3673.47
3611.61
3549.76
3487.93
3426.11
3364.3
3302.51
3240.72
3178.94
3117.17
3055.4
2993.64
2931.88
2870.13
2808.38
2746.64
2684.9
2623.16
2561.43
2499.69
2437.96
2376.23
2314.5
2252.77
2191.04
2129.32
2067.59
2005.87
1944.15
1882.42
1820.7
1758.98
1697.26
1635.54
1573.82
1512.1
1450.38
1388.66
1326.94
1265.22
1203.5
1141.78
1080.06
1018.35
956.627
894.428
826.42
746.857
653.773
544.871
417.464
268.408
94.0157
4939.66
4749.64
4650.45
4538.3
4439.79
4348.14
4263.56
4185.41
4113.14
4046.3
3983.17
3921.17
3859.21
3797.28
3735.37
3673.49
3611.62
3549.77
3487.94
3426.12
3364.31
3302.51
3240.72
3178.94
3117.17
3055.4
2993.64
2931.89
2870.14
2808.39
2746.64
2684.9
2623.16
2561.43
2499.69
2437.96
2376.23
2314.5
2252.77
2191.04
2129.32
2067.59
2005.87
1944.15
1882.42
1820.7
1758.98
1697.26
1635.54
1573.82
1512.1
1450.38
1388.66
1326.94
1265.22
1203.5
1141.78
1080.06
1018.35
956.627
894.427
826.42
746.857
653.773
544.871
417.463
268.408
94.0157
4938.16
4749.26
4649.79
4538.08
4439.59
4348.03
4263.5
4185.37
4113.12
4046.29
3983.18
3921.18
3859.22
3797.29
3735.39
3673.5
3611.64
3549.79
3487.95
3426.13
3364.32
3302.52
3240.73
3178.95
3117.18
3055.41
2993.65
2931.89
2870.14
2808.39
2746.65
2684.9
2623.16
2561.43
2499.69
2437.96
2376.23
2314.5
2252.77
2191.05
2129.32
2067.59
2005.87
1944.15
1882.42
1820.7
1758.98
1697.26
1635.54
1573.82
1512.1
1450.38
1388.66
1326.94
1265.22
1203.5
1141.78
1080.06
1018.35
956.627
894.427
826.42
746.856
653.773
544.871
417.463
268.408
94.0158
4934.74
4748
4648.56
4537.53
4439.21
4347.82
4263.38
4185.31
4113.1
4046.29
3983.19
3921.2
3859.25
3797.32
3735.41
3673.52
3611.66
3549.81
3487.97
3426.15
3364.34
3302.53
3240.74
3178.96
3117.19
3055.42
2993.65
2931.9
2870.14
2808.39
2746.65
2684.91
2623.17
2561.43
2499.69
2437.96
2376.23
2314.5
2252.77
2191.05
2129.32
2067.59
2005.87
1944.15
1882.42
1820.7
1758.98
1697.26
1635.54
1573.82
1512.1
1450.38
1388.66
1326.94
1265.22
1203.5
1141.78
1080.06
1018.35
956.627
894.427
826.42
746.856
653.773
544.871
417.464
268.408
94.016
4929.04
4745.86
4646.74
4536.66
4438.66
4347.52
4263.22
4185.23
4113.06
4046.28
3983.19
3921.22
3859.27
3797.34
3735.44
3673.55
3611.68
3549.83
3487.99
3426.16
3364.35
3302.55
3240.75
3178.97
3117.19
3055.42
2993.66
2931.9
2870.15
2808.4
2746.65
2684.91
2623.17
2561.43
2499.7
2437.96
2376.23
2314.5
2252.77
2191.05
2129.32
2067.59
2005.87
1944.15
1882.42
1820.7
1758.98
1697.26
1635.54
1573.82
1512.1
1450.38
1388.66
1326.94
1265.22
1203.5
1141.78
1080.06
1018.35
956.627
894.427
826.42
746.856
653.773
544.871
417.464
268.408
94.0163
4921.43
4743.68
4644.99
4536.06
4438.38
4347.47
4263.26
4185.32
4113.17
4046.4
3983.3
3921.32
3859.35
3797.42
3735.5
3673.6
3611.72
3549.86
3488.02
3426.19
3364.37
3302.56
3240.77
3178.98
3117.2
3055.43
2993.66
2931.9
2870.15
2808.4
2746.65
2684.91
2623.17
2561.43
2499.7
2437.96
2376.23
2314.5
2252.77
2191.05
2129.32
2067.59
2005.87
1944.15
1882.42
1820.7
1758.98
1697.26
1635.54
1573.82
1512.1
1450.38
1388.66
1326.94
1265.22
1203.5
1141.78
1080.06
1018.35
956.628
894.428
826.42
746.857
653.773
544.871
417.464
268.408
94.0168
4910.96
4741.09
4642.66
4535.19
4437.91
4347.26
4263.19
4185.32
4113.2
4046.44
3983.35
3921.36
3859.4
3797.46
3735.54
3673.64
3611.75
3549.89
3488.04
3426.21
3364.38
3302.58
3240.78
3178.99
3117.21
3055.43
2993.67
2931.91
2870.15
2808.4
2746.65
2684.91
2623.17
2561.43
2499.7
2437.96
2376.23
2314.5
2252.77
2191.05
2129.32
2067.59
2005.87
1944.15
1882.42
1820.7
1758.98
1697.26
1635.54
1573.82
1512.1
1450.38
1388.66
1326.94
1265.22
1203.5
1141.78
1080.06
1018.35
956.628
894.428
826.421
746.857
653.773
544.872
417.464
268.408
94.0173
4904.67
4746.85
4645.46
4538.36
4440.28
4349.07
4264.56
4186.34
4113.98
4047.04
3983.81
3921.72
3859.67
3797.66
3735.69
3673.75
3611.84
3549.95
3488.08
3426.23
3364.4
3302.59
3240.78
3178.99
3117.21
3055.43
2993.67
2931.9
2870.15
2808.4
2746.65
2684.91
2623.17
2561.43
2499.69
2437.96
2376.23
2314.5
2252.77
2191.04
2129.32
2067.59
2005.87
1944.15
1882.42
1820.7
1758.98
1697.26
1635.54
1573.82
1512.1
1450.38
1388.66
1326.94
1265.22
1203.5
1141.78
1080.06
1018.35
956.628
894.428
826.421
746.857
653.773
544.872
417.464
268.408
94.0177
4917.56
4749.54
4649.68
4538.92
4440.86
4349.11
4264.46
4186.17
4113.79
4046.85
3983.64
3921.58
3859.56
3797.57
3735.63
3673.71
3611.82
3549.95
3488.1
3426.26
3364.44
3302.63
3240.83
3179.05
3117.26
3055.49
2993.72
2931.96
2870.2
2808.45
2746.7
2684.95
2623.21
2561.47
2499.73
2438
2376.26
2314.53
2252.8
2191.07
2129.34
2067.61
2005.89
1944.16
1882.44
1820.72
1758.99
1697.27
1635.55
1573.83
1512.11
1450.39
1388.67
1326.95
1265.23
1203.51
1141.79
1080.07
1018.35
956.63
894.43
826.423
746.859
653.774
544.873
417.464
268.408
94.0165
4915.18
4745.86
4648.8
4537.95
4440.43
4348.82
4264.29
4186.08
4113.74
4046.82
3983.63
3921.57
3859.56
3797.58
3735.63
3673.72
3611.82
3549.95
3488.1
3426.26
3364.44
3302.63
3240.83
3179.04
3117.26
3055.49
2993.72
2931.96
2870.2
2808.45
2746.7
2684.95
2623.21
2561.47
2499.73
2438
2376.26
2314.53
2252.8
2191.07
2129.34
2067.61
2005.89
1944.16
1882.44
1820.72
1758.99
1697.27
1635.55
1573.83
1512.11
1450.39
1388.67
1326.95
1265.23
1203.51
1141.79
1080.07
1018.35
956.63
894.43
826.423
746.859
653.774
544.873
417.465
268.409
94.0166
4916.08
4743.51
4648.39
4537.27
4440.11
4348.59
4264.16
4186
4113.69
4046.8
3983.61
3921.57
3859.56
3797.58
3735.64
3673.72
3611.83
3549.96
3488.1
3426.27
3364.44
3302.63
3240.83
3179.05
3117.26
3055.49
2993.72
2931.96
2870.2
2808.45
2746.7
2684.95
2623.21
2561.47
2499.73
2437.99
2376.26
2314.53
2252.8
2191.07
2129.34
2067.61
2005.89
1944.16
1882.44
1820.72
1758.99
1697.27
1635.55
1573.83
1512.11
1450.39
1388.67
1326.95
1265.23
1203.51
1141.79
1080.07
1018.35
956.63
894.43
826.423
746.859
653.774
544.873
417.464
268.409
94.0166
4918.7
4742.57
4648.26
4536.9
4439.89
4348.44
4264.05
4185.93
4113.65
4046.77
3983.6
3921.56
3859.55
3797.58
3735.64
3673.72
3611.83
3549.96
3488.11
3426.27
3364.45
3302.64
3240.84
3179.05
3117.26
3055.49
2993.72
2931.96
2870.2
2808.45
2746.7
2684.95
2623.21
2561.47
2499.73
2437.99
2376.26
2314.53
2252.8
2191.07
2129.34
2067.61
2005.89
1944.16
1882.44
1820.71
1758.99
1697.27
1635.55
1573.83
1512.11
1450.39
1388.67
1326.95
1265.23
1203.51
1141.79
1080.07
1018.35
956.63
894.43
826.422
746.858
653.774
544.873
417.464
268.409
94.0165
4922.09
4742.56
4648.37
4536.78
4439.76
4348.34
4263.98
4185.88
4113.61
4046.74
3983.58
3921.55
3859.55
3797.58
3735.64
3673.72
3611.83
3549.96
3488.11
3426.27
3364.45
3302.64
3240.84
3179.05
3117.26
3055.49
2993.72
2931.96
2870.2
2808.45
2746.7
2684.95
2623.21
2561.47
2499.73
2437.99
2376.26
2314.53
2252.8
2191.07
2129.34
2067.61
2005.89
1944.16
1882.44
1820.71
1758.99
1697.27
1635.55
1573.83
1512.11
1450.39
1388.67
1326.95
1265.23
1203.51
1141.79
1080.07
1018.35
956.63
894.43
826.422
746.858
653.774
544.873
417.464
268.409
94.0162
4925.93
4743.31
4648.74
4536.91
4439.75
4348.32
4263.94
4185.85
4113.59
4046.73
3983.57
3921.54
3859.55
3797.58
3735.64
3673.73
3611.84
3549.97
3488.11
3426.27
3364.45
3302.64
3240.84
3179.05
3117.27
3055.49
2993.72
2931.96
2870.2
2808.45
2746.7
2684.95
2623.21
2561.47
2499.73
2437.99
2376.26
2314.53
2252.8
2191.07
2129.34
2067.61
2005.89
1944.16
1882.44
1820.71
1758.99
1697.27
1635.55
1573.83
1512.11
1450.39
1388.67
1326.95
1265.23
1203.51
1141.79
1080.07
1018.35
956.63
894.43
826.422
746.858
653.774
544.873
417.464
268.409
94.016
4929.87
4744.6
4649.31
4537.25
4439.85
4348.37
4263.95
4185.85
4113.58
4046.72
3983.57
3921.54
3859.55
3797.58
3735.64
3673.73
3611.84
3549.97
3488.12
3426.28
3364.45
3302.64
3240.84
3179.05
3117.27
3055.49
2993.72
2931.96
2870.2
2808.45
2746.7
2684.95
2623.21
2561.47
2499.73
2437.99
2376.26
2314.53
2252.8
2191.07
2129.34
2067.61
2005.89
1944.16
1882.44
1820.71
1758.99
1697.27
1635.55
1573.83
1512.11
1450.39
1388.67
1326.95
1265.23
1203.51
1141.79
1080.07
1018.35
956.63
894.43
826.422
746.858
653.774
544.872
417.464
268.409
94.0157
4933.6
4746.18
4650.01
4537.73
4440.03
4348.48
4264.01
4185.87
4113.6
4046.73
3983.57
3921.54
3859.55
3797.58
3735.65
3673.74
3611.84
3549.97
3488.12
3426.28
3364.46
3302.65
3240.84
3179.05
3117.27
3055.49
2993.72
2931.96
2870.2
2808.45
2746.7
2684.95
2623.21
2561.47
2499.73
2437.99
2376.26
2314.53
2252.8
2191.07
2129.34
2067.61
2005.89
1944.16
1882.44
1820.71
1758.99
1697.27
1635.55
1573.83
1512.11
1450.39
1388.67
1326.95
1265.23
1203.51
1141.79
1080.07
1018.35
956.63
894.43
826.422
746.858
653.774
544.872
417.464
268.409
94.0155
4936.85
4747.83
4650.71
4538.27
4440.26
4348.62
4264.08
4185.92
4113.62
4046.75
3983.58
3921.55
3859.56
3797.59
3735.65
3673.74
3611.85
3549.98
3488.13
3426.29
3364.46
3302.65
3240.85
3179.06
3117.27
3055.5
2993.73
2931.96
2870.2
2808.45
2746.7
2684.95
2623.21
2561.47
2499.73
2437.99
2376.26
2314.53
2252.8
2191.07
2129.34
2067.61
2005.89
1944.16
1882.44
1820.71
1758.99
1697.27
1635.55
1573.83
1512.11
1450.39
1388.66
1326.95
1265.23
1203.51
1141.79
1080.07
1018.35
956.63
894.43
826.422
746.858
653.774
544.872
417.464
268.409
94.0153
4939.35
4749.29
4651.29
4538.77
4440.48
4348.77
4264.16
4185.96
4113.65
4046.77
3983.6
3921.56
3859.57
3797.6
3735.66
3673.75
3611.86
3549.99
3488.13
3426.29
3364.47
3302.66
3240.85
3179.06
3117.28
3055.5
2993.73
2931.97
2870.21
2808.45
2746.7
2684.95
2623.21
2561.47
2499.73
2437.99
2376.26
2314.53
2252.8
2191.07
2129.34
2067.61
2005.89
1944.16
1882.44
1820.71
1758.99
1697.27
1635.55
1573.83
1512.11
1450.38
1388.66
1326.94
1265.23
1203.51
1141.79
1080.07
1018.35
956.63
894.43
826.422
746.858
653.774
544.872
417.464
268.409
94.0151
4940.81
4750.34
4651.59
4539.12
4440.61
4348.86
4264.22
4186
4113.68
4046.78
3983.61
3921.58
3859.58
3797.61
3735.67
3673.76
3611.87
3550
3488.14
3426.3
3364.48
3302.66
3240.86
3179.07
3117.28
3055.5
2993.73
2931.97
2870.21
2808.45
2746.7
2684.95
2623.21
2561.47
2499.73
2437.99
2376.26
2314.53
2252.8
2191.07
2129.34
2067.61
2005.89
1944.16
1882.44
1820.71
1758.99
1697.27
1635.55
1573.83
1512.11
1450.38
1388.66
1326.94
1265.23
1203.51
1141.79
1080.07
1018.35
956.63
894.43
826.422
746.858
653.774
544.872
417.464
268.409
94.0149
4940.95
4750.76
4651.47
4539.22
4440.61
4348.87
4264.22
4186.01
4113.68
4046.79
3983.62
3921.59
3859.59
3797.62
3735.69
3673.77
3611.88
3550.01
3488.15
3426.31
3364.49
3302.67
3240.87
3179.07
3117.29
3055.51
2993.74
2931.97
2870.21
2808.46
2746.7
2684.96
2623.21
2561.47
2499.73
2438
2376.26
2314.53
2252.8
2191.07
2129.34
2067.61
2005.89
1944.16
1882.44
1820.71
1758.99
1697.27
1635.55
1573.83
1512.11
1450.38
1388.66
1326.94
1265.22
1203.51
1141.79
1080.07
1018.35
956.63
894.429
826.422
746.858
653.774
544.872
417.464
268.409
94.0149
4939.46
4750.38
4650.82
4538.99
4440.41
4348.77
4264.16
4185.97
4113.67
4046.79
3983.63
3921.6
3859.6
3797.64
3735.7
3673.79
3611.9
3550.02
3488.17
3426.32
3364.5
3302.68
3240.88
3179.08
3117.29
3055.51
2993.74
2931.98
2870.21
2808.46
2746.71
2684.96
2623.21
2561.47
2499.73
2438
2376.26
2314.53
2252.8
2191.07
2129.34
2067.61
2005.89
1944.16
1882.44
1820.71
1758.99
1697.27
1635.55
1573.83
1512.1
1450.38
1388.66
1326.94
1265.22
1203.51
1141.79
1080.07
1018.35
956.63
894.429
826.422
746.858
653.774
544.872
417.464
268.409
94.0151
4936.04
4749.12
4649.58
4538.44
4440.03
4348.56
4264.05
4185.91
4113.65
4046.79
3983.64
3921.62
3859.63
3797.66
3735.73
3673.81
3611.92
3550.04
3488.18
3426.34
3364.51
3302.69
3240.89
3179.09
3117.3
3055.52
2993.75
2931.98
2870.22
2808.46
2746.71
2684.96
2623.22
2561.47
2499.73
2438
2376.26
2314.53
2252.8
2191.07
2129.34
2067.61
2005.89
1944.16
1882.44
1820.71
1758.99
1697.27
1635.55
1573.83
1512.1
1450.38
1388.66
1326.94
1265.22
1203.51
1141.79
1080.07
1018.35
956.63
894.429
826.422
746.858
653.774
544.872
417.464
268.409
94.0153
4930.34
4746.98
4647.76
4537.58
4439.48
4348.26
4263.88
4185.83
4113.61
4046.78
3983.65
3921.64
3859.65
3797.69
3735.75
3673.84
3611.94
3550.06
3488.2
3426.36
3364.53
3302.71
3240.9
3179.1
3117.31
3055.53
2993.75
2931.98
2870.22
2808.46
2746.71
2684.96
2623.22
2561.47
2499.74
2438
2376.26
2314.53
2252.8
2191.07
2129.34
2067.61
2005.89
1944.16
1882.44
1820.71
1758.99
1697.27
1635.55
1573.83
1512.1
1450.38
1388.66
1326.94
1265.22
1203.51
1141.79
1080.07
1018.35
956.63
894.429
826.422
746.858
653.774
544.872
417.464
268.409
94.0156
4922.73
4744.8
4646.01
4536.97
4439.2
4348.2
4263.93
4185.92
4113.72
4046.89
3983.75
3921.73
3859.73
3797.76
3735.81
3673.89
3611.98
3550.1
3488.23
3426.38
3364.55
3302.72
3240.91
3179.11
3117.32
3055.53
2993.76
2931.99
2870.23
2808.47
2746.71
2684.96
2623.22
2561.48
2499.74
2438
2376.26
2314.53
2252.8
2191.07
2129.34
2067.61
2005.89
1944.16
1882.44
1820.71
1758.99
1697.27
1635.55
1573.83
1512.11
1450.38
1388.66
1326.94
1265.23
1203.51
1141.79
1080.07
1018.35
956.63
894.43
826.422
746.858
653.774
544.872
417.464
268.408
94.0162
4912.25
4742.22
4643.69
4536.11
4438.73
4348
4263.86
4185.92
4113.75
4046.93
3983.8
3921.78
3859.78
3797.81
3735.85
3673.92
3612.01
3550.12
3488.25
3426.4
3364.56
3302.73
3240.92
3179.12
3117.32
3055.54
2993.76
2931.99
2870.23
2808.47
2746.72
2684.97
2623.22
2561.48
2499.74
2438
2376.26
2314.53
2252.8
2191.07
2129.34
2067.61
2005.89
1944.16
1882.44
1820.71
1758.99
1697.27
1635.55
1573.83
1512.11
1450.38
1388.66
1326.94
1265.23
1203.51
1141.79
1080.07
1018.35
956.63
894.43
826.422
746.858
653.774
544.872
417.464
268.408
94.0169
4905.95
4747.97
4646.47
4539.27
4441.09
4349.8
4265.22
4186.94
4114.52
4047.53
3984.26
3922.13
3860.05
3798.01
3736
3674.03
3612.09
3550.18
3488.29
3426.43
3364.58
3302.75
3240.93
3179.12
3117.32
3055.54
2993.76
2931.99
2870.23
2808.47
2746.71
2684.96
2623.22
2561.47
2499.73
2438
2376.26
2314.53
2252.8
2191.07
2129.34
2067.61
2005.89
1944.16
1882.44
1820.71
1758.99
1697.27
1635.55
1573.83
1512.11
1450.38
1388.66
1326.94
1265.23
1203.51
1141.79
1080.07
1018.35
956.63
894.43
826.422
746.858
653.774
544.872
417.465
268.408
94.0173
4918.77
4750.59
4650.64
4539.78
4441.64
4349.8
4265.08
4186.74
4114.31
4047.33
3984.08
3921.97
3859.92
3797.9
3735.93
3673.98
3612.07
3550.17
3488.3
3426.45
3364.61
3302.78
3240.97
3179.17
3117.38
3055.59
2993.81
2932.04
2870.28
2808.52
2746.76
2685.01
2623.26
2561.51
2499.77
2438.03
2376.29
2314.56
2252.82
2191.09
2129.36
2067.63
2005.9
1944.18
1882.45
1820.73
1759
1697.28
1635.56
1573.83
1512.11
1450.39
1388.67
1326.95
1265.23
1203.51
1141.79
1080.07
1018.35
956.632
894.432
826.424
746.86
653.776
544.873
417.465
268.409
94.016
4916.39
4746.91
4649.76
4538.81
4441.2
4349.51
4264.92
4186.65
4114.26
4047.3
3984.06
3921.97
3859.92
3797.91
3735.93
3673.99
3612.07
3550.18
3488.31
3426.45
3364.61
3302.79
3240.97
3179.17
3117.38
3055.59
2993.81
2932.04
2870.28
2808.51
2746.76
2685.01
2623.26
2561.51
2499.77
2438.03
2376.29
2314.56
2252.82
2191.09
2129.36
2067.63
2005.9
1944.18
1882.45
1820.73
1759
1697.28
1635.56
1573.83
1512.11
1450.39
1388.67
1326.95
1265.23
1203.51
1141.79
1080.07
1018.35
956.632
894.432
826.424
746.86
653.776
544.874
417.465
268.409
94.0162
4917.28
4744.56
4649.34
4538.12
4440.88
4349.29
4264.78
4186.56
4114.21
4047.27
3984.05
3921.96
3859.92
3797.91
3735.94
3673.99
3612.08
3550.18
3488.31
3426.45
3364.61
3302.79
3240.97
3179.17
3117.38
3055.59
2993.81
2932.04
2870.27
2808.51
2746.76
2685.01
2623.26
2561.51
2499.77
2438.03
2376.29
2314.56
2252.82
2191.09
2129.36
2067.63
2005.9
1944.18
1882.45
1820.73
1759
1697.28
1635.56
1573.83
1512.11
1450.39
1388.67
1326.95
1265.23
1203.51
1141.79
1080.07
1018.35
956.632
894.432
826.424
746.86
653.775
544.874
417.465
268.409
94.0161
4919.9
4743.61
4649.22
4537.75
4440.66
4349.13
4264.68
4186.5
4114.16
4047.24
3984.03
3921.95
3859.91
3797.91
3735.94
3674
3612.08
3550.18
3488.31
3426.45
3364.61
3302.79
3240.97
3179.17
3117.38
3055.59
2993.81
2932.04
2870.27
2808.51
2746.76
2685
2623.26
2561.51
2499.77
2438.03
2376.29
2314.56
2252.82
2191.09
2129.36
2067.63
2005.9
1944.18
1882.45
1820.73
1759
1697.28
1635.56
1573.83
1512.11
1450.39
1388.67
1326.95
1265.23
1203.51
1141.79
1080.07
1018.35
956.632
894.432
826.424
746.86
653.775
544.873
417.465
268.409
94.016
4923.3
4743.61
4649.33
4537.63
4440.53
4349.03
4264.6
4186.44
4114.12
4047.22
3984.01
3921.94
3859.91
3797.91
3735.94
3674
3612.08
3550.19
3488.31
3426.46
3364.62
3302.79
3240.97
3179.17
3117.38
3055.59
2993.81
2932.04
2870.27
2808.51
2746.76
2685
2623.26
2561.51
2499.77
2438.03
2376.29
2314.56
2252.82
2191.09
2129.36
2067.63
2005.9
1944.18
1882.45
1820.73
1759
1697.28
1635.56
1573.83
1512.11
1450.39
1388.67
1326.95
1265.23
1203.51
1141.79
1080.07
1018.35
956.633
894.432
826.424
746.86
653.775
544.873
417.465
268.409
94.0157
4927.13
4744.35
4649.69
4537.76
4440.52
4349.01
4264.57
4186.41
4114.1
4047.2
3984
3921.94
3859.91
3797.91
3735.94
3674
3612.08
3550.19
3488.32
3426.46
3364.62
3302.79
3240.98
3179.17
3117.38
3055.59
2993.81
2932.04
2870.27
2808.51
2746.76
2685
2623.26
2561.51
2499.77
2438.03
2376.29
2314.56
2252.82
2191.09
2129.36
2067.63
2005.9
1944.18
1882.45
1820.73
1759
1697.28
1635.56
1573.83
1512.11
1450.39
1388.67
1326.95
1265.23
1203.51
1141.79
1080.07
1018.35
956.633
894.432
826.424
746.86
653.775
544.873
417.465
268.409
94.0154
4931.07
4745.64
4650.27
4538.1
4440.62
4349.06
4264.58
4186.41
4114.1
4047.19
3984
3921.94
3859.91
3797.91
3735.94
3674
3612.09
3550.19
3488.32
3426.46
3364.62
3302.79
3240.98
3179.17
3117.38
3055.59
2993.81
2932.04
2870.27
2808.51
2746.76
2685
2623.26
2561.51
2499.77
2438.03
2376.29
2314.56
2252.82
2191.09
2129.36
2067.63
2005.9
1944.18
1882.45
1820.73
1759
1697.28
1635.56
1573.83
1512.11
1450.39
1388.67
1326.95
1265.23
1203.51
1141.79
1080.07
1018.35
956.633
894.432
826.424
746.86
653.775
544.873
417.465
268.409
94.0151
4934.81
4747.23
4650.97
4538.59
4440.8
4349.17
4264.63
4186.44
4114.11
4047.2
3984
3921.94
3859.91
3797.91
3735.95
3674.01
3612.09
3550.2
3488.33
3426.47
3364.63
3302.8
3240.98
3179.18
3117.38
3055.59
2993.81
2932.04
2870.28
2808.51
2746.76
2685
2623.26
2561.51
2499.77
2438.03
2376.29
2314.56
2252.82
2191.09
2129.36
2067.63
2005.9
1944.18
1882.45
1820.73
1759
1697.28
1635.56
1573.83
1512.11
1450.39
1388.67
1326.95
1265.23
1203.51
1141.79
1080.07
1018.35
956.632
894.432
826.424
746.86
653.775
544.873
417.465
268.409
94.0148
4938.06
4748.87
4651.67
4539.13
4441.03
4349.32
4264.71
4186.48
4114.14
4047.22
3984.02
3921.95
3859.92
3797.92
3735.95
3674.01
3612.1
3550.21
3488.33
3426.47
3364.63
3302.8
3240.99
3179.18
3117.38
3055.6
2993.82
2932.04
2870.28
2808.52
2746.76
2685.01
2623.26
2561.51
2499.77
2438.03
2376.29
2314.56
2252.82
2191.09
2129.36
2067.63
2005.9
1944.18
1882.45
1820.73
1759
1697.28
1635.56
1573.83
1512.11
1450.39
1388.67
1326.95
1265.23
1203.51
1141.79
1080.07
1018.35
956.632
894.432
826.424
746.86
653.775
544.873
417.464
268.409
94.0146
4940.55
4750.33
4652.24
4539.62
4441.24
4349.46
4264.79
4186.53
4114.17
4047.24
3984.03
3921.96
3859.93
3797.93
3735.96
3674.02
3612.11
3550.21
3488.34
3426.48
3364.64
3302.81
3240.99
3179.19
3117.39
3055.6
2993.82
2932.05
2870.28
2808.52
2746.76
2685.01
2623.26
2561.51
2499.77
2438.03
2376.29
2314.56
2252.82
2191.09
2129.36
2067.63
2005.9
1944.18
1882.45
1820.73
1759
1697.28
1635.56
1573.83
1512.11
1450.39
1388.67
1326.95
1265.23
1203.51
1141.79
1080.07
1018.35
956.632
894.432
826.424
746.86
653.775
544.873
417.464
268.409
94.0143
4942.02
4751.38
4652.54
4539.97
4441.38
4349.56
4264.84
4186.57
4114.19
4047.26
3984.05
3921.97
3859.94
3797.94
3735.97
3674.03
3612.12
3550.22
3488.35
3426.49
3364.64
3302.82
3241
3179.19
3117.39
3055.61
2993.82
2932.05
2870.28
2808.52
2746.76
2685.01
2623.26
2561.51
2499.77
2438.03
2376.29
2314.56
2252.82
2191.09
2129.36
2067.63
2005.9
1944.18
1882.45
1820.73
1759
1697.28
1635.56
1573.83
1512.11
1450.39
1388.67
1326.95
1265.23
1203.51
1141.79
1080.07
1018.35
956.632
894.432
826.424
746.86
653.775
544.873
417.464
268.409
94.0142
4942.16
4751.8
4652.43
4540.07
4441.38
4349.57
4264.85
4186.57
4114.2
4047.27
3984.06
3921.98
3859.95
3797.95
3735.99
3674.05
3612.13
3550.23
3488.36
3426.5
3364.65
3302.82
3241
3179.2
3117.4
3055.61
2993.83
2932.05
2870.29
2808.52
2746.76
2685.01
2623.26
2561.51
2499.77
2438.03
2376.29
2314.56
2252.82
2191.09
2129.36
2067.63
2005.9
1944.18
1882.45
1820.73
1759
1697.28
1635.56
1573.83
1512.11
1450.39
1388.67
1326.95
1265.23
1203.51
1141.79
1080.07
1018.35
956.632
894.432
826.424
746.859
653.775
544.873
417.464
268.409
94.0142
4940.67
4751.42
4651.77
4539.85
4441.18
4349.46
4264.79
4186.54
4114.19
4047.26
3984.06
3921.99
3859.97
3797.97
3736
3674.06
3612.14
3550.25
3488.37
3426.51
3364.66
3302.83
3241.01
3179.2
3117.41
3055.62
2993.83
2932.06
2870.29
2808.53
2746.77
2685.01
2623.26
2561.52
2499.77
2438.03
2376.29
2314.56
2252.82
2191.09
2129.36
2067.63
2005.9
1944.18
1882.45
1820.73
1759
1697.28
1635.56
1573.83
1512.11
1450.39
1388.67
1326.95
1265.23
1203.51
1141.79
1080.07
1018.35
956.632
894.431
826.424
746.859
653.775
544.873
417.464
268.409
94.0143
4937.25
4750.17
4650.54
4539.3
4440.8
4349.25
4264.67
4186.48
4114.16
4047.26
3984.07
3922.01
3859.99
3797.99
3736.03
3674.08
3612.17
3550.27
3488.39
3426.53
3364.68
3302.85
3241.02
3179.21
3117.41
3055.62
2993.84
2932.06
2870.29
2808.53
2746.77
2685.01
2623.26
2561.52
2499.77
2438.03
2376.29
2314.56
2252.82
2191.09
2129.36
2067.63
2005.9
1944.18
1882.45
1820.73
1759
1697.28
1635.56
1573.83
1512.11
1450.39
1388.67
1326.95
1265.23
1203.51
1141.79
1080.07
1018.35
956.632
894.431
826.424
746.859
653.775
544.873
417.464
268.409
94.0146
4931.55
4748.03
4648.72
4538.43
4440.25
4348.95
4264.51
4186.4
4114.13
4047.25
3984.08
3922.03
3860.01
3798.02
3736.05
3674.11
3612.19
3550.29
3488.41
3426.54
3364.69
3302.86
3241.04
3179.22
3117.42
3055.63
2993.84
2932.07
2870.3
2808.53
2746.77
2685.02
2623.27
2561.52
2499.77
2438.03
2376.29
2314.56
2252.82
2191.09
2129.36
2067.63
2005.9
1944.18
1882.45
1820.73
1759
1697.28
1635.56
1573.83
1512.11
1450.39
1388.67
1326.95
1265.23
1203.51
1141.79
1080.07
1018.35
956.632
894.431
826.424
746.859
653.775
544.873
417.465
268.409
94.015
4923.93
4745.85
4646.97
4537.83
4439.98
4348.9
4264.55
4186.49
4114.23
4047.36
3984.19
3922.13
3860.1
3798.09
3736.11
3674.16
3612.23
3550.33
3488.44
3426.57
3364.71
3302.87
3241.05
3179.23
3117.43
3055.64
2993.85
2932.07
2870.3
2808.53
2746.77
2685.02
2623.27
2561.52
2499.77
2438.03
2376.29
2314.56
2252.82
2191.09
2129.36
2067.63
2005.9
1944.18
1882.45
1820.73
1759
1697.28
1635.56
1573.83
1512.11
1450.39
1388.67
1326.95
1265.23
1203.51
1141.79
1080.07
1018.35
956.632
894.432
826.424
746.859
653.775
544.873
417.465
268.409
94.0157
4913.45
4743.26
4644.64
4536.96
4439.5
4348.69
4264.48
4186.48
4114.26
4047.4
3984.23
3922.18
3860.14
3798.13
3736.15
3674.2
3612.26
3550.35
3488.46
3426.58
3364.73
3302.89
3241.06
3179.24
3117.44
3055.64
2993.85
2932.07
2870.3
2808.54
2746.77
2685.02
2623.27
2561.52
2499.77
2438.03
2376.29
2314.56
2252.82
2191.09
2129.36
2067.63
2005.9
1944.18
1882.45
1820.73
1759
1697.28
1635.56
1573.83
1512.11
1450.39
1388.67
1326.95
1265.23
1203.51
1141.79
1080.07
1018.35
956.632
894.432
826.424
746.86
653.775
544.873
417.465
268.409
94.0165
4907.14
4749.02
4647.42
4540.12
4441.86
4350.49
4265.84
4187.51
4115.04
4048
3984.69
3922.52
3860.41
3798.33
3736.3
3674.31
3612.34
3550.41
3488.5
3426.61
3364.75
3302.9
3241.06
3179.24
3117.44
3055.64
2993.85
2932.07
2870.3
2808.53
2746.77
2685.02
2623.26
2561.52
2499.77
2438.03
2376.29
2314.56
2252.82
2191.09
2129.36
2067.63
2005.9
1944.18
1882.45
1820.73
1759
1697.28
1635.56
1573.83
1512.11
1450.39
1388.67
1326.95
1265.23
1203.51
1141.79
1080.07
1018.35
956.632
894.432
826.424
746.86
653.775
544.873
417.465
268.408
94.0169
4919.88
4751.57
4651.53
4540.58
4442.36
4350.45
4265.67
4187.28
4114.8
4047.77
3984.48
3922.35
3860.26
3798.22
3736.21
3674.24
3612.3
3550.39
3488.5
3426.63
3364.77
3302.93
3241.1
3179.29
3117.48
3055.69
2993.9
2932.12
2870.35
2808.58
2746.82
2685.06
2623.31
2561.55
2499.81
2438.06
2376.32
2314.58
2252.85
2191.11
2129.38
2067.65
2005.92
1944.19
1882.46
1820.74
1759.01
1697.29
1635.56
1573.84
1512.12
1450.4
1388.68
1326.95
1265.23
1203.51
1141.79
1080.07
1018.35
956.634
894.434
826.426
746.861
653.777
544.874
417.465
268.409
94.0155
4917.5
4747.88
4650.65
4539.61
4441.92
4350.16
4265.51
4187.18
4114.74
4047.74
3984.47
3922.34
3860.26
3798.22
3736.22
3674.25
3612.31
3550.39
3488.5
3426.63
3364.77
3302.93
3241.1
3179.29
3117.48
3055.69
2993.9
2932.12
2870.35
2808.58
2746.82
2685.06
2623.3
2561.55
2499.81
2438.06
2376.32
2314.58
2252.85
2191.11
2129.38
2067.65
2005.92
1944.19
1882.46
1820.74
1759.01
1697.29
1635.56
1573.84
1512.12
1450.4
1388.68
1326.95
1265.23
1203.51
1141.79
1080.07
1018.35
956.634
894.434
826.426
746.861
653.777
544.874
417.465
268.409
94.0157
4918.39
4745.53
4650.24
4538.92
4441.6
4349.94
4265.37
4187.1
4114.69
4047.71
3984.46
3922.34
3860.26
3798.22
3736.22
3674.25
3612.31
3550.4
3488.5
3426.63
3364.77
3302.93
3241.1
3179.29
3117.48
3055.69
2993.9
2932.12
2870.35
2808.58
2746.81
2685.06
2623.3
2561.55
2499.81
2438.06
2376.32
2314.58
2252.85
2191.11
2129.38
2067.65
2005.92
1944.19
1882.46
1820.74
1759.01
1697.29
1635.56
1573.84
1512.12
1450.4
1388.68
1326.95
1265.23
1203.51
1141.79
1080.07
1018.35
956.634
894.434
826.426
746.861
653.776
544.874
417.465
268.41
94.0156
4921.02
4744.58
4650.11
4538.55
4441.38
4349.78
4265.27
4187.03
4114.65
4047.68
3984.44
3922.33
3860.26
3798.22
3736.22
3674.26
3612.32
3550.4
3488.51
3426.63
3364.77
3302.93
3241.1
3179.29
3117.48
3055.69
2993.9
2932.12
2870.34
2808.58
2746.81
2685.06
2623.3
2561.55
2499.81
2438.06
2376.32
2314.58
2252.85
2191.11
2129.38
2067.65
2005.92
1944.19
1882.46
1820.74
1759.01
1697.29
1635.56
1573.84
1512.12
1450.4
1388.68
1326.95
1265.23
1203.51
1141.79
1080.07
1018.35
956.635
894.434
826.426
746.861
653.776
544.874
417.465
268.41
94.0154
4924.41
4744.58
4650.22
4538.43
4441.25
4349.68
4265.19
4186.98
4114.61
4047.66
3984.42
3922.32
3860.25
3798.22
3736.23
3674.26
3612.32
3550.4
3488.51
3426.63
3364.78
3302.93
3241.11
3179.29
3117.48
3055.69
2993.9
2932.12
2870.34
2808.58
2746.81
2685.06
2623.3
2561.55
2499.81
2438.06
2376.32
2314.58
2252.85
2191.11
2129.38
2067.65
2005.92
1944.19
1882.46
1820.74
1759.01
1697.29
1635.56
1573.84
1512.12
1450.4
1388.68
1326.95
1265.23
1203.51
1141.79
1080.07
1018.35
956.635
894.434
826.426
746.861
653.776
544.874
417.465
268.41
94.0152
4928.25
4745.32
4650.58
4538.56
4441.24
4349.66
4265.16
4186.95
4114.59
4047.64
3984.41
3922.31
3860.25
3798.22
3736.23
3674.26
3612.32
3550.41
3488.51
3426.64
3364.78
3302.94
3241.11
3179.29
3117.48
3055.69
2993.9
2932.12
2870.34
2808.58
2746.81
2685.06
2623.3
2561.55
2499.81
2438.06
2376.32
2314.58
2252.85
2191.11
2129.38
2067.65
2005.92
1944.19
1882.46
1820.74
1759.01
1697.29
1635.56
1573.84
1512.12
1450.4
1388.68
1326.95
1265.23
1203.51
1141.79
1080.07
1018.35
956.635
894.434
826.426
746.861
653.776
544.874
417.465
268.41
94.0148
4932.19
4746.61
4651.16
4538.9
4441.33
4349.71
4265.17
4186.95
4114.58
4047.64
3984.41
3922.31
3860.25
3798.22
3736.23
3674.26
3612.32
3550.41
3488.52
3426.64
3364.78
3302.94
3241.11
3179.29
3117.49
3055.69
2993.9
2932.12
2870.34
2808.58
2746.81
2685.06
2623.3
2561.55
2499.81
2438.06
2376.32
2314.58
2252.85
2191.11
2129.38
2067.65
2005.92
1944.19
1882.46
1820.74
1759.01
1697.29
1635.56
1573.84
1512.12
1450.4
1388.68
1326.95
1265.23
1203.51
1141.79
1080.07
1018.35
956.635
894.434
826.426
746.861
653.776
544.874
417.465
268.41
94.0145
4935.92
4748.2
4651.85
4539.38
4441.52
4349.82
4265.22
4186.97
4114.6
4047.64
3984.41
3922.31
3860.25
3798.23
3736.23
3674.27
3612.33
3550.41
3488.52
3426.64
3364.79
3302.94
3241.11
3179.3
3117.49
3055.69
2993.9
2932.12
2870.35
2808.58
2746.81
2685.06
2623.3
2561.55
2499.81
2438.06
2376.32
2314.58
2252.85
2191.11
2129.38
2067.65
2005.92
1944.19
1882.46
1820.74
1759.01
1697.29
1635.56
1573.84
1512.12
1450.4
1388.68
1326.95
1265.23
1203.51
1141.79
1080.07
1018.35
956.635
894.434
826.426
746.861
653.776
544.874
417.465
268.41
94.0142
4939.17
4749.84
4652.56
4539.92
4441.75
4349.96
4265.29
4187.01
4114.62
4047.66
3984.42
3922.32
3860.26
3798.23
3736.24
3674.27
3612.34
3550.42
3488.53
3426.65
3364.79
3302.95
3241.12
3179.3
3117.49
3055.69
2993.9
2932.12
2870.35
2808.58
2746.82
2685.06
2623.3
2561.55
2499.81
2438.06
2376.32
2314.58
2252.85
2191.11
2129.38
2067.65
2005.92
1944.19
1882.46
1820.74
1759.01
1697.29
1635.56
1573.84
1512.12
1450.4
1388.67
1326.95
1265.23
1203.51
1141.79
1080.07
1018.35
956.635
894.434
826.426
746.861
653.776
544.874
417.465
268.41
94.0139
4941.67
4751.3
4653.13
4540.42
4441.96
4350.11
4265.37
4187.06
4114.65
4047.68
3984.44
3922.33
3860.27
3798.24
3736.25
3674.28
3612.34
3550.43
3488.53
3426.66
3364.8
3302.95
3241.12
3179.3
3117.5
3055.7
2993.91
2932.13
2870.35
2808.58
2746.82
2685.06
2623.3
2561.55
2499.81
2438.06
2376.32
2314.58
2252.85
2191.11
2129.38
2067.65
2005.92
1944.19
1882.46
1820.74
1759.01
1697.29
1635.56
1573.84
1512.12
1450.4
1388.67
1326.95
1265.23
1203.51
1141.79
1080.07
1018.35
956.634
894.434
826.426
746.861
653.776
544.874
417.465
268.41
94.0136
4943.14
4752.35
4653.43
4540.77
4442.1
4350.2
4265.43
4187.1
4114.68
4047.7
3984.45
3922.35
3860.28
3798.25
3736.26
3674.29
3612.35
3550.44
3488.54
3426.66
3364.8
3302.96
3241.13
3179.31
3117.5
3055.7
2993.91
2932.13
2870.35
2808.58
2746.82
2685.06
2623.31
2561.55
2499.81
2438.06
2376.32
2314.58
2252.85
2191.11
2129.38
2067.65
2005.92
1944.19
1882.46
1820.74
1759.01
1697.29
1635.56
1573.84
1512.12
1450.4
1388.67
1326.95
1265.23
1203.51
1141.79
1080.07
1018.35
956.634
894.434
826.425
746.861
653.776
544.874
417.465
268.409
94.0134
4943.28
4752.78
4653.32
4540.87
4442.09
4350.22
4265.44
4187.11
4114.68
4047.71
3984.46
3922.36
3860.29
3798.27
3736.27
3674.31
3612.37
3550.45
3488.55
3426.67
3364.81
3302.97
3241.14
3179.32
3117.51
3055.71
2993.92
2932.13
2870.36
2808.59
2746.82
2685.06
2623.31
2561.56
2499.81
2438.06
2376.32
2314.58
2252.85
2191.11
2129.38
2067.65
2005.92
1944.19
1882.46
1820.74
1759.01
1697.29
1635.56
1573.84
1512.12
1450.4
1388.67
1326.95
1265.23
1203.51
1141.79
1080.07
1018.35
956.634
894.433
826.425
746.861
653.776
544.874
417.465
268.409
94.0134
4941.79
4752.4
4652.66
4540.65
4441.9
4350.11
4265.37
4187.07
4114.67
4047.71
3984.47
3922.37
3860.31
3798.28
3736.29
3674.32
3612.38
3550.46
3488.57
3426.69
3364.83
3302.98
3241.14
3179.32
3117.51
3055.71
2993.92
2932.14
2870.36
2808.59
2746.82
2685.06
2623.31
2561.56
2499.81
2438.06
2376.32
2314.58
2252.85
2191.11
2129.38
2067.65
2005.92
1944.19
1882.46
1820.74
1759.01
1697.29
1635.56
1573.84
1512.12
1450.4
1388.67
1326.95
1265.23
1203.51
1141.79
1080.07
1018.35
956.634
894.433
826.425
746.861
653.776
544.874
417.465
268.409
94.0136
4938.37
4751.14
4651.43
4540.1
4441.52
4349.9
4265.26
4187.02
4114.65
4047.71
3984.48
3922.39
3860.33
3798.31
3736.31
3674.34
3612.4
3550.48
3488.58
3426.7
3364.84
3302.99
3241.16
3179.33
3117.52
3055.72
2993.93
2932.14
2870.36
2808.59
2746.83
2685.07
2623.31
2561.56
2499.81
2438.07
2376.32
2314.58
2252.85
2191.11
2129.38
2067.65
2005.92
1944.19
1882.46
1820.74
1759.01
1697.29
1635.56
1573.84
1512.12
1450.4
1388.67
1326.95
1265.23
1203.51
1141.79
1080.07
1018.35
956.634
894.433
826.425
746.861
653.776
544.874
417.465
268.409
94.0139
4932.67
4749
4649.61
4539.23
4440.97
4349.6
4265.09
4186.93
4114.61
4047.7
3984.49
3922.41
3860.35
3798.33
3736.34
3674.37
3612.43
3550.5
3488.6
3426.72
3364.85
3303
3241.17
3179.34
3117.53
3055.73
2993.93
2932.15
2870.37
2808.6
2746.83
2685.07
2623.31
2561.56
2499.81
2438.07
2376.32
2314.59
2252.85
2191.11
2129.38
2067.65
2005.92
1944.19
1882.46
1820.74
1759.01
1697.29
1635.56
1573.84
1512.12
1450.4
1388.67
1326.95
1265.23
1203.51
1141.79
1080.07
1018.35
956.634
894.433
826.425
746.861
653.776
544.874
417.465
268.409
94.0144
4925.05
4746.83
4647.86
4538.63
4440.7
4349.55
4265.14
4187.02
4114.72
4047.81
3984.59
3922.5
3860.44
3798.4
3736.4
3674.42
3612.47
3550.54
3488.63
3426.74
3364.87
3303.02
3241.18
3179.35
3117.54
3055.73
2993.94
2932.15
2870.37
2808.6
2746.83
2685.07
2623.31
2561.56
2499.81
2438.07
2376.32
2314.59
2252.85
2191.11
2129.38
2067.65
2005.92
1944.19
1882.46
1820.74
1759.01
1697.29
1635.56
1573.84
1512.12
1450.4
1388.67
1326.95
1265.23
1203.51
1141.79
1080.07
1018.35
956.634
894.433
826.425
746.861
653.776
544.874
417.465
268.409
94.0151
4914.57
4744.24
4645.53
4537.76
4440.22
4349.34
4265.07
4187.02
4114.75
4047.85
3984.64
3922.55
3860.48
3798.45
3736.44
3674.46
3612.5
3550.56
3488.65
3426.76
3364.89
3303.03
3241.19
3179.36
3117.54
3055.74
2993.94
2932.15
2870.37
2808.6
2746.83
2685.07
2623.31
2561.56
2499.81
2438.07
2376.32
2314.59
2252.85
2191.11
2129.38
2067.65
2005.92
1944.19
1882.46
1820.74
1759.01
1697.29
1635.56
1573.84
1512.12
1450.4
1388.68
1326.95
1265.23
1203.51
1141.79
1080.07
1018.35
956.634
894.434
826.426
746.861
653.776
544.874
417.465
268.409
94.016
4908.25
4749.99
4648.31
4540.92
4442.58
4351.14
4266.42
4188.04
4115.52
4048.44
3985.09
3922.9
3860.75
3798.64
3736.58
3674.56
3612.58
3550.62
3488.69
3426.79
3364.91
3303.04
3241.19
3179.36
3117.54
3055.73
2993.94
2932.15
2870.37
2808.6
2746.83
2685.07
2623.31
2561.56
2499.81
2438.06
2376.32
2314.58
2252.85
2191.11
2129.38
2067.65
2005.92
1944.19
1882.46
1820.74
1759.01
1697.29
1635.56
1573.84
1512.12
1450.4
1388.68
1326.95
1265.23
1203.51
1141.79
1080.07
1018.35
956.635
894.434
826.426
746.861
653.776
544.874
417.465
268.409
94.0165
4920.91
4752.47
4652.36
4541.33
4443.03
4351.06
4266.22
4187.78
4115.25
4048.19
3984.87
3922.7
3860.58
3798.51
3736.48
3674.49
3612.53
3550.59
3488.68
3426.79
3364.92
3303.07
3241.23
3179.4
3117.59
3055.78
2993.98
2932.2
2870.41
2808.64
2746.87
2685.11
2623.35
2561.59
2499.84
2438.1
2376.35
2314.61
2252.87
2191.13
2129.4
2067.67
2005.93
1944.2
1882.48
1820.75
1759.02
1697.3
1635.57
1573.85
1512.13
1450.4
1388.68
1326.96
1265.24
1203.52
1141.8
1080.08
1018.36
956.636
894.435
826.427
746.862
653.777
544.875
417.466
268.41
94.015
4918.53
4748.78
4651.48
4540.35
4442.59
4350.77
4266.06
4187.68
4115.2
4048.16
3984.85
3922.69
3860.58
3798.52
3736.49
3674.5
3612.53
3550.6
3488.69
3426.8
3364.92
3303.07
3241.23
3179.4
3117.58
3055.78
2993.98
2932.19
2870.41
2808.64
2746.87
2685.11
2623.35
2561.59
2499.84
2438.1
2376.35
2314.61
2252.87
2191.13
2129.4
2067.67
2005.93
1944.2
1882.48
1820.75
1759.02
1697.3
1635.57
1573.85
1512.13
1450.4
1388.68
1326.96
1265.24
1203.52
1141.8
1080.08
1018.36
956.636
894.435
826.427
746.862
653.777
544.875
417.466
268.41
94.0152
4919.42
4746.43
4651.06
4539.67
4442.27
4350.54
4265.92
4187.6
4115.15
4048.13
3984.84
3922.69
3860.58
3798.52
3736.49
3674.5
3612.54
3550.6
3488.69
3426.8
3364.92
3303.07
3241.23
3179.4
3117.58
3055.78
2993.98
2932.19
2870.41
2808.64
2746.87
2685.11
2623.35
2561.59
2499.84
2438.09
2376.35
2314.61
2252.87
2191.13
2129.4
2067.67
2005.93
1944.2
1882.48
1820.75
1759.02
1697.3
1635.57
1573.85
1512.12
1450.4
1388.68
1326.96
1265.24
1203.52
1141.8
1080.08
1018.36
956.636
894.435
826.427
746.862
653.777
544.875
417.466
268.41
94.0152
4922.05
4745.48
4650.93
4539.29
4442.05
4350.38
4265.81
4187.53
4115.1
4048.1
3984.82
3922.68
3860.58
3798.52
3736.49
3674.5
3612.54
3550.6
3488.69
3426.8
3364.93
3303.07
3241.23
3179.4
3117.58
3055.78
2993.98
2932.19
2870.41
2808.64
2746.87
2685.11
2623.35
2561.59
2499.84
2438.09
2376.35
2314.61
2252.87
2191.13
2129.4
2067.67
2005.93
1944.2
1882.48
1820.75
1759.02
1697.3
1635.57
1573.85
1512.12
1450.4
1388.68
1326.96
1265.24
1203.52
1141.8
1080.08
1018.36
956.637
894.436
826.427
746.862
653.777
544.875
417.466
268.41
94.0149
4925.45
4745.47
4651.04
4539.17
4441.92
4350.29
4265.74
4187.47
4115.06
4048.08
3984.8
3922.67
3860.57
3798.52
3736.49
3674.5
3612.54
3550.61
3488.69
3426.8
3364.93
3303.07
3241.23
3179.4
3117.58
3055.78
2993.98
2932.19
2870.41
2808.64
2746.87
2685.1
2623.35
2561.59
2499.84
2438.09
2376.35
2314.61
2252.87
2191.13
2129.4
2067.67
2005.93
1944.2
1882.48
1820.75
1759.02
1697.3
1635.57
1573.85
1512.12
1450.4
1388.68
1326.96
1265.24
1203.52
1141.8
1080.08
1018.36
956.637
894.436
826.427
746.862
653.777
544.875
417.465
268.41
94.0146
4929.28
4746.22
4651.41
4539.3
4441.91
4350.26
4265.7
4187.44
4115.04
4048.06
3984.79
3922.66
3860.57
3798.52
3736.49
3674.51
3612.54
3550.61
3488.7
3426.8
3364.93
3303.07
3241.23
3179.4
3117.59
3055.78
2993.98
2932.19
2870.41
2808.64
2746.87
2685.1
2623.35
2561.59
2499.84
2438.09
2376.35
2314.61
2252.87
2191.13
2129.4
2067.67
2005.93
1944.2
1882.48
1820.75
1759.02
1697.3
1635.57
1573.85
1512.12
1450.4
1388.68
1326.96
1265.24
1203.52
1141.8
1080.08
1018.36
956.637
894.436
826.427
746.862
653.777
544.875
417.465
268.41
94.0143
4933.22
4747.5
4651.98
4539.64
4442
4350.31
4265.71
4187.44
4115.04
4048.05
3984.79
3922.66
3860.57
3798.52
3736.5
3674.51
3612.55
3550.61
3488.7
3426.81
3364.93
3303.08
3241.23
3179.41
3117.59
3055.78
2993.98
2932.19
2870.41
2808.64
2746.87
2685.1
2623.35
2561.59
2499.84
2438.09
2376.35
2314.61
2252.87
2191.13
2129.4
2067.67
2005.93
1944.2
1882.48
1820.75
1759.02
1697.3
1635.57
1573.85
1512.12
1450.4
1388.68
1326.96
1265.24
1203.52
1141.8
1080.08
1018.36
956.637
894.436
826.427
746.862
653.777
544.875
417.465
268.41
94.0139
4936.96
4749.09
4652.68
4540.12
4442.19
4350.42
4265.76
4187.47
4115.05
4048.06
3984.79
3922.66
3860.57
3798.52
3736.5
3674.51
3612.55
3550.62
3488.7
3426.81
3364.94
3303.08
3241.24
3179.41
3117.59
3055.78
2993.98
2932.2
2870.41
2808.64
2746.87
2685.11
2623.35
2561.59
2499.84
2438.09
2376.35
2314.61
2252.87
2191.13
2129.4
2067.67
2005.93
1944.2
1882.48
1820.75
1759.02
1697.3
1635.57
1573.85
1512.12
1450.4
1388.68
1326.96
1265.24
1203.52
1141.8
1080.08
1018.36
956.637
894.436
826.427
746.862
653.777
544.875
417.465
268.41
94.0136
4940.21
4750.74
4653.38
4540.66
4442.42
4350.57
4265.84
4187.51
4115.07
4048.08
3984.8
3922.67
3860.58
3798.53
3736.51
3674.52
3612.56
3550.62
3488.71
3426.82
3364.94
3303.08
3241.24
3179.41
3117.59
3055.79
2993.99
2932.2
2870.41
2808.64
2746.87
2685.11
2623.35
2561.59
2499.84
2438.09
2376.35
2314.61
2252.87
2191.13
2129.4
2067.67
2005.93
1944.2
1882.48
1820.75
1759.02
1697.3
1635.57
1573.85
1512.12
1450.4
1388.68
1326.96
1265.24
1203.52
1141.8
1080.08
1018.36
956.637
894.435
826.427
746.862
653.777
544.875
417.465
268.41
94.0132
4942.7
4752.2
4653.96
4541.16
4442.63
4350.71
4265.92
4187.56
4115.1
4048.1
3984.82
3922.68
3860.59
3798.54
3736.52
3674.53
3612.57
3550.63
3488.72
3426.82
3364.95
3303.09
3241.25
3179.42
3117.6
3055.79
2993.99
2932.2
2870.42
2808.64
2746.87
2685.11
2623.35
2561.59
2499.84
2438.09
2376.35
2314.61
2252.87
2191.13
2129.4
2067.67
2005.93
1944.2
1882.48
1820.75
1759.02
1697.3
1635.57
1573.85
1512.12
1450.4
1388.68
1326.96
1265.24
1203.52
1141.8
1080.08
1018.36
956.636
894.435
826.427
746.862
653.777
544.875
417.465
268.41
94.0129
4944.17
4753.25
4654.26
4541.51
4442.77
4350.81
4265.98
4187.6
4115.13
4048.11
3984.83
3922.7
3860.6
3798.55
3736.53
3674.54
3612.58
3550.64
3488.73
3426.83
3364.96
3303.1
3241.25
3179.42
3117.6
3055.79
2993.99
2932.2
2870.42
2808.64
2746.87
2685.11
2623.35
2561.59
2499.84
2438.1
2376.35
2314.61
2252.87
2191.13
2129.4
2067.67
2005.93
1944.2
1882.48
1820.75
1759.02
1697.3
1635.57
1573.85
1512.12
1450.4
1388.68
1326.96
1265.24
1203.52
1141.8
1080.08
1018.36
956.636
894.435
826.427
746.862
653.777
544.875
417.465
268.41
94.0128
4944.31
4753.68
4654.14
4541.61
4442.76
4350.82
4265.98
4187.6
4115.14
4048.12
3984.84
3922.71
3860.61
3798.56
3736.54
3674.55
3612.59
3550.65
3488.74
3426.84
3364.97
3303.11
3241.26
3179.43
3117.61
3055.8
2994
2932.21
2870.42
2808.65
2746.88
2685.11
2623.35
2561.6
2499.84
2438.1
2376.35
2314.61
2252.87
2191.13
2129.4
2067.67
2005.93
1944.2
1882.48
1820.75
1759.02
1697.3
1635.57
1573.85
1512.12
1450.4
1388.68
1326.96
1265.24
1203.52
1141.8
1080.08
1018.36
956.636
894.435
826.427
746.862
653.777
544.874
417.465
268.41
94.0128
4942.82
4753.3
4653.49
4541.39
4442.57
4350.71
4265.92
4187.57
4115.12
4048.12
3984.85
3922.72
3860.63
3798.58
3736.56
3674.57
3612.6
3550.67
3488.75
3426.85
3364.98
3303.12
3241.27
3179.44
3117.61
3055.8
2994
2932.21
2870.43
2808.65
2746.88
2685.11
2623.35
2561.6
2499.84
2438.1
2376.35
2314.61
2252.87
2191.13
2129.4
2067.67
2005.93
1944.2
1882.47
1820.75
1759.02
1697.3
1635.57
1573.85
1512.12
1450.4
1388.68
1326.96
1265.24
1203.52
1141.8
1080.08
1018.36
956.636
894.435
826.427
746.862
653.777
544.874
417.465
268.41
94.0129
4939.4
4752.04
4652.26
4540.84
4442.19
4350.51
4265.81
4187.51
4115.1
4048.12
3984.86
3922.74
3860.65
3798.6
3736.58
3674.59
3612.62
3550.69
3488.77
3426.87
3364.99
3303.13
3241.28
3179.44
3117.62
3055.81
2994.01
2932.22
2870.43
2808.65
2746.88
2685.11
2623.35
2561.6
2499.85
2438.1
2376.35
2314.61
2252.87
2191.13
2129.4
2067.67
2005.93
1944.2
1882.47
1820.75
1759.02
1697.3
1635.57
1573.85
1512.12
1450.4
1388.68
1326.96
1265.24
1203.52
1141.8
1080.08
1018.36
956.636
894.435
826.427
746.862
653.777
544.874
417.465
268.41
94.0133
4933.7
4749.9
4650.44
4539.98
4441.64
4350.21
4265.64
4187.43
4115.07
4048.11
3984.87
3922.76
3860.67
3798.63
3736.61
3674.61
3612.65
3550.71
3488.79
3426.89
3365.01
3303.14
3241.29
3179.45
3117.63
3055.82
2994.01
2932.22
2870.43
2808.66
2746.88
2685.12
2623.36
2561.6
2499.85
2438.1
2376.35
2314.61
2252.87
2191.13
2129.4
2067.67
2005.93
1944.2
1882.48
1820.75
1759.02
1697.3
1635.57
1573.85
1512.12
1450.4
1388.68
1326.96
1265.24
1203.52
1141.8
1080.08
1018.36
956.636
894.435
826.427
746.862
653.777
544.875
417.465
268.41
94.0139
4926.08
4747.73
4648.68
4539.37
4441.36
4350.15
4265.69
4187.52
4115.17
4048.22
3984.97
3922.85
3860.76
3798.7
3736.67
3674.67
3612.69
3550.74
3488.82
3426.91
3365.02
3303.16
3241.3
3179.46
3117.64
3055.82
2994.02
2932.22
2870.44
2808.66
2746.88
2685.12
2623.36
2561.6
2499.85
2438.1
2376.35
2314.61
2252.87
2191.13
2129.4
2067.67
2005.93
1944.2
1882.48
1820.75
1759.02
1697.3
1635.57
1573.85
1512.12
1450.4
1388.68
1326.96
1265.24
1203.52
1141.8
1080.08
1018.36
956.636
894.435
826.427
746.862
653.777
544.875
417.466
268.41
94.0146
4915.6
4745.14
4646.36
4538.5
4440.89
4349.95
4265.61
4187.51
4115.2
4048.26
3985.02
3922.9
3860.8
3798.74
3736.71
3674.7
3612.72
3550.77
3488.84
3426.93
3365.04
3303.17
3241.31
3179.47
3117.64
3055.83
2994.02
2932.23
2870.44
2808.66
2746.89
2685.12
2623.36
2561.6
2499.85
2438.1
2376.35
2314.61
2252.87
2191.13
2129.4
2067.67
2005.93
1944.2
1882.48
1820.75
1759.02
1697.3
1635.57
1573.85
1512.12
1450.4
1388.68
1326.96
1265.24
1203.52
1141.8
1080.08
1018.36
956.636
894.435
826.427
746.862
653.777
544.875
417.466
268.41
94.0155
4909.27
4750.89
4649.13
4541.66
4443.24
4351.74
4266.97
4188.53
4115.97
4048.85
3985.47
3923.24
3861.07
3798.94
3736.85
3674.81
3612.8
3550.82
3488.88
3426.95
3365.06
3303.18
3241.32
3179.47
3117.64
3055.83
2994.02
2932.22
2870.44
2808.66
2746.88
2685.12
2623.35
2561.6
2499.84
2438.1
2376.35
2314.61
2252.87
2191.13
2129.4
2067.66
2005.93
1944.2
1882.47
1820.75
1759.02
1697.3
1635.57
1573.85
1512.12
1450.4
1388.68
1326.96
1265.24
1203.52
1141.8
1080.08
1018.36
956.637
894.436
826.427
746.862
653.777
544.875
417.466
268.409
94.0161
4921.86
4753.3
4653.12
4542.01
4443.65
4351.62
4266.73
4188.24
4115.67
4048.57
3985.22
3923.03
3860.88
3798.79
3736.73
3674.72
3612.74
3550.78
3488.85
3426.95
3365.06
3303.2
3241.34
3179.51
3117.68
3055.87
2994.06
2932.27
2870.48
2808.7
2746.92
2685.15
2623.39
2561.63
2499.88
2438.13
2376.38
2314.63
2252.89
2191.15
2129.42
2067.68
2005.95
1944.22
1882.49
1820.76
1759.03
1697.3
1635.58
1573.85
1512.13
1450.41
1388.68
1326.96
1265.24
1203.52
1141.8
1080.08
1018.36
956.638
894.437
826.428
746.864
653.778
544.876
417.466
268.41
94.0146
4919.47
4749.61
4652.24
4541.03
4443.21
4351.33
4266.56
4188.14
4115.62
4048.55
3985.21
3923.02
3860.88
3798.79
3736.74
3674.72
3612.74
3550.79
3488.86
3426.95
3365.07
3303.2
3241.34
3179.51
3117.68
3055.87
2994.06
2932.26
2870.48
2808.7
2746.92
2685.15
2623.39
2561.63
2499.88
2438.13
2376.38
2314.63
2252.89
2191.15
2129.42
2067.68
2005.95
1944.22
1882.49
1820.76
1759.03
1697.3
1635.58
1573.85
1512.13
1450.41
1388.68
1326.96
1265.24
1203.52
1141.8
1080.08
1018.36
956.638
894.437
826.429
746.864
653.778
544.876
417.466
268.41
94.0148
4920.37
4747.26
4651.82
4540.35
4442.89
4351.1
4266.43
4188.06
4115.57
4048.52
3985.19
3923.01
3860.88
3798.79
3736.74
3674.73
3612.74
3550.79
3488.86
3426.95
3365.07
3303.2
3241.35
3179.51
3117.68
3055.86
2994.06
2932.26
2870.48
2808.69
2746.92
2685.15
2623.39
2561.63
2499.88
2438.12
2376.38
2314.63
2252.89
2191.15
2129.42
2067.68
2005.95
1944.22
1882.49
1820.76
1759.03
1697.3
1635.58
1573.85
1512.13
1450.41
1388.68
1326.96
1265.24
1203.52
1141.8
1080.08
1018.36
956.638
894.437
826.429
746.864
653.778
544.876
417.466
268.41
94.0147
4922.99
4746.31
4651.69
4539.97
4442.67
4350.94
4266.32
4187.99
4115.52
4048.49
3985.18
3923
3860.88
3798.79
3736.74
3674.73
3612.75
3550.79
3488.86
3426.96
3365.07
3303.2
3241.35
3179.51
3117.68
3055.86
2994.06
2932.26
2870.48
2808.69
2746.92
2685.15
2623.39
2561.63
2499.88
2438.12
2376.38
2314.63
2252.89
2191.15
2129.42
2067.68
2005.95
1944.22
1882.49
1820.76
1759.03
1697.3
1635.58
1573.85
1512.13
1450.41
1388.68
1326.96
1265.24
1203.52
1141.8
1080.08
1018.36
956.638
894.437
826.429
746.864
653.778
544.876
417.466
268.41
94.0145
4926.39
4746.3
4651.8
4539.85
4442.54
4350.84
4266.24
4187.93
4115.49
4048.46
3985.16
3923
3860.87
3798.79
3736.74
3674.73
3612.75
3550.8
3488.87
3426.96
3365.07
3303.2
3241.35
3179.51
3117.68
3055.86
2994.06
2932.26
2870.47
2808.69
2746.92
2685.15
2623.39
2561.63
2499.87
2438.12
2376.38
2314.63
2252.89
2191.15
2129.42
2067.68
2005.95
1944.22
1882.49
1820.76
1759.03
1697.3
1635.58
1573.85
1512.13
1450.41
1388.68
1326.96
1265.24
1203.52
1141.8
1080.08
1018.36
956.638
894.437
826.429
746.864
653.778
544.876
417.466
268.41
94.0141
4930.23
4747.04
4652.16
4539.98
4442.52
4350.82
4266.21
4187.9
4115.46
4048.45
3985.15
3922.99
3860.87
3798.79
3736.75
3674.73
3612.75
3550.8
3488.87
3426.96
3365.07
3303.2
3241.35
3179.51
3117.68
3055.87
2994.06
2932.26
2870.48
2808.69
2746.92
2685.15
2623.39
2561.63
2499.87
2438.12
2376.38
2314.63
2252.89
2191.15
2129.42
2067.68
2005.95
1944.22
1882.49
1820.76
1759.03
1697.3
1635.58
1573.85
1512.13
1450.41
1388.68
1326.96
1265.24
1203.52
1141.8
1080.08
1018.36
956.638
894.437
826.429
746.864
653.778
544.876
417.466
268.41
94.0138
4934.17
4748.33
4652.74
4540.32
4442.62
4350.87
4266.22
4187.9
4115.46
4048.44
3985.14
3922.99
3860.87
3798.79
3736.75
3674.74
3612.76
3550.8
3488.87
3426.96
3365.08
3303.21
3241.35
3179.51
3117.68
3055.87
2994.06
2932.26
2870.48
2808.69
2746.92
2685.15
2623.39
2561.63
2499.87
2438.12
2376.38
2314.63
2252.89
2191.15
2129.42
2067.68
2005.95
1944.22
1882.49
1820.76
1759.03
1697.3
1635.58
1573.85
1512.13
1450.41
1388.68
1326.96
1265.24
1203.52
1141.8
1080.08
1018.36
956.638
894.437
826.429
746.864
653.778
544.876
417.466
268.411
94.0134
4937.9
4749.92
4653.44
4540.8
4442.8
4350.98
4266.27
4187.93
4115.47
4048.45
3985.15
3922.99
3860.87
3798.79
3736.75
3674.74
3612.76
3550.81
3488.88
3426.97
3365.08
3303.21
3241.35
3179.51
3117.69
3055.87
2994.06
2932.27
2870.48
2808.7
2746.92
2685.15
2623.39
2561.63
2499.87
2438.12
2376.38
2314.63
2252.89
2191.15
2129.42
2067.68
2005.95
1944.22
1882.49
1820.76
1759.03
1697.3
1635.58
1573.85
1512.13
1450.41
1388.68
1326.96
1265.24
1203.52
1141.8
1080.08
1018.36
956.638
894.437
826.429
746.864
653.778
544.876
417.466
268.411
94.013
4941.15
4751.56
4654.14
4541.34
4443.03
4351.13
4266.35
4187.97
4115.49
4048.46
3985.16
3923
3860.88
3798.8
3736.76
3674.75
3612.77
3550.81
3488.88
3426.97
3365.08
3303.21
3241.36
3179.52
3117.69
3055.87
2994.06
2932.27
2870.48
2808.7
2746.92
2685.15
2623.39
2561.63
2499.87
2438.12
2376.38
2314.63
2252.89
2191.15
2129.42
2067.68
2005.95
1944.22
1882.49
1820.76
1759.03
1697.3
1635.58
1573.85
1512.13
1450.41
1388.68
1326.96
1265.24
1203.52
1141.8
1080.08
1018.36
956.638
894.437
826.429
746.864
653.778
544.876
417.466
268.41
94.0126
4943.65
4753.03
4654.72
4541.84
4443.25
4351.27
4266.43
4188.02
4115.52
4048.48
3985.17
3923.01
3860.89
3798.81
3736.77
3674.76
3612.77
3550.82
3488.89
3426.98
3365.09
3303.22
3241.36
3179.52
3117.69
3055.88
2994.07
2932.27
2870.48
2808.7
2746.92
2685.15
2623.39
2561.63
2499.88
2438.12
2376.38
2314.63
2252.89
2191.15
2129.42
2067.68
2005.95
1944.22
1882.49
1820.76
1759.03
1697.3
1635.58
1573.85
1512.13
1450.41
1388.68
1326.96
1265.24
1203.52
1141.8
1080.08
1018.36
956.638
894.437
826.429
746.863
653.778
544.875
417.466
268.41
94.0123
4945.12
4754.08
4655.02
4542.19
4443.39
4351.37
4266.48
4188.06
4115.55
4048.5
3985.19
3923.02
3860.9
3798.82
3736.78
3674.77
3612.78
3550.83
3488.9
3426.99
3365.1
3303.23
3241.37
3179.53
3117.7
3055.88
2994.07
2932.27
2870.48
2808.7
2746.92
2685.15
2623.39
2561.63
2499.88
2438.13
2376.38
2314.63
2252.89
2191.15
2129.42
2067.68
2005.95
1944.22
1882.49
1820.76
1759.03
1697.3
1635.58
1573.85
1512.13
1450.41
1388.68
1326.96
1265.24
1203.52
1141.8
1080.08
1018.36
956.638
894.437
826.428
746.863
653.778
544.875
417.465
268.41
94.0121
4945.26
4754.5
4654.9
4542.3
4443.38
4351.38
4266.49
4188.06
4115.56
4048.51
3985.2
3923.03
3860.91
3798.83
3736.79
3674.78
3612.8
3550.84
3488.91
3427
3365.11
3303.23
3241.38
3179.53
3117.7
3055.88
2994.08
2932.28
2870.49
2808.7
2746.93
2685.16
2623.39
2561.63
2499.88
2438.13
2376.38
2314.63
2252.89
2191.15
2129.42
2067.68
2005.95
1944.22
1882.49
1820.76
1759.03
1697.3
1635.58
1573.85
1512.13
1450.41
1388.68
1326.96
1265.24
1203.52
1141.8
1080.08
1018.36
956.638
894.437
826.428
746.863
653.778
544.875
417.465
268.41
94.0121
4943.77
4754.12
4654.25
4542.07
4443.18
4351.27
4266.43
4188.03
4115.54
4048.51
3985.21
3923.04
3860.93
3798.85
3736.81
3674.79
3612.81
3550.85
3488.92
3427.01
3365.12
3303.24
3241.39
3179.54
3117.71
3055.89
2994.08
2932.28
2870.49
2808.71
2746.93
2685.16
2623.39
2561.63
2499.88
2438.13
2376.38
2314.63
2252.89
2191.15
2129.42
2067.68
2005.95
1944.22
1882.49
1820.76
1759.03
1697.3
1635.58
1573.85
1512.13
1450.41
1388.68
1326.96
1265.24
1203.52
1141.8
1080.08
1018.36
956.638
894.437
826.428
746.863
653.778
544.875
417.466
268.41
94.0123
4940.35
4752.87
4653.02
4541.52
4442.81
4351.07
4266.31
4187.97
4115.52
4048.51
3985.22
3923.06
3860.95
3798.87
3736.83
3674.82
3612.83
3550.87
3488.94
3427.03
3365.13
3303.26
3241.4
3179.55
3117.72
3055.9
2994.09
2932.29
2870.49
2808.71
2746.93
2685.16
2623.4
2561.64
2499.88
2438.13
2376.38
2314.63
2252.89
2191.15
2129.42
2067.68
2005.95
1944.22
1882.49
1820.76
1759.03
1697.3
1635.58
1573.85
1512.13
1450.41
1388.68
1326.96
1265.24
1203.52
1141.8
1080.08
1018.36
956.638
894.437
826.428
746.863
653.778
544.875
417.466
268.41
94.0127
4934.65
4750.73
4651.19
4540.66
4442.26
4350.77
4266.15
4187.89
4115.49
4048.5
3985.23
3923.08
3860.97
3798.9
3736.86
3674.84
3612.86
3550.9
3488.96
3427.04
3365.15
3303.27
3241.41
3179.56
3117.73
3055.9
2994.09
2932.29
2870.5
2808.71
2746.93
2685.16
2623.4
2561.64
2499.88
2438.13
2376.38
2314.64
2252.89
2191.15
2129.42
2067.68
2005.95
1944.22
1882.49
1820.76
1759.03
1697.3
1635.58
1573.85
1512.13
1450.41
1388.68
1326.96
1265.24
1203.52
1141.8
1080.08
1018.36
956.638
894.437
826.428
746.863
653.778
544.875
417.466
268.41
94.0133
4927.03
4748.55
4649.44
4540.05
4441.98
4350.71
4266.19
4187.98
4115.59
4048.61
3985.33
3923.18
3861.06
3798.97
3736.92
3674.89
3612.9
3550.93
3488.99
3427.07
3365.17
3303.28
3241.42
3179.57
3117.73
3055.91
2994.1
2932.29
2870.5
2808.71
2746.94
2685.16
2623.4
2561.64
2499.88
2438.13
2376.38
2314.64
2252.89
2191.15
2129.42
2067.68
2005.95
1944.22
1882.49
1820.76
1759.03
1697.3
1635.58
1573.85
1512.13
1450.41
1388.68
1326.96
1265.24
1203.52
1141.8
1080.08
1018.36
956.638
894.437
826.428
746.863
653.778
544.875
417.466
268.41
94.0141
4916.54
4745.96
4647.11
4539.19
4441.51
4350.5
4266.12
4187.97
4115.62
4048.65
3985.38
3923.22
3861.1
3799.01
3736.95
3674.93
3612.93
3550.96
3489.01
3427.08
3365.18
3303.3
3241.43
3179.58
3117.74
3055.91
2994.1
2932.3
2870.5
2808.72
2746.94
2685.17
2623.4
2561.64
2499.88
2438.13
2376.38
2314.64
2252.89
2191.15
2129.42
2067.68
2005.95
1944.22
1882.49
1820.76
1759.03
1697.3
1635.58
1573.85
1512.13
1450.41
1388.68
1326.96
1265.24
1203.52
1141.8
1080.08
1018.36
956.638
894.437
826.428
746.864
653.778
544.875
417.466
268.41
94.015
4910.2
4751.71
4649.88
4542.34
4443.86
4352.3
4267.47
4188.99
4116.39
4049.24
3985.83
3923.57
3861.36
3799.21
3737.1
3675.03
3613.01
3551.01
3489.05
3427.11
3365.2
3303.31
3241.43
3179.58
3117.74
3055.91
2994.1
2932.29
2870.5
2808.71
2746.93
2685.16
2623.4
2561.63
2499.88
2438.13
2376.38
2314.63
2252.89
2191.15
2129.42
2067.68
2005.95
1944.22
1882.49
1820.76
1759.03
1697.3
1635.58
1573.85
1512.13
1450.41
1388.68
1326.96
1265.24
1203.52
1141.8
1080.08
1018.36
956.638
894.437
826.429
746.864
653.778
544.875
417.466
268.409
94.0157
4922.72
4754.06
4653.81
4542.64
4444.22
4352.14
4267.2
4188.66
4116.06
4048.93
3985.55
3923.33
3861.16
3799.04
3736.97
3674.93
3612.93
3550.96
3489.02
3427.1
3365.2
3303.32
3241.45
3179.6
3117.77
3055.95
2994.13
2932.33
2870.54
2808.75
2746.97
2685.2
2623.43
2561.67
2499.91
2438.15
2376.4
2314.66
2252.91
2191.17
2129.43
2067.7
2005.96
1944.23
1882.5
1820.77
1759.04
1697.31
1635.59
1573.86
1512.14
1450.41
1388.69
1326.97
1265.24
1203.52
1141.8
1080.08
1018.36
956.64
894.439
826.43
746.865
653.779
544.876
417.467
268.41
94.0141
4920.33
4750.36
4652.93
4541.66
4443.78
4351.84
4267.03
4188.57
4116.01
4048.9
3985.54
3923.32
3861.16
3799.05
3736.97
3674.94
3612.93
3550.96
3489.02
3427.1
3365.2
3303.32
3241.45
3179.6
3117.77
3055.95
2994.13
2932.33
2870.54
2808.75
2746.97
2685.2
2623.43
2561.67
2499.91
2438.15
2376.4
2314.66
2252.91
2191.17
2129.43
2067.7
2005.96
1944.23
1882.5
1820.77
1759.04
1697.31
1635.59
1573.86
1512.14
1450.41
1388.69
1326.97
1265.24
1203.52
1141.8
1080.08
1018.36
956.64
894.439
826.43
746.865
653.779
544.876
417.466
268.41
94.0143
4921.23
4748.01
4652.52
4540.97
4443.45
4351.62
4266.89
4188.48
4115.96
4048.87
3985.52
3923.32
3861.16
3799.05
3736.97
3674.94
3612.94
3550.97
3489.02
3427.1
3365.2
3303.32
3241.45
3179.6
3117.77
3055.94
2994.13
2932.33
2870.53
2808.75
2746.97
2685.19
2623.43
2561.66
2499.91
2438.15
2376.4
2314.66
2252.91
2191.17
2129.43
2067.7
2005.96
1944.23
1882.5
1820.77
1759.04
1697.31
1635.59
1573.86
1512.14
1450.41
1388.69
1326.97
1265.24
1203.52
1141.8
1080.08
1018.36
956.64
894.439
826.43
746.865
653.779
544.876
417.466
268.411
94.0143
4923.85
4747.06
4652.39
4540.6
4443.23
4351.46
4266.79
4188.41
4115.91
4048.84
3985.5
3923.31
3861.15
3799.05
3736.98
3674.94
3612.94
3550.97
3489.02
3427.1
3365.2
3303.32
3241.45
3179.6
3117.77
3055.94
2994.13
2932.33
2870.53
2808.75
2746.97
2685.19
2623.43
2561.66
2499.91
2438.15
2376.4
2314.66
2252.91
2191.17
2129.43
2067.7
2005.96
1944.23
1882.5
1820.77
1759.04
1697.31
1635.59
1573.86
1512.14
1450.41
1388.69
1326.97
1265.24
1203.52
1141.8
1080.08
1018.36
956.64
894.439
826.43
746.865
653.779
544.876
417.466
268.411
94.014
4927.25
4747.05
4652.49
4540.48
4443.1
4351.36
4266.71
4188.36
4115.87
4048.82
3985.49
3923.3
3861.15
3799.04
3736.98
3674.94
3612.94
3550.97
3489.03
3427.1
3365.2
3303.32
3241.46
3179.61
3117.77
3055.95
2994.13
2932.33
2870.53
2808.75
2746.97
2685.19
2623.43
2561.66
2499.91
2438.15
2376.4
2314.66
2252.91
2191.17
2129.43
2067.7
2005.96
1944.23
1882.5
1820.77
1759.04
1697.31
1635.59
1573.86
1512.14
1450.41
1388.69
1326.97
1265.24
1203.52
1141.8
1080.08
1018.36
956.64
894.439
826.43
746.865
653.779
544.876
417.466
268.411
94.0137
4931.09
4747.79
4652.86
4540.61
4443.09
4351.33
4266.67
4188.33
4115.85
4048.8
3985.48
3923.29
3861.15
3799.04
3736.98
3674.95
3612.95
3550.97
3489.03
3427.11
3365.21
3303.32
3241.46
3179.61
3117.77
3055.95
2994.13
2932.33
2870.53
2808.75
2746.97
2685.19
2623.43
2561.66
2499.91
2438.15
2376.4
2314.66
2252.91
2191.17
2129.43
2067.7
2005.96
1944.23
1882.5
1820.77
1759.04
1697.31
1635.59
1573.86
1512.14
1450.41
1388.69
1326.97
1265.24
1203.52
1141.8
1080.08
1018.36
956.64
894.439
826.43
746.865
653.779
544.876
417.466
268.411
94.0133
4935.03
4749.08
4653.43
4540.95
4443.19
4351.38
4266.68
4188.33
4115.84
4048.8
3985.47
3923.29
3861.15
3799.04
3736.98
3674.95
3612.95
3550.98
3489.03
3427.11
3365.21
3303.33
3241.46
3179.61
3117.77
3055.95
2994.13
2932.33
2870.53
2808.75
2746.97
2685.19
2623.43
2561.66
2499.91
2438.15
2376.4
2314.66
2252.91
2191.17
2129.43
2067.7
2005.96
1944.23
1882.5
1820.77
1759.04
1697.31
1635.59
1573.86
1512.14
1450.41
1388.69
1326.97
1265.24
1203.52
1141.8
1080.08
1018.36
956.64
894.439
826.43
746.865
653.779
544.876
417.466
268.411
94.0129
4938.76
4750.67
4654.13
4541.43
4443.37
4351.49
4266.73
4188.35
4115.86
4048.8
3985.47
3923.29
3861.15
3799.05
3736.98
3674.95
3612.95
3550.98
3489.04
3427.11
3365.21
3303.33
3241.46
3179.61
3117.77
3055.95
2994.14
2932.33
2870.54
2808.75
2746.97
2685.19
2623.43
2561.66
2499.91
2438.15
2376.4
2314.66
2252.91
2191.17
2129.43
2067.7
2005.96
1944.23
1882.5
1820.77
1759.04
1697.31
1635.59
1573.86
1512.14
1450.41
1388.69
1326.97
1265.24
1203.52
1141.8
1080.08
1018.36
956.64
894.439
826.43
746.865
653.779
544.876
417.466
268.411
94.0124
4942.01
4752.31
4654.83
4541.97
4443.6
4351.64
4266.81
4188.39
4115.88
4048.82
3985.49
3923.3
3861.15
3799.05
3736.99
3674.96
3612.96
3550.99
3489.04
3427.12
3365.22
3303.33
3241.47
3179.62
3117.78
3055.95
2994.14
2932.33
2870.54
2808.75
2746.97
2685.2
2623.43
2561.66
2499.91
2438.15
2376.4
2314.66
2252.91
2191.17
2129.43
2067.7
2005.96
1944.23
1882.5
1820.77
1759.04
1697.31
1635.59
1573.86
1512.14
1450.41
1388.69
1326.97
1265.24
1203.52
1141.8
1080.08
1018.36
956.64
894.439
826.43
746.865
653.779
544.876
417.466
268.411
94.012
4944.51
4753.78
4655.41
4542.47
4443.81
4351.78
4266.89
4188.44
4115.91
4048.84
3985.5
3923.31
3861.16
3799.06
3737
3674.97
3612.97
3551
3489.05
3427.13
3365.22
3303.34
3241.47
3179.62
3117.78
3055.96
2994.14
2932.34
2870.54
2808.75
2746.97
2685.2
2623.43
2561.67
2499.91
2438.15
2376.4
2314.66
2252.91
2191.17
2129.43
2067.7
2005.96
1944.23
1882.5
1820.77
1759.04
1697.31
1635.59
1573.86
1512.14
1450.41
1388.69
1326.97
1265.24
1203.52
1141.8
1080.08
1018.36
956.64
894.439
826.43
746.865
653.779
544.876
417.466
268.411
94.0117
4945.98
4754.83
4655.71
4542.82
4443.95
4351.88
4266.95
4188.48
4115.94
4048.86
3985.52
3923.32
3861.18
3799.07
3737.01
3674.98
3612.98
3551
3489.06
3427.13
3365.23
3303.35
3241.48
3179.62
3117.79
3055.96
2994.14
2932.34
2870.54
2808.75
2746.97
2685.2
2623.43
2561.67
2499.91
2438.15
2376.4
2314.66
2252.91
2191.17
2129.43
2067.7
2005.96
1944.23
1882.5
1820.77
1759.04
1697.31
1635.59
1573.86
1512.14
1450.41
1388.69
1326.97
1265.24
1203.52
1141.8
1080.08
1018.36
956.64
894.439
826.43
746.864
653.779
544.876
417.466
268.411
94.0115
4946.12
4755.25
4655.59
4542.92
4443.95
4351.89
4266.95
4188.49
4115.95
4048.87
3985.53
3923.33
3861.19
3799.09
3737.02
3674.99
3612.99
3551.02
3489.07
3427.14
3365.24
3303.35
3241.48
3179.63
3117.79
3055.96
2994.15
2932.34
2870.54
2808.76
2746.97
2685.2
2623.43
2561.67
2499.91
2438.15
2376.4
2314.66
2252.91
2191.17
2129.43
2067.7
2005.96
1944.23
1882.5
1820.77
1759.04
1697.31
1635.58
1573.86
1512.13
1450.41
1388.69
1326.97
1265.24
1203.52
1141.8
1080.08
1018.36
956.64
894.438
826.43
746.864
653.779
544.876
417.466
268.411
94.0115
4944.63
4754.88
4654.94
4542.7
4443.75
4351.78
4266.89
4188.45
4115.93
4048.86
3985.53
3923.35
3861.2
3799.1
3737.04
3675.01
3613
3551.03
3489.08
3427.16
3365.25
3303.36
3241.49
3179.64
3117.8
3055.97
2994.15
2932.35
2870.55
2808.76
2746.98
2685.2
2623.43
2561.67
2499.91
2438.15
2376.4
2314.66
2252.91
2191.17
2129.43
2067.7
2005.96
1944.23
1882.5
1820.77
1759.04
1697.31
1635.58
1573.86
1512.13
1450.41
1388.69
1326.97
1265.24
1203.52
1141.8
1080.08
1018.36
956.64
894.438
826.43
746.864
653.779
544.876
417.466
268.411
94.0118
4941.21
4753.62
4653.71
4542.15
4443.37
4351.58
4266.78
4188.4
4115.91
4048.86
3985.54
3923.36
3861.23
3799.13
3737.06
3675.03
3613.03
3551.05
3489.1
3427.17
3365.26
3303.38
3241.5
3179.65
3117.81
3055.98
2994.16
2932.35
2870.55
2808.76
2746.98
2685.2
2623.43
2561.67
2499.91
2438.16
2376.41
2314.66
2252.91
2191.17
2129.43
2067.7
2005.96
1944.23
1882.5
1820.77
1759.04
1697.31
1635.58
1573.86
1512.13
1450.41
1388.69
1326.97
1265.24
1203.52
1141.8
1080.08
1018.36
956.64
894.438
826.43
746.864
653.779
544.876
417.466
268.411
94.0122
4935.51
4751.48
4651.89
4541.28
4442.83
4351.28
4266.61
4188.31
4115.87
4048.85
3985.55
3923.38
3861.25
3799.15
3737.09
3675.05
3613.05
3551.07
3489.12
3427.19
3365.28
3303.39
3241.51
3179.66
3117.81
3055.98
2994.16
2932.36
2870.56
2808.77
2746.98
2685.21
2623.44
2561.67
2499.91
2438.16
2376.41
2314.66
2252.91
2191.17
2129.43
2067.7
2005.96
1944.23
1882.5
1820.77
1759.04
1697.31
1635.58
1573.86
1512.13
1450.41
1388.69
1326.97
1265.24
1203.52
1141.8
1080.08
1018.36
956.64
894.438
826.43
746.864
653.779
544.876
417.466
268.41
94.0128
4927.89
4749.31
4650.13
4540.68
4442.55
4351.22
4266.66
4188.4
4115.98
4048.96
3985.66
3923.48
3861.33
3799.22
3737.15
3675.11
3613.09
3551.11
3489.15
3427.21
3365.3
3303.4
3241.53
3179.67
3117.82
3055.99
2994.17
2932.36
2870.56
2808.77
2746.98
2685.21
2623.44
2561.67
2499.91
2438.16
2376.41
2314.66
2252.91
2191.17
2129.43
2067.7
2005.96
1944.23
1882.5
1820.77
1759.04
1697.31
1635.59
1573.86
1512.14
1450.41
1388.69
1326.97
1265.24
1203.52
1141.8
1080.08
1018.36
956.64
894.439
826.43
746.865
653.779
544.876
417.466
268.41
94.0136
4917.4
4746.72
4647.8
4539.81
4442.07
4351.02
4266.58
4188.4
4116.01
4049
3985.7
3923.52
3861.38
3799.27
3737.19
3675.14
3613.12
3551.13
3489.17
3427.23
3365.31
3303.41
3241.54
3179.67
3117.83
3055.99
2994.17
2932.36
2870.56
2808.77
2746.99
2685.21
2623.44
2561.67
2499.91
2438.16
2376.41
2314.66
2252.91
2191.17
2129.43
2067.7
2005.96
1944.23
1882.5
1820.77
1759.04
1697.31
1635.59
1573.86
1512.14
1450.41
1388.69
1326.97
1265.24
1203.52
1141.8
1080.08
1018.36
956.64
894.439
826.43
746.865
653.779
544.876
417.467
268.41
94.0146
4911.05
4752.46
4650.57
4542.96
4444.42
4352.81
4267.93
4189.41
4116.77
4049.59
3986.15
3923.87
3861.64
3799.46
3737.33
3675.24
3613.2
3551.19
3489.21
3427.25
3365.33
3303.42
3241.54
3179.68
3117.83
3055.99
2994.17
2932.36
2870.56
2808.77
2746.98
2685.2
2623.43
2561.67
2499.91
2438.15
2376.4
2314.66
2252.91
2191.17
2129.43
2067.69
2005.96
1944.23
1882.5
1820.77
1759.04
1697.31
1635.59
1573.86
1512.14
1450.41
1388.69
1326.97
1265.24
1203.52
1141.8
1080.08
1018.36
956.64
894.439
826.43
746.865
653.779
544.876
417.467
268.41
94.0154
4923.49
4754.74
4654.44
4543.21
4444.73
4352.6
4267.62
4189.05
4116.42
4049.26
3985.85
3923.6
3861.41
3799.27
3737.18
3675.13
3613.11
3551.12
3489.16
3427.23
3365.32
3303.43
3241.55
3179.69
3117.85
3056.02
2994.2
2932.39
2870.59
2808.8
2747.01
2685.24
2623.46
2561.7
2499.94
2438.18
2376.43
2314.68
2252.93
2191.19
2129.45
2067.71
2005.97
1944.24
1882.51
1820.78
1759.05
1697.32
1635.59
1573.87
1512.14
1450.42
1388.69
1326.97
1265.25
1203.53
1141.8
1080.08
1018.36
956.642
894.44
826.431
746.866
653.78
544.877
417.467
268.41
94.0137
4921.11
4751.05
4653.56
4542.23
4444.29
4352.31
4267.45
4188.95
4116.36
4049.23
3985.84
3923.6
3861.41
3799.28
3737.18
3675.13
3613.11
3551.12
3489.17
3427.23
3365.32
3303.43
3241.55
3179.69
3117.85
3056.02
2994.2
2932.39
2870.59
2808.8
2747.01
2685.24
2623.46
2561.7
2499.94
2438.18
2376.43
2314.68
2252.93
2191.19
2129.45
2067.71
2005.97
1944.24
1882.51
1820.78
1759.05
1697.32
1635.59
1573.87
1512.14
1450.42
1388.69
1326.97
1265.25
1203.53
1141.8
1080.08
1018.36
956.642
894.44
826.431
746.866
653.78
544.877
417.467
268.411
94.0139
4922
4748.69
4653.14
4541.54
4443.97
4352.08
4267.32
4188.87
4116.31
4049.2
3985.82
3923.59
3861.41
3799.28
3737.19
3675.13
3613.12
3551.13
3489.17
3427.23
3365.32
3303.43
3241.55
3179.69
3117.85
3056.02
2994.2
2932.39
2870.59
2808.8
2747.01
2685.23
2623.46
2561.7
2499.94
2438.18
2376.43
2314.68
2252.93
2191.19
2129.45
2067.71
2005.97
1944.24
1882.51
1820.78
1759.05
1697.32
1635.59
1573.87
1512.14
1450.42
1388.69
1326.97
1265.25
1203.53
1141.8
1080.08
1018.36
956.642
894.44
826.431
746.866
653.78
544.877
417.467
268.411
94.0139
4924.63
4747.74
4653.01
4541.17
4443.74
4351.92
4267.21
4188.8
4116.26
4049.17
3985.8
3923.58
3861.41
3799.28
3737.19
3675.14
3613.12
3551.13
3489.17
3427.24
3365.32
3303.43
3241.55
3179.7
3117.85
3056.02
2994.2
2932.39
2870.59
2808.8
2747.01
2685.23
2623.46
2561.7
2499.94
2438.18
2376.43
2314.68
2252.93
2191.19
2129.45
2067.71
2005.97
1944.24
1882.51
1820.78
1759.05
1697.32
1635.59
1573.87
1512.14
1450.42
1388.69
1326.97
1265.25
1203.53
1141.8
1080.08
1018.36
956.642
894.44
826.431
746.866
653.78
544.877
417.467
268.411
94.0136
4928.03
4747.73
4653.12
4541.04
4443.62
4351.82
4267.13
4188.74
4116.23
4049.14
3985.79
3923.57
3861.4
3799.28
3737.19
3675.14
3613.12
3551.13
3489.17
3427.24
3365.32
3303.43
3241.56
3179.7
3117.85
3056.02
2994.2
2932.39
2870.59
2808.8
2747.01
2685.23
2623.46
2561.7
2499.93
2438.18
2376.43
2314.68
2252.93
2191.19
2129.45
2067.71
2005.97
1944.24
1882.51
1820.78
1759.05
1697.32
1635.59
1573.87
1512.14
1450.42
1388.69
1326.97
1265.25
1203.53
1141.8
1080.08
1018.36
956.642
894.44
826.431
746.866
653.78
544.877
417.467
268.411
94.0132
4931.87
4748.47
4653.48
4541.17
4443.6
4351.8
4267.1
4188.71
4116.2
4049.13
3985.77
3923.56
3861.4
3799.27
3737.19
3675.14
3613.12
3551.14
3489.18
3427.24
3365.33
3303.43
3241.56
3179.7
3117.85
3056.02
2994.2
2932.39
2870.59
2808.8
2747.01
2685.23
2623.46
2561.7
2499.93
2438.18
2376.43
2314.68
2252.93
2191.19
2129.45
2067.71
2005.97
1944.24
1882.51
1820.78
1759.05
1697.32
1635.59
1573.87
1512.14
1450.42
1388.69
1326.97
1265.25
1203.53
1141.8
1080.08
1018.36
956.642
894.44
826.431
746.866
653.78
544.877
417.467
268.411
94.0128
4935.81
4749.76
4654.06
4541.51
4443.7
4351.85
4267.11
4188.71
4116.2
4049.12
3985.77
3923.56
3861.4
3799.28
3737.19
3675.14
3613.13
3551.14
3489.18
3427.24
3365.33
3303.44
3241.56
3179.7
3117.85
3056.02
2994.2
2932.39
2870.59
2808.8
2747.01
2685.23
2623.46
2561.7
2499.93
2438.18
2376.43
2314.68
2252.93
2191.19
2129.45
2067.71
2005.97
1944.24
1882.51
1820.78
1759.05
1697.32
1635.59
1573.87
1512.14
1450.42
1388.69
1326.97
1265.25
1203.53
1141.8
1080.08
1018.36
956.642
894.44
826.431
746.866
653.78
544.877
417.466
268.411
94.0124
4939.54
4751.35
4654.76
4541.99
4443.88
4351.96
4267.16
4188.74
4116.21
4049.13
3985.77
3923.56
3861.4
3799.28
3737.19
3675.15
3613.13
3551.14
3489.18
3427.25
3365.33
3303.44
3241.56
3179.7
3117.86
3056.02
2994.2
2932.39
2870.59
2808.8
2747.01
2685.23
2623.46
2561.7
2499.93
2438.18
2376.43
2314.68
2252.93
2191.19
2129.45
2067.71
2005.97
1944.24
1882.51
1820.78
1759.05
1697.32
1635.59
1573.87
1512.14
1450.42
1388.69
1326.97
1265.25
1203.53
1141.8
1080.08
1018.36
956.642
894.44
826.431
746.866
653.78
544.877
417.466
268.411
94.0119
4942.79
4752.99
4655.46
4542.53
4444.11
4352.1
4267.23
4188.78
4116.23
4049.14
3985.78
3923.57
3861.41
3799.28
3737.2
3675.15
3613.14
3551.15
3489.19
3427.25
3365.34
3303.44
3241.57
3179.71
3117.86
3056.03
2994.2
2932.39
2870.59
2808.8
2747.01
2685.24
2623.46
2561.7
2499.94
2438.18
2376.43
2314.68
2252.93
2191.19
2129.45
2067.71
2005.97
1944.24
1882.51
1820.78
1759.05
1697.32
1635.59
1573.87
1512.14
1450.42
1388.69
1326.97
1265.25
1203.52
1141.8
1080.08
1018.36
956.642
894.44
826.431
746.866
653.78
544.877
417.466
268.411
94.0115
4945.29
4754.46
4656.03
4543.03
4444.33
4352.24
4267.31
4188.83
4116.26
4049.16
3985.8
3923.58
3861.42
3799.29
3737.21
3675.16
3613.14
3551.16
3489.2
3427.26
3365.34
3303.45
3241.57
3179.71
3117.86
3056.03
2994.21
2932.4
2870.59
2808.8
2747.02
2685.24
2623.46
2561.7
2499.94
2438.18
2376.43
2314.68
2252.93
2191.19
2129.45
2067.71
2005.97
1944.24
1882.51
1820.78
1759.05
1697.32
1635.59
1573.87
1512.14
1450.42
1388.69
1326.97
1265.25
1203.52
1141.8
1080.08
1018.36
956.642
894.44
826.431
746.866
653.78
544.877
417.466
268.411
94.0112
4946.76
4755.51
4656.33
4543.38
4444.46
4352.34
4267.37
4188.86
4116.29
4049.18
3985.81
3923.6
3861.43
3799.3
3737.22
3675.17
3613.15
3551.17
3489.2
3427.27
3365.35
3303.46
3241.58
3179.72
3117.87
3056.03
2994.21
2932.4
2870.6
2808.8
2747.02
2685.24
2623.47
2561.7
2499.94
2438.18
2376.43
2314.68
2252.93
2191.19
2129.45
2067.71
2005.97
1944.24
1882.51
1820.78
1759.05
1697.32
1635.59
1573.87
1512.14
1450.42
1388.69
1326.97
1265.25
1203.52
1141.8
1080.08
1018.36
956.642
894.44
826.431
746.865
653.78
544.877
417.466
268.411
94.011
4946.9
4755.94
4656.22
4543.48
4444.46
4352.35
4267.38
4188.87
4116.3
4049.19
3985.82
3923.61
3861.44
3799.32
3737.23
3675.18
3613.17
3551.18
3489.22
3427.28
3365.36
3303.46
3241.58
3179.72
3117.87
3056.04
2994.21
2932.4
2870.6
2808.81
2747.02
2685.24
2623.47
2561.7
2499.94
2438.18
2376.43
2314.68
2252.93
2191.19
2129.45
2067.71
2005.97
1944.24
1882.51
1820.78
1759.05
1697.32
1635.59
1573.87
1512.14
1450.42
1388.69
1326.97
1265.25
1203.52
1141.8
1080.08
1018.36
956.642
894.44
826.431
746.865
653.78
544.877
417.466
268.411
94.011
4945.41
4755.56
4655.57
4543.26
4444.26
4352.25
4267.31
4188.84
4116.28
4049.19
3985.83
3923.62
3861.46
3799.33
3737.25
3675.2
3613.18
3551.19
3489.23
3427.29
3365.37
3303.47
3241.59
3179.73
3117.88
3056.04
2994.22
2932.41
2870.6
2808.81
2747.02
2685.24
2623.47
2561.7
2499.94
2438.18
2376.43
2314.68
2252.93
2191.19
2129.45
2067.71
2005.97
1944.24
1882.51
1820.78
1759.05
1697.32
1635.59
1573.86
1512.14
1450.42
1388.69
1326.97
1265.25
1203.52
1141.8
1080.08
1018.36
956.642
894.44
826.431
746.865
653.78
544.877
417.466
268.411
94.0112
4941.99
4754.3
4654.33
4542.71
4443.89
4352.04
4267.2
4188.78
4116.26
4049.19
3985.84
3923.64
3861.48
3799.36
3737.27
3675.22
3613.2
3551.21
3489.25
3427.3
3365.39
3303.49
3241.6
3179.74
3117.89
3056.05
2994.23
2932.41
2870.61
2808.81
2747.02
2685.24
2623.47
2561.7
2499.94
2438.18
2376.43
2314.68
2252.93
2191.19
2129.45
2067.71
2005.97
1944.24
1882.51
1820.78
1759.05
1697.32
1635.59
1573.86
1512.14
1450.42
1388.69
1326.97
1265.25
1203.53
1141.8
1080.08
1018.36
956.642
894.44
826.431
746.865
653.78
544.877
417.466
268.411
94.0116
4936.29
4752.17
4652.51
4541.85
4443.34
4351.74
4267.04
4188.7
4116.23
4049.18
3985.85
3923.66
3861.5
3799.38
3737.3
3675.25
3613.23
3551.23
3489.27
3427.32
3365.4
3303.5
3241.61
3179.75
3117.9
3056.06
2994.23
2932.42
2870.61
2808.81
2747.03
2685.25
2623.47
2561.7
2499.94
2438.18
2376.43
2314.68
2252.93
2191.19
2129.45
2067.71
2005.97
1944.24
1882.51
1820.78
1759.05
1697.32
1635.59
1573.87
1512.14
1450.42
1388.69
1326.97
1265.25
1203.53
1141.8
1080.08
1018.36
956.642
894.44
826.431
746.865
653.78
544.877
417.467
268.411
94.0122
4928.66
4749.99
4650.76
4541.24
4443.06
4351.69
4267.08
4188.79
4116.33
4049.29
3985.95
3923.75
3861.58
3799.45
3737.36
3675.3
3613.27
3551.27
3489.29
3427.34
3365.42
3303.51
3241.63
3179.76
3117.9
3056.06
2994.24
2932.42
2870.61
2808.82
2747.03
2685.25
2623.47
2561.7
2499.94
2438.18
2376.43
2314.68
2252.93
2191.19
2129.45
2067.71
2005.97
1944.24
1882.51
1820.78
1759.05
1697.32
1635.59
1573.87
1512.14
1450.42
1388.69
1326.97
1265.25
1203.53
1141.8
1080.08
1018.36
956.642
894.44
826.431
746.866
653.78
544.877
417.467
268.41
94.0131
4918.17
4747.4
4648.43
4540.37
4442.58
4351.48
4267.01
4188.78
4116.36
4049.33
3986
3923.8
3861.63
3799.5
3737.4
3675.33
3613.3
3551.29
3489.31
3427.36
3365.43
3303.52
3241.64
3179.76
3117.91
3056.07
2994.24
2932.42
2870.62
2808.82
2747.03
2685.25
2623.47
2561.7
2499.94
2438.18
2376.43
2314.68
2252.93
2191.19
2129.45
2067.71
2005.97
1944.24
1882.51
1820.78
1759.05
1697.32
1635.59
1573.87
1512.14
1450.42
1388.69
1326.97
1265.25
1203.53
1141.8
1080.08
1018.36
956.642
894.44
826.431
746.866
653.78
544.877
417.467
268.41
94.0142
4911.82
4753.14
4651.19
4543.52
4444.93
4353.27
4268.35
4189.79
4117.12
4049.91
3986.45
3924.14
3861.89
3799.69
3737.54
3675.44
3613.37
3551.35
3489.35
3427.39
3365.45
3303.53
3241.64
3179.77
3117.91
3056.07
2994.24
2932.42
2870.61
2808.81
2747.03
2685.24
2623.47
2561.7
2499.94
2438.18
2376.43
2314.68
2252.93
2191.19
2129.45
2067.71
2005.97
1944.24
1882.51
1820.78
1759.05
1697.32
1635.59
1573.87
1512.14
1450.42
1388.69
1326.97
1265.25
1203.53
1141.8
1080.08
1018.36
956.642
894.44
826.431
746.866
653.78
544.877
417.467
268.41
94.015
4924.19
4755.36
4655
4543.72
4445.19
4353.02
4268
4189.4
4116.73
4049.55
3986.12
3923.85
3861.64
3799.48
3737.37
3675.3
3613.27
3551.27
3489.3
3427.35
3365.43
3303.53
3241.64
3179.78
3117.93
3056.09
2994.26
2932.45
2870.64
2808.84
2747.05
2685.27
2623.5
2561.73
2499.96
2438.2
2376.45
2314.7
2252.95
2191.2
2129.46
2067.72
2005.99
1944.25
1882.52
1820.78
1759.05
1697.33
1635.6
1573.87
1512.15
1450.42
1388.7
1326.97
1265.25
1203.53
1141.81
1080.09
1018.36
956.644
894.441
826.432
746.867
653.781
544.877
417.467
268.411
94.0133
4921.8
4751.66
4654.12
4542.73
4444.75
4352.73
4267.84
4189.3
4116.68
4049.52
3986.11
3923.85
3861.64
3799.49
3737.38
3675.31
3613.27
3551.27
3489.3
3427.35
3365.43
3303.53
3241.64
3179.78
3117.92
3056.09
2994.26
2932.44
2870.64
2808.84
2747.05
2685.27
2623.5
2561.73
2499.96
2438.2
2376.45
2314.7
2252.95
2191.2
2129.46
2067.72
2005.98
1944.25
1882.52
1820.78
1759.05
1697.33
1635.6
1573.87
1512.15
1450.42
1388.7
1326.97
1265.25
1203.53
1141.81
1080.09
1018.36
956.644
894.442
826.432
746.867
653.781
544.877
417.467
268.411
94.0135
4922.69
4749.3
4653.71
4542.05
4444.43
4352.5
4267.7
4189.22
4116.63
4049.49
3986.09
3923.84
3861.64
3799.49
3737.38
3675.31
3613.28
3551.27
3489.3
3427.35
3365.43
3303.53
3241.64
3179.78
3117.92
3056.09
2994.26
2932.44
2870.64
2808.84
2747.05
2685.27
2623.5
2561.73
2499.96
2438.2
2376.45
2314.7
2252.95
2191.2
2129.46
2067.72
2005.98
1944.25
1882.52
1820.78
1759.05
1697.33
1635.6
1573.87
1512.15
1450.42
1388.7
1326.97
1265.25
1203.53
1141.81
1080.08
1018.36
956.643
894.442
826.432
746.867
653.781
544.877
417.467
268.411
94.0135
4925.32
4748.35
4653.57
4541.67
4444.21
4352.34
4267.59
4189.15
4116.58
4049.46
3986.07
3923.83
3861.63
3799.49
3737.38
3675.31
3613.28
3551.28
3489.3
3427.36
3365.43
3303.53
3241.64
3179.78
3117.92
3056.09
2994.26
2932.44
2870.64
2808.84
2747.05
2685.27
2623.49
2561.73
2499.96
2438.2
2376.45
2314.7
2252.95
2191.2
2129.46
2067.72
2005.98
1944.25
1882.52
1820.78
1759.05
1697.33
1635.6
1573.87
1512.15
1450.42
1388.7
1326.97
1265.25
1203.53
1141.81
1080.08
1018.36
956.643
894.442
826.432
746.867
653.781
544.877
417.467
268.411
94.0132
4928.72
4748.34
4653.68
4541.55
4444.08
4352.24
4267.51
4189.09
4116.54
4049.43
3986.06
3923.82
3861.63
3799.48
3737.38
3675.31
3613.28
3551.28
3489.31
3427.36
3365.43
3303.53
3241.65
3179.78
3117.93
3056.09
2994.26
2932.44
2870.64
2808.84
2747.05
2685.27
2623.49
2561.73
2499.96
2438.2
2376.45
2314.7
2252.95
2191.2
2129.46
2067.72
2005.98
1944.25
1882.52
1820.78
1759.05
1697.32
1635.6
1573.87
1512.15
1450.42
1388.7
1326.97
1265.25
1203.53
1141.81
1080.08
1018.36
956.643
894.441
826.432
746.867
653.781
544.877
417.467
268.411
94.0128
4932.56
4749.08
4654.05
4541.68
4444.06
4352.22
4267.48
4189.06
4116.52
4049.42
3986.04
3923.81
3861.63
3799.48
3737.38
3675.32
3613.28
3551.28
3489.31
3427.36
3365.44
3303.53
3241.65
3179.78
3117.93
3056.09
2994.26
2932.44
2870.64
2808.84
2747.05
2685.27
2623.49
2561.73
2499.96
2438.2
2376.45
2314.7
2252.95
2191.2
2129.46
2067.72
2005.98
1944.25
1882.52
1820.78
1759.05
1697.32
1635.6
1573.87
1512.15
1450.42
1388.7
1326.97
1265.25
1203.53
1141.81
1080.08
1018.36
956.643
894.441
826.432
746.867
653.781
544.877
417.467
268.411
94.0124
4936.5
4750.37
4654.62
4542.02
4444.16
4352.26
4267.49
4189.06
4116.51
4049.41
3986.04
3923.81
3861.63
3799.48
3737.38
3675.32
3613.29
3551.29
3489.31
3427.36
3365.44
3303.54
3241.65
3179.78
3117.93
3056.09
2994.26
2932.45
2870.64
2808.84
2747.05
2685.27
2623.5
2561.73
2499.96
2438.2
2376.45
2314.7
2252.95
2191.2
2129.46
2067.72
2005.98
1944.25
1882.52
1820.78
1759.05
1697.32
1635.6
1573.87
1512.15
1450.42
1388.7
1326.97
1265.25
1203.53
1141.81
1080.08
1018.36
956.643
894.441
826.432
746.867
653.781
544.877
417.467
268.411
94.012
4940.24
4751.96
4655.32
4542.5
4444.34
4352.37
4267.54
4189.08
4116.53
4049.42
3986.04
3923.81
3861.63
3799.49
3737.39
3675.32
3613.29
3551.29
3489.32
3427.37
3365.44
3303.54
3241.65
3179.78
3117.93
3056.09
2994.26
2932.45
2870.64
2808.84
2747.05
2685.27
2623.5
2561.73
2499.96
2438.2
2376.45
2314.7
2252.95
2191.2
2129.46
2067.72
2005.98
1944.25
1882.52
1820.78
1759.05
1697.33
1635.6
1573.87
1512.15
1450.42
1388.7
1326.97
1265.25
1203.53
1141.81
1080.08
1018.36
956.643
894.441
826.432
746.867
653.781
544.877
417.467
268.412
94.0115
4943.49
4753.6
4656.02
4543.04
4444.57
4352.52
4267.61
4189.13
4116.55
4049.43
3986.05
3923.82
3861.64
3799.49
3737.39
3675.33
3613.3
3551.3
3489.32
3427.37
3365.45
3303.54
3241.66
3179.79
3117.93
3056.09
2994.27
2932.45
2870.64
2808.84
2747.05
2685.27
2623.5
2561.73
2499.96
2438.2
2376.45
2314.7
2252.95
2191.2
2129.46
2067.72
2005.98
1944.25
1882.52
1820.78
1759.05
1697.33
1635.6
1573.87
1512.14
1450.42
1388.7
1326.97
1265.25
1203.53
1141.81
1080.08
1018.36
956.643
894.441
826.432
746.867
653.781
544.877
417.467
268.411
94.011
4945.99
4755.07
4656.59
4543.54
4444.78
4352.66
4267.69
4189.17
4116.58
4049.45
3986.07
3923.83
3861.64
3799.5
3737.4
3675.34
3613.3
3551.3
3489.33
3427.38
3365.45
3303.55
3241.66
3179.79
3117.94
3056.1
2994.27
2932.45
2870.64
2808.85
2747.06
2685.27
2623.5
2561.73
2499.96
2438.2
2376.45
2314.7
2252.95
2191.2
2129.46
2067.72
2005.98
1944.25
1882.52
1820.78
1759.05
1697.32
1635.6
1573.87
1512.14
1450.42
1388.7
1326.97
1265.25
1203.53
1141.81
1080.08
1018.36
956.643
894.441
826.432
746.866
653.78
544.877
417.467
268.411
94.0107
4947.45
4756.12
4656.89
4543.89
4444.92
4352.76
4267.75
4189.21
4116.61
4049.47
3986.08
3923.84
3861.66
3799.51
3737.41
3675.35
3613.31
3551.31
3489.34
3427.39
3365.46
3303.56
3241.67
3179.8
3117.94
3056.1
2994.27
2932.45
2870.65
2808.85
2747.06
2685.27
2623.5
2561.73
2499.96
2438.2
2376.45
2314.7
2252.95
2191.2
2129.46
2067.72
2005.98
1944.25
1882.52
1820.78
1759.05
1697.32
1635.6
1573.87
1512.14
1450.42
1388.7
1326.97
1265.25
1203.53
1141.81
1080.08
1018.36
956.643
894.441
826.432
746.866
653.78
544.877
417.467
268.411
94.0105
4947.59
4756.54
4656.78
4543.99
4444.92
4352.77
4267.76
4189.22
4116.62
4049.48
3986.09
3923.86
3861.67
3799.53
3737.42
3675.36
3613.33
3551.32
3489.35
3427.4
3365.47
3303.56
3241.67
3179.8
3117.95
3056.11
2994.28
2932.46
2870.65
2808.85
2747.06
2685.28
2623.5
2561.73
2499.96
2438.2
2376.45
2314.7
2252.95
2191.2
2129.46
2067.72
2005.98
1944.25
1882.52
1820.78
1759.05
1697.32
1635.6
1573.87
1512.14
1450.42
1388.7
1326.97
1265.25
1203.53
1141.81
1080.08
1018.36
956.643
894.441
826.432
746.866
653.78
544.877
417.467
268.411
94.0105
4946.1
4756.17
4656.13
4543.77
4444.72
4352.67
4267.69
4189.19
4116.6
4049.48
3986.1
3923.87
3861.68
3799.54
3737.44
3675.37
3613.34
3551.34
3489.36
3427.41
3365.48
3303.57
3241.68
3179.81
3117.95
3056.11
2994.28
2932.46
2870.65
2808.85
2747.06
2685.28
2623.5
2561.73
2499.96
2438.2
2376.45
2314.7
2252.95
2191.2
2129.46
2067.72
2005.98
1944.25
1882.52
1820.78
1759.05
1697.32
1635.6
1573.87
1512.14
1450.42
1388.7
1326.97
1265.25
1203.53
1141.81
1080.08
1018.36
956.643
894.441
826.432
746.866
653.78
544.877
417.467
268.411
94.0107
4942.69
4754.91
4654.9
4543.22
4444.34
4352.46
4267.58
4189.13
4116.58
4049.48
3986.11
3923.89
3861.71
3799.57
3737.46
3675.4
3613.36
3551.36
3489.38
3427.43
3365.49
3303.58
3241.69
3179.82
3117.96
3056.12
2994.29
2932.47
2870.66
2808.86
2747.06
2685.28
2623.5
2561.73
2499.97
2438.21
2376.45
2314.7
2252.95
2191.2
2129.46
2067.72
2005.98
1944.25
1882.52
1820.78
1759.05
1697.32
1635.6
1573.87
1512.14
1450.42
1388.7
1326.97
1265.25
1203.53
1141.81
1080.08
1018.36
956.643
894.441
826.432
746.866
653.78
544.877
417.467
268.411
94.0111
4936.98
4752.77
4653.07
4542.36
4443.8
4352.16
4267.42
4189.04
4116.54
4049.47
3986.12
3923.9
3861.73
3799.59
3737.49
3675.42
3613.39
3551.38
3489.4
3427.44
3365.51
3303.6
3241.7
3179.83
3117.97
3056.12
2994.29
2932.47
2870.66
2808.86
2747.07
2685.28
2623.5
2561.73
2499.97
2438.21
2376.45
2314.7
2252.95
2191.2
2129.46
2067.72
2005.98
1944.25
1882.52
1820.78
1759.05
1697.32
1635.6
1573.87
1512.14
1450.42
1388.7
1326.97
1265.25
1203.53
1141.81
1080.08
1018.36
956.643
894.441
826.432
746.867
653.781
544.877
417.467
268.411
94.0118
4929.36
4750.6
4651.32
4541.75
4443.52
4352.1
4267.46
4189.13
4116.65
4049.58
3986.22
3924
3861.81
3799.66
3737.55
3675.47
3613.43
3551.41
3489.43
3427.47
3365.53
3303.61
3241.72
3179.84
3117.98
3056.13
2994.3
2932.47
2870.66
2808.86
2747.07
2685.28
2623.51
2561.73
2499.97
2438.21
2376.45
2314.7
2252.95
2191.2
2129.46
2067.72
2005.98
1944.25
1882.52
1820.78
1759.05
1697.33
1635.6
1573.87
1512.14
1450.42
1388.7
1326.97
1265.25
1203.53
1141.81
1080.08
1018.36
956.643
894.441
826.432
746.867
653.781
544.877
417.467
268.411
94.0127
4918.86
4748
4648.99
4540.88
4443.04
4351.9
4267.39
4189.13
4116.67
4049.62
3986.27
3924.04
3861.86
3799.71
3737.59
3675.51
3613.46
3551.44
3489.45
3427.48
3365.54
3303.62
3241.73
3179.85
3117.98
3056.13
2994.3
2932.48
2870.66
2808.86
2747.07
2685.28
2623.51
2561.73
2499.97
2438.21
2376.45
2314.7
2252.95
2191.2
2129.46
2067.72
2005.98
1944.25
1882.52
1820.78
1759.05
1697.33
1635.6
1573.87
1512.15
1450.42
1388.7
1326.97
1265.25
1203.53
1141.81
1080.08
1018.36
956.643
894.441
826.432
746.867
653.781
544.877
417.467
268.411
94.0139
4912.5
4753.75
4651.75
4544.02
4445.39
4353.68
4268.73
4190.14
4117.44
4050.2
3986.72
3924.39
3862.12
3799.9
3737.73
3675.61
3613.53
3551.49
3489.48
3427.51
3365.56
3303.63
3241.73
3179.85
3117.98
3056.13
2994.3
2932.47
2870.66
2808.86
2747.07
2685.28
2623.5
2561.73
2499.96
2438.2
2376.45
2314.7
2252.95
2191.2
2129.46
2067.72
2005.98
1944.25
1882.52
1820.78
1759.05
1697.32
1635.6
1573.87
1512.14
1450.42
1388.7
1326.97
1265.25
1203.53
1141.81
1080.08
1018.36
956.643
894.441
826.432
746.867
653.781
544.877
417.468
268.41
94.0148
4924.8
4755.89
4655.5
4544.16
4445.6
4353.39
4268.34
4189.71
4117.02
4049.81
3986.36
3924.07
3861.84
3799.67
3737.54
3675.46
3613.41
3551.4
3489.41
3427.46
3365.53
3303.62
3241.72
3179.85
3117.99
3056.15
2994.32
2932.49
2870.68
2808.88
2747.09
2685.3
2623.53
2561.75
2499.99
2438.22
2376.47
2314.71
2252.96
2191.22
2129.47
2067.73
2005.99
1944.26
1882.52
1820.79
1759.06
1697.33
1635.6
1573.88
1512.15
1450.42
1388.7
1326.98
1265.25
1203.53
1141.81
1080.09
1018.37
956.645
894.443
826.433
746.867
653.781
544.878
417.467
268.411
94.0129
4922.41
4752.19
4654.62
4543.18
4445.16
4353.1
4268.17
4189.61
4116.96
4049.78
3986.35
3924.07
3861.85
3799.67
3737.55
3675.46
3613.42
3551.4
3489.42
3427.46
3365.53
3303.62
3241.72
3179.85
3117.99
3056.15
2994.31
2932.49
2870.68
2808.88
2747.09
2685.3
2623.52
2561.75
2499.99
2438.22
2376.47
2314.71
2252.96
2191.22
2129.47
2067.73
2005.99
1944.26
1882.52
1820.79
1759.06
1697.33
1635.6
1573.88
1512.15
1450.42
1388.7
1326.98
1265.25
1203.53
1141.81
1080.09
1018.37
956.645
894.443
826.433
746.867
653.781
544.878
417.467
268.411
94.0132
4923.3
4749.84
4654.2
4542.5
4444.84
4352.87
4268.04
4189.52
4116.91
4049.75
3986.33
3924.06
3861.84
3799.67
3737.55
3675.47
3613.42
3551.4
3489.42
3427.46
3365.53
3303.62
3241.72
3179.85
3117.99
3056.15
2994.31
2932.49
2870.68
2808.88
2747.09
2685.3
2623.52
2561.75
2499.99
2438.22
2376.47
2314.71
2252.96
2191.22
2129.47
2067.73
2005.99
1944.26
1882.52
1820.79
1759.06
1697.33
1635.6
1573.88
1512.15
1450.42
1388.7
1326.98
1265.25
1203.53
1141.81
1080.09
1018.37
956.645
894.443
826.433
746.867
653.781
544.878
417.467
268.411
94.0131
4925.93
4748.88
4654.07
4542.12
4444.61
4352.71
4267.93
4189.45
4116.86
4049.72
3986.31
3924.05
3861.84
3799.67
3737.55
3675.47
3613.42
3551.41
3489.42
3427.46
3365.53
3303.62
3241.73
3179.85
3117.99
3056.15
2994.31
2932.49
2870.68
2808.88
2747.09
2685.3
2623.52
2561.75
2499.98
2438.22
2376.47
2314.71
2252.96
2191.22
2129.47
2067.73
2005.99
1944.26
1882.52
1820.79
1759.06
1697.33
1635.6
1573.88
1512.15
1450.42
1388.7
1326.98
1265.25
1203.53
1141.81
1080.09
1018.37
956.645
894.443
826.433
746.867
653.781
544.878
417.467
268.411
94.0129
4929.33
4748.87
4654.18
4542
4444.48
4352.61
4267.85
4189.4
4116.83
4049.69
3986.29
3924.04
3861.83
3799.67
3737.55
3675.47
3613.42
3551.41
3489.42
3427.47
3365.53
3303.62
3241.73
3179.85
3117.99
3056.15
2994.31
2932.49
2870.68
2808.88
2747.09
2685.3
2623.52
2561.75
2499.98
2438.22
2376.47
2314.71
2252.96
2191.22
2129.47
2067.73
2005.99
1944.26
1882.52
1820.79
1759.06
1697.33
1635.6
1573.88
1512.15
1450.42
1388.7
1326.98
1265.25
1203.53
1141.81
1080.09
1018.37
956.645
894.443
826.433
746.867
653.781
544.878
417.467
268.412
94.0125
4933.17
4749.62
4654.54
4542.13
4444.47
4352.58
4267.81
4189.37
4116.8
4049.68
3986.28
3924.03
3861.83
3799.67
3737.55
3675.47
3613.43
3551.41
3489.43
3427.47
3365.54
3303.62
3241.73
3179.85
3117.99
3056.15
2994.31
2932.49
2870.68
2808.88
2747.09
2685.3
2623.52
2561.75
2499.98
2438.22
2376.47
2314.71
2252.96
2191.22
2129.47
2067.73
2005.99
1944.26
1882.52
1820.79
1759.06
1697.33
1635.6
1573.88
1512.15
1450.42
1388.7
1326.98
1265.25
1203.53
1141.81
1080.09
1018.37
956.645
894.442
826.433
746.867
653.781
544.878
417.467
268.412
94.012
4937.11
4750.9
4655.11
4542.46
4444.56
4352.63
4267.82
4189.37
4116.8
4049.67
3986.28
3924.03
3861.83
3799.67
3737.55
3675.47
3613.43
3551.42
3489.43
3427.47
3365.54
3303.63
3241.73
3179.86
3117.99
3056.15
2994.32
2932.49
2870.68
2808.88
2747.09
2685.3
2623.52
2561.75
2499.98
2438.22
2376.47
2314.71
2252.96
2191.22
2129.47
2067.73
2005.99
1944.26
1882.52
1820.79
1759.06
1697.33
1635.6
1573.88
1512.15
1450.42
1388.7
1326.98
1265.25
1203.53
1141.81
1080.09
1018.37
956.644
894.442
826.433
746.867
653.781
544.878
417.467
268.412
94.0116
4940.85
4752.49
4655.81
4542.95
4444.75
4352.74
4267.87
4189.39
4116.81
4049.68
3986.28
3924.03
3861.83
3799.67
3737.56
3675.48
3613.43
3551.42
3489.44
3427.48
3365.54
3303.63
3241.73
3179.86
3118
3056.15
2994.32
2932.5
2870.68
2808.88
2747.09
2685.3
2623.52
2561.75
2499.99
2438.22
2376.47
2314.71
2252.96
2191.22
2129.47
2067.73
2005.99
1944.26
1882.52
1820.79
1759.06
1697.33
1635.6
1573.88
1512.15
1450.42
1388.7
1326.98
1265.25
1203.53
1141.81
1080.09
1018.37
956.644
894.442
826.433
746.867
653.781
544.878
417.467
268.412
94.0111
4944.1
4754.14
4656.51
4543.49
4444.98
4352.89
4267.95
4189.43
4116.83
4049.69
3986.29
3924.04
3861.84
3799.68
3737.56
3675.48
3613.44
3551.43
3489.44
3427.48
3365.55
3303.63
3241.74
3179.86
3118
3056.15
2994.32
2932.5
2870.69
2808.88
2747.09
2685.3
2623.53
2561.75
2499.99
2438.22
2376.47
2314.71
2252.96
2191.22
2129.47
2067.73
2005.99
1944.26
1882.52
1820.79
1759.06
1697.33
1635.6
1573.88
1512.15
1450.42
1388.7
1326.98
1265.25
1203.53
1141.81
1080.09
1018.36
956.644
894.442
826.433
746.867
653.781
544.878
417.467
268.412
94.0106
4946.6
4755.6
4657.09
4543.98
4445.19
4353.03
4268.03
4189.48
4116.86
4049.71
3986.31
3924.05
3861.85
3799.69
3737.57
3675.49
3613.45
3551.43
3489.45
3427.49
3365.55
3303.64
3241.74
3179.87
3118
3056.16
2994.32
2932.5
2870.69
2808.89
2747.09
2685.31
2623.53
2561.75
2499.99
2438.22
2376.47
2314.71
2252.96
2191.22
2129.47
2067.73
2005.99
1944.26
1882.52
1820.79
1759.06
1697.33
1635.6
1573.88
1512.15
1450.42
1388.7
1326.98
1265.25
1203.53
1141.81
1080.09
1018.36
956.644
894.442
826.433
746.867
653.781
544.878
417.467
268.412
94.0103
4948.06
4756.65
4657.39
4544.33
4445.33
4353.13
4268.08
4189.52
4116.89
4049.73
3986.32
3924.06
3861.86
3799.7
3737.58
3675.5
3613.46
3551.44
3489.46
3427.5
3365.56
3303.64
3241.75
3179.87
3118.01
3056.16
2994.33
2932.5
2870.69
2808.89
2747.09
2685.31
2623.53
2561.75
2499.99
2438.22
2376.47
2314.71
2252.96
2191.22
2129.47
2067.73
2005.99
1944.26
1882.52
1820.79
1759.06
1697.33
1635.6
1573.88
1512.15
1450.42
1388.7
1326.98
1265.25
1203.53
1141.81
1080.09
1018.36
956.644
894.442
826.433
746.867
653.781
544.878
417.467
268.412
94.0101
4948.21
4757.08
4657.27
4544.44
4445.32
4353.14
4268.09
4189.53
4116.9
4049.74
3986.33
3924.08
3861.87
3799.71
3737.59
3675.51
3613.47
3551.45
3489.47
3427.51
3365.57
3303.65
3241.76
3179.88
3118.01
3056.17
2994.33
2932.51
2870.69
2808.89
2747.09
2685.31
2623.53
2561.75
2499.99
2438.22
2376.47
2314.71
2252.96
2191.22
2129.47
2067.73
2005.99
1944.26
1882.52
1820.79
1759.06
1697.33
1635.6
1573.87
1512.15
1450.42
1388.7
1326.98
1265.25
1203.53
1141.81
1080.09
1018.37
956.644
894.442
826.433
746.867
653.781
544.878
417.467
268.412
94.0101
4946.71
4756.7
4656.62
4544.22
4445.13
4353.04
4268.03
4189.49
4116.88
4049.74
3986.34
3924.09
3861.89
3799.73
3737.61
3675.53
3613.48
3551.47
3489.48
3427.52
3365.58
3303.66
3241.76
3179.88
3118.02
3056.17
2994.33
2932.51
2870.7
2808.89
2747.1
2685.31
2623.53
2561.76
2499.99
2438.23
2376.47
2314.71
2252.96
2191.22
2129.47
2067.73
2005.99
1944.26
1882.52
1820.79
1759.06
1697.33
1635.6
1573.87
1512.15
1450.42
1388.7
1326.98
1265.25
1203.53
1141.81
1080.09
1018.37
956.644
894.442
826.433
746.867
653.781
544.878
417.467
268.412
94.0103
4943.3
4755.45
4655.39
4543.67
4444.75
4352.83
4267.92
4189.44
4116.86
4049.74
3986.35
3924.11
3861.91
3799.75
3737.63
3675.55
3613.5
3551.49
3489.5
3427.53
3365.59
3303.67
3241.77
3179.89
3118.03
3056.18
2994.34
2932.51
2870.7
2808.9
2747.1
2685.31
2623.53
2561.76
2499.99
2438.23
2376.47
2314.71
2252.96
2191.22
2129.47
2067.73
2005.99
1944.26
1882.52
1820.79
1759.06
1697.33
1635.6
1573.88
1512.15
1450.42
1388.7
1326.98
1265.25
1203.53
1141.81
1080.09
1018.37
956.645
894.442
826.433
746.867
653.781
544.878
417.467
268.411
94.0107
4937.6
4753.31
4653.57
4542.8
4444.2
4352.53
4267.75
4189.35
4116.82
4049.73
3986.36
3924.12
3861.93
3799.78
3737.66
3675.58
3613.53
3551.51
3489.52
3427.55
3365.61
3303.69
3241.79
3179.9
3118.04
3056.18
2994.35
2932.52
2870.7
2808.9
2747.1
2685.31
2623.53
2561.76
2499.99
2438.23
2376.47
2314.72
2252.97
2191.22
2129.47
2067.73
2005.99
1944.26
1882.52
1820.79
1759.06
1697.33
1635.6
1573.88
1512.15
1450.42
1388.7
1326.98
1265.25
1203.53
1141.81
1080.09
1018.37
956.645
894.443
826.433
746.867
653.781
544.878
417.467
268.411
94.0114
4929.97
4751.13
4651.81
4542.19
4443.92
4352.47
4267.8
4189.44
4116.93
4049.84
3986.46
3924.22
3862.01
3799.85
3737.72
3675.63
3613.57
3551.54
3489.55
3427.57
3365.63
3303.7
3241.8
3179.91
3118.04
3056.19
2994.35
2932.52
2870.71
2808.9
2747.1
2685.32
2623.53
2561.76
2499.99
2438.23
2376.47
2314.72
2252.97
2191.22
2129.47
2067.73
2005.99
1944.26
1882.52
1820.79
1759.06
1697.33
1635.6
1573.88
1512.15
1450.42
1388.7
1326.98
1265.25
1203.53
1141.81
1080.09
1018.37
956.645
894.443
826.433
746.868
653.781
544.878
417.467
268.411
94.0124
4919.47
4748.54
4649.48
4541.33
4443.45
4352.26
4267.72
4189.43
4116.96
4049.88
3986.51
3924.26
3862.06
3799.89
3737.76
3675.66
3613.6
3551.57
3489.57
3427.59
3365.64
3303.71
3241.81
3179.92
3118.05
3056.19
2994.35
2932.53
2870.71
2808.9
2747.11
2685.32
2623.53
2561.76
2499.99
2438.23
2376.47
2314.72
2252.96
2191.22
2129.47
2067.73
2005.99
1944.26
1882.52
1820.79
1759.06
1697.33
1635.6
1573.88
1512.15
1450.42
1388.7
1326.98
1265.25
1203.53
1141.81
1080.09
1018.37
956.645
894.443
826.433
746.868
653.782
544.878
417.468
268.411
94.0136
4913.1
4754.28
4652.24
4544.47
4445.79
4354.05
4269.07
4190.44
4117.72
4050.46
3986.95
3924.61
3862.32
3800.08
3737.9
3675.77
3613.67
3551.62
3489.6
3427.62
3365.66
3303.72
3241.81
3179.92
3118.05
3056.19
2994.35
2932.52
2870.7
2808.9
2747.1
2685.31
2623.53
2561.76
2499.99
2438.23
2376.47
2314.71
2252.96
2191.22
2129.47
2067.73
2005.99
1944.26
1882.52
1820.79
1759.06
1697.33
1635.6
1573.88
1512.15
1450.42
1388.7
1326.98
1265.25
1203.53
1141.81
1080.09
1018.37
956.645
894.443
826.433
746.868
653.782
544.878
417.468
268.41
94.0145
4925.32
4756.36
4655.93
4544.55
4445.96
4353.71
4268.63
4189.98
4117.26
4050.04
3986.57
3924.27
3862.02
3799.83
3737.69
3675.59
3613.54
3551.51
3489.52
3427.55
3365.61
3303.69
3241.8
3179.91
3118.05
3056.2
2994.36
2932.54
2870.72
2808.92
2747.12
2685.33
2623.55
2561.78
2500.01
2438.24
2376.48
2314.73
2252.98
2191.23
2129.48
2067.74
2006
1944.27
1882.53
1820.8
1759.07
1697.34
1635.61
1573.88
1512.15
1450.43
1388.7
1326.98
1265.25
1203.53
1141.81
1080.09
1018.37
956.646
894.444
826.434
746.868
653.782
544.878
417.467
268.411
94.0126
4922.94
4752.66
4655.05
4543.57
4445.51
4353.42
4268.47
4189.88
4117.21
4050.01
3986.55
3924.26
3862.02
3799.84
3737.7
3675.6
3613.54
3551.52
3489.52
3427.56
3365.61
3303.69
3241.8
3179.91
3118.05
3056.2
2994.36
2932.54
2870.72
2808.92
2747.12
2685.33
2623.55
2561.78
2500.01
2438.24
2376.48
2314.73
2252.98
2191.23
2129.48
2067.74
2006
1944.27
1882.53
1820.8
1759.07
1697.34
1635.61
1573.88
1512.15
1450.43
1388.7
1326.98
1265.25
1203.53
1141.81
1080.09
1018.37
956.646
894.444
826.434
746.868
653.782
544.878
417.467
268.411
94.0129
4923.83
4750.3
4654.63
4542.88
4445.19
4353.19
4268.33
4189.79
4117.16
4049.97
3986.54
3924.25
3862.02
3799.84
3737.7
3675.6
3613.54
3551.52
3489.52
3427.56
3365.61
3303.7
3241.8
3179.91
3118.05
3056.2
2994.36
2932.54
2870.72
2808.92
2747.12
2685.33
2623.55
2561.77
2500.01
2438.24
2376.48
2314.73
2252.98
2191.23
2129.48
2067.74
2006
1944.27
1882.53
1820.8
1759.07
1697.34
1635.61
1573.88
1512.15
1450.43
1388.7
1326.98
1265.25
1203.53
1141.81
1080.09
1018.37
956.646
894.444
826.434
746.868
653.782
544.878
417.467
268.411
94.0128
4926.46
4749.35
4654.5
4542.51
4444.97
4353.03
4268.22
4189.72
4117.11
4049.95
3986.52
3924.24
3862.01
3799.84
3737.7
3675.6
3613.55
3551.52
3489.53
3427.56
3365.62
3303.7
3241.8
3179.91
3118.05
3056.2
2994.36
2932.54
2870.72
2808.92
2747.12
2685.33
2623.55
2561.77
2500.01
2438.24
2376.48
2314.73
2252.98
2191.23
2129.48
2067.74
2006
1944.27
1882.53
1820.8
1759.07
1697.34
1635.61
1573.88
1512.15
1450.43
1388.7
1326.98
1265.25
1203.53
1141.81
1080.09
1018.37
956.646
894.444
826.434
746.868
653.782
544.878
417.467
268.412
94.0126
4929.86
4749.34
4654.61
4542.39
4444.84
4352.93
4268.14
4189.67
4117.07
4049.92
3986.5
3924.23
3862.01
3799.83
3737.7
3675.61
3613.55
3551.52
3489.53
3427.56
3365.62
3303.7
3241.8
3179.92
3118.05
3056.2
2994.36
2932.54
2870.72
2808.92
2747.12
2685.33
2623.55
2561.77
2500.01
2438.24
2376.48
2314.73
2252.98
2191.23
2129.48
2067.74
2006
1944.27
1882.53
1820.8
1759.07
1697.34
1635.61
1573.88
1512.15
1450.43
1388.7
1326.98
1265.25
1203.53
1141.81
1080.09
1018.37
956.646
894.444
826.434
746.868
653.782
544.878
417.467
268.412
94.0122
4933.7
4750.08
4654.97
4542.51
4444.82
4352.91
4268.11
4189.64
4117.05
4049.9
3986.49
3924.22
3862.01
3799.83
3737.7
3675.61
3613.55
3551.53
3489.53
3427.56
3365.62
3303.7
3241.8
3179.92
3118.05
3056.2
2994.36
2932.54
2870.72
2808.92
2747.12
2685.33
2623.55
2561.77
2500.01
2438.24
2376.48
2314.73
2252.98
2191.23
2129.48
2067.74
2006
1944.27
1882.53
1820.8
1759.07
1697.34
1635.61
1573.88
1512.15
1450.43
1388.7
1326.98
1265.25
1203.53
1141.81
1080.09
1018.37
956.646
894.443
826.434
746.868
653.782
544.878
417.467
268.412
94.0117
4937.64
4751.37
4655.54
4542.85
4444.92
4352.95
4268.11
4189.63
4117.04
4049.9
3986.49
3924.22
3862.01
3799.83
3737.7
3675.61
3613.55
3551.53
3489.54
3427.57
3365.62
3303.7
3241.8
3179.92
3118.05
3056.2
2994.36
2932.54
2870.72
2808.92
2747.12
2685.33
2623.55
2561.77
2500.01
2438.24
2376.48
2314.73
2252.98
2191.23
2129.48
2067.74
2006
1944.26
1882.53
1820.8
1759.07
1697.34
1635.61
1573.88
1512.15
1450.43
1388.7
1326.98
1265.25
1203.53
1141.81
1080.09
1018.37
956.646
894.443
826.434
746.868
653.782
544.878
417.467
268.412
94.0112
4941.38
4752.95
4656.24
4543.33
4445.1
4353.06
4268.16
4189.66
4117.05
4049.9
3986.49
3924.22
3862.01
3799.84
3737.71
3675.61
3613.56
3551.53
3489.54
3427.57
3365.63
3303.71
3241.81
3179.92
3118.06
3056.2
2994.37
2932.54
2870.72
2808.92
2747.12
2685.33
2623.55
2561.78
2500.01
2438.24
2376.48
2314.73
2252.98
2191.23
2129.48
2067.74
2006
1944.26
1882.53
1820.8
1759.07
1697.34
1635.61
1573.88
1512.15
1450.43
1388.7
1326.98
1265.25
1203.53
1141.81
1080.09
1018.37
956.645
894.443
826.434
746.868
653.782
544.878
417.467
268.412
94.0107
4944.63
4754.6
4656.94
4543.87
4445.33
4353.21
4268.24
4189.7
4117.08
4049.92
3986.5
3924.23
3862.01
3799.84
3737.71
3675.62
3613.56
3551.54
3489.54
3427.58
3365.63
3303.71
3241.81
3179.93
3118.06
3056.21
2994.37
2932.54
2870.72
2808.92
2747.12
2685.33
2623.55
2561.78
2500.01
2438.24
2376.48
2314.73
2252.98
2191.23
2129.48
2067.74
2006
1944.26
1882.53
1820.8
1759.07
1697.34
1635.61
1573.88
1512.15
1450.43
1388.7
1326.98
1265.25
1203.53
1141.81
1080.09
1018.37
956.645
894.443
826.434
746.868
653.782
544.878
417.467
268.412
94.0102
4947.13
4756.07
4657.52
4544.37
4445.54
4353.35
4268.32
4189.75
4117.11
4049.94
3986.51
3924.24
3862.02
3799.85
3737.72
3675.63
3613.57
3551.55
3489.55
3427.58
3365.64
3303.72
3241.81
3179.93
3118.06
3056.21
2994.37
2932.54
2870.73
2808.92
2747.12
2685.33
2623.55
2561.78
2500.01
2438.24
2376.48
2314.73
2252.98
2191.23
2129.48
2067.74
2006
1944.27
1882.53
1820.8
1759.07
1697.34
1635.61
1573.88
1512.15
1450.43
1388.7
1326.98
1265.25
1203.53
1141.81
1080.09
1018.37
956.645
894.443
826.434
746.868
653.782
544.878
417.467
268.412
94.0099
4948.59
4757.12
4657.82
4544.72
4445.68
4353.45
4268.38
4189.78
4117.13
4049.96
3986.53
3924.26
3862.04
3799.86
3737.73
3675.64
3613.58
3551.56
3489.56
3427.59
3365.65
3303.72
3241.82
3179.93
3118.07
3056.21
2994.37
2932.55
2870.73
2808.92
2747.12
2685.33
2623.55
2561.78
2500.01
2438.24
2376.48
2314.73
2252.98
2191.23
2129.48
2067.74
2006
1944.27
1882.53
1820.8
1759.07
1697.34
1635.61
1573.88
1512.15
1450.43
1388.7
1326.98
1265.25
1203.53
1141.81
1080.09
1018.37
956.645
894.443
826.434
746.868
653.782
544.878
417.467
268.412
94.0097
4948.74
4757.54
4657.7
4544.83
4445.68
4353.46
4268.38
4189.79
4117.14
4049.97
3986.54
3924.27
3862.05
3799.88
3737.74
3675.65
3613.59
3551.57
3489.57
3427.6
3365.65
3303.73
3241.83
3179.94
3118.07
3056.22
2994.38
2932.55
2870.73
2808.92
2747.13
2685.34
2623.55
2561.78
2500.01
2438.24
2376.48
2314.73
2252.98
2191.23
2129.48
2067.74
2006
1944.27
1882.53
1820.8
1759.07
1697.34
1635.61
1573.88
1512.15
1450.43
1388.7
1326.98
1265.25
1203.53
1141.81
1080.09
1018.37
956.645
894.443
826.434
746.868
653.782
544.878
417.467
268.412
94.0097
4947.24
4757.17
4657.05
4544.6
4445.48
4353.36
4268.32
4189.76
4117.13
4049.96
3986.55
3924.28
3862.06
3799.89
3737.76
3675.67
3613.61
3551.58
3489.58
3427.61
3365.67
3303.74
3241.84
3179.95
3118.08
3056.22
2994.38
2932.55
2870.74
2808.93
2747.13
2685.34
2623.56
2561.78
2500.01
2438.24
2376.48
2314.73
2252.98
2191.23
2129.48
2067.74
2006
1944.27
1882.53
1820.8
1759.07
1697.34
1635.61
1573.88
1512.15
1450.43
1388.7
1326.98
1265.25
1203.53
1141.81
1080.09
1018.37
956.646
894.443
826.434
746.868
653.782
544.878
417.467
268.412
94.0099
4943.83
4755.91
4655.82
4544.05
4445.1
4353.15
4268.21
4189.7
4117.11
4049.96
3986.56
3924.3
3862.08
3799.91
3737.78
3675.69
3613.63
3551.6
3489.6
3427.63
3365.68
3303.75
3241.85
3179.96
3118.09
3056.23
2994.39
2932.56
2870.74
2808.93
2747.13
2685.34
2623.56
2561.78
2500.01
2438.25
2376.49
2314.73
2252.98
2191.23
2129.48
2067.74
2006
1944.27
1882.53
1820.8
1759.07
1697.34
1635.61
1573.88
1512.15
1450.43
1388.7
1326.98
1265.25
1203.53
1141.81
1080.09
1018.37
956.646
894.443
826.434
746.868
653.782
544.878
417.467
268.412
94.0103
4938.12
4753.78
4653.99
4543.19
4444.56
4352.85
4268.04
4189.62
4117.07
4049.95
3986.57
3924.32
3862.11
3799.94
3737.81
3675.71
3613.65
3551.62
3489.62
3427.64
3365.69
3303.76
3241.86
3179.97
3118.09
3056.24
2994.39
2932.56
2870.74
2808.93
2747.13
2685.34
2623.56
2561.78
2500.01
2438.25
2376.49
2314.73
2252.98
2191.23
2129.49
2067.74
2006
1944.27
1882.53
1820.8
1759.07
1697.34
1635.61
1573.88
1512.15
1450.43
1388.7
1326.98
1265.25
1203.53
1141.81
1080.09
1018.37
956.646
894.444
826.434
746.868
653.782
544.878
417.467
268.411
94.0111
4930.49
4751.6
4652.24
4542.58
4444.28
4352.79
4268.09
4189.71
4117.18
4050.06
3986.67
3924.41
3862.19
3800.01
3737.87
3675.77
3613.69
3551.66
3489.65
3427.67
3365.71
3303.78
3241.87
3179.98
3118.1
3056.24
2994.4
2932.57
2870.75
2808.94
2747.14
2685.34
2623.56
2561.78
2500.01
2438.25
2376.49
2314.73
2252.98
2191.23
2129.49
2067.74
2006
1944.27
1882.53
1820.8
1759.07
1697.34
1635.61
1573.88
1512.15
1450.43
1388.7
1326.98
1265.25
1203.53
1141.81
1080.09
1018.37
956.646
894.444
826.434
746.868
653.782
544.878
417.468
268.411
94.0121
4919.99
4749
4649.91
4541.71
4443.8
4352.58
4268.01
4189.7
4117.2
4050.1
3986.71
3924.46
3862.23
3800.05
3737.91
3675.8
3613.72
3551.68
3489.67
3427.68
3365.73
3303.79
3241.88
3179.98
3118.11
3056.25
2994.4
2932.57
2870.75
2808.94
2747.14
2685.34
2623.56
2561.78
2500.01
2438.25
2376.49
2314.73
2252.98
2191.23
2129.49
2067.74
2006
1944.27
1882.53
1820.8
1759.07
1697.34
1635.61
1573.88
1512.15
1450.43
1388.7
1326.98
1265.25
1203.53
1141.81
1080.09
1018.37
956.646
894.444
826.434
746.868
653.782
544.878
417.468
268.411
94.0134
4913.62
4754.75
4652.66
4544.86
4446.14
4354.37
4269.36
4190.71
4117.96
4050.69
3987.16
3924.8
3862.49
3800.24
3738.05
3675.9
3613.8
3551.73
3489.71
3427.71
3365.74
3303.8
3241.88
3179.98
3118.11
3056.24
2994.4
2932.56
2870.74
2808.93
2747.13
2685.34
2623.56
2561.78
2500.01
2438.24
2376.48
2314.73
2252.98
2191.23
2129.48
2067.74
2006
1944.27
1882.53
1820.8
1759.07
1697.34
1635.61
1573.88
1512.15
1450.43
1388.7
1326.98
1265.25
1203.53
1141.81
1080.09
1018.37
956.646
894.444
826.434
746.868
653.782
544.878
417.468
268.41
94.0143
4925.77
4756.76
4656.29
4544.88
4446.26
4353.99
4268.88
4190.2
4117.47
4050.23
3986.75
3924.43
3862.17
3799.97
3737.82
3675.71
3613.64
3551.61
3489.61
3427.63
3365.69
3303.76
3241.86
3179.97
3118.1
3056.24
2994.4
2932.57
2870.76
2808.95
2747.15
2685.36
2623.57
2561.8
2500.02
2438.26
2376.5
2314.74
2252.99
2191.24
2129.49
2067.75
2006.01
1944.27
1882.54
1820.8
1759.07
1697.34
1635.61
1573.88
1512.16
1450.43
1388.7
1326.98
1265.26
1203.53
1141.81
1080.09
1018.37
956.647
894.444
826.435
746.869
653.782
544.878
417.467
268.411
94.0124
4923.38
4753.05
4655.41
4543.9
4445.81
4353.69
4268.71
4190.1
4117.42
4050.2
3986.73
3924.42
3862.17
3799.97
3737.82
3675.72
3613.65
3551.61
3489.61
3427.64
3365.69
3303.76
3241.86
3179.97
3118.1
3056.24
2994.4
2932.57
2870.75
2808.95
2747.15
2685.36
2623.57
2561.8
2500.02
2438.26
2376.5
2314.74
2252.99
2191.24
2129.49
2067.75
2006.01
1944.27
1882.54
1820.8
1759.07
1697.34
1635.61
1573.88
1512.16
1450.43
1388.7
1326.98
1265.26
1203.53
1141.81
1080.09
1018.37
956.647
894.444
826.435
746.869
653.782
544.878
417.468
268.411
94.0127
4924.28
4750.69
4654.99
4543.21
4445.49
4353.46
4268.58
4190.02
4117.36
4050.17
3986.71
3924.42
3862.17
3799.97
3737.83
3675.72
3613.65
3551.62
3489.61
3427.64
3365.69
3303.76
3241.86
3179.97
3118.1
3056.24
2994.4
2932.57
2870.75
2808.95
2747.15
2685.36
2623.57
2561.79
2500.02
2438.26
2376.5
2314.74
2252.99
2191.24
2129.49
2067.75
2006.01
1944.27
1882.54
1820.8
1759.07
1697.34
1635.61
1573.88
1512.16
1450.43
1388.7
1326.98
1265.26
1203.53
1141.81
1080.09
1018.37
956.647
894.444
826.435
746.869
653.782
544.879
417.468
268.412
94.0126
4926.91
4749.74
4654.86
4542.84
4445.26
4353.3
4268.47
4189.95
4117.32
4050.14
3986.7
3924.41
3862.17
3799.97
3737.83
3675.72
3613.65
3551.62
3489.61
3427.64
3365.69
3303.76
3241.86
3179.97
3118.1
3056.24
2994.4
2932.57
2870.75
2808.95
2747.15
2685.36
2623.57
2561.79
2500.02
2438.26
2376.5
2314.74
2252.99
2191.24
2129.49
2067.75
2006.01
1944.27
1882.54
1820.8
1759.07
1697.34
1635.61
1573.88
1512.16
1450.43
1388.7
1326.98
1265.26
1203.53
1141.81
1080.09
1018.37
956.647
894.444
826.435
746.869
653.782
544.879
417.468
268.412
94.0123
4930.31
4749.73
4654.97
4542.71
4445.13
4353.2
4268.39
4189.89
4117.28
4050.11
3986.68
3924.4
3862.16
3799.97
3737.83
3675.72
3613.65
3551.62
3489.62
3427.64
3365.69
3303.76
3241.86
3179.97
3118.1
3056.24
2994.4
2932.57
2870.75
2808.95
2747.15
2685.36
2623.57
2561.79
2500.02
2438.26
2376.5
2314.74
2252.99
2191.24
2129.49
2067.75
2006.01
1944.27
1882.54
1820.8
1759.07
1697.34
1635.61
1573.88
1512.16
1450.43
1388.7
1326.98
1265.26
1203.53
1141.81
1080.09
1018.37
956.647
894.444
826.435
746.869
653.782
544.879
417.467
268.412
94.0119
4934.15
4750.47
4655.33
4542.84
4445.12
4353.18
4268.35
4189.86
4117.26
4050.09
3986.67
3924.39
3862.16
3799.97
3737.83
3675.72
3613.66
3551.62
3489.62
3427.64
3365.69
3303.77
3241.86
3179.97
3118.1
3056.24
2994.4
2932.57
2870.75
2808.95
2747.15
2685.36
2623.57
2561.79
2500.02
2438.26
2376.5
2314.74
2252.99
2191.24
2129.49
2067.75
2006.01
1944.27
1882.54
1820.8
1759.07
1697.34
1635.61
1573.88
1512.16
1450.43
1388.7
1326.98
1265.26
1203.53
1141.81
1080.09
1018.37
956.647
894.444
826.435
746.869
653.782
544.879
417.467
268.412
94.0114
4938.09
4751.76
4655.91
4543.18
4445.21
4353.23
4268.36
4189.86
4117.25
4050.09
3986.66
3924.39
3862.16
3799.97
3737.83
3675.73
3613.66
3551.63
3489.62
3427.65
3365.7
3303.77
3241.86
3179.97
3118.1
3056.25
2994.4
2932.57
2870.76
2808.95
2747.15
2685.36
2623.57
2561.79
2500.02
2438.26
2376.5
2314.74
2252.99
2191.24
2129.49
2067.75
2006.01
1944.27
1882.54
1820.8
1759.07
1697.34
1635.61
1573.88
1512.16
1450.43
1388.7
1326.98
1265.26
1203.53
1141.81
1080.09
1018.37
956.646
894.444
826.435
746.869
653.782
544.879
417.467
268.412
94.0109
4941.83
4753.35
4656.6
4543.66
4445.4
4353.34
4268.41
4189.88
4117.26
4050.09
3986.67
3924.39
3862.16
3799.97
3737.83
3675.73
3613.66
3551.63
3489.63
3427.65
3365.7
3303.77
3241.87
3179.98
3118.11
3056.25
2994.41
2932.58
2870.76
2808.95
2747.15
2685.36
2623.57
2561.79
2500.02
2438.26
2376.5
2314.74
2252.99
2191.24
2129.49
2067.75
2006.01
1944.27
1882.54
1820.8
1759.07
1697.34
1635.61
1573.88
1512.16
1450.43
1388.7
1326.98
1265.26
1203.53
1141.81
1080.09
1018.37
956.646
894.444
826.435
746.869
653.782
544.879
417.467
268.412
94.0104
4945.08
4754.99
4657.3
4544.2
4445.63
4353.48
4268.49
4189.93
4117.29
4050.11
3986.68
3924.4
3862.16
3799.98
3737.84
3675.74
3613.67
3551.64
3489.63
3427.66
3365.71
3303.78
3241.87
3179.98
3118.11
3056.25
2994.41
2932.58
2870.76
2808.95
2747.15
2685.36
2623.57
2561.8
2500.02
2438.26
2376.5
2314.74
2252.99
2191.24
2129.49
2067.75
2006.01
1944.27
1882.54
1820.8
1759.07
1697.34
1635.61
1573.88
1512.16
1450.43
1388.7
1326.98
1265.26
1203.53
1141.81
1080.09
1018.37
956.646
894.444
826.435
746.869
653.782
544.879
417.467
268.412
94.0099
4947.58
4756.46
4657.88
4544.7
4445.84
4353.62
4268.57
4189.98
4117.32
4050.13
3986.69
3924.41
3862.17
3799.99
3737.85
3675.74
3613.68
3551.64
3489.64
3427.66
3365.71
3303.78
3241.87
3179.98
3118.11
3056.25
2994.41
2932.58
2870.76
2808.95
2747.15
2685.36
2623.57
2561.8
2500.02
2438.26
2376.5
2314.74
2252.99
2191.24
2129.49
2067.75
2006.01
1944.27
1882.54
1820.8
1759.07
1697.34
1635.61
1573.88
1512.16
1450.43
1388.7
1326.98
1265.26
1203.53
1141.81
1080.09
1018.37
956.646
894.444
826.435
746.869
653.782
544.879
417.467
268.412
94.0096
4949.04
4757.51
4658.18
4545.05
4445.98
4353.72
4268.62
4190.01
4117.34
4050.15
3986.71
3924.42
3862.19
3800
3737.86
3675.75
3613.69
3551.65
3489.65
3427.67
3365.72
3303.79
3241.88
3179.99
3118.12
3056.26
2994.41
2932.58
2870.76
2808.95
2747.15
2685.36
2623.57
2561.8
2500.02
2438.26
2376.5
2314.74
2252.99
2191.24
2129.49
2067.75
2006.01
1944.27
1882.54
1820.8
1759.07
1697.34
1635.61
1573.88
1512.16
1450.43
1388.7
1326.98
1265.26
1203.53
1141.81
1080.09
1018.37
956.646
894.444
826.435
746.869
653.782
544.879
417.467
268.412
94.0094
4949.18
4757.94
4658.06
4545.15
4445.97
4353.73
4268.63
4190.02
4117.35
4050.16
3986.72
3924.43
3862.2
3800.01
3737.87
3675.77
3613.7
3551.66
3489.66
3427.68
3365.73
3303.8
3241.89
3180
3118.12
3056.26
2994.42
2932.59
2870.76
2808.95
2747.15
2685.36
2623.58
2561.8
2500.03
2438.26
2376.5
2314.74
2252.99
2191.24
2129.49
2067.75
2006.01
1944.27
1882.54
1820.8
1759.07
1697.34
1635.61
1573.88
1512.16
1450.43
1388.7
1326.98
1265.26
1203.53
1141.81
1080.09
1018.37
956.646
894.444
826.435
746.869
653.782
544.879
417.467
268.412
94.0093
4947.69
4757.56
4657.41
4544.93
4445.78
4353.63
4268.57
4189.99
4117.34
4050.16
3986.72
3924.44
3862.21
3800.03
3737.89
3675.78
3613.71
3551.68
3489.67
3427.69
3365.74
3303.81
3241.9
3180
3118.13
3056.27
2994.42
2932.59
2870.77
2808.96
2747.16
2685.36
2623.58
2561.8
2500.03
2438.26
2376.5
2314.74
2252.99
2191.24
2129.49
2067.75
2006.01
1944.27
1882.54
1820.8
1759.07
1697.34
1635.61
1573.88
1512.16
1450.43
1388.7
1326.98
1265.26
1203.53
1141.81
1080.09
1018.37
956.646
894.444
826.435
746.869
653.782
544.879
417.467
268.412
94.0095
4944.27
4756.3
4656.18
4544.38
4445.4
4353.42
4268.46
4189.93
4117.31
4050.15
3986.73
3924.46
3862.23
3800.05
3737.91
3675.8
3613.74
3551.7
3489.69
3427.71
3365.75
3303.82
3241.91
3180.01
3118.14
3056.27
2994.43
2932.59
2870.77
2808.96
2747.16
2685.36
2623.58
2561.8
2500.03
2438.26
2376.5
2314.74
2252.99
2191.24
2129.49
2067.75
2006.01
1944.27
1882.54
1820.8
1759.07
1697.34
1635.61
1573.88
1512.16
1450.43
1388.7
1326.98
1265.26
1203.53
1141.81
1080.09
1018.37
956.647
894.444
826.435
746.869
653.782
544.879
417.467
268.412
94.01
4938.57
4754.17
4654.36
4543.52
4444.85
4353.12
4268.29
4189.84
4117.28
4050.15
3986.74
3924.48
3862.26
3800.08
3737.94
3675.83
3613.76
3551.72
3489.71
3427.72
3365.77
3303.83
3241.92
3180.02
3118.14
3056.28
2994.43
2932.6
2870.78
2808.96
2747.16
2685.37
2623.58
2561.8
2500.03
2438.26
2376.5
2314.74
2252.99
2191.24
2129.49
2067.75
2006.01
1944.27
1882.54
1820.8
1759.07
1697.34
1635.61
1573.88
1512.16
1450.43
1388.7
1326.98
1265.26
1203.53
1141.81
1080.09
1018.37
956.647
894.444
826.435
746.869
653.782
544.879
417.468
268.412
94.0108
4930.94
4751.99
4652.6
4542.91
4444.57
4353.06
4268.34
4189.93
4117.38
4050.25
3986.84
3924.57
3862.34
3800.15
3738
3675.88
3613.8
3551.75
3489.74
3427.75
3365.78
3303.85
3241.93
3180.03
3118.15
3056.29
2994.44
2932.6
2870.78
2808.97
2747.16
2685.37
2623.58
2561.8
2500.03
2438.26
2376.5
2314.74
2252.99
2191.24
2129.49
2067.75
2006.01
1944.27
1882.54
1820.8
1759.07
1697.34
1635.61
1573.88
1512.16
1450.43
1388.7
1326.98
1265.26
1203.53
1141.81
1080.09
1018.37
956.647
894.445
826.435
746.869
653.782
544.879
417.468
268.411
94.0119
4920.44
4749.4
4650.27
4542.04
4444.1
4352.86
4268.26
4189.92
4117.41
4050.29
3986.89
3924.62
3862.38
3800.19
3738.03
3675.91
3613.83
3551.78
3489.76
3427.76
3365.8
3303.86
3241.94
3180.04
3118.16
3056.29
2994.44
2932.6
2870.78
2808.97
2747.16
2685.37
2623.58
2561.8
2500.03
2438.26
2376.5
2314.74
2252.99
2191.24
2129.49
2067.75
2006.01
1944.27
1882.54
1820.8
1759.07
1697.34
1635.61
1573.88
1512.16
1450.43
1388.7
1326.98
1265.26
1203.53
1141.81
1080.09
1018.37
956.647
894.445
826.435
746.869
653.783
544.879
417.468
268.411
94.0132
4914.06
4755.14
4653.02
4545.18
4446.44
4354.64
4269.6
4190.93
4118.17
4050.88
3987.34
3924.96
3862.64
3800.38
3738.18
3676.02
3613.9
3551.83
3489.79
3427.79
3365.81
3303.87
3241.94
3180.04
3118.16
3056.29
2994.44
2932.6
2870.78
2808.96
2747.16
2685.36
2623.58
2561.8
2500.03
2438.26
2376.5
2314.74
2252.99
2191.24
2129.49
2067.75
2006.01
1944.27
1882.54
1820.8
1759.07
1697.34
1635.61
1573.88
1512.16
1450.43
1388.7
1326.98
1265.26
1203.53
1141.81
1080.09
1018.37
956.647
894.445
826.435
746.869
653.783
544.879
417.468
268.411
94.0141
4926.14
4757.08
4656.59
4545.15
4446.5
4354.21
4269.09
4190.39
4117.64
4050.39
3986.89
3924.56
3862.3
3800.09
3737.92
3675.81
3613.73
3551.69
3489.68
3427.7
3365.75
3303.82
3241.91
3180.01
3118.14
3056.28
2994.44
2932.6
2870.78
2808.97
2747.17
2685.38
2623.59
2561.81
2500.04
2438.27
2376.51
2314.75
2253
2191.25
2129.5
2067.76
2006.02
1944.28
1882.54
1820.81
1759.07
1697.34
1635.61
1573.89
1512.16
1450.43
1388.71
1326.98
1265.26
1203.53
1141.81
1080.09
1018.37
956.647
894.445
826.435
746.869
653.783
544.879
417.468
268.411
94.0122
4923.75
4753.37
4655.71
4544.17
4446.06
4353.91
4268.92
4190.29
4117.59
4050.36
3986.88
3924.56
3862.3
3800.09
3737.93
3675.81
3613.73
3551.69
3489.68
3427.7
3365.75
3303.82
3241.91
3180.01
3118.14
3056.28
2994.44
2932.6
2870.78
2808.97
2747.17
2685.38
2623.59
2561.81
2500.04
2438.27
2376.51
2314.75
2253
2191.25
2129.5
2067.76
2006.02
1944.28
1882.54
1820.81
1759.07
1697.34
1635.61
1573.88
1512.16
1450.43
1388.71
1326.98
1265.26
1203.53
1141.81
1080.09
1018.37
956.647
894.445
826.435
746.869
653.783
544.879
417.468
268.411
94.0125
4924.64
4751.01
4655.29
4543.48
4445.73
4353.69
4268.78
4190.21
4117.54
4050.32
3986.86
3924.55
3862.29
3800.09
3737.93
3675.81
3613.74
3551.7
3489.69
3427.7
3365.75
3303.82
3241.91
3180.01
3118.14
3056.28
2994.44
2932.6
2870.78
2808.97
2747.17
2685.38
2623.59
2561.81
2500.04
2438.27
2376.51
2314.75
2253
2191.25
2129.5
2067.76
2006.02
1944.28
1882.54
1820.81
1759.07
1697.34
1635.61
1573.88
1512.16
1450.43
1388.71
1326.98
1265.26
1203.53
1141.81
1080.09
1018.37
956.647
894.445
826.435
746.869
653.783
544.879
417.468
268.412
94.0124
4927.27
4750.06
4655.16
4543.11
4445.51
4353.53
4268.67
4190.13
4117.49
4050.29
3986.84
3924.54
3862.29
3800.09
3737.93
3675.82
3613.74
3551.7
3489.69
3427.71
3365.75
3303.82
3241.91
3180.01
3118.14
3056.28
2994.44
2932.6
2870.78
2808.97
2747.17
2685.38
2623.59
2561.81
2500.04
2438.27
2376.51
2314.75
2253
2191.25
2129.5
2067.76
2006.02
1944.28
1882.54
1820.81
1759.07
1697.34
1635.61
1573.88
1512.16
1450.43
1388.71
1326.98
1265.26
1203.53
1141.81
1080.09
1018.37
956.647
894.445
826.435
746.869
653.783
544.879
417.468
268.412
94.0121
4930.67
4750.05
4655.27
4542.98
4445.38
4353.43
4268.59
4190.08
4117.45
4050.27
3986.83
3924.53
3862.28
3800.09
3737.93
3675.82
3613.74
3551.7
3489.69
3427.71
3365.75
3303.82
3241.91
3180.02
3118.14
3056.28
2994.44
2932.6
2870.78
2808.97
2747.17
2685.38
2623.59
2561.81
2500.04
2438.27
2376.51
2314.75
2253
2191.25
2129.5
2067.76
2006.02
1944.28
1882.54
1820.81
1759.07
1697.34
1635.61
1573.88
1512.16
1450.43
1388.71
1326.98
1265.26
1203.53
1141.81
1080.09
1018.37
956.647
894.445
826.435
746.869
653.783
544.879
417.468
268.412
94.0117
4934.51
4750.79
4655.63
4543.11
4445.36
4353.4
4268.56
4190.05
4117.43
4050.25
3986.81
3924.52
3862.28
3800.08
3737.93
3675.82
3613.74
3551.7
3489.69
3427.71
3365.75
3303.82
3241.91
3180.02
3118.14
3056.28
2994.44
2932.6
2870.78
2808.97
2747.17
2685.38
2623.59
2561.81
2500.04
2438.27
2376.51
2314.75
2253
2191.25
2129.5
2067.76
2006.02
1944.28
1882.54
1820.81
1759.07
1697.34
1635.61
1573.88
1512.16
1450.43
1388.71
1326.98
1265.26
1203.53
1141.81
1080.09
1018.37
956.647
894.445
826.435
746.869
653.783
544.879
417.468
268.412
94.0112
4938.46
4752.08
4656.2
4543.45
4445.46
4353.45
4268.57
4190.05
4117.42
4050.25
3986.81
3924.52
3862.28
3800.08
3737.93
3675.82
3613.75
3551.71
3489.7
3427.71
3365.76
3303.82
3241.91
3180.02
3118.14
3056.28
2994.44
2932.6
2870.78
2808.97
2747.17
2685.38
2623.59
2561.81
2500.04
2438.27
2376.51
2314.75
2253
2191.25
2129.5
2067.76
2006.02
1944.28
1882.54
1820.81
1759.07
1697.34
1635.61
1573.88
1512.16
1450.43
1388.71
1326.98
1265.26
1203.53
1141.81
1080.09
1018.37
956.647
894.445
826.435
746.869
653.783
544.879
417.468
268.412
94.0106
4942.19
4753.67
4656.9
4543.93
4445.64
4353.56
4268.62
4190.07
4117.43
4050.25
3986.81
3924.52
3862.28
3800.09
3737.94
3675.83
3613.75
3551.71
3489.7
3427.72
3365.76
3303.83
3241.92
3180.02
3118.15
3056.29
2994.44
2932.61
2870.78
2808.97
2747.17
2685.38
2623.59
2561.81
2500.04
2438.27
2376.51
2314.75
2253
2191.25
2129.5
2067.76
2006.02
1944.28
1882.54
1820.81
1759.07
1697.34
1635.61
1573.88
1512.16
1450.43
1388.71
1326.98
1265.26
1203.53
1141.81
1080.09
1018.37
956.647
894.445
826.435
746.869
653.783
544.879
417.467
268.412
94.0101
4945.44
4755.32
4657.6
4544.47
4445.87
4353.7
4268.69
4190.11
4117.46
4050.27
3986.82
3924.53
3862.29
3800.09
3737.94
3675.83
3613.76
3551.72
3489.71
3427.72
3365.77
3303.83
3241.92
3180.03
3118.15
3056.29
2994.44
2932.61
2870.78
2808.97
2747.17
2685.38
2623.59
2561.81
2500.04
2438.27
2376.51
2314.75
2253
2191.25
2129.5
2067.76
2006.02
1944.28
1882.54
1820.81
1759.07
1697.34
1635.61
1573.88
1512.16
1450.43
1388.71
1326.98
1265.26
1203.53
1141.81
1080.09
1018.37
956.647
894.445
826.435
746.869
653.783
544.879
417.468
268.412
94.0096
4947.94
4756.78
4658.18
4544.97
4446.09
4353.85
4268.77
4190.16
4117.49
4050.29
3986.84
3924.54
3862.3
3800.1
3737.95
3675.84
3613.76
3551.72
3489.71
3427.73
3365.77
3303.84
3241.92
3180.03
3118.15
3056.29
2994.44
2932.61
2870.79
2808.97
2747.17
2685.38
2623.59
2561.81
2500.04
2438.27
2376.51
2314.75
2253
2191.25
2129.5
2067.76
2006.02
1944.28
1882.54
1820.81
1759.07
1697.34
1635.61
1573.88
1512.16
1450.43
1388.71
1326.98
1265.26
1203.53
1141.81
1080.09
1018.37
956.647
894.445
826.435
746.869
653.783
544.879
417.468
268.412
94.0093
4949.41
4757.83
4658.48
4545.32
4446.22
4353.94
4268.83
4190.2
4117.51
4050.3
3986.85
3924.55
3862.31
3800.11
3737.96
3675.85
3613.77
3551.73
3489.72
3427.74
3365.78
3303.84
3241.93
3180.03
3118.16
3056.29
2994.45
2932.61
2870.79
2808.98
2747.17
2685.38
2623.59
2561.81
2500.04
2438.27
2376.51
2314.75
2253
2191.25
2129.5
2067.76
2006.02
1944.28
1882.54
1820.81
1759.07
1697.34
1635.61
1573.88
1512.16
1450.43
1388.71
1326.98
1265.26
1203.53
1141.81
1080.09
1018.37
956.647
894.445
826.435
746.869
653.783
544.879
417.468
268.412
94.0091
4949.55
4758.26
4658.36
4545.42
4446.22
4353.95
4268.83
4190.2
4117.52
4050.31
3986.86
3924.57
3862.32
3800.13
3737.97
3675.86
3613.79
3551.74
3489.73
3427.75
3365.79
3303.85
3241.94
3180.04
3118.16
3056.3
2994.45
2932.62
2870.79
2808.98
2747.18
2685.38
2623.59
2561.81
2500.04
2438.27
2376.51
2314.75
2253
2191.25
2129.5
2067.76
2006.02
1944.28
1882.54
1820.81
1759.07
1697.34
1635.61
1573.89
1512.16
1450.43
1388.71
1326.98
1265.26
1203.53
1141.81
1080.09
1018.37
956.647
894.445
826.435
746.869
653.783
544.879
417.468
268.412
94.009
4948.06
4757.88
4657.71
4545.2
4446.02
4353.85
4268.77
4190.17
4117.51
4050.31
3986.87
3924.58
3862.34
3800.14
3737.99
3675.88
3613.8
3551.76
3489.74
3427.76
3365.8
3303.86
3241.95
3180.05
3118.17
3056.31
2994.46
2932.62
2870.8
2808.98
2747.18
2685.38
2623.6
2561.82
2500.04
2438.27
2376.51
2314.75
2253
2191.25
2129.5
2067.76
2006.02
1944.28
1882.54
1820.81
1759.07
1697.34
1635.61
1573.89
1512.16
1450.43
1388.71
1326.98
1265.26
1203.53
1141.81
1080.09
1018.37
956.647
894.445
826.435
746.869
653.783
544.879
417.468
268.412
94.0092
4944.64
4756.63
4656.48
4544.65
4445.65
4353.64
4268.66
4190.11
4117.48
4050.31
3986.88
3924.59
3862.36
3800.16
3738.01
3675.9
3613.82
3551.78
3489.76
3427.77
3365.81
3303.87
3241.96
3180.06
3118.18
3056.31
2994.46
2932.62
2870.8
2808.98
2747.18
2685.38
2623.6
2561.82
2500.04
2438.27
2376.51
2314.75
2253
2191.25
2129.5
2067.76
2006.02
1944.28
1882.54
1820.81
1759.07
1697.34
1635.61
1573.89
1512.16
1450.43
1388.71
1326.98
1265.26
1203.53
1141.81
1080.09
1018.37
956.647
894.445
826.435
746.869
653.783
544.879
417.468
268.412
94.0097
4938.94
4754.49
4654.65
4543.79
4445.1
4353.34
4268.49
4190.03
4117.45
4050.3
3986.89
3924.61
3862.38
3800.19
3738.04
3675.93
3613.85
3551.8
3489.78
3427.79
3365.83
3303.89
3241.97
3180.07
3118.18
3056.32
2994.47
2932.63
2870.8
2808.99
2747.18
2685.39
2623.6
2561.82
2500.04
2438.28
2376.51
2314.75
2253
2191.25
2129.5
2067.76
2006.02
1944.28
1882.54
1820.81
1759.07
1697.34
1635.61
1573.89
1512.16
1450.43
1388.71
1326.98
1265.26
1203.54
1141.81
1080.09
1018.37
956.648
894.445
826.435
746.869
653.783
544.879
417.468
268.412
94.0105
4931.3
4752.31
4652.9
4543.18
4444.82
4353.29
4268.54
4190.12
4117.55
4050.41
3986.99
3924.71
3862.46
3800.26
3738.1
3675.98
3613.89
3551.83
3489.81
3427.81
3365.85
3303.9
3241.98
3180.08
3118.19
3056.32
2994.47
2932.63
2870.81
2808.99
2747.18
2685.39
2623.6
2561.82
2500.04
2438.28
2376.51
2314.75
2253
2191.25
2129.5
2067.76
2006.02
1944.28
1882.54
1820.81
1759.07
1697.34
1635.61
1573.89
1512.16
1450.43
1388.71
1326.98
1265.26
1203.54
1141.81
1080.09
1018.37
956.648
894.445
826.436
746.869
653.783
544.879
417.468
268.412
94.0117
4920.8
4749.72
4650.56
4542.31
4444.34
4353.08
4268.46
4190.11
4117.58
4050.45
3987.03
3924.75
3862.51
3800.3
3738.14
3676.01
3613.92
3551.86
3489.83
3427.83
3365.86
3303.91
3241.99
3180.08
3118.2
3056.33
2994.47
2932.63
2870.81
2808.99
2747.19
2685.39
2623.6
2561.82
2500.04
2438.28
2376.51
2314.75
2253
2191.25
2129.5
2067.76
2006.02
1944.28
1882.54
1820.81
1759.07
1697.34
1635.61
1573.89
1512.16
1450.43
1388.71
1326.98
1265.26
1203.54
1141.81
1080.09
1018.37
956.648
894.445
826.436
746.869
653.783
544.879
417.468
268.411
94.013
4914.42
4755.46
4653.32
4545.45
4446.68
4354.86
4269.81
4191.12
4118.34
4051.03
3987.48
3925.09
3862.76
3800.49
3738.28
3676.11
3613.99
3551.91
3489.87
3427.86
3365.87
3303.92
3241.99
3180.08
3118.2
3056.33
2994.47
2932.63
2870.8
2808.99
2747.18
2685.38
2623.6
2561.82
2500.04
2438.27
2376.51
2314.75
2253
2191.25
2129.5
2067.76
2006.02
1944.28
1882.54
1820.81
1759.07
1697.34
1635.61
1573.89
1512.16
1450.43
1388.71
1326.98
1265.26
1203.54
1141.81
1080.09
1018.37
956.648
894.445
826.436
746.869
653.783
544.879
417.468
268.411
94.0139
4926.42
4757.33
4656.82
4545.36
4446.69
4354.38
4269.25
4190.53
4117.78
4050.51
3987.01
3924.67
3862.39
3800.17
3738
3675.88
3613.8
3551.75
3489.74
3427.75
3365.79
3303.86
3241.94
3180.05
3118.17
3056.31
2994.46
2932.63
2870.8
2808.99
2747.19
2685.39
2623.61
2561.82
2500.05
2438.28
2376.52
2314.76
2253.01
2191.26
2129.51
2067.76
2006.02
1944.28
1882.55
1820.81
1759.08
1697.35
1635.62
1573.89
1512.16
1450.43
1388.71
1326.98
1265.26
1203.54
1141.81
1080.09
1018.37
956.648
894.445
826.436
746.87
653.783
544.879
417.468
268.411
94.012
4924.03
4753.63
4655.94
4544.38
4446.25
4354.09
4269.08
4190.44
4117.72
4050.48
3986.99
3924.66
3862.39
3800.18
3738.01
3675.89
3613.8
3551.76
3489.74
3427.75
3365.79
3303.86
3241.94
3180.05
3118.17
3056.31
2994.46
2932.63
2870.8
2808.99
2747.19
2685.39
2623.6
2561.82
2500.05
2438.28
2376.52
2314.76
2253.01
2191.25
2129.51
2067.76
2006.02
1944.28
1882.55
1820.81
1759.08
1697.35
1635.62
1573.89
1512.16
1450.43
1388.71
1326.98
1265.26
1203.54
1141.81
1080.09
1018.37
956.648
894.445
826.436
746.87
653.783
544.879
417.468
268.411
94.0123
4924.93
4751.26
4655.52
4543.69
4445.92
4353.86
4268.94
4190.35
4117.67
4050.45
3986.97
3924.65
3862.39
3800.18
3738.01
3675.89
3613.81
3551.76
3489.74
3427.76
3365.8
3303.86
3241.94
3180.05
3118.17
3056.31
2994.46
2932.63
2870.8
2808.99
2747.19
2685.39
2623.6
2561.82
2500.05
2438.28
2376.52
2314.76
2253.01
2191.25
2129.51
2067.76
2006.02
1944.28
1882.55
1820.81
1759.08
1697.35
1635.62
1573.89
1512.16
1450.43
1388.71
1326.98
1265.26
1203.54
1141.81
1080.09
1018.37
956.648
894.445
826.436
746.869
653.783
544.879
417.468
268.412
94.0122
4927.55
4750.31
4655.39
4543.31
4445.7
4353.7
4268.83
4190.28
4117.62
4050.42
3986.96
3924.64
3862.39
3800.18
3738.01
3675.89
3613.81
3551.76
3489.74
3427.76
3365.8
3303.86
3241.95
3180.05
3118.17
3056.31
2994.46
2932.63
2870.8
2808.99
2747.19
2685.39
2623.6
2561.82
2500.05
2438.28
2376.52
2314.76
2253
2191.25
2129.51
2067.76
2006.02
1944.28
1882.55
1820.81
1759.08
1697.35
1635.62
1573.89
1512.16
1450.43
1388.71
1326.98
1265.26
1203.54
1141.81
1080.09
1018.37
956.648
894.445
826.436
746.869
653.783
544.879
417.468
268.412
94.0119
4930.96
4750.3
4655.5
4543.19
4445.57
4353.6
4268.75
4190.22
4117.58
4050.39
3986.94
3924.63
3862.38
3800.17
3738.01
3675.89
3613.81
3551.76
3489.75
3427.76
3365.8
3303.86
3241.95
3180.05
3118.17
3056.31
2994.46
2932.63
2870.8
2808.99
2747.19
2685.39
2623.6
2561.82
2500.05
2438.28
2376.52
2314.76
2253
2191.25
2129.51
2067.76
2006.02
1944.28
1882.55
1820.81
1759.08
1697.35
1635.62
1573.89
1512.16
1450.43
1388.71
1326.98
1265.26
1203.54
1141.81
1080.09
1018.37
956.648
894.445
826.436
746.869
653.783
544.879
417.468
268.412
94.0115
4934.8
4751.04
4655.86
4543.32
4445.55
4353.57
4268.72
4190.19
4117.56
4050.37
3986.93
3924.63
3862.38
3800.17
3738.01
3675.89
3613.81
3551.77
3489.75
3427.76
3365.8
3303.86
3241.95
3180.05
3118.17
3056.31
2994.46
2932.63
2870.8
2808.99
2747.19
2685.39
2623.6
2561.82
2500.05
2438.28
2376.52
2314.76
2253
2191.25
2129.51
2067.76
2006.02
1944.28
1882.54
1820.81
1759.08
1697.35
1635.62
1573.89
1512.16
1450.43
1388.71
1326.98
1265.26
1203.54
1141.81
1080.09
1018.37
956.648
894.445
826.436
746.869
653.783
544.879
417.468
268.412
94.011
4938.74
4752.33
4656.43
4543.66
4445.65
4353.62
4268.72
4190.19
4117.55
4050.37
3986.92
3924.62
3862.38
3800.17
3738.01
3675.9
3613.82
3551.77
3489.75
3427.77
3365.8
3303.87
3241.95
3180.05
3118.18
3056.31
2994.46
2932.63
2870.8
2808.99
2747.19
2685.39
2623.6
2561.82
2500.05
2438.28
2376.52
2314.76
2253
2191.25
2129.51
2067.76
2006.02
1944.28
1882.54
1820.81
1759.08
1697.35
1635.62
1573.89
1512.16
1450.43
1388.71
1326.98
1265.26
1203.54
1141.81
1080.09
1018.37
956.648
894.445
826.436
746.869
653.783
544.879
417.468
268.412
94.0104
4942.48
4753.92
4657.13
4544.14
4445.83
4353.73
4268.77
4190.22
4117.57
4050.37
3986.93
3924.63
3862.38
3800.18
3738.02
3675.9
3613.82
3551.77
3489.76
3427.77
3365.81
3303.87
3241.95
3180.06
3118.18
3056.31
2994.47
2932.63
2870.8
2808.99
2747.19
2685.39
2623.6
2561.82
2500.05
2438.28
2376.52
2314.76
2253
2191.25
2129.51
2067.76
2006.02
1944.28
1882.54
1820.81
1759.08
1697.35
1635.62
1573.89
1512.16
1450.43
1388.71
1326.98
1265.26
1203.54
1141.81
1080.09
1018.37
956.648
894.445
826.436
746.869
653.783
544.879
417.468
268.412
94.0099
4945.73
4755.56
4657.83
4544.68
4446.06
4353.88
4268.85
4190.26
4117.59
4050.39
3986.94
3924.63
3862.38
3800.18
3738.02
3675.91
3613.83
3551.78
3489.76
3427.77
3365.81
3303.87
3241.96
3180.06
3118.18
3056.32
2994.47
2932.63
2870.81
2808.99
2747.19
2685.39
2623.6
2561.82
2500.05
2438.28
2376.52
2314.76
2253
2191.25
2129.51
2067.76
2006.02
1944.28
1882.54
1820.81
1759.08
1697.35
1635.62
1573.89
1512.16
1450.43
1388.71
1326.98
1265.26
1203.54
1141.81
1080.09
1018.37
956.648
894.445
826.436
746.869
653.783
544.879
417.468
268.412
94.0094
4948.22
4757.03
4658.41
4545.18
4446.28
4354.02
4268.93
4190.31
4117.62
4050.41
3986.95
3924.65
3862.39
3800.19
3738.03
3675.91
3613.83
3551.79
3489.77
3427.78
3365.82
3303.88
3241.96
3180.06
3118.18
3056.32
2994.47
2932.63
2870.81
2808.99
2747.19
2685.39
2623.61
2561.82
2500.05
2438.28
2376.52
2314.76
2253
2191.25
2129.51
2067.76
2006.02
1944.28
1882.54
1820.81
1759.08
1697.35
1635.62
1573.89
1512.16
1450.43
1388.71
1326.98
1265.26
1203.54
1141.81
1080.09
1018.37
956.648
894.445
826.436
746.869
653.783
544.879
417.468
268.413
94.009
4949.69
4758.08
4658.71
4545.53
4446.41
4354.12
4268.99
4190.34
4117.64
4050.43
3986.96
3924.66
3862.41
3800.2
3738.04
3675.92
3613.84
3551.79
3489.78
3427.79
3365.83
3303.89
3241.97
3180.07
3118.19
3056.32
2994.47
2932.64
2870.81
2809
2747.19
2685.39
2623.61
2561.83
2500.05
2438.28
2376.52
2314.76
2253
2191.25
2129.51
2067.76
2006.02
1944.28
1882.54
1820.81
1759.08
1697.35
1635.62
1573.89
1512.16
1450.43
1388.71
1326.98
1265.26
1203.54
1141.81
1080.09
1018.37
956.648
894.445
826.436
746.869
653.783
544.879
417.468
268.412
94.0088
4949.83
4758.51
4658.59
4545.63
4446.41
4354.13
4268.99
4190.35
4117.65
4050.44
3986.98
3924.67
3862.42
3800.22
3738.06
3675.94
3613.85
3551.81
3489.79
3427.8
3365.83
3303.89
3241.98
3180.08
3118.19
3056.33
2994.48
2932.64
2870.81
2809
2747.19
2685.4
2623.61
2561.83
2500.05
2438.28
2376.52
2314.76
2253
2191.25
2129.51
2067.76
2006.02
1944.28
1882.54
1820.81
1759.08
1697.35
1635.62
1573.89
1512.16
1450.43
1388.71
1326.98
1265.26
1203.54
1141.81
1080.09
1018.37
956.648
894.445
826.436
746.869
653.783
544.879
417.468
268.412
94.0088
4948.34
4758.13
4657.94
4545.41
4446.21
4354.02
4268.93
4190.32
4117.64
4050.44
3986.98
3924.68
3862.43
3800.23
3738.07
3675.95
3613.87
3551.82
3489.8
3427.81
3365.85
3303.9
3241.98
3180.08
3118.2
3056.33
2994.48
2932.64
2870.82
2809
2747.2
2685.4
2623.61
2561.83
2500.05
2438.28
2376.52
2314.76
2253.01
2191.25
2129.51
2067.76
2006.02
1944.28
1882.54
1820.81
1759.08
1697.35
1635.62
1573.89
1512.16
1450.43
1388.71
1326.98
1265.26
1203.54
1141.81
1080.09
1018.37
956.648
894.445
826.436
746.869
653.783
544.879
417.468
268.412
94.009
4944.92
4756.88
4656.71
4544.86
4445.84
4353.82
4268.82
4190.26
4117.62
4050.43
3986.99
3924.7
3862.45
3800.25
3738.09
3675.97
3613.89
3551.84
3489.82
3427.83
3365.86
3303.92
3241.99
3180.09
3118.21
3056.34
2994.49
2932.65
2870.82
2809
2747.2
2685.4
2623.61
2561.83
2500.05
2438.28
2376.52
2314.76
2253.01
2191.26
2129.51
2067.76
2006.02
1944.28
1882.55
1820.81
1759.08
1697.35
1635.62
1573.89
1512.16
1450.43
1388.71
1326.98
1265.26
1203.54
1141.81
1080.09
1018.37
956.648
894.445
826.436
746.869
653.783
544.879
417.468
268.412
94.0095
4939.22
4754.74
4654.88
4544
4445.29
4353.52
4268.65
4190.18
4117.58
4050.43
3987
3924.72
3862.48
3800.28
3738.12
3676
3613.91
3551.86
3489.84
3427.84
3365.87
3303.93
3242
3180.1
3118.22
3056.35
2994.49
2932.65
2870.82
2809.01
2747.2
2685.4
2623.61
2561.83
2500.05
2438.29
2376.52
2314.76
2253.01
2191.26
2129.51
2067.76
2006.02
1944.28
1882.55
1820.81
1759.08
1697.35
1635.62
1573.89
1512.16
1450.43
1388.71
1326.98
1265.26
1203.54
1141.81
1080.09
1018.37
956.648
894.446
826.436
746.87
653.783
544.879
417.468
268.412
94.0104
4931.59
4752.56
4653.13
4543.39
4445.01
4353.46
4268.7
4190.26
4117.69
4050.53
3987.1
3924.81
3862.56
3800.35
3738.18
3676.05
3613.96
3551.89
3489.87
3427.87
3365.89
3303.94
3242.02
3180.11
3118.22
3056.35
2994.5
2932.66
2870.83
2809.01
2747.2
2685.4
2623.61
2561.83
2500.06
2438.29
2376.52
2314.76
2253.01
2191.26
2129.51
2067.76
2006.02
1944.28
1882.55
1820.81
1759.08
1697.35
1635.62
1573.89
1512.16
1450.43
1388.71
1326.98
1265.26
1203.54
1141.81
1080.09
1018.37
956.648
894.446
826.436
746.87
653.783
544.879
417.468
268.412
94.0115
4921.08
4749.97
4650.79
4542.52
4444.53
4353.25
4268.62
4190.25
4117.71
4050.57
3987.15
3924.86
3862.6
3800.39
3738.22
3676.08
3613.98
3551.92
3489.89
3427.88
3365.91
3303.95
3242.03
3180.12
3118.23
3056.36
2994.5
2932.66
2870.83
2809.01
2747.2
2685.4
2623.61
2561.83
2500.06
2438.29
2376.52
2314.76
2253.01
2191.26
2129.51
2067.76
2006.02
1944.28
1882.55
1820.81
1759.08
1697.35
1635.62
1573.89
1512.16
1450.43
1388.71
1326.98
1265.26
1203.54
1141.81
1080.09
1018.37
956.648
894.446
826.436
746.87
653.783
544.879
417.468
268.411
94.0128
4914.7
4755.71
4653.55
4545.66
4446.87
4355.04
4269.96
4191.26
4118.47
4051.15
3987.59
3925.2
3862.86
3800.58
3738.36
3676.19
3614.06
3551.97
3489.92
3427.91
3365.92
3303.96
3242.03
3180.12
3118.23
3056.35
2994.5
2932.65
2870.82
2809.01
2747.2
2685.4
2623.61
2561.83
2500.05
2438.28
2376.52
2314.76
2253
2191.25
2129.51
2067.76
2006.02
1944.28
1882.54
1820.81
1759.08
1697.35
1635.62
1573.89
1512.16
1450.43
1388.71
1326.98
1265.26
1203.54
1141.81
1080.09
1018.37
956.649
894.446
826.436
746.87
653.783
544.879
417.468
268.411
94.0138
4926.62
4757.51
4656.99
4545.51
4446.83
4354.51
4269.36
4190.64
4117.87
4050.6
3987.09
3924.74
3862.46
3800.24
3738.06
3675.93
3613.85
3551.8
3489.78
3427.79
3365.83
3303.89
3241.97
3180.08
3118.2
3056.33
2994.48
2932.65
2870.82
2809.01
2747.2
2685.4
2623.62
2561.83
2500.06
2438.29
2376.53
2314.77
2253.01
2191.26
2129.51
2067.77
2006.03
1944.29
1882.55
1820.81
1759.08
1697.35
1635.62
1573.89
1512.16
1450.43
1388.71
1326.98
1265.26
1203.54
1141.81
1080.09
1018.37
956.648
894.446
826.436
746.87
653.783
544.879
417.468
268.411
94.0119
4924.23
4753.8
4656.11
4544.53
4446.39
4354.21
4269.19
4190.54
4117.82
4050.57
3987.07
3924.74
3862.46
3800.24
3738.07
3675.94
3613.85
3551.8
3489.78
3427.79
3365.83
3303.89
3241.97
3180.07
3118.19
3056.33
2994.48
2932.64
2870.82
2809
2747.2
2685.4
2623.61
2561.83
2500.06
2438.29
2376.53
2314.77
2253.01
2191.26
2129.51
2067.77
2006.02
1944.29
1882.55
1820.81
1759.08
1697.35
1635.62
1573.89
1512.16
1450.43
1388.71
1326.98
1265.26
1203.54
1141.81
1080.09
1018.37
956.648
894.446
826.436
746.87
653.783
544.879
417.468
268.411
94.0122
4925.13
4751.44
4655.69
4543.84
4446.06
4353.99
4269.05
4190.45
4117.76
4050.54
3987.06
3924.73
3862.46
3800.24
3738.07
3675.94
3613.85
3551.8
3489.78
3427.79
3365.83
3303.89
3241.97
3180.07
3118.19
3056.33
2994.48
2932.64
2870.82
2809
2747.2
2685.4
2623.61
2561.83
2500.06
2438.29
2376.52
2314.77
2253.01
2191.26
2129.51
2067.77
2006.02
1944.29
1882.55
1820.81
1759.08
1697.35
1635.62
1573.89
1512.16
1450.43
1388.71
1326.98
1265.26
1203.54
1141.81
1080.09
1018.37
956.648
894.446
826.436
746.87
653.783
544.879
417.468
268.412
94.0121
4927.76
4750.49
4655.55
4543.46
4445.84
4353.82
4268.94
4190.38
4117.72
4050.51
3987.04
3924.72
3862.45
3800.24
3738.07
3675.94
3613.86
3551.8
3489.79
3427.8
3365.83
3303.89
3241.97
3180.08
3118.19
3056.33
2994.48
2932.64
2870.82
2809
2747.2
2685.4
2623.61
2561.83
2500.06
2438.29
2376.52
2314.76
2253.01
2191.26
2129.51
2067.77
2006.02
1944.28
1882.55
1820.81
1759.08
1697.35
1635.62
1573.89
1512.16
1450.43
1388.71
1326.98
1265.26
1203.54
1141.81
1080.09
1018.37
956.648
894.446
826.436
746.87
653.783
544.879
417.468
268.412
94.0118
4931.16
4750.48
4655.66
4543.34
4445.71
4353.72
4268.86
4190.33
4117.68
4050.48
3987.02
3924.71
3862.45
3800.24
3738.07
3675.95
3613.86
3551.81
3489.79
3427.8
3365.83
3303.89
3241.97
3180.08
3118.2
3056.33
2994.48
2932.64
2870.82
2809
2747.2
2685.4
2623.61
2561.83
2500.06
2438.29
2376.52
2314.76
2253.01
2191.26
2129.51
2067.77
2006.02
1944.28
1882.55
1820.81
1759.08
1697.35
1635.62
1573.89
1512.16
1450.43
1388.71
1326.98
1265.26
1203.54
1141.81
1080.09
1018.37
956.648
894.446
826.436
746.87
653.783
544.879
417.468
268.412
94.0113
4935
4751.22
4656.02
4543.47
4445.69
4353.7
4268.83
4190.3
4117.65
4050.46
3987.01
3924.7
3862.45
3800.24
3738.07
3675.95
3613.86
3551.81
3489.79
3427.8
3365.84
3303.9
3241.98
3180.08
3118.2
3056.33
2994.48
2932.64
2870.82
2809
2747.2
2685.4
2623.61
2561.83
2500.06
2438.29
2376.52
2314.76
2253.01
2191.26
2129.51
2067.77
2006.02
1944.28
1882.55
1820.81
1759.08
1697.35
1635.62
1573.89
1512.16
1450.43
1388.71
1326.98
1265.26
1203.54
1141.81
1080.09
1018.37
956.648
894.446
826.436
746.87
653.783
544.879
417.468
268.412
94.0108
4938.94
4752.51
4656.6
4543.81
4445.79
4353.75
4268.84
4190.29
4117.65
4050.46
3987
3924.7
3862.44
3800.24
3738.07
3675.95
3613.86
3551.81
3489.79
3427.8
3365.84
3303.9
3241.98
3180.08
3118.2
3056.33
2994.48
2932.64
2870.82
2809
2747.2
2685.4
2623.61
2561.83
2500.06
2438.29
2376.52
2314.76
2253.01
2191.26
2129.51
2067.77
2006.02
1944.28
1882.55
1820.81
1759.08
1697.35
1635.62
1573.89
1512.16
1450.43
1388.71
1326.98
1265.26
1203.54
1141.81
1080.09
1018.37
956.648
894.446
826.436
746.87
653.783
544.879
417.468
268.412
94.0103
4942.68
4754.1
4657.29
4544.29
4445.97
4353.86
4268.89
4190.32
4117.66
4050.46
3987.01
3924.7
3862.45
3800.24
3738.08
3675.95
3613.87
3551.82
3489.8
3427.81
3365.84
3303.9
3241.98
3180.08
3118.2
3056.33
2994.48
2932.65
2870.82
2809
2747.2
2685.4
2623.61
2561.83
2500.06
2438.29
2376.52
2314.76
2253.01
2191.26
2129.51
2067.77
2006.02
1944.28
1882.55
1820.81
1759.08
1697.35
1635.62
1573.89
1512.16
1450.43
1388.71
1326.98
1265.26
1203.54
1141.81
1080.09
1018.37
956.648
894.446
826.436
746.87
653.783
544.879
417.468
268.412
94.0097
4945.93
4755.74
4658
4544.83
4446.2
4354
4268.96
4190.36
4117.68
4050.48
3987.02
3924.71
3862.45
3800.25
3738.08
3675.96
3613.87
3551.82
3489.8
3427.81
3365.85
3303.91
3241.99
3180.09
3118.2
3056.34
2994.49
2932.65
2870.82
2809.01
2747.2
2685.4
2623.61
2561.83
2500.06
2438.29
2376.52
2314.76
2253.01
2191.26
2129.51
2067.77
2006.02
1944.28
1882.55
1820.81
1759.08
1697.35
1635.62
1573.89
1512.16
1450.43
1388.71
1326.98
1265.26
1203.54
1141.81
1080.09
1018.37
956.648
894.446
826.436
746.87
653.783
544.879
417.468
268.413
94.0093
4948.43
4757.21
4658.57
4545.33
4446.41
4354.14
4269.04
4190.41
4117.71
4050.5
3987.03
3924.72
3862.46
3800.25
3738.09
3675.97
3613.88
3551.83
3489.81
3427.82
3365.85
3303.91
3241.99
3180.09
3118.21
3056.34
2994.49
2932.65
2870.82
2809.01
2747.2
2685.4
2623.61
2561.83
2500.06
2438.29
2376.52
2314.76
2253.01
2191.26
2129.51
2067.77
2006.02
1944.28
1882.55
1820.81
1759.08
1697.35
1635.62
1573.89
1512.16
1450.43
1388.71
1326.98
1265.26
1203.54
1141.81
1080.09
1018.37
956.648
894.446
826.436
746.87
653.783
544.879
417.468
268.413
94.0089
4949.89
4758.26
4658.87
4545.68
4446.55
4354.24
4269.1
4190.45
4117.74
4050.51
3987.05
3924.73
3862.47
3800.27
3738.1
3675.98
3613.89
3551.84
3489.82
3427.83
3365.86
3303.92
3242
3180.09
3118.21
3056.34
2994.49
2932.65
2870.83
2809.01
2747.2
2685.41
2623.62
2561.83
2500.06
2438.29
2376.52
2314.76
2253.01
2191.26
2129.51
2067.77
2006.02
1944.28
1882.55
1820.81
1759.08
1697.35
1635.62
1573.89
1512.16
1450.43
1388.71
1326.98
1265.26
1203.54
1141.81
1080.09
1018.37
956.648
894.446
826.436
746.87
653.783
544.879
417.468
268.413
94.0086
4950.04
4758.69
4658.75
4545.78
4446.54
4354.25
4269.11
4190.45
4117.75
4050.52
3987.06
3924.75
3862.49
3800.28
3738.11
3675.99
3613.9
3551.85
3489.83
3427.84
3365.87
3303.93
3242
3180.1
3118.22
3056.35
2994.5
2932.66
2870.83
2809.01
2747.21
2685.41
2623.62
2561.84
2500.06
2438.29
2376.53
2314.77
2253.01
2191.26
2129.51
2067.77
2006.02
1944.28
1882.55
1820.81
1759.08
1697.35
1635.62
1573.89
1512.16
1450.43
1388.71
1326.98
1265.26
1203.54
1141.81
1080.09
1018.37
956.648
894.446
826.436
746.87
653.783
544.879
417.468
268.412
94.0086
4948.54
4758.31
4658.1
4545.56
4446.35
4354.15
4269.04
4190.42
4117.73
4050.52
3987.06
3924.76
3862.5
3800.29
3738.13
3676.01
3613.92
3551.86
3489.84
3427.85
3365.88
3303.93
3242.01
3180.11
3118.22
3056.35
2994.5
2932.66
2870.83
2809.01
2747.21
2685.41
2623.62
2561.84
2500.06
2438.29
2376.53
2314.77
2253.01
2191.26
2129.51
2067.77
2006.02
1944.28
1882.55
1820.81
1759.08
1697.35
1635.62
1573.89
1512.16
1450.43
1388.71
1326.98
1265.26
1203.54
1141.81
1080.09
1018.37
956.648
894.446
826.436
746.87
653.783
544.879
417.468
268.412
94.0088
4945.13
4757.05
4656.87
4545.01
4445.97
4353.94
4268.93
4190.36
4117.71
4050.52
3987.07
3924.77
3862.52
3800.32
3738.15
3676.03
3613.94
3551.88
3489.86
3427.86
3365.89
3303.95
3242.02
3180.12
3118.23
3056.36
2994.51
2932.66
2870.84
2809.02
2747.21
2685.41
2623.62
2561.84
2500.06
2438.29
2376.53
2314.77
2253.01
2191.26
2129.51
2067.77
2006.02
1944.28
1882.55
1820.81
1759.08
1697.35
1635.62
1573.89
1512.16
1450.43
1388.71
1326.98
1265.26
1203.54
1141.81
1080.09
1018.37
956.648
894.446
826.436
746.87
653.783
544.879
417.468
268.412
94.0094
4939.42
4754.92
4655.05
4544.15
4445.42
4353.64
4268.77
4190.28
4117.68
4050.51
3987.08
3924.79
3862.55
3800.34
3738.18
3676.05
3613.96
3551.9
3489.88
3427.88
3365.91
3303.96
3242.03
3180.13
3118.24
3056.37
2994.51
2932.67
2870.84
2809.02
2747.21
2685.41
2623.62
2561.84
2500.06
2438.29
2376.53
2314.77
2253.01
2191.26
2129.51
2067.77
2006.02
1944.29
1882.55
1820.81
1759.08
1697.35
1635.62
1573.89
1512.16
1450.43
1388.71
1326.98
1265.26
1203.54
1141.81
1080.09
1018.37
956.649
894.446
826.436
746.87
653.783
544.879
417.468
268.412
94.0102
4931.79
4752.74
4653.29
4543.54
4445.14
4353.58
4268.81
4190.37
4117.78
4050.62
3987.18
3924.88
3862.63
3800.41
3738.24
3676.1
3614
3551.94
3489.91
3427.9
3365.93
3303.97
3242.04
3180.14
3118.25
3056.37
2994.52
2932.67
2870.84
2809.02
2747.21
2685.41
2623.62
2561.84
2500.06
2438.29
2376.53
2314.77
2253.01
2191.26
2129.51
2067.77
2006.02
1944.29
1882.55
1820.81
1759.08
1697.35
1635.62
1573.89
1512.16
1450.43
1388.71
1326.98
1265.26
1203.54
1141.81
1080.09
1018.37
956.649
894.446
826.436
746.87
653.783
544.879
417.468
268.412
94.0113
4921.28
4750.14
4650.96
4542.67
4444.66
4353.37
4268.73
4190.36
4117.8
4050.66
3987.23
3924.93
3862.67
3800.45
3738.28
3676.14
3614.03
3551.96
3489.93
3427.92
3365.94
3303.98
3242.05
3180.14
3118.25
3056.38
2994.52
2932.67
2870.84
2809.02
2747.21
2685.42
2623.62
2561.84
2500.06
2438.29
2376.53
2314.77
2253.01
2191.26
2129.51
2067.77
2006.02
1944.29
1882.55
1820.81
1759.08
1697.35
1635.62
1573.89
1512.16
1450.43
1388.71
1326.98
1265.26
1203.54
1141.81
1080.09
1018.37
956.649
894.446
826.436
746.87
653.783
544.879
417.468
268.412
94.0127
4914.9
4755.88
4653.71
4545.81
4447.01
4355.16
4270.08
4191.37
4118.57
4051.24
3987.67
3925.27
3862.93
3800.65
3738.42
3676.24
3614.11
3552.02
3489.96
3427.94
3365.96
3303.99
3242.06
3180.14
3118.25
3056.37
2994.52
2932.67
2870.84
2809.02
2747.21
2685.41
2623.62
2561.84
2500.06
2438.29
2376.53
2314.77
2253.01
2191.26
2129.51
2067.77
2006.02
1944.28
1882.55
1820.81
1759.08
1697.35
1635.62
1573.89
1512.16
1450.43
1388.71
1326.98
1265.26
1203.54
1141.81
1080.09
1018.37
956.649
894.446
826.436
746.87
653.783
544.879
417.468
268.411
94.0137
4926.74
4757.62
4657.09
4545.6
4446.91
4354.58
4269.43
4190.7
4117.93
4050.65
3987.14
3924.79
3862.5
3800.28
3738.1
3675.97
3613.88
3551.82
3489.8
3427.81
3365.85
3303.91
3241.99
3180.09
3118.21
3056.34
2994.49
2932.66
2870.83
2809.01
2747.21
2685.41
2623.62
2561.84
2500.06
2438.29
2376.53
2314.77
2253.01
2191.26
2129.51
2067.77
2006.03
1944.29
1882.55
1820.81
1759.08
1697.35
1635.62
1573.89
1512.16
1450.43
1388.71
1326.98
1265.26
1203.54
1141.81
1080.09
1018.37
956.648
894.446
826.436
746.87
653.783
544.879
417.468
268.411
94.0118
4924.35
4753.91
4656.2
4544.62
4446.47
4354.29
4269.26
4190.6
4117.87
4050.62
3987.12
3924.78
3862.5
3800.28
3738.1
3675.97
3613.88
3551.83
3489.81
3427.81
3365.85
3303.91
3241.99
3180.09
3118.21
3056.34
2994.49
2932.65
2870.83
2809.01
2747.21
2685.41
2623.62
2561.84
2500.06
2438.29
2376.53
2314.77
2253.01
2191.26
2129.51
2067.77
2006.03
1944.29
1882.55
1820.81
1759.08
1697.35
1635.62
1573.89
1512.16
1450.43
1388.71
1326.98
1265.26
1203.54
1141.81
1080.09
1018.37
956.648
894.446
826.436
746.87
653.783
544.879
417.468
268.412
94.0121
4925.25
4751.55
4655.79
4543.93
4446.14
4354.06
4269.12
4190.52
4117.82
4050.59
3987.1
3924.77
3862.5
3800.28
3738.1
3675.97
3613.88
3551.83
3489.81
3427.82
3365.85
3303.91
3241.99
3180.09
3118.21
3056.34
2994.49
2932.65
2870.83
2809.01
2747.21
2685.41
2623.62
2561.84
2500.06
2438.29
2376.53
2314.77
2253.01
2191.26
2129.51
2067.77
2006.03
1944.29
1882.55
1820.81
1759.08
1697.35
1635.62
1573.89
1512.16
1450.43
1388.71
1326.98
1265.26
1203.54
1141.81
1080.09
1018.37
956.648
894.446
826.436
746.87
653.783
544.879
417.468
268.412
94.012
4927.88
4750.6
4655.65
4543.55
4445.92
4353.9
4269.01
4190.45
4117.77
4050.56
3987.09
3924.76
3862.5
3800.28
3738.11
3675.98
3613.89
3551.83
3489.81
3427.82
3365.85
3303.91
3241.99
3180.09
3118.21
3056.34
2994.49
2932.65
2870.83
2809.01
2747.21
2685.41
2623.62
2561.84
2500.06
2438.29
2376.53
2314.77
2253.01
2191.26
2129.51
2067.77
2006.03
1944.29
1882.55
1820.81
1759.08
1697.35
1635.62
1573.89
1512.16
1450.43
1388.71
1326.98
1265.26
1203.54
1141.81
1080.09
1018.37
956.648
894.446
826.436
746.87
653.783
544.879
417.468
268.412
94.0117
4931.28
4750.58
4655.76
4543.43
4445.79
4353.8
4268.93
4190.39
4117.74
4050.53
3987.07
3924.75
3862.49
3800.28
3738.11
3675.98
3613.89
3551.83
3489.81
3427.82
3365.85
3303.91
3241.99
3180.09
3118.21
3056.34
2994.49
2932.65
2870.83
2809.01
2747.21
2685.41
2623.62
2561.84
2500.06
2438.29
2376.53
2314.77
2253.01
2191.26
2129.51
2067.77
2006.03
1944.29
1882.55
1820.81
1759.08
1697.35
1635.62
1573.89
1512.16
1450.43
1388.71
1326.98
1265.26
1203.54
1141.81
1080.09
1018.37
956.648
894.446
826.436
746.87
653.783
544.879
417.468
268.412
94.0112
4935.12
4751.33
4656.12
4543.56
4445.77
4353.77
4268.9
4190.36
4117.71
4050.51
3987.06
3924.75
3862.49
3800.27
3738.11
3675.98
3613.89
3551.84
3489.81
3427.82
3365.86
3303.91
3241.99
3180.09
3118.21
3056.34
2994.49
2932.65
2870.83
2809.01
2747.21
2685.41
2623.62
2561.84
2500.06
2438.29
2376.53
2314.77
2253.01
2191.26
2129.51
2067.77
2006.03
1944.29
1882.55
1820.81
1759.08
1697.35
1635.62
1573.89
1512.16
1450.43
1388.71
1326.98
1265.26
1203.54
1141.81
1080.09
1018.37
956.648
894.446
826.436
746.87
653.783
544.879
417.468
268.412
94.0107
4939.06
4752.61
4656.7
4543.9
4445.87
4353.82
4268.91
4190.36
4117.71
4050.51
3987.05
3924.74
3862.49
3800.27
3738.11
3675.98
3613.89
3551.84
3489.82
3427.83
3365.86
3303.92
3242
3180.09
3118.21
3056.34
2994.49
2932.65
2870.83
2809.01
2747.21
2685.41
2623.62
2561.84
2500.06
2438.29
2376.53
2314.77
2253.01
2191.26
2129.51
2067.77
2006.03
1944.29
1882.55
1820.81
1759.08
1697.35
1635.62
1573.89
1512.16
1450.43
1388.71
1326.98
1265.26
1203.54
1141.81
1080.09
1018.37
956.648
894.446
826.436
746.87
653.783
544.879
417.468
268.412
94.0102
4942.8
4754.2
4657.39
4544.38
4446.05
4353.93
4268.95
4190.38
4117.72
4050.51
3987.05
3924.75
3862.49
3800.28
3738.11
3675.99
3613.9
3551.84
3489.82
3427.83
3365.86
3303.92
3242
3180.1
3118.21
3056.35
2994.49
2932.66
2870.83
2809.01
2747.21
2685.41
2623.62
2561.84
2500.06
2438.29
2376.53
2314.77
2253.01
2191.26
2129.51
2067.77
2006.03
1944.29
1882.55
1820.81
1759.08
1697.35
1635.62
1573.89
1512.16
1450.43
1388.71
1326.98
1265.26
1203.54
1141.81
1080.09
1018.37
956.648
894.446
826.436
746.87
653.783
544.879
417.468
268.412
94.0096
4946.05
4755.85
4658.09
4544.92
4446.28
4354.07
4269.03
4190.42
4117.74
4050.53
3987.06
3924.75
3862.49
3800.28
3738.12
3675.99
3613.9
3551.85
3489.83
3427.83
3365.87
3303.92
3242
3180.1
3118.22
3056.35
2994.5
2932.66
2870.83
2809.01
2747.21
2685.41
2623.62
2561.84
2500.06
2438.29
2376.53
2314.77
2253.01
2191.26
2129.51
2067.77
2006.03
1944.29
1882.55
1820.81
1759.08
1697.35
1635.62
1573.89
1512.16
1450.43
1388.71
1326.98
1265.26
1203.54
1141.81
1080.09
1018.37
956.648
894.446
826.436
746.87
653.783
544.879
417.468
268.413
94.0092
4948.55
4757.32
4658.67
4545.42
4446.49
4354.22
4269.11
4190.47
4117.77
4050.55
3987.08
3924.76
3862.5
3800.29
3738.13
3676
3613.91
3551.86
3489.83
3427.84
3365.87
3303.93
3242.01
3180.1
3118.22
3056.35
2994.5
2932.66
2870.83
2809.02
2747.21
2685.41
2623.62
2561.84
2500.06
2438.29
2376.53
2314.77
2253.01
2191.26
2129.51
2067.77
2006.03
1944.29
1882.55
1820.81
1759.08
1697.35
1635.62
1573.89
1512.16
1450.43
1388.71
1326.98
1265.26
1203.54
1141.81
1080.09
1018.37
956.648
894.446
826.436
746.87
653.783
544.879
417.468
268.413
94.0088
4950.02
4758.37
4658.97
4545.77
4446.63
4354.31
4269.17
4190.51
4117.8
4050.57
3987.09
3924.78
3862.52
3800.3
3738.14
3676.01
3613.92
3551.87
3489.84
3427.85
3365.88
3303.94
3242.01
3180.11
3118.23
3056.36
2994.5
2932.66
2870.83
2809.02
2747.21
2685.41
2623.62
2561.84
2500.06
2438.29
2376.53
2314.77
2253.01
2191.26
2129.51
2067.77
2006.03
1944.29
1882.55
1820.81
1759.08
1697.35
1635.62
1573.89
1512.16
1450.43
1388.71
1326.98
1265.26
1203.54
1141.81
1080.09
1018.37
956.648
894.446
826.436
746.87
653.783
544.879
417.468
268.413
94.0085
4950.16
4758.79
4658.85
4545.87
4446.63
4354.33
4269.17
4190.51
4117.81
4050.58
3987.11
3924.79
3862.53
3800.32
3738.15
3676.02
3613.93
3551.88
3489.85
3427.86
3365.89
3303.94
3242.02
3180.12
3118.23
3056.36
2994.51
2932.67
2870.84
2809.02
2747.21
2685.41
2623.62
2561.84
2500.06
2438.29
2376.53
2314.77
2253.01
2191.26
2129.51
2067.77
2006.03
1944.29
1882.55
1820.81
1759.08
1697.35
1635.62
1573.89
1512.16
1450.43
1388.71
1326.98
1265.26
1203.54
1141.81
1080.09
1018.37
956.648
894.446
826.436
746.87
653.783
544.879
417.468
268.412
94.0085
4948.67
4758.42
4658.2
4545.65
4446.43
4354.22
4269.11
4190.48
4117.79
4050.58
3987.11
3924.8
3862.54
3800.33
3738.16
3676.04
3613.95
3551.89
3489.87
3427.87
3365.9
3303.95
3242.03
3180.12
3118.24
3056.37
2994.51
2932.67
2870.84
2809.02
2747.21
2685.42
2623.63
2561.84
2500.07
2438.29
2376.53
2314.77
2253.01
2191.26
2129.51
2067.77
2006.03
1944.29
1882.55
1820.81
1759.08
1697.35
1635.62
1573.89
1512.16
1450.43
1388.71
1326.98
1265.26
1203.54
1141.81
1080.09
1018.37
956.648
894.446
826.436
746.87
653.783
544.879
417.468
268.412
94.0087
4945.25
4757.16
4656.97
4545.1
4446.05
4354.02
4269
4190.43
4117.77
4050.57
3987.12
3924.82
3862.56
3800.35
3738.19
3676.06
3613.97
3551.91
3489.88
3427.88
3365.91
3303.96
3242.04
3180.13
3118.24
3056.37
2994.52
2932.67
2870.84
2809.03
2747.22
2685.42
2623.63
2561.84
2500.07
2438.3
2376.53
2314.77
2253.01
2191.26
2129.51
2067.77
2006.03
1944.29
1882.55
1820.81
1759.08
1697.35
1635.62
1573.89
1512.16
1450.43
1388.71
1326.98
1265.26
1203.54
1141.81
1080.09
1018.37
956.649
894.446
826.436
746.87
653.783
544.879
417.468
268.412
94.0093
4939.54
4755.02
4655.15
4544.23
4445.51
4353.71
4268.83
4190.34
4117.73
4050.57
3987.13
3924.84
3862.59
3800.38
3738.21
3676.08
3613.99
3551.93
3489.9
3427.9
3365.93
3303.98
3242.05
3180.14
3118.25
3056.38
2994.52
2932.68
2870.85
2809.03
2747.22
2685.42
2623.63
2561.84
2500.07
2438.3
2376.53
2314.77
2253.01
2191.26
2129.51
2067.77
2006.03
1944.29
1882.55
1820.81
1759.08
1697.35
1635.62
1573.89
1512.16
1450.44
1388.71
1326.98
1265.26
1203.54
1141.81
1080.09
1018.37
956.649
894.446
826.436
746.87
653.783
544.879
417.468
268.412
94.0101
4931.91
4752.84
4653.39
4543.62
4445.22
4353.66
4268.88
4190.43
4117.84
4050.67
3987.23
3924.93
3862.67
3800.45
3738.27
3676.13
3614.03
3551.97
3489.93
3427.92
3365.95
3303.99
3242.06
3180.15
3118.26
3056.38
2994.53
2932.68
2870.85
2809.03
2747.22
2685.42
2623.63
2561.84
2500.07
2438.3
2376.53
2314.77
2253.01
2191.26
2129.51
2067.77
2006.03
1944.29
1882.55
1820.81
1759.08
1697.35
1635.62
1573.89
1512.16
1450.44
1388.71
1326.98
1265.26
1203.54
1141.81
1080.09
1018.37
956.649
894.446
826.436
746.87
653.783
544.879
417.468
268.412
94.0112
4921.4
4750.25
4651.05
4542.76
4444.75
4353.45
4268.8
4190.42
4117.86
4050.71
3987.28
3924.98
3862.71
3800.49
3738.31
3676.17
3614.06
3551.99
3489.95
3427.94
3365.96
3304
3242.07
3180.16
3118.26
3056.39
2994.53
2932.68
2870.85
2809.03
2747.22
2685.42
2623.63
2561.85
2500.07
2438.3
2376.53
2314.77
2253.01
2191.26
2129.51
2067.77
2006.03
1944.29
1882.55
1820.81
1759.08
1697.35
1635.62
1573.89
1512.16
1450.44
1388.71
1326.98
1265.26
1203.54
1141.81
1080.09
1018.37
956.649
894.446
826.437
746.87
653.784
544.879
417.468
268.412
94.0126
4915.02
4755.99
4653.81
4545.9
4447.09
4355.23
4270.14
4191.43
4118.62
4051.29
3987.72
3925.32
3862.97
3800.68
3738.45
3676.27
3614.14
3552.04
3489.99
3427.97
3365.98
3304.01
3242.07
3180.16
3118.26
3056.39
2994.53
2932.68
2870.85
2809.03
2747.22
2685.42
2623.63
2561.84
2500.07
2438.29
2376.53
2314.77
2253.01
2191.26
2129.51
2067.77
2006.03
1944.29
1882.55
1820.81
1759.08
1697.35
1635.62
1573.89
1512.16
1450.44
1388.71
1326.98
1265.26
1203.54
1141.81
1080.09
1018.37
956.649
894.446
826.437
746.87
653.783
544.879
417.468
268.411
94.0136
4926.78
4757.65
4657.12
4545.63
4446.94
4354.61
4269.45
4190.72
4117.95
4050.67
3987.15
3924.8
3862.52
3800.29
3738.11
3675.98
3613.89
3551.83
3489.81
3427.82
3365.85
3303.91
3241.99
3180.1
3118.21
3056.35
2994.5
2932.66
2870.83
2809.02
2747.21
2685.41
2623.62
2561.84
2500.07
2438.3
2376.53
2314.77
2253.01
2191.26
2129.51
2067.77
2006.03
1944.29
1882.55
1820.81
1759.08
1697.35
1635.62
1573.89
1512.16
1450.43
1388.71
1326.98
1265.26
1203.54
1141.81
1080.09
1018.37
956.648
894.446
826.436
746.87
653.783
544.879
417.468
268.411
94.0118
4924.39
4753.95
4656.24
4544.65
4446.49
4354.31
4269.28
4190.62
4117.89
4050.64
3987.14
3924.8
3862.52
3800.29
3738.11
3675.98
3613.89
3551.84
3489.81
3427.82
3365.86
3303.91
3241.99
3180.09
3118.21
3056.35
2994.5
2932.66
2870.83
2809.02
2747.21
2685.41
2623.62
2561.84
2500.06
2438.29
2376.53
2314.77
2253.01
2191.26
2129.51
2067.77
2006.03
1944.29
1882.55
1820.81
1759.08
1697.35
1635.62
1573.89
1512.16
1450.43
1388.71
1326.98
1265.26
1203.54
1141.81
1080.09
1018.37
956.648
894.446
826.436
746.87
653.783
544.879
417.468
268.412
94.0121
4925.29
4751.59
4655.82
4543.96
4446.17
4354.08
4269.14
4190.54
4117.84
4050.61
3987.12
3924.79
3862.51
3800.29
3738.12
3675.98
3613.89
3551.84
3489.82
3427.82
3365.86
3303.91
3241.99
3180.09
3118.21
3056.35
2994.49
2932.66
2870.83
2809.01
2747.21
2685.41
2623.62
2561.84
2500.06
2438.29
2376.53
2314.77
2253.01
2191.26
2129.51
2067.77
2006.03
1944.29
1882.55
1820.81
1759.08
1697.35
1635.62
1573.89
1512.16
1450.43
1388.71
1326.98
1265.26
1203.54
1141.81
1080.09
1018.37
956.648
894.446
826.436
746.87
653.783
544.879
417.468
268.412
94.0119
4927.92
4750.63
4655.69
4543.58
4445.95
4353.92
4269.03
4190.47
4117.79
4050.58
3987.1
3924.78
3862.51
3800.29
3738.12
3675.99
3613.9
3551.84
3489.82
3427.82
3365.86
3303.92
3242
3180.1
3118.21
3056.35
2994.49
2932.66
2870.83
2809.01
2747.21
2685.41
2623.62
2561.84
2500.06
2438.29
2376.53
2314.77
2253.01
2191.26
2129.51
2067.77
2006.03
1944.29
1882.55
1820.81
1759.08
1697.35
1635.62
1573.89
1512.16
1450.43
1388.71
1326.98
1265.26
1203.54
1141.81
1080.09
1018.37
956.648
894.446
826.436
746.87
653.783
544.879
417.468
268.412
94.0116
4931.32
4750.62
4655.79
4543.46
4445.81
4353.82
4268.95
4190.41
4117.75
4050.55
3987.08
3924.77
3862.5
3800.29
3738.12
3675.99
3613.9
3551.84
3489.82
3427.83
3365.86
3303.92
3242
3180.1
3118.21
3056.35
2994.49
2932.66
2870.83
2809.01
2747.21
2685.41
2623.62
2561.84
2500.06
2438.29
2376.53
2314.77
2253.01
2191.26
2129.51
2067.77
2006.03
1944.29
1882.55
1820.81
1759.08
1697.35
1635.62
1573.89
1512.16
1450.43
1388.71
1326.98
1265.26
1203.54
1141.81
1080.09
1018.37
956.648
894.446
826.436
746.87
653.783
544.879
417.468
268.412
94.0112
4935.16
4751.36
4656.16
4543.59
4445.8
4353.8
4268.92
4190.38
4117.73
4050.53
3987.07
3924.76
3862.5
3800.29
3738.12
3675.99
3613.9
3551.85
3489.82
3427.83
3365.86
3303.92
3242
3180.1
3118.21
3056.35
2994.5
2932.66
2870.83
2809.01
2747.21
2685.41
2623.62
2561.84
2500.06
2438.29
2376.53
2314.77
2253.01
2191.26
2129.51
2067.77
2006.03
1944.29
1882.55
1820.81
1759.08
1697.35
1635.62
1573.89
1512.16
1450.43
1388.71
1326.98
1265.26
1203.54
1141.81
1080.09
1018.37
956.648
894.446
826.436
746.87
653.783
544.879
417.467
268.412
94.0107
4939.1
4752.65
4656.73
4543.93
4445.89
4353.85
4268.93
4190.38
4117.72
4050.53
3987.07
3924.76
3862.5
3800.29
3738.12
3675.99
3613.9
3551.85
3489.83
3427.83
3365.86
3303.92
3242
3180.1
3118.22
3056.35
2994.5
2932.66
2870.83
2809.01
2747.21
2685.41
2623.62
2561.84
2500.06
2438.29
2376.53
2314.77
2253.01
2191.26
2129.51
2067.77
2006.03
1944.29
1882.55
1820.81
1759.08
1697.35
1635.62
1573.89
1512.16
1450.43
1388.71
1326.98
1265.26
1203.54
1141.81
1080.09
1018.37
956.648
894.446
826.436
746.87
653.783
544.879
417.467
268.412
94.0101
4942.84
4754.24
4657.42
4544.41
4446.08
4353.95
4268.98
4190.4
4117.74
4050.53
3987.07
3924.76
3862.5
3800.29
3738.12
3676
3613.91
3551.85
3489.83
3427.84
3365.87
3303.93
3242
3180.1
3118.22
3056.35
2994.5
2932.66
2870.83
2809.01
2747.21
2685.41
2623.62
2561.84
2500.06
2438.29
2376.53
2314.77
2253.01
2191.26
2129.51
2067.77
2006.03
1944.29
1882.55
1820.81
1759.08
1697.35
1635.62
1573.89
1512.16
1450.43
1388.71
1326.98
1265.26
1203.54
1141.81
1080.09
1018.37
956.648
894.446
826.436
746.87
653.783
544.879
417.467
268.412
94.0096
4946.09
4755.88
4658.13
4544.95
4446.31
4354.1
4269.05
4190.44
4117.76
4050.55
3987.08
3924.77
3862.51
3800.3
3738.13
3676
3613.91
3551.86
3489.84
3427.84
3365.87
3303.93
3242.01
3180.11
3118.22
3056.35
2994.5
2932.66
2870.83
2809.02
2747.21
2685.41
2623.62
2561.84
2500.06
2438.29
2376.53
2314.77
2253.01
2191.26
2129.51
2067.77
2006.03
1944.29
1882.55
1820.81
1759.08
1697.35
1635.62
1573.89
1512.16
1450.43
1388.71
1326.98
1265.26
1203.54
1141.81
1080.09
1018.37
956.648
894.446
826.436
746.87
653.783
544.879
417.468
268.413
94.0091
4948.59
4757.35
4658.7
4545.45
4446.52
4354.24
4269.13
4190.49
4117.79
4050.57
3987.09
3924.78
3862.52
3800.3
3738.14
3676.01
3613.92
3551.87
3489.84
3427.85
3365.88
3303.93
3242.01
3180.11
3118.22
3056.36
2994.5
2932.66
2870.83
2809.02
2747.21
2685.41
2623.62
2561.84
2500.06
2438.29
2376.53
2314.77
2253.01
2191.26
2129.51
2067.77
2006.03
1944.29
1882.55
1820.81
1759.08
1697.35
1635.62
1573.89
1512.16
1450.43
1388.71
1326.98
1265.26
1203.54
1141.81
1080.09
1018.37
956.648
894.446
826.436
746.87
653.783
544.879
417.468
268.413
94.0087
4950.06
4758.4
4659
4545.8
4446.66
4354.34
4269.19
4190.53
4117.82
4050.58
3987.11
3924.79
3862.53
3800.32
3738.15
3676.02
3613.93
3551.87
3489.85
3427.86
3365.89
3303.94
3242.02
3180.11
3118.23
3056.36
2994.51
2932.67
2870.84
2809.02
2747.21
2685.41
2623.62
2561.84
2500.06
2438.29
2376.53
2314.77
2253.01
2191.26
2129.51
2067.77
2006.03
1944.29
1882.55
1820.81
1759.08
1697.35
1635.62
1573.89
1512.16
1450.43
1388.71
1326.98
1265.26
1203.54
1141.81
1080.09
1018.37
956.648
894.446
826.436
746.87
653.783
544.879
417.468
268.413
94.0085
4950.2
4758.83
4658.89
4545.9
4446.65
4354.35
4269.2
4190.54
4117.82
4050.59
3987.12
3924.8
3862.54
3800.33
3738.16
3676.03
3613.94
3551.89
3489.86
3427.87
3365.9
3303.95
3242.03
3180.12
3118.23
3056.37
2994.51
2932.67
2870.84
2809.02
2747.21
2685.42
2623.63
2561.84
2500.07
2438.29
2376.53
2314.77
2253.01
2191.26
2129.51
2067.77
2006.03
1944.29
1882.55
1820.81
1759.08
1697.35
1635.62
1573.89
1512.16
1450.43
1388.71
1326.98
1265.26
1203.54
1141.81
1080.09
1018.37
956.648
894.446
826.436
746.87
653.783
544.879
417.467
268.412
94.0085
4948.71
4758.45
4658.23
4545.68
4446.46
4354.25
4269.13
4190.5
4117.81
4050.59
3987.13
3924.82
3862.56
3800.34
3738.18
3676.05
3613.96
3551.9
3489.87
3427.88
3365.91
3303.96
3242.03
3180.13
3118.24
3056.37
2994.52
2932.67
2870.84
2809.03
2747.22
2685.42
2623.63
2561.84
2500.07
2438.3
2376.53
2314.77
2253.01
2191.26
2129.51
2067.77
2006.03
1944.29
1882.55
1820.81
1759.08
1697.35
1635.62
1573.89
1512.16
1450.43
1388.71
1326.98
1265.26
1203.54
1141.81
1080.09
1018.37
956.648
894.446
826.436
746.87
653.783
544.879
417.468
268.412
94.0087
4945.29
4757.2
4657
4545.13
4446.08
4354.04
4269.02
4190.45
4117.79
4050.59
3987.14
3924.83
3862.58
3800.37
3738.2
3676.07
3613.98
3551.92
3489.89
3427.89
3365.92
3303.97
3242.04
3180.14
3118.25
3056.38
2994.52
2932.68
2870.85
2809.03
2747.22
2685.42
2623.63
2561.84
2500.07
2438.3
2376.53
2314.77
2253.01
2191.26
2129.51
2067.77
2006.03
1944.29
1882.55
1820.81
1759.08
1697.35
1635.62
1573.89
1512.16
1450.43
1388.71
1326.98
1265.26
1203.54
1141.81
1080.09
1018.37
956.649
894.446
826.436
746.87
653.783
544.879
417.468
268.412
94.0092
4939.58
4755.06
4655.18
4544.26
4445.53
4353.74
4268.86
4190.36
4117.75
4050.58
3987.15
3924.85
3862.6
3800.39
3738.22
3676.1
3614
3551.94
3489.91
3427.91
3365.93
3303.98
3242.05
3180.15
3118.26
3056.38
2994.53
2932.68
2870.85
2809.03
2747.22
2685.42
2623.63
2561.85
2500.07
2438.3
2376.53
2314.77
2253.02
2191.26
2129.51
2067.77
2006.03
1944.29
1882.55
1820.81
1759.08
1697.35
1635.62
1573.89
1512.16
1450.44
1388.71
1326.98
1265.26
1203.54
1141.81
1080.09
1018.37
956.649
894.446
826.436
746.87
653.783
544.879
417.468
268.412
94.0101
4931.95
4752.88
4653.42
4543.65
4445.25
4353.68
4268.9
4190.45
4117.86
4050.69
3987.25
3924.94
3862.68
3800.46
3738.28
3676.15
3614.04
3551.97
3489.94
3427.93
3365.95
3304
3242.07
3180.16
3118.26
3056.39
2994.53
2932.69
2870.85
2809.03
2747.22
2685.42
2623.63
2561.85
2500.07
2438.3
2376.53
2314.77
2253.02
2191.26
2129.51
2067.77
2006.03
1944.29
1882.55
1820.81
1759.08
1697.35
1635.62
1573.89
1512.16
1450.44
1388.71
1326.98
1265.26
1203.54
1141.81
1080.09
1018.37
956.649
894.446
826.436
746.87
653.783
544.879
417.468
268.412
94.0112
4921.44
4750.28
4651.09
4542.79
4444.77
4353.47
4268.82
4190.44
4117.88
4050.73
3987.29
3924.99
3862.73
3800.5
3738.32
3676.18
3614.07
3552
3489.96
3427.95
3365.97
3304.01
3242.07
3180.16
3118.27
3056.39
2994.53
2932.69
2870.86
2809.03
2747.22
2685.42
2623.63
2561.85
2500.07
2438.3
2376.53
2314.77
2253.02
2191.26
2129.51
2067.77
2006.03
1944.29
1882.55
1820.81
1759.08
1697.35
1635.62
1573.89
1512.16
1450.44
1388.71
1326.98
1265.26
1203.54
1141.81
1080.09
1018.37
956.649
894.446
826.437
746.87
653.783
544.879
417.468
268.411
94.0124
4915.06
4756.03
4653.84
4545.93
4447.12
4355.26
4270.17
4191.45
4118.64
4051.31
3987.74
3925.33
3862.98
3800.7
3738.46
3676.28
3614.15
3552.05
3490
3427.97
3365.98
3304.02
3242.08
3180.16
3118.27
3056.39
2994.53
2932.68
2870.85
2809.03
2747.22
2685.42
2623.63
2561.84
2500.07
2438.3
2376.53
2314.77
2253.01
2191.26
2129.51
2067.77
2006.03
1944.29
1882.55
1820.81
1759.08
1697.35
1635.62
1573.89
1512.16
1450.44
1388.71
1326.98
1265.26
1203.54
1141.81
1080.09
1018.37
956.649
894.446
826.437
746.87
653.783
544.879
417.468
268.41
94.0132
4926.74
4757.62
4657.09
4545.6
4446.91
4354.58
4269.43
4190.7
4117.93
4050.65
3987.14
3924.79
3862.5
3800.27
3738.1
3675.97
3613.88
3551.82
3489.8
3427.81
3365.85
3303.91
3241.99
3180.09
3118.21
3056.34
2994.49
2932.65
2870.83
2809.01
2747.21
2685.41
2623.62
2561.84
2500.06
2438.29
2376.53
2314.77
2253.01
2191.26
2129.51
2067.77
2006.03
1944.29
1882.55
1820.81
1759.08
1697.35
1635.62
1573.89
1512.16
1450.43
1388.71
1326.98
1265.26
1203.54
1141.81
1080.09
1018.37
956.648
894.445
826.436
746.869
653.783
544.879
417.468
268.411
94.0118
4924.35
4753.91
4656.2
4544.62
4446.47
4354.29
4269.26
4190.6
4117.87
4050.62
3987.12
3924.78
3862.5
3800.28
3738.1
3675.97
3613.88
3551.83
3489.8
3427.81
3365.85
3303.91
3241.99
3180.09
3118.21
3056.34
2994.49
2932.65
2870.83
2809.01
2747.21
2685.41
2623.62
2561.84
2500.06
2438.29
2376.53
2314.77
2253.01
2191.26
2129.51
2067.77
2006.03
1944.29
1882.55
1820.81
1759.08
1697.35
1635.62
1573.89
1512.16
1450.43
1388.71
1326.98
1265.26
1203.54
1141.81
1080.09
1018.37
956.648
894.445
826.436
746.869
653.783
544.879
417.468
268.411
94.0121
4925.25
4751.55
4655.79
4543.93
4446.14
4354.06
4269.12
4190.52
4117.82
4050.59
3987.1
3924.77
3862.5
3800.28
3738.1
3675.97
3613.88
3551.83
3489.81
3427.81
3365.85
3303.91
3241.99
3180.09
3118.21
3056.34
2994.49
2932.65
2870.83
2809.01
2747.21
2685.41
2623.62
2561.84
2500.06
2438.29
2376.53
2314.77
2253.01
2191.26
2129.51
2067.77
2006.03
1944.29
1882.55
1820.81
1759.08
1697.35
1635.62
1573.89
1512.16
1450.43
1388.71
1326.98
1265.26
1203.54
1141.81
1080.09
1018.37
956.648
894.445
826.436
746.869
653.783
544.879
417.468
268.412
94.0119
4927.88
4750.6
4655.65
4543.55
4445.92
4353.9
4269.01
4190.44
4117.77
4050.56
3987.08
3924.76
3862.5
3800.28
3738.1
3675.98
3613.89
3551.83
3489.81
3427.82
3365.85
3303.91
3241.99
3180.09
3118.21
3056.34
2994.49
2932.65
2870.83
2809.01
2747.21
2685.41
2623.62
2561.84
2500.06
2438.29
2376.53
2314.77
2253.01
2191.26
2129.51
2067.77
2006.03
1944.29
1882.55
1820.81
1759.08
1697.35
1635.62
1573.89
1512.16
1450.43
1388.71
1326.98
1265.26
1203.54
1141.81
1080.09
1018.37
956.648
894.445
826.436
746.869
653.783
544.879
417.467
268.412
94.0116
4931.28
4750.58
4655.76
4543.43
4445.79
4353.8
4268.93
4190.39
4117.74
4050.53
3987.07
3924.75
3862.49
3800.27
3738.1
3675.98
3613.89
3551.83
3489.81
3427.82
3365.85
3303.91
3241.99
3180.09
3118.21
3056.34
2994.49
2932.65
2870.83
2809.01
2747.2
2685.41
2623.62
2561.84
2500.06
2438.29
2376.53
2314.77
2253.01
2191.26
2129.51
2067.77
2006.03
1944.29
1882.55
1820.81
1759.08
1697.35
1635.62
1573.89
1512.16
1450.43
1388.71
1326.98
1265.26
1203.54
1141.81
1080.09
1018.37
956.648
894.445
826.436
746.869
653.783
544.879
417.467
268.412
94.0112
4935.12
4751.33
4656.12
4543.56
4445.77
4353.77
4268.9
4190.36
4117.71
4050.51
3987.06
3924.75
3862.49
3800.27
3738.11
3675.98
3613.89
3551.84
3489.81
3427.82
3365.85
3303.91
3241.99
3180.09
3118.21
3056.34
2994.49
2932.65
2870.83
2809.01
2747.2
2685.41
2623.62
2561.84
2500.06
2438.29
2376.53
2314.77
2253.01
2191.26
2129.51
2067.77
2006.03
1944.29
1882.55
1820.81
1759.08
1697.35
1635.62
1573.89
1512.16
1450.43
1388.71
1326.98
1265.26
1203.54
1141.81
1080.09
1018.37
956.648
894.445
826.436
746.869
653.783
544.879
417.467
268.412
94.0107
4939.06
4752.61
4656.7
4543.89
4445.87
4353.82
4268.9
4190.36
4117.71
4050.51
3987.05
3924.74
3862.48
3800.27
3738.11
3675.98
3613.89
3551.84
3489.82
3427.82
3365.86
3303.92
3241.99
3180.09
3118.21
3056.34
2994.49
2932.65
2870.83
2809.01
2747.2
2685.41
2623.62
2561.84
2500.06
2438.29
2376.53
2314.77
2253.01
2191.26
2129.51
2067.77
2006.03
1944.29
1882.55
1820.81
1759.08
1697.35
1635.62
1573.89
1512.16
1450.43
1388.71
1326.98
1265.26
1203.54
1141.81
1080.09
1018.37
956.648
894.445
826.436
746.869
653.783
544.879
417.467
268.412
94.0101
4942.8
4754.2
4657.39
4544.38
4446.05
4353.93
4268.95
4190.38
4117.72
4050.51
3987.05
3924.74
3862.49
3800.28
3738.11
3675.98
3613.9
3551.84
3489.82
3427.83
3365.86
3303.92
3242
3180.1
3118.21
3056.35
2994.49
2932.65
2870.83
2809.01
2747.21
2685.41
2623.62
2561.84
2500.06
2438.29
2376.53
2314.77
2253.01
2191.26
2129.51
2067.77
2006.02
1944.29
1882.55
1820.81
1759.08
1697.35
1635.62
1573.89
1512.16
1450.43
1388.71
1326.98
1265.26
1203.54
1141.81
1080.09
1018.37
956.648
894.445
826.436
746.869
653.783
544.879
417.467
268.412
94.0096
4946.05
4755.85
4658.09
4544.92
4446.28
4354.07
4269.03
4190.42
4117.74
4050.53
3987.06
3924.75
3862.49
3800.28
3738.12
3675.99
3613.9
3551.85
3489.83
3427.83
3365.87
3303.92
3242
3180.1
3118.22
3056.35
2994.5
2932.66
2870.83
2809.01
2747.21
2685.41
2623.62
2561.84
2500.06
2438.29
2376.53
2314.77
2253.01
2191.26
2129.51
2067.77
2006.02
1944.29
1882.55
1820.81
1759.08
1697.35
1635.62
1573.89
1512.16
1450.43
1388.71
1326.98
1265.26
1203.54
1141.81
1080.09
1018.37
956.648
894.445
826.436
746.869
653.783
544.879
417.467
268.412
94.0091
4948.55
4757.31
4658.67
4545.42
4446.49
4354.22
4269.11
4190.47
4117.77
4050.55
3987.08
3924.76
3862.5
3800.29
3738.12
3676
3613.91
3551.86
3489.83
3427.84
3365.87
3303.93
3242.01
3180.1
3118.22
3056.35
2994.5
2932.66
2870.83
2809.01
2747.21
2685.41
2623.62
2561.84
2500.06
2438.29
2376.53
2314.77
2253.01
2191.26
2129.51
2067.77
2006.02
1944.29
1882.55
1820.81
1759.08
1697.35
1635.62
1573.89
1512.16
1450.43
1388.71
1326.98
1265.26
1203.54
1141.81
1080.09
1018.37
956.648
894.445
826.436
746.87
653.783
544.879
417.467
268.412
94.0088
4950.01
4758.37
4658.97
4545.77
4446.63
4354.31
4269.17
4190.51
4117.8
4050.57
3987.09
3924.78
3862.51
3800.3
3738.13
3676.01
3613.92
3551.87
3489.84
3427.85
3365.88
3303.93
3242.01
3180.11
3118.22
3056.36
2994.5
2932.66
2870.83
2809.02
2747.21
2685.41
2623.62
2561.84
2500.06
2438.29
2376.53
2314.77
2253.01
2191.26
2129.51
2067.77
2006.02
1944.29
1882.55
1820.81
1759.08
1697.35
1635.62
1573.89
1512.16
1450.43
1388.71
1326.98
1265.26
1203.54
1141.81
1080.09
1018.37
956.648
894.445
826.436
746.87
653.783
544.879
417.467
268.412
94.0085
4950.16
4758.79
4658.85
4545.87
4446.63
4354.33
4269.17
4190.51
4117.81
4050.58
3987.1
3924.79
3862.53
3800.32
3738.15
3676.02
3613.93
3551.88
3489.85
3427.86
3365.89
3303.94
3242.02
3180.12
3118.23
3056.36
2994.51
2932.67
2870.84
2809.02
2747.21
2685.41
2623.62
2561.84
2500.06
2438.29
2376.53
2314.77
2253.01
2191.26
2129.51
2067.77
2006.03
1944.29
1882.55
1820.81
1759.08
1697.35
1635.62
1573.89
1512.16
1450.43
1388.71
1326.98
1265.26
1203.54
1141.81
1080.09
1018.37
956.648
894.445
826.436
746.869
653.783
544.879
417.468
268.412
94.0084
4948.66
4758.42
4658.2
4545.65
4446.43
4354.22
4269.11
4190.48
4117.79
4050.57
3987.11
3924.8
3862.54
3800.33
3738.16
3676.04
3613.95
3551.89
3489.87
3427.87
3365.9
3303.95
3242.03
3180.12
3118.24
3056.37
2994.51
2932.67
2870.84
2809.02
2747.21
2685.42
2623.62
2561.84
2500.06
2438.29
2376.53
2314.77
2253.01
2191.26
2129.51
2067.77
2006.03
1944.29
1882.55
1820.81
1759.08
1697.35
1635.62
1573.89
1512.16
1450.43
1388.71
1326.98
1265.26
1203.54
1141.81
1080.09
1018.37
956.648
894.446
826.436
746.869
653.783
544.879
417.468
268.412
94.0085
4945.25
4757.16
4656.97
4545.1
4446.05
4354.02
4269
4190.42
4117.77
4050.57
3987.12
3924.82
3862.56
3800.35
3738.19
3676.06
3613.97
3551.91
3489.88
3427.88
3365.91
3303.96
3242.04
3180.13
3118.24
3056.37
2994.52
2932.67
2870.84
2809.03
2747.22
2685.42
2623.63
2561.84
2500.07
2438.29
2376.53
2314.77
2253.01
2191.26
2129.51
2067.77
2006.03
1944.29
1882.55
1820.81
1759.08
1697.35
1635.62
1573.89
1512.16
1450.43
1388.71
1326.98
1265.26
1203.54
1141.81
1080.09
1018.37
956.648
894.446
826.436
746.87
653.783
544.879
417.468
268.412
94.0091
4939.54
4755.02
4655.14
4544.23
4445.5
4353.71
4268.83
4190.34
4117.73
4050.56
3987.13
3924.84
3862.59
3800.38
3738.21
3676.08
3613.99
3551.93
3489.9
3427.9
3365.93
3303.98
3242.05
3180.14
3118.25
3056.38
2994.52
2932.68
2870.85
2809.03
2747.22
2685.42
2623.63
2561.84
2500.07
2438.3
2376.53
2314.77
2253.01
2191.26
2129.51
2067.77
2006.03
1944.29
1882.55
1820.81
1759.08
1697.35
1635.62
1573.89
1512.16
1450.43
1388.71
1326.98
1265.26
1203.54
1141.81
1080.09
1018.37
956.648
894.446
826.436
746.87
653.783
544.879
417.468
268.412
94.0099
4931.91
4752.84
4653.39
4543.62
4445.22
4353.66
4268.88
4190.43
4117.84
4050.67
3987.23
3924.93
3862.67
3800.45
3738.27
3676.13
3614.03
3551.97
3489.93
3427.92
3365.95
3303.99
3242.06
3180.15
3118.26
3056.38
2994.53
2932.68
2870.85
2809.03
2747.22
2685.42
2623.63
2561.84
2500.07
2438.3
2376.53
2314.77
2253.01
2191.26
2129.51
2067.77
2006.03
1944.29
1882.55
1820.81
1759.08
1697.35
1635.62
1573.89
1512.16
1450.43
1388.71
1326.98
1265.26
1203.54
1141.81
1080.09
1018.37
956.649
894.446
826.436
746.87
653.783
544.879
417.468
268.412
94.0112
4921.4
4750.25
4651.05
4542.76
4444.75
4353.45
4268.8
4190.42
4117.86
4050.71
3987.28
3924.97
3862.71
3800.49
3738.31
3676.17
3614.06
3551.99
3489.95
3427.94
3365.96
3304
3242.07
3180.16
3118.26
3056.39
2994.53
2932.68
2870.85
2809.03
2747.22
2685.42
2623.63
2561.85
2500.07
2438.3
2376.53
2314.77
2253.01
2191.26
2129.51
2067.77
2006.03
1944.29
1882.55
1820.81
1759.08
1697.35
1635.62
1573.89
1512.16
1450.43
1388.71
1326.98
1265.26
1203.54
1141.81
1080.09
1018.37
956.649
894.446
826.436
746.87
653.783
544.879
417.468
268.412
94.0127
4915.02
4755.99
4653.81
4545.9
4447.09
4355.23
4270.14
4191.43
4118.62
4051.29
3987.72
3925.32
3862.97
3800.68
3738.45
3676.27
3614.14
3552.04
3489.99
3427.97
3365.98
3304.01
3242.07
3180.16
3118.26
3056.39
2994.53
2932.68
2870.85
2809.03
2747.22
2685.42
2623.63
2561.84
2500.06
2438.29
2376.53
2314.77
2253.01
2191.26
2129.51
2067.77
2006.03
1944.29
1882.55
1820.81
1759.08
1697.35
1635.62
1573.89
1512.16
1450.44
1388.71
1326.98
1265.26
1203.54
1141.81
1080.09
1018.37
956.649
894.446
826.436
746.87
653.783
544.879
417.469
268.412
94.0139
4926.62
4757.51
4656.99
4545.51
4446.83
4354.51
4269.36
4190.64
4117.87
4050.6
3987.09
3924.74
3862.46
3800.24
3738.06
3675.93
3613.85
3551.79
3489.78
3427.79
3365.83
3303.89
3241.97
3180.07
3118.19
3056.33
2994.48
2932.64
2870.82
2809
2747.2
2685.4
2623.61
2561.83
2500.06
2438.29
2376.52
2314.77
2253.01
2191.26
2129.51
2067.77
2006.02
1944.28
1882.55
1820.81
1759.08
1697.35
1635.62
1573.89
1512.16
1450.43
1388.71
1326.98
1265.26
1203.54
1141.81
1080.09
1018.37
956.647
894.445
826.435
746.869
653.782
544.879
417.468
268.411
94.0118
4924.23
4753.8
4656.1
4544.53
4446.38
4354.21
4269.19
4190.54
4117.81
4050.57
3987.07
3924.74
3862.46
3800.24
3738.07
3675.94
3613.85
3551.8
3489.78
3427.79
3365.83
3303.89
3241.97
3180.07
3118.19
3056.33
2994.48
2932.64
2870.82
2809
2747.2
2685.4
2623.61
2561.83
2500.06
2438.29
2376.52
2314.76
2253.01
2191.26
2129.51
2067.77
2006.02
1944.28
1882.55
1820.81
1759.08
1697.35
1635.62
1573.89
1512.16
1450.43
1388.71
1326.98
1265.26
1203.54
1141.81
1080.09
1018.37
956.648
894.445
826.435
746.869
653.782
544.879
417.468
268.411
94.0121
4925.13
4751.44
4655.69
4543.84
4446.06
4353.98
4269.05
4190.45
4117.76
4050.53
3987.05
3924.73
3862.46
3800.24
3738.07
3675.94
3613.85
3551.8
3489.78
3427.79
3365.83
3303.89
3241.97
3180.07
3118.19
3056.33
2994.48
2932.64
2870.82
2809
2747.2
2685.4
2623.61
2561.83
2500.06
2438.29
2376.52
2314.76
2253.01
2191.26
2129.51
2067.77
2006.02
1944.28
1882.55
1820.81
1759.08
1697.35
1635.62
1573.89
1512.16
1450.43
1388.71
1326.98
1265.26
1203.54
1141.81
1080.09
1018.37
956.648
894.445
826.435
746.869
653.782
544.879
417.467
268.412
94.012
4927.76
4750.49
4655.55
4543.46
4445.84
4353.82
4268.94
4190.38
4117.72
4050.5
3987.04
3924.72
3862.45
3800.24
3738.07
3675.94
3613.86
3551.8
3489.78
3427.79
3365.83
3303.89
3241.97
3180.07
3118.19
3056.33
2994.48
2932.64
2870.82
2809
2747.2
2685.4
2623.61
2561.83
2500.06
2438.29
2376.52
2314.76
2253.01
2191.26
2129.51
2067.77
2006.02
1944.28
1882.55
1820.81
1759.08
1697.35
1635.62
1573.89
1512.16
1450.43
1388.71
1326.98
1265.26
1203.54
1141.81
1080.09
1018.37
956.648
894.445
826.435
746.869
653.782
544.879
417.467
268.412
94.0117
4931.16
4750.48
4655.66
4543.34
4445.7
4353.72
4268.86
4190.33
4117.68
4050.48
3987.02
3924.71
3862.45
3800.24
3738.07
3675.94
3613.86
3551.81
3489.79
3427.8
3365.83
3303.89
3241.97
3180.07
3118.19
3056.33
2994.48
2932.64
2870.82
2809
2747.2
2685.4
2623.61
2561.83
2500.06
2438.29
2376.52
2314.76
2253.01
2191.26
2129.51
2067.77
2006.02
1944.28
1882.55
1820.81
1759.08
1697.35
1635.62
1573.89
1512.16
1450.43
1388.71
1326.98
1265.26
1203.54
1141.81
1080.09
1018.37
956.648
894.445
826.435
746.869
653.782
544.879
417.467
268.412
94.0113
4935
4751.22
4656.02
4543.47
4445.69
4353.7
4268.83
4190.3
4117.65
4050.46
3987.01
3924.7
3862.44
3800.23
3738.07
3675.95
3613.86
3551.81
3489.79
3427.8
3365.83
3303.89
3241.97
3180.08
3118.19
3056.33
2994.48
2932.64
2870.82
2809
2747.2
2685.4
2623.61
2561.83
2500.06
2438.29
2376.52
2314.76
2253.01
2191.26
2129.51
2067.76
2006.02
1944.28
1882.55
1820.81
1759.08
1697.35
1635.62
1573.89
1512.16
1450.43
1388.71
1326.98
1265.26
1203.54
1141.81
1080.09
1018.37
956.648
894.445
826.435
746.869
653.782
544.879
417.467
268.412
94.0107
4938.94
4752.51
4656.6
4543.8
4445.78
4353.75
4268.84
4190.29
4117.65
4050.45
3987
3924.7
3862.44
3800.24
3738.07
3675.95
3613.86
3551.81
3489.79
3427.8
3365.84
3303.9
3241.98
3180.08
3118.2
3056.33
2994.48
2932.64
2870.82
2809
2747.2
2685.4
2623.61
2561.83
2500.06
2438.29
2376.52
2314.76
2253.01
2191.26
2129.51
2067.76
2006.02
1944.28
1882.55
1820.81
1759.08
1697.35
1635.62
1573.89
1512.16
1450.43
1388.71
1326.98
1265.26
1203.54
1141.81
1080.09
1018.37
956.648
894.445
826.435
746.869
653.782
544.879
417.467
268.412
94.0102
4942.68
4754.09
4657.29
4544.29
4445.97
4353.85
4268.89
4190.32
4117.66
4050.46
3987
3924.7
3862.45
3800.24
3738.07
3675.95
3613.87
3551.82
3489.8
3427.81
3365.84
3303.9
3241.98
3180.08
3118.2
3056.33
2994.48
2932.64
2870.82
2809
2747.2
2685.4
2623.61
2561.83
2500.06
2438.29
2376.52
2314.76
2253.01
2191.26
2129.51
2067.76
2006.02
1944.28
1882.55
1820.81
1759.08
1697.35
1635.62
1573.89
1512.16
1450.43
1388.71
1326.98
1265.26
1203.54
1141.81
1080.09
1018.37
956.648
894.445
826.435
746.869
653.782
544.879
417.467
268.412
94.0097
4945.93
4755.74
4657.99
4544.83
4446.2
4354
4268.96
4190.36
4117.68
4050.47
3987.01
3924.71
3862.45
3800.24
3738.08
3675.96
3613.87
3551.82
3489.8
3427.81
3365.85
3303.9
3241.98
3180.08
3118.2
3056.34
2994.48
2932.65
2870.82
2809
2747.2
2685.4
2623.61
2561.83
2500.06
2438.29
2376.52
2314.76
2253.01
2191.26
2129.51
2067.76
2006.02
1944.28
1882.55
1820.81
1759.08
1697.35
1635.62
1573.89
1512.16
1450.43
1388.71
1326.98
1265.26
1203.54
1141.81
1080.09
1018.37
956.648
894.445
826.435
746.869
653.783
544.879
417.467
268.412
94.0092
4948.43
4757.21
4658.57
4545.33
4446.41
4354.14
4269.04
4190.41
4117.71
4050.49
3987.03
3924.72
3862.46
3800.25
3738.09
3675.97
3613.88
3551.83
3489.81
3427.82
3365.85
3303.91
3241.99
3180.09
3118.21
3056.34
2994.49
2932.65
2870.82
2809.01
2747.2
2685.4
2623.61
2561.83
2500.06
2438.29
2376.52
2314.76
2253.01
2191.26
2129.51
2067.76
2006.02
1944.28
1882.55
1820.81
1759.08
1697.35
1635.62
1573.89
1512.16
1450.43
1388.71
1326.98
1265.26
1203.54
1141.81
1080.09
1018.37
956.648
894.445
826.435
746.869
653.783
544.879
417.467
268.412
94.0088
4949.89
4758.26
4658.87
4545.68
4446.55
4354.24
4269.1
4190.44
4117.74
4050.51
3987.04
3924.73
3862.47
3800.26
3738.1
3675.98
3613.89
3551.84
3489.82
3427.82
3365.86
3303.92
3241.99
3180.09
3118.21
3056.34
2994.49
2932.65
2870.82
2809.01
2747.2
2685.4
2623.61
2561.83
2500.06
2438.29
2376.52
2314.76
2253.01
2191.26
2129.51
2067.76
2006.02
1944.28
1882.55
1820.81
1759.08
1697.35
1635.62
1573.89
1512.16
1450.43
1388.71
1326.98
1265.26
1203.54
1141.81
1080.09
1018.37
956.648
894.445
826.435
746.869
653.783
544.879
417.467
268.412
94.0085
4950.03
4758.68
4658.75
4545.78
4446.54
4354.25
4269.1
4190.45
4117.75
4050.52
3987.06
3924.74
3862.49
3800.28
3738.11
3675.99
3613.9
3551.85
3489.83
3427.83
3365.87
3303.92
3242
3180.1
3118.22
3056.35
2994.49
2932.65
2870.83
2809.01
2747.2
2685.41
2623.62
2561.83
2500.06
2438.29
2376.52
2314.76
2253.01
2191.26
2129.51
2067.76
2006.02
1944.28
1882.55
1820.81
1759.08
1697.35
1635.62
1573.89
1512.16
1450.43
1388.71
1326.98
1265.26
1203.54
1141.81
1080.09
1018.37
956.648
894.445
826.435
746.869
653.783
544.879
417.467
268.412
94.0085
4948.54
4758.31
4658.1
4545.56
4446.35
4354.15
4269.04
4190.42
4117.73
4050.52
3987.06
3924.75
3862.5
3800.29
3738.13
3676
3613.92
3551.86
3489.84
3427.85
3365.88
3303.93
3242.01
3180.11
3118.22
3056.35
2994.5
2932.66
2870.83
2809.01
2747.21
2685.41
2623.62
2561.84
2500.06
2438.29
2376.52
2314.76
2253.01
2191.26
2129.51
2067.76
2006.02
1944.28
1882.55
1820.81
1759.08
1697.35
1635.62
1573.89
1512.16
1450.43
1388.71
1326.98
1265.26
1203.54
1141.81
1080.09
1018.37
956.648
894.445
826.435
746.869
653.783
544.879
417.467
268.412
94.0086
4945.12
4757.05
4656.87
4545.01
4445.97
4353.94
4268.93
4190.36
4117.71
4050.52
3987.07
3924.77
3862.52
3800.32
3738.15
3676.03
3613.94
3551.88
3489.86
3427.86
3365.89
3303.95
3242.02
3180.12
3118.23
3056.36
2994.5
2932.66
2870.83
2809.02
2747.21
2685.41
2623.62
2561.84
2500.06
2438.29
2376.53
2314.77
2253.01
2191.26
2129.51
2067.77
2006.02
1944.28
1882.55
1820.81
1759.08
1697.35
1635.62
1573.89
1512.16
1450.43
1388.71
1326.98
1265.26
1203.54
1141.81
1080.09
1018.37
956.648
894.445
826.435
746.869
653.783
544.879
417.467
268.412
94.0092
4939.42
4754.92
4655.05
4544.14
4445.42
4353.64
4268.76
4190.28
4117.67
4050.51
3987.08
3924.79
3862.54
3800.34
3738.18
3676.05
3613.96
3551.9
3489.88
3427.88
3365.91
3303.96
3242.03
3180.12
3118.24
3056.37
2994.51
2932.67
2870.84
2809.02
2747.21
2685.41
2623.62
2561.84
2500.06
2438.29
2376.53
2314.77
2253.01
2191.26
2129.51
2067.77
2006.02
1944.28
1882.55
1820.81
1759.08
1697.35
1635.62
1573.89
1512.16
1450.43
1388.71
1326.98
1265.26
1203.54
1141.81
1080.09
1018.37
956.648
894.445
826.436
746.869
653.783
544.879
417.467
268.412
94.01
4931.79
4752.74
4653.29
4543.53
4445.14
4353.58
4268.81
4190.37
4117.78
4050.62
3987.18
3924.88
3862.63
3800.41
3738.24
3676.1
3614
3551.94
3489.9
3427.9
3365.92
3303.97
3242.04
3180.13
3118.24
3056.37
2994.51
2932.67
2870.84
2809.02
2747.21
2685.41
2623.62
2561.84
2500.06
2438.29
2376.53
2314.77
2253.01
2191.26
2129.51
2067.77
2006.02
1944.28
1882.55
1820.81
1759.08
1697.35
1635.62
1573.89
1512.16
1450.43
1388.71
1326.98
1265.26
1203.54
1141.81
1080.09
1018.37
956.648
894.446
826.436
746.869
653.783
544.879
417.468
268.411
94.0111
4921.28
4750.14
4650.95
4542.67
4444.66
4353.37
4268.73
4190.36
4117.8
4050.66
3987.23
3924.93
3862.67
3800.45
3738.27
3676.13
3614.03
3551.96
3489.93
3427.92
3365.94
3303.98
3242.05
3180.14
3118.25
3056.38
2994.52
2932.67
2870.84
2809.02
2747.21
2685.41
2623.62
2561.84
2500.06
2438.29
2376.53
2314.77
2253.01
2191.26
2129.51
2067.77
2006.02
1944.28
1882.55
1820.81
1759.08
1697.35
1635.62
1573.89
1512.16
1450.43
1388.71
1326.98
1265.26
1203.54
1141.81
1080.09
1018.37
956.648
894.446
826.436
746.87
653.783
544.879
417.468
268.411
94.0125
4914.9
4755.88
4653.71
4545.81
4447.01
4355.16
4270.08
4191.37
4118.57
4051.24
3987.67
3925.27
3862.93
3800.65
3738.42
3676.24
3614.11
3552.02
3489.96
3427.94
3365.95
3303.99
3242.06
3180.14
3118.25
3056.37
2994.52
2932.67
2870.84
2809.02
2747.21
2685.41
2623.62
2561.84
2500.06
2438.29
2376.52
2314.76
2253.01
2191.26
2129.51
2067.77
2006.02
1944.28
1882.55
1820.81
1759.08
1697.35
1635.62
1573.89
1512.16
1450.43
1388.71
1326.98
1265.26
1203.54
1141.81
1080.09
1018.37
956.648
894.446
826.436
746.87
653.783
544.879
417.468
268.411
94.0135
4926.42
4757.33
4656.82
4545.36
4446.69
4354.38
4269.24
4190.53
4117.78
4050.51
3987
3924.67
3862.39
3800.17
3738
3675.88
3613.8
3551.75
3489.73
3427.75
3365.79
3303.86
3241.94
3180.05
3118.17
3056.31
2994.46
2932.63
2870.8
2808.99
2747.19
2685.39
2623.6
2561.82
2500.05
2438.28
2376.52
2314.76
2253
2191.25
2129.51
2067.76
2006.02
1944.28
1882.54
1820.81
1759.08
1697.34
1635.61
1573.89
1512.16
1450.43
1388.71
1326.98
1265.26
1203.53
1141.81
1080.09
1018.37
956.647
894.444
826.435
746.868
653.782
544.878
417.467
268.411
94.0119
4924.03
4753.62
4655.94
4544.38
4446.25
4354.09
4269.07
4190.43
4117.72
4050.48
3986.99
3924.66
3862.39
3800.18
3738.01
3675.88
3613.8
3551.75
3489.74
3427.75
3365.79
3303.86
3241.94
3180.05
3118.17
3056.31
2994.46
2932.63
2870.8
2808.99
2747.19
2685.39
2623.6
2561.82
2500.05
2438.28
2376.52
2314.76
2253
2191.25
2129.51
2067.76
2006.02
1944.28
1882.54
1820.81
1759.08
1697.34
1635.61
1573.89
1512.16
1450.43
1388.71
1326.98
1265.26
1203.53
1141.81
1080.09
1018.37
956.647
894.444
826.435
746.868
653.782
544.878
417.467
268.411
94.0122
4924.92
4751.26
4655.52
4543.69
4445.92
4353.86
4268.94
4190.35
4117.67
4050.45
3986.97
3924.65
3862.39
3800.18
3738.01
3675.89
3613.8
3551.76
3489.74
3427.75
3365.79
3303.86
3241.94
3180.05
3118.17
3056.31
2994.46
2932.62
2870.8
2808.99
2747.18
2685.39
2623.6
2561.82
2500.05
2438.28
2376.52
2314.76
2253
2191.25
2129.51
2067.76
2006.02
1944.28
1882.54
1820.81
1759.08
1697.34
1635.61
1573.89
1512.16
1450.43
1388.71
1326.98
1265.26
1203.53
1141.81
1080.09
1018.37
956.647
894.444
826.435
746.869
653.782
544.878
417.467
268.412
94.0121
4927.55
4750.31
4655.39
4543.31
4445.7
4353.7
4268.83
4190.28
4117.62
4050.42
3986.95
3924.64
3862.38
3800.17
3738.01
3675.89
3613.81
3551.76
3489.74
3427.76
3365.8
3303.86
3241.94
3180.05
3118.17
3056.31
2994.46
2932.62
2870.8
2808.99
2747.18
2685.39
2623.6
2561.82
2500.05
2438.28
2376.52
2314.76
2253
2191.25
2129.51
2067.76
2006.02
1944.28
1882.54
1820.81
1759.08
1697.34
1635.61
1573.89
1512.16
1450.43
1388.71
1326.98
1265.26
1203.53
1141.81
1080.09
1018.37
956.647
894.444
826.435
746.869
653.782
544.878
417.467
268.412
94.0118
4930.96
4750.3
4655.49
4543.19
4445.57
4353.6
4268.75
4190.22
4117.58
4050.39
3986.94
3924.63
3862.38
3800.17
3738.01
3675.89
3613.81
3551.76
3489.74
3427.76
3365.8
3303.86
3241.94
3180.05
3118.17
3056.31
2994.46
2932.62
2870.8
2808.99
2747.18
2685.39
2623.6
2561.82
2500.05
2438.28
2376.52
2314.76
2253
2191.25
2129.51
2067.76
2006.02
1944.28
1882.54
1820.81
1759.08
1697.34
1635.61
1573.89
1512.16
1450.43
1388.71
1326.98
1265.26
1203.53
1141.81
1080.09
1018.37
956.647
894.444
826.435
746.869
653.782
544.878
417.467
268.412
94.0114
4934.8
4751.04
4655.86
4543.32
4445.55
4353.57
4268.71
4190.19
4117.56
4050.37
3986.92
3924.62
3862.37
3800.17
3738.01
3675.89
3613.81
3551.76
3489.75
3427.76
3365.8
3303.86
3241.95
3180.05
3118.17
3056.31
2994.46
2932.62
2870.8
2808.99
2747.18
2685.39
2623.6
2561.82
2500.05
2438.28
2376.52
2314.76
2253
2191.25
2129.5
2067.76
2006.02
1944.28
1882.54
1820.81
1759.08
1697.34
1635.61
1573.89
1512.16
1450.43
1388.71
1326.98
1265.26
1203.53
1141.81
1080.09
1018.37
956.647
894.445
826.435
746.869
653.782
544.878
417.467
268.412
94.0109
4938.74
4752.33
4656.43
4543.65
4445.65
4353.62
4268.72
4190.19
4117.55
4050.37
3986.92
3924.62
3862.37
3800.17
3738.01
3675.89
3613.81
3551.77
3489.75
3427.76
3365.8
3303.86
3241.95
3180.05
3118.17
3056.31
2994.46
2932.62
2870.8
2808.99
2747.18
2685.39
2623.6
2561.82
2500.05
2438.28
2376.51
2314.76
2253
2191.25
2129.5
2067.76
2006.02
1944.28
1882.54
1820.81
1759.08
1697.34
1635.61
1573.89
1512.16
1450.43
1388.71
1326.98
1265.26
1203.53
1141.81
1080.09
1018.37
956.647
894.445
826.435
746.869
653.782
544.878
417.467
268.412
94.0103
4942.47
4753.92
4657.13
4544.14
4445.83
4353.73
4268.77
4190.21
4117.56
4050.37
3986.92
3924.62
3862.38
3800.17
3738.02
3675.9
3613.82
3551.77
3489.75
3427.77
3365.81
3303.87
3241.95
3180.05
3118.17
3056.31
2994.46
2932.63
2870.8
2808.99
2747.18
2685.39
2623.6
2561.82
2500.05
2438.28
2376.51
2314.76
2253
2191.25
2129.5
2067.76
2006.02
1944.28
1882.54
1820.81
1759.08
1697.34
1635.61
1573.89
1512.16
1450.43
1388.71
1326.98
1265.26
1203.53
1141.81
1080.09
1018.37
956.647
894.445
826.435
746.869
653.782
544.878
417.467
268.412
94.0098
4945.73
4755.56
4657.83
4544.68
4446.06
4353.87
4268.85
4190.26
4117.59
4050.39
3986.93
3924.63
3862.38
3800.18
3738.02
3675.9
3613.82
3551.78
3489.76
3427.77
3365.81
3303.87
3241.96
3180.06
3118.18
3056.31
2994.46
2932.63
2870.8
2808.99
2747.19
2685.39
2623.6
2561.82
2500.05
2438.28
2376.52
2314.76
2253
2191.25
2129.5
2067.76
2006.02
1944.28
1882.54
1820.81
1759.08
1697.34
1635.61
1573.89
1512.16
1450.43
1388.71
1326.98
1265.26
1203.53
1141.81
1080.09
1018.37
956.647
894.445
826.435
746.869
653.782
544.878
417.467
268.412
94.0093
4948.22
4757.03
4658.4
4545.18
4446.27
4354.02
4268.93
4190.3
4117.62
4050.41
3986.95
3924.64
3862.39
3800.19
3738.03
3675.91
3613.83
3551.78
3489.77
3427.78
3365.82
3303.88
3241.96
3180.06
3118.18
3056.32
2994.47
2932.63
2870.81
2808.99
2747.19
2685.39
2623.6
2561.82
2500.05
2438.28
2376.52
2314.76
2253
2191.25
2129.5
2067.76
2006.02
1944.28
1882.54
1820.81
1759.08
1697.34
1635.61
1573.89
1512.16
1450.43
1388.71
1326.98
1265.26
1203.53
1141.81
1080.09
1018.37
956.647
894.445
826.435
746.869
653.782
544.879
417.467
268.412
94.0089
4949.69
4758.08
4658.7
4545.53
4446.41
4354.11
4268.98
4190.34
4117.64
4050.42
3986.96
3924.66
3862.4
3800.2
3738.04
3675.92
3613.84
3551.79
3489.78
3427.79
3365.82
3303.88
3241.97
3180.07
3118.19
3056.32
2994.47
2932.63
2870.81
2808.99
2747.19
2685.39
2623.6
2561.82
2500.05
2438.28
2376.52
2314.76
2253
2191.25
2129.5
2067.76
2006.02
1944.28
1882.54
1820.81
1759.08
1697.34
1635.61
1573.89
1512.16
1450.43
1388.71
1326.98
1265.26
1203.53
1141.81
1080.09
1018.37
956.647
894.445
826.435
746.869
653.782
544.879
417.467
268.412
94.0087
4949.83
4758.51
4658.59
4545.63
4446.41
4354.13
4268.99
4190.35
4117.65
4050.44
3986.97
3924.67
3862.42
3800.21
3738.05
3675.93
3613.85
3551.8
3489.79
3427.8
3365.83
3303.89
3241.97
3180.07
3118.19
3056.33
2994.48
2932.64
2870.81
2809
2747.19
2685.39
2623.61
2561.82
2500.05
2438.28
2376.52
2314.76
2253
2191.25
2129.5
2067.76
2006.02
1944.28
1882.54
1820.81
1759.08
1697.34
1635.61
1573.89
1512.16
1450.43
1388.71
1326.98
1265.26
1203.53
1141.81
1080.09
1018.37
956.647
894.445
826.435
746.869
653.782
544.879
417.467
268.412
94.0086
4948.34
4758.13
4657.94
4545.41
4446.21
4354.02
4268.93
4190.31
4117.64
4050.43
3986.98
3924.68
3862.43
3800.23
3738.07
3675.95
3613.87
3551.82
3489.8
3427.81
3365.84
3303.9
3241.98
3180.08
3118.2
3056.33
2994.48
2932.64
2870.82
2809
2747.19
2685.4
2623.61
2561.83
2500.05
2438.28
2376.52
2314.76
2253
2191.25
2129.5
2067.76
2006.02
1944.28
1882.54
1820.81
1759.08
1697.34
1635.61
1573.89
1512.16
1450.43
1388.71
1326.98
1265.26
1203.53
1141.81
1080.09
1018.37
956.647
894.445
826.435
746.869
653.782
544.878
417.467
268.412
94.0088
4944.92
4756.87
4656.7
4544.86
4445.83
4353.82
4268.82
4190.26
4117.62
4050.43
3986.99
3924.7
3862.45
3800.25
3738.09
3675.97
3613.89
3551.84
3489.82
3427.82
3365.86
3303.91
3241.99
3180.09
3118.21
3056.34
2994.49
2932.65
2870.82
2809
2747.2
2685.4
2623.61
2561.83
2500.05
2438.28
2376.52
2314.76
2253
2191.25
2129.51
2067.76
2006.02
1944.28
1882.54
1820.81
1759.08
1697.34
1635.61
1573.89
1512.16
1450.43
1388.71
1326.98
1265.26
1203.53
1141.81
1080.09
1018.37
956.647
894.445
826.435
746.869
653.782
544.878
417.467
268.412
94.0093
4939.22
4754.74
4654.88
4543.99
4445.29
4353.51
4268.65
4190.17
4117.58
4050.42
3987
3924.72
3862.48
3800.28
3738.12
3676
3613.91
3551.86
3489.84
3427.84
3365.87
3303.93
3242
3180.1
3118.21
3056.34
2994.49
2932.65
2870.82
2809.01
2747.2
2685.4
2623.61
2561.83
2500.05
2438.28
2376.52
2314.76
2253
2191.25
2129.51
2067.76
2006.02
1944.28
1882.54
1820.81
1759.08
1697.34
1635.61
1573.89
1512.16
1450.43
1388.71
1326.98
1265.26
1203.53
1141.81
1080.09
1018.37
956.647
894.445
826.435
746.869
653.782
544.878
417.467
268.412
94.0101
4931.59
4752.56
4653.12
4543.38
4445.01
4353.46
4268.69
4190.26
4117.68
4050.53
3987.1
3924.81
3862.56
3800.35
3738.18
3676.05
3613.95
3551.89
3489.86
3427.86
3365.89
3303.94
3242.01
3180.11
3118.22
3056.35
2994.5
2932.65
2870.82
2809.01
2747.2
2685.4
2623.61
2561.83
2500.05
2438.28
2376.52
2314.76
2253
2191.25
2129.51
2067.76
2006.02
1944.28
1882.54
1820.81
1759.08
1697.34
1635.61
1573.89
1512.16
1450.43
1388.71
1326.98
1265.26
1203.53
1141.81
1080.09
1018.37
956.647
894.445
826.435
746.869
653.782
544.878
417.467
268.411
94.0112
4921.08
4749.96
4650.79
4542.52
4444.53
4353.25
4268.62
4190.25
4117.71
4050.57
3987.15
3924.85
3862.6
3800.39
3738.22
3676.08
3613.98
3551.92
3489.88
3427.88
3365.9
3303.95
3242.02
3180.12
3118.23
3056.36
2994.5
2932.66
2870.83
2809.01
2747.2
2685.4
2623.61
2561.83
2500.05
2438.28
2376.52
2314.76
2253.01
2191.25
2129.51
2067.76
2006.02
1944.28
1882.54
1820.81
1759.08
1697.34
1635.61
1573.89
1512.16
1450.43
1388.71
1326.98
1265.26
1203.54
1141.81
1080.09
1018.37
956.647
894.445
826.435
746.869
653.782
544.879
417.468
268.411
94.0125
4914.7
4755.7
4653.55
4545.66
4446.87
4355.03
4269.96
4191.26
4118.47
4051.15
3987.59
3925.19
3862.86
3800.58
3738.36
3676.19
3614.06
3551.97
3489.92
3427.91
3365.92
3303.96
3242.03
3180.12
3118.23
3056.35
2994.5
2932.65
2870.82
2809.01
2747.2
2685.4
2623.61
2561.83
2500.05
2438.28
2376.52
2314.76
2253
2191.25
2129.51
2067.76
2006.02
1944.28
1882.54
1820.81
1759.08
1697.34
1635.61
1573.89
1512.16
1450.43
1388.71
1326.98
1265.26
1203.54
1141.81
1080.09
1018.37
956.648
894.445
826.435
746.869
653.783
544.879
417.468
268.41
94.0134
4926.13
4757.08
4656.59
4545.15
4446.5
4354.21
4269.08
4190.39
4117.64
4050.38
3986.89
3924.56
3862.29
3800.08
3737.92
3675.8
3613.73
3551.69
3489.68
3427.7
3365.74
3303.81
3241.9
3180.01
3118.14
3056.28
2994.43
2932.6
2870.78
2808.97
2747.17
2685.38
2623.59
2561.81
2500.04
2438.27
2376.51
2314.75
2253
2191.25
2129.5
2067.76
2006.01
1944.28
1882.54
1820.81
1759.07
1697.34
1635.61
1573.88
1512.16
1450.43
1388.7
1326.98
1265.26
1203.53
1141.81
1080.09
1018.37
956.646
894.443
826.434
746.868
653.782
544.878
417.467
268.411
94.0121
4923.75
4753.37
4655.71
4544.17
4446.06
4353.91
4268.92
4190.29
4117.58
4050.35
3986.88
3924.56
3862.29
3800.09
3737.93
3675.81
3613.73
3551.69
3489.68
3427.7
3365.74
3303.81
3241.9
3180.01
3118.14
3056.28
2994.43
2932.6
2870.78
2808.97
2747.17
2685.37
2623.59
2561.81
2500.04
2438.27
2376.51
2314.75
2253
2191.25
2129.5
2067.76
2006.01
1944.28
1882.54
1820.81
1759.07
1697.34
1635.61
1573.88
1512.16
1450.43
1388.7
1326.98
1265.26
1203.53
1141.81
1080.09
1018.37
956.646
894.444
826.434
746.868
653.782
544.878
417.467
268.411
94.0123
4924.64
4751.01
4655.29
4543.48
4445.73
4353.69
4268.78
4190.2
4117.53
4050.32
3986.86
3924.55
3862.29
3800.09
3737.93
3675.81
3613.73
3551.69
3489.68
3427.7
3365.75
3303.81
3241.9
3180.01
3118.14
3056.28
2994.43
2932.6
2870.78
2808.97
2747.17
2685.37
2623.59
2561.81
2500.04
2438.27
2376.51
2314.75
2253
2191.25
2129.5
2067.76
2006.01
1944.28
1882.54
1820.81
1759.07
1697.34
1635.61
1573.88
1512.16
1450.43
1388.7
1326.98
1265.26
1203.53
1141.81
1080.09
1018.37
956.646
894.444
826.434
746.868
653.782
544.878
417.467
268.411
94.0123
4927.27
4750.06
4655.16
4543.1
4445.51
4353.52
4268.67
4190.13
4117.49
4050.29
3986.84
3924.54
3862.29
3800.08
3737.93
3675.81
3613.74
3551.69
3489.68
3427.7
3365.75
3303.82
3241.9
3180.01
3118.14
3056.28
2994.43
2932.6
2870.78
2808.97
2747.17
2685.37
2623.59
2561.81
2500.04
2438.27
2376.51
2314.75
2253
2191.25
2129.5
2067.76
2006.01
1944.28
1882.54
1820.81
1759.07
1697.34
1635.61
1573.88
1512.16
1450.43
1388.7
1326.98
1265.26
1203.53
1141.81
1080.09
1018.37
956.646
894.444
826.434
746.868
653.782
544.878
417.467
268.412
94.012
4930.67
4750.05
4655.26
4542.98
4445.38
4353.42
4268.59
4190.08
4117.45
4050.27
3986.82
3924.53
3862.28
3800.08
3737.93
3675.81
3613.74
3551.7
3489.69
3427.71
3365.75
3303.82
3241.91
3180.01
3118.14
3056.28
2994.43
2932.6
2870.78
2808.97
2747.17
2685.37
2623.59
2561.81
2500.04
2438.27
2376.51
2314.75
2252.99
2191.25
2129.5
2067.76
2006.01
1944.28
1882.54
1820.81
1759.07
1697.34
1635.61
1573.88
1512.16
1450.43
1388.7
1326.98
1265.26
1203.53
1141.81
1080.09
1018.37
956.646
894.444
826.434
746.868
653.782
544.878
417.467
268.412
94.0115
4934.51
4750.79
4655.63
4543.11
4445.36
4353.4
4268.55
4190.05
4117.42
4050.25
3986.81
3924.52
3862.28
3800.08
3737.93
3675.82
3613.74
3551.7
3489.69
3427.71
3365.75
3303.82
3241.91
3180.01
3118.14
3056.28
2994.43
2932.6
2870.78
2808.97
2747.17
2685.37
2623.59
2561.81
2500.03
2438.27
2376.51
2314.75
2252.99
2191.24
2129.5
2067.75
2006.01
1944.28
1882.54
1820.8
1759.07
1697.34
1635.61
1573.88
1512.16
1450.43
1388.7
1326.98
1265.26
1203.53
1141.81
1080.09
1018.37
956.646
894.444
826.434
746.868
653.781
544.878
417.467
268.412
94.011
4938.45
4752.08
4656.2
4543.45
4445.46
4353.45
4268.56
4190.04
4117.42
4050.24
3986.81
3924.52
3862.28
3800.08
3737.93
3675.82
3613.74
3551.7
3489.69
3427.71
3365.75
3303.82
3241.91
3180.02
3118.14
3056.28
2994.43
2932.6
2870.78
2808.97
2747.17
2685.37
2623.59
2561.81
2500.03
2438.27
2376.51
2314.75
2252.99
2191.24
2129.5
2067.75
2006.01
1944.28
1882.54
1820.8
1759.07
1697.34
1635.61
1573.88
1512.16
1450.43
1388.7
1326.98
1265.26
1203.53
1141.81
1080.09
1018.37
956.646
894.444
826.434
746.868
653.781
544.878
417.467
268.412
94.0105
4942.19
4753.67
4656.9
4543.93
4445.64
4353.56
4268.61
4190.07
4117.43
4050.25
3986.81
3924.52
3862.28
3800.08
3737.93
3675.82
3613.75
3551.71
3489.7
3427.72
3365.76
3303.82
3241.91
3180.02
3118.14
3056.28
2994.44
2932.6
2870.78
2808.97
2747.17
2685.37
2623.59
2561.81
2500.03
2438.27
2376.51
2314.75
2252.99
2191.24
2129.5
2067.75
2006.01
1944.28
1882.54
1820.8
1759.07
1697.34
1635.61
1573.88
1512.16
1450.43
1388.7
1326.98
1265.26
1203.53
1141.81
1080.09
1018.37
956.646
894.444
826.434
746.868
653.782
544.878
417.467
268.412
94.01
4945.44
4755.31
4657.6
4544.47
4445.87
4353.7
4268.69
4190.11
4117.45
4050.26
3986.82
3924.53
3862.29
3800.09
3737.94
3675.83
3613.75
3551.71
3489.7
3427.72
3365.76
3303.83
3241.92
3180.02
3118.15
3056.28
2994.44
2932.6
2870.78
2808.97
2747.17
2685.37
2623.59
2561.81
2500.04
2438.27
2376.51
2314.75
2252.99
2191.24
2129.5
2067.75
2006.01
1944.28
1882.54
1820.8
1759.07
1697.34
1635.61
1573.88
1512.16
1450.43
1388.7
1326.98
1265.26
1203.53
1141.81
1080.09
1018.37
956.646
894.444
826.434
746.868
653.782
544.878
417.467
268.412
94.0095
4947.94
4756.78
4658.17
4544.97
4446.08
4353.84
4268.77
4190.16
4117.48
4050.28
3986.83
3924.54
3862.29
3800.1
3737.95
3675.84
3613.76
3551.72
3489.71
3427.73
3365.77
3303.83
3241.92
3180.03
3118.15
3056.29
2994.44
2932.61
2870.78
2808.97
2747.17
2685.37
2623.59
2561.81
2500.04
2438.27
2376.51
2314.75
2252.99
2191.24
2129.5
2067.75
2006.01
1944.28
1882.54
1820.8
1759.07
1697.34
1635.61
1573.88
1512.16
1450.43
1388.7
1326.98
1265.26
1203.53
1141.81
1080.09
1018.37
956.646
894.444
826.434
746.868
653.782
544.878
417.467
268.412
94.0091
4949.4
4757.83
4658.47
4545.32
4446.22
4353.94
4268.82
4190.19
4117.51
4050.3
3986.85
3924.55
3862.31
3800.11
3737.96
3675.85
3613.77
3551.73
3489.72
3427.73
3365.78
3303.84
3241.93
3180.03
3118.15
3056.29
2994.44
2932.61
2870.79
2808.97
2747.17
2685.38
2623.59
2561.81
2500.04
2438.27
2376.51
2314.75
2252.99
2191.24
2129.5
2067.75
2006.01
1944.28
1882.54
1820.8
1759.07
1697.34
1635.61
1573.88
1512.16
1450.43
1388.7
1326.98
1265.26
1203.53
1141.81
1080.09
1018.37
956.646
894.444
826.434
746.868
653.782
544.878
417.467
268.412
94.0088
4949.55
4758.26
4658.36
4545.42
4446.22
4353.95
4268.83
4190.2
4117.52
4050.31
3986.86
3924.56
3862.32
3800.12
3737.97
3675.86
3613.78
3551.74
3489.73
3427.74
3365.79
3303.85
3241.93
3180.04
3118.16
3056.3
2994.45
2932.61
2870.79
2808.98
2747.17
2685.38
2623.59
2561.81
2500.04
2438.27
2376.51
2314.75
2253
2191.25
2129.5
2067.75
2006.01
1944.27
1882.54
1820.8
1759.07
1697.34
1635.61
1573.88
1512.16
1450.43
1388.7
1326.98
1265.26
1203.53
1141.81
1080.09
1018.37
956.646
894.444
826.434
746.868
653.782
544.878
417.467
268.412
94.0088
4948.05
4757.88
4657.7
4545.2
4446.02
4353.85
4268.77
4190.17
4117.5
4050.31
3986.87
3924.57
3862.33
3800.14
3737.99
3675.88
3613.8
3551.76
3489.74
3427.76
3365.8
3303.86
3241.94
3180.05
3118.17
3056.3
2994.45
2932.62
2870.79
2808.98
2747.18
2685.38
2623.59
2561.81
2500.04
2438.27
2376.51
2314.75
2253
2191.25
2129.5
2067.75
2006.01
1944.28
1882.54
1820.8
1759.07
1697.34
1635.61
1573.88
1512.16
1450.43
1388.7
1326.98
1265.26
1203.53
1141.81
1080.09
1018.37
956.646
894.444
826.434
746.868
653.782
544.878
417.467
268.412
94.009
4944.64
4756.62
4656.47
4544.65
4445.64
4353.64
4268.66
4190.11
4117.48
4050.31
3986.88
3924.59
3862.35
3800.16
3738.01
3675.9
3613.82
3551.77
3489.76
3427.77
3365.81
3303.87
3241.95
3180.05
3118.17
3056.31
2994.46
2932.62
2870.8
2808.98
2747.18
2685.38
2623.59
2561.81
2500.04
2438.27
2376.51
2314.75
2253
2191.25
2129.5
2067.75
2006.01
1944.28
1882.54
1820.8
1759.07
1697.34
1635.61
1573.88
1512.16
1450.43
1388.7
1326.98
1265.26
1203.53
1141.81
1080.09
1018.37
956.646
894.444
826.434
746.868
653.782
544.878
417.467
268.412
94.0095
4938.93
4754.49
4654.65
4543.79
4445.1
4353.34
4268.49
4190.03
4117.45
4050.3
3986.89
3924.61
3862.38
3800.19
3738.04
3675.92
3613.84
3551.8
3489.78
3427.79
3365.82
3303.88
3241.96
3180.06
3118.18
3056.32
2994.46
2932.63
2870.8
2808.99
2747.18
2685.38
2623.6
2561.82
2500.04
2438.27
2376.51
2314.75
2253
2191.25
2129.5
2067.76
2006.01
1944.28
1882.54
1820.8
1759.07
1697.34
1635.61
1573.88
1512.16
1450.43
1388.7
1326.98
1265.26
1203.53
1141.81
1080.09
1018.37
956.646
894.444
826.434
746.868
653.782
544.878
417.467
268.411
94.0102
4931.3
4752.31
4652.89
4543.18
4444.82
4353.28
4268.54
4190.12
4117.55
4050.41
3986.99
3924.7
3862.46
3800.26
3738.1
3675.97
3613.89
3551.83
3489.81
3427.81
3365.84
3303.9
3241.98
3180.07
3118.19
3056.32
2994.47
2932.63
2870.8
2808.99
2747.18
2685.39
2623.6
2561.82
2500.04
2438.27
2376.51
2314.75
2253
2191.25
2129.5
2067.76
2006.01
1944.28
1882.54
1820.81
1759.07
1697.34
1635.61
1573.88
1512.16
1450.43
1388.7
1326.98
1265.26
1203.53
1141.81
1080.09
1018.37
956.646
894.444
826.434
746.868
653.782
544.878
417.467
268.411
94.0112
4920.8
4749.71
4650.56
4542.31
4444.34
4353.08
4268.46
4190.11
4117.58
4050.45
3987.03
3924.75
3862.51
3800.3
3738.13
3676.01
3613.91
3551.85
3489.83
3427.83
3365.86
3303.91
3241.98
3180.08
3118.19
3056.33
2994.47
2932.63
2870.81
2808.99
2747.18
2685.39
2623.6
2561.82
2500.04
2438.27
2376.51
2314.75
2253
2191.25
2129.5
2067.76
2006.02
1944.28
1882.54
1820.81
1759.07
1697.34
1635.61
1573.88
1512.16
1450.43
1388.71
1326.98
1265.26
1203.53
1141.81
1080.09
1018.37
956.646
894.444
826.435
746.868
653.782
544.878
417.468
268.411
94.0126
4914.42
4755.46
4653.32
4545.45
4446.68
4354.86
4269.8
4191.12
4118.34
4051.03
3987.48
3925.09
3862.76
3800.49
3738.28
3676.11
3613.99
3551.91
3489.86
3427.85
3365.87
3303.92
3241.99
3180.08
3118.19
3056.32
2994.47
2932.63
2870.8
2808.99
2747.18
2685.38
2623.59
2561.81
2500.04
2438.27
2376.51
2314.75
2253
2191.25
2129.5
2067.76
2006.01
1944.28
1882.54
1820.81
1759.07
1697.34
1635.61
1573.88
1512.16
1450.43
1388.71
1326.98
1265.26
1203.53
1141.81
1080.09
1018.37
956.647
894.444
826.435
746.869
653.782
544.878
417.468
268.41
94.0135
4925.77
4756.75
4656.29
4544.88
4446.25
4353.98
4268.88
4190.2
4117.47
4050.23
3986.74
3924.43
3862.17
3799.97
3737.82
3675.71
3613.64
3551.6
3489.6
3427.63
3365.68
3303.76
3241.85
3179.97
3118.1
3056.24
2994.4
2932.57
2870.75
2808.95
2747.15
2685.36
2623.57
2561.79
2500.02
2438.26
2376.5
2314.74
2252.99
2191.24
2129.49
2067.75
2006.01
1944.27
1882.53
1820.8
1759.07
1697.34
1635.61
1573.88
1512.15
1450.43
1388.7
1326.98
1265.25
1203.53
1141.81
1080.09
1018.37
956.645
894.443
826.433
746.867
653.781
544.878
417.467
268.411
94.0123
4923.38
4753.05
4655.41
4543.9
4445.81
4353.69
4268.71
4190.1
4117.41
4050.19
3986.73
3924.42
3862.17
3799.97
3737.82
3675.71
3613.64
3551.61
3489.61
3427.63
3365.68
3303.76
3241.85
3179.97
3118.1
3056.24
2994.4
2932.57
2870.75
2808.94
2747.14
2685.35
2623.57
2561.79
2500.02
2438.26
2376.5
2314.74
2252.99
2191.24
2129.49
2067.75
2006.01
1944.27
1882.53
1820.8
1759.07
1697.34
1635.61
1573.88
1512.15
1450.43
1388.7
1326.98
1265.25
1203.53
1141.81
1080.09
1018.37
956.645
894.443
826.433
746.867
653.781
544.878
417.467
268.411
94.0125
4924.28
4750.69
4654.99
4543.21
4445.49
4353.46
4268.57
4190.02
4117.36
4050.16
3986.71
3924.41
3862.17
3799.97
3737.82
3675.71
3613.65
3551.61
3489.61
3427.63
3365.68
3303.76
3241.85
3179.97
3118.1
3056.24
2994.4
2932.57
2870.75
2808.94
2747.14
2685.35
2623.57
2561.79
2500.02
2438.26
2376.49
2314.74
2252.99
2191.24
2129.49
2067.75
2006.01
1944.27
1882.53
1820.8
1759.07
1697.34
1635.61
1573.88
1512.15
1450.43
1388.7
1326.98
1265.25
1203.53
1141.81
1080.09
1018.37
956.645
894.443
826.433
746.867
653.781
544.878
417.467
268.411
94.0125
4926.9
4749.74
4654.86
4542.83
4445.26
4353.3
4268.46
4189.94
4117.31
4050.13
3986.69
3924.4
3862.16
3799.97
3737.82
3675.72
3613.65
3551.61
3489.61
3427.64
3365.69
3303.76
3241.85
3179.97
3118.1
3056.24
2994.4
2932.57
2870.75
2808.94
2747.14
2685.35
2623.57
2561.79
2500.02
2438.25
2376.49
2314.74
2252.99
2191.24
2129.49
2067.75
2006.01
1944.27
1882.53
1820.8
1759.07
1697.34
1635.61
1573.88
1512.15
1450.43
1388.7
1326.98
1265.25
1203.53
1141.81
1080.09
1018.37
956.645
894.443
826.433
746.867
653.781
544.878
417.467
268.411
94.0122
4930.31
4749.73
4654.97
4542.71
4445.13
4353.2
4268.39
4189.89
4117.28
4050.11
3986.68
3924.39
3862.16
3799.97
3737.82
3675.72
3613.65
3551.62
3489.61
3427.64
3365.69
3303.76
3241.85
3179.97
3118.1
3056.24
2994.4
2932.57
2870.75
2808.94
2747.14
2685.35
2623.57
2561.79
2500.02
2438.25
2376.49
2314.74
2252.98
2191.24
2129.49
2067.75
2006.01
1944.27
1882.53
1820.8
1759.07
1697.34
1635.61
1573.88
1512.15
1450.43
1388.7
1326.98
1265.25
1203.53
1141.81
1080.09
1018.37
956.645
894.443
826.433
746.867
653.781
544.878
417.467
268.411
94.0117
4934.15
4750.47
4655.33
4542.84
4445.12
4353.17
4268.35
4189.86
4117.25
4050.09
3986.66
3924.38
3862.15
3799.97
3737.82
3675.72
3613.65
3551.62
3489.62
3427.64
3365.69
3303.76
3241.86
3179.97
3118.1
3056.24
2994.4
2932.57
2870.75
2808.94
2747.14
2685.35
2623.57
2561.79
2500.02
2438.25
2376.49
2314.74
2252.98
2191.24
2129.49
2067.75
2006.01
1944.27
1882.53
1820.8
1759.07
1697.34
1635.61
1573.88
1512.15
1450.43
1388.7
1326.98
1265.25
1203.53
1141.81
1080.09
1018.37
956.645
894.443
826.433
746.867
653.781
544.877
417.467
268.411
94.0112
4938.09
4751.76
4655.9
4543.18
4445.21
4353.22
4268.36
4189.86
4117.25
4050.08
3986.66
3924.38
3862.15
3799.97
3737.83
3675.72
3613.66
3551.62
3489.62
3427.64
3365.69
3303.77
3241.86
3179.97
3118.1
3056.24
2994.4
2932.57
2870.75
2808.94
2747.14
2685.35
2623.57
2561.79
2500.02
2438.25
2376.49
2314.74
2252.98
2191.24
2129.49
2067.75
2006.01
1944.27
1882.53
1820.8
1759.07
1697.34
1635.61
1573.88
1512.15
1450.43
1388.7
1326.98
1265.25
1203.53
1141.81
1080.09
1018.37
956.645
894.443
826.433
746.867
653.781
544.877
417.466
268.412
94.0107
4941.82
4753.34
4656.6
4543.66
4445.4
4353.33
4268.41
4189.88
4117.26
4050.09
3986.66
3924.38
3862.15
3799.97
3737.83
3675.73
3613.66
3551.63
3489.62
3427.65
3365.7
3303.77
3241.86
3179.97
3118.1
3056.24
2994.4
2932.57
2870.75
2808.94
2747.14
2685.35
2623.57
2561.79
2500.02
2438.25
2376.49
2314.74
2252.98
2191.24
2129.49
2067.75
2006.01
1944.27
1882.53
1820.8
1759.07
1697.34
1635.61
1573.88
1512.15
1450.43
1388.7
1326.98
1265.25
1203.53
1141.81
1080.09
1018.37
956.645
894.443
826.433
746.867
653.781
544.877
417.466
268.412
94.0102
4945.07
4754.99
4657.3
4544.2
4445.62
4353.48
4268.48
4189.92
4117.28
4050.11
3986.67
3924.39
3862.16
3799.98
3737.84
3675.73
3613.67
3551.63
3489.63
3427.65
3365.7
3303.77
3241.87
3179.98
3118.1
3056.25
2994.4
2932.57
2870.75
2808.94
2747.14
2685.35
2623.57
2561.79
2500.02
2438.25
2376.49
2314.74
2252.98
2191.24
2129.49
2067.75
2006.01
1944.27
1882.53
1820.8
1759.07
1697.34
1635.61
1573.88
1512.15
1450.43
1388.7
1326.98
1265.25
1203.53
1141.81
1080.09
1018.37
956.645
894.443
826.433
746.867
653.781
544.877
417.466
268.412
94.0098
4947.57
4756.46
4657.88
4544.7
4445.84
4353.62
4268.56
4189.97
4117.31
4050.13
3986.69
3924.4
3862.17
3799.99
3737.84
3675.74
3613.67
3551.64
3489.64
3427.66
3365.71
3303.78
3241.87
3179.98
3118.11
3056.25
2994.41
2932.58
2870.76
2808.95
2747.15
2685.35
2623.57
2561.79
2500.02
2438.25
2376.49
2314.74
2252.98
2191.24
2129.49
2067.75
2006.01
1944.27
1882.53
1820.8
1759.07
1697.34
1635.61
1573.88
1512.15
1450.43
1388.7
1326.98
1265.25
1203.53
1141.81
1080.09
1018.37
956.645
894.443
826.433
746.867
653.781
544.878
417.467
268.412
94.0094
4949.04
4757.51
4658.18
4545.05
4445.98
4353.72
4268.62
4190.01
4117.34
4050.14
3986.7
3924.42
3862.18
3800
3737.85
3675.75
3613.68
3551.65
3489.64
3427.67
3365.72
3303.79
3241.88
3179.99
3118.11
3056.25
2994.41
2932.58
2870.76
2808.95
2747.15
2685.36
2623.57
2561.79
2500.02
2438.26
2376.49
2314.74
2252.99
2191.24
2129.49
2067.75
2006.01
1944.27
1882.53
1820.8
1759.07
1697.34
1635.61
1573.88
1512.15
1450.43
1388.7
1326.98
1265.25
1203.53
1141.81
1080.09
1018.37
956.645
894.443
826.433
746.867
653.781
544.878
417.467
268.412
94.0091
4949.18
4757.93
4658.06
4545.15
4445.97
4353.73
4268.63
4190.02
4117.35
4050.15
3986.71
3924.43
3862.2
3800.01
3737.87
3675.76
3613.7
3551.66
3489.66
3427.68
3365.72
3303.79
3241.88
3179.99
3118.12
3056.26
2994.41
2932.58
2870.76
2808.95
2747.15
2685.36
2623.57
2561.79
2500.02
2438.26
2376.49
2314.74
2252.99
2191.24
2129.49
2067.75
2006.01
1944.27
1882.53
1820.8
1759.07
1697.34
1635.61
1573.88
1512.15
1450.43
1388.7
1326.98
1265.25
1203.53
1141.81
1080.09
1018.37
956.645
894.443
826.433
746.867
653.781
544.878
417.467
268.412
94.009
4947.69
4757.56
4657.41
4544.93
4445.78
4353.62
4268.57
4189.98
4117.33
4050.15
3986.72
3924.44
3862.21
3800.03
3737.88
3675.78
3613.71
3551.68
3489.67
3427.69
3365.74
3303.8
3241.89
3180
3118.13
3056.27
2994.42
2932.59
2870.77
2808.95
2747.15
2685.36
2623.57
2561.8
2500.02
2438.26
2376.5
2314.74
2252.99
2191.24
2129.49
2067.75
2006.01
1944.27
1882.53
1820.8
1759.07
1697.34
1635.61
1573.88
1512.15
1450.43
1388.7
1326.98
1265.25
1203.53
1141.81
1080.09
1018.37
956.645
894.443
826.433
746.867
653.781
544.878
417.466
268.411
94.0093
4944.27
4756.3
4656.18
4544.38
4445.4
4353.42
4268.45
4189.93
4117.31
4050.15
3986.73
3924.46
3862.23
3800.05
3737.91
3675.8
3613.73
3551.69
3489.69
3427.7
3365.75
3303.82
3241.9
3180.01
3118.13
3056.27
2994.42
2932.59
2870.77
2808.96
2747.16
2685.36
2623.58
2561.8
2500.02
2438.26
2376.5
2314.74
2252.99
2191.24
2129.49
2067.75
2006.01
1944.27
1882.53
1820.8
1759.07
1697.34
1635.61
1573.88
1512.15
1450.43
1388.7
1326.98
1265.25
1203.53
1141.81
1080.09
1018.37
956.645
894.443
826.433
746.868
653.781
544.878
417.467
268.411
94.0098
4938.57
4754.17
4654.35
4543.52
4444.85
4353.12
4268.29
4189.84
4117.27
4050.14
3986.74
3924.48
3862.25
3800.07
3737.93
3675.83
3613.76
3551.72
3489.7
3427.72
3365.76
3303.83
3241.91
3180.02
3118.14
3056.28
2994.43
2932.6
2870.77
2808.96
2747.16
2685.36
2623.58
2561.8
2500.03
2438.26
2376.5
2314.74
2252.99
2191.24
2129.49
2067.75
2006.01
1944.27
1882.53
1820.8
1759.07
1697.34
1635.61
1573.88
1512.15
1450.43
1388.7
1326.98
1265.25
1203.53
1141.81
1080.09
1018.37
956.645
894.443
826.433
746.867
653.781
544.877
417.467
268.411
94.0105
4930.94
4751.99
4652.6
4542.91
4444.57
4353.06
4268.33
4189.93
4117.38
4050.25
3986.84
3924.57
3862.34
3800.15
3737.99
3675.88
3613.8
3551.75
3489.73
3427.74
3365.78
3303.84
3241.93
3180.03
3118.15
3056.28
2994.43
2932.6
2870.78
2808.96
2747.16
2685.36
2623.58
2561.8
2500.03
2438.26
2376.5
2314.74
2252.99
2191.24
2129.49
2067.75
2006.01
1944.27
1882.53
1820.8
1759.07
1697.34
1635.61
1573.88
1512.15
1450.43
1388.7
1326.98
1265.25
1203.53
1141.81
1080.09
1018.37
956.645
894.443
826.434
746.868
653.781
544.878
417.467
268.411
94.0114
4920.44
4749.39
4650.26
4542.04
4444.09
4352.85
4268.26
4189.92
4117.4
4050.29
3986.89
3924.62
3862.38
3800.19
3738.03
3675.91
3613.83
3551.77
3489.75
3427.76
3365.8
3303.85
3241.93
3180.03
3118.15
3056.29
2994.44
2932.6
2870.78
2808.96
2747.16
2685.37
2623.58
2561.8
2500.03
2438.26
2376.5
2314.74
2252.99
2191.24
2129.49
2067.75
2006.01
1944.27
1882.53
1820.8
1759.07
1697.34
1635.61
1573.88
1512.15
1450.43
1388.7
1326.98
1265.25
1203.53
1141.81
1080.09
1018.37
956.645
894.443
826.434
746.868
653.781
544.878
417.467
268.411
94.0128
4914.06
4755.13
4653.02
4545.18
4446.44
4354.64
4269.6
4190.93
4118.17
4050.87
3987.33
3924.96
3862.64
3800.38
3738.17
3676.02
3613.9
3551.83
3489.79
3427.79
3365.81
3303.86
3241.94
3180.04
3118.15
3056.29
2994.44
2932.6
2870.77
2808.96
2747.16
2685.36
2623.58
2561.8
2500.02
2438.26
2376.5
2314.74
2252.99
2191.24
2129.49
2067.75
2006.01
1944.27
1882.53
1820.8
1759.07
1697.34
1635.61
1573.88
1512.15
1450.43
1388.7
1326.98
1265.26
1203.53
1141.81
1080.09
1018.37
956.645
894.443
826.434
746.868
653.782
544.878
417.468
268.41
94.0137
4925.32
4756.36
4655.93
4544.55
4445.95
4353.71
4268.63
4189.97
4117.26
4050.03
3986.57
3924.26
3862.02
3799.83
3737.69
3675.59
3613.53
3551.51
3489.51
3427.55
3365.61
3303.69
3241.79
3179.91
3118.05
3056.2
2994.36
2932.53
2870.72
2808.91
2747.12
2685.33
2623.55
2561.77
2500
2438.24
2376.48
2314.73
2252.97
2191.23
2129.48
2067.74
2006
1944.26
1882.53
1820.79
1759.06
1697.33
1635.6
1573.88
1512.15
1450.42
1388.7
1326.98
1265.25
1203.53
1141.81
1080.09
1018.36
956.644
894.441
826.432
746.866
653.78
544.877
417.467
268.41
94.0125
4922.93
4752.66
4655.04
4543.57
4445.51
4353.41
4268.46
4189.87
4117.2
4050
3986.55
3924.26
3862.02
3799.83
3737.69
3675.59
3613.54
3551.51
3489.52
3427.55
3365.61
3303.69
3241.79
3179.91
3118.05
3056.2
2994.36
2932.53
2870.72
2808.91
2747.12
2685.33
2623.55
2561.77
2500
2438.24
2376.48
2314.73
2252.97
2191.23
2129.48
2067.74
2006
1944.26
1882.53
1820.79
1759.06
1697.33
1635.6
1573.88
1512.15
1450.42
1388.7
1326.98
1265.25
1203.53
1141.81
1080.09
1018.36
956.644
894.441
826.432
746.866
653.78
544.877
417.467
268.411
94.0128
4923.83
4750.3
4654.63
4542.88
4445.19
4353.19
4268.32
4189.79
4117.15
4049.97
3986.53
3924.25
3862.02
3799.83
3737.69
3675.6
3613.54
3551.51
3489.52
3427.55
3365.61
3303.69
3241.79
3179.91
3118.05
3056.19
2994.36
2932.53
2870.72
2808.91
2747.12
2685.33
2623.55
2561.77
2500
2438.24
2376.48
2314.73
2252.97
2191.23
2129.48
2067.74
2006
1944.26
1882.53
1820.79
1759.06
1697.33
1635.6
1573.88
1512.15
1450.42
1388.7
1326.98
1265.25
1203.53
1141.81
1080.09
1018.36
956.644
894.441
826.432
746.866
653.78
544.877
417.467
268.411
94.0127
4926.46
4749.34
4654.49
4542.5
4444.96
4353.03
4268.22
4189.72
4117.11
4049.94
3986.52
3924.24
3862.01
3799.83
3737.7
3675.6
3613.54
3551.52
3489.52
3427.55
3365.61
3303.69
3241.79
3179.91
3118.05
3056.19
2994.36
2932.53
2870.72
2808.91
2747.12
2685.33
2623.55
2561.77
2500
2438.24
2376.48
2314.72
2252.97
2191.23
2129.48
2067.74
2006
1944.26
1882.53
1820.79
1759.06
1697.33
1635.6
1573.88
1512.15
1450.42
1388.7
1326.98
1265.25
1203.53
1141.81
1080.09
1018.36
956.644
894.442
826.432
746.866
653.78
544.877
417.466
268.411
94.0124
4929.86
4749.33
4654.6
4542.38
4444.83
4352.93
4268.14
4189.66
4117.07
4049.92
3986.5
3924.23
3862.01
3799.83
3737.7
3675.6
3613.54
3551.52
3489.52
3427.56
3365.61
3303.69
3241.79
3179.91
3118.05
3056.19
2994.36
2932.53
2870.72
2808.91
2747.12
2685.33
2623.55
2561.77
2500
2438.24
2376.48
2314.72
2252.97
2191.22
2129.48
2067.74
2006
1944.26
1882.53
1820.79
1759.06
1697.33
1635.6
1573.88
1512.15
1450.42
1388.7
1326.98
1265.25
1203.53
1141.81
1080.09
1018.36
956.644
894.442
826.432
746.866
653.78
544.877
417.466
268.411
94.012
4933.7
4750.08
4654.97
4542.51
4444.82
4352.9
4268.1
4189.63
4117.04
4049.9
3986.49
3924.22
3862
3799.83
3737.7
3675.6
3613.55
3551.52
3489.53
3427.56
3365.62
3303.7
3241.8
3179.91
3118.05
3056.2
2994.36
2932.53
2870.72
2808.91
2747.11
2685.33
2623.55
2561.77
2500
2438.24
2376.48
2314.72
2252.97
2191.22
2129.48
2067.74
2006
1944.26
1882.53
1820.79
1759.06
1697.33
1635.6
1573.88
1512.15
1450.42
1388.7
1326.98
1265.25
1203.53
1141.81
1080.09
1018.36
956.644
894.442
826.432
746.866
653.78
544.877
417.466
268.411
94.0115
4937.64
4751.36
4655.54
4542.85
4444.91
4352.95
4268.11
4189.63
4117.04
4049.89
3986.48
3924.22
3862
3799.83
3737.7
3675.61
3613.55
3551.53
3489.53
3427.56
3365.62
3303.7
3241.8
3179.91
3118.05
3056.2
2994.36
2932.53
2870.72
2808.91
2747.12
2685.33
2623.55
2561.77
2500
2438.24
2376.48
2314.72
2252.97
2191.22
2129.48
2067.74
2006
1944.26
1882.53
1820.79
1759.06
1697.33
1635.6
1573.88
1512.15
1450.42
1388.7
1326.98
1265.25
1203.53
1141.81
1080.09
1018.36
956.644
894.442
826.432
746.866
653.78
544.877
417.466
268.411
94.011
4941.38
4752.95
4656.24
4543.33
4445.1
4353.06
4268.16
4189.65
4117.05
4049.9
3986.49
3924.22
3862
3799.83
3737.7
3675.61
3613.55
3551.53
3489.53
3427.57
3365.62
3303.7
3241.8
3179.92
3118.05
3056.2
2994.36
2932.53
2870.72
2808.91
2747.12
2685.33
2623.55
2561.77
2500
2438.24
2376.48
2314.72
2252.97
2191.22
2129.48
2067.74
2006
1944.26
1882.53
1820.79
1759.06
1697.33
1635.6
1573.88
1512.15
1450.42
1388.7
1326.98
1265.25
1203.53
1141.81
1080.09
1018.36
956.644
894.442
826.432
746.866
653.78
544.877
417.466
268.411
94.0105
4944.63
4754.6
4656.94
4543.87
4445.32
4353.2
4268.24
4189.7
4117.07
4049.91
3986.5
3924.23
3862.01
3799.84
3737.71
3675.62
3613.56
3551.54
3489.54
3427.57
3365.63
3303.71
3241.8
3179.92
3118.05
3056.2
2994.36
2932.54
2870.72
2808.91
2747.12
2685.33
2623.55
2561.77
2500
2438.24
2376.48
2314.72
2252.97
2191.22
2129.48
2067.74
2006
1944.26
1882.53
1820.79
1759.06
1697.33
1635.6
1573.88
1512.15
1450.42
1388.7
1326.98
1265.25
1203.53
1141.81
1080.09
1018.36
956.644
894.442
826.432
746.866
653.78
544.877
417.466
268.411
94.01
4947.12
4756.06
4657.51
4544.37
4445.54
4353.35
4268.32
4189.74
4117.1
4049.93
3986.51
3924.24
3862.02
3799.85
3737.72
3675.62
3613.57
3551.54
3489.55
3427.58
3365.63
3303.71
3241.81
3179.93
3118.06
3056.2
2994.37
2932.54
2870.72
2808.92
2747.12
2685.33
2623.55
2561.77
2500
2438.24
2376.48
2314.72
2252.97
2191.22
2129.48
2067.74
2006
1944.26
1882.53
1820.79
1759.06
1697.33
1635.6
1573.88
1512.15
1450.42
1388.7
1326.98
1265.25
1203.53
1141.81
1080.09
1018.36
956.644
894.442
826.432
746.866
653.78
544.877
417.466
268.411
94.0097
4948.59
4757.12
4657.81
4544.72
4445.68
4353.44
4268.37
4189.78
4117.13
4049.95
3986.53
3924.25
3862.03
3799.86
3737.73
3675.63
3613.58
3551.55
3489.56
3427.59
3365.64
3303.72
3241.82
3179.93
3118.06
3056.21
2994.37
2932.54
2870.72
2808.92
2747.12
2685.33
2623.55
2561.77
2500
2438.24
2376.48
2314.72
2252.97
2191.23
2129.48
2067.74
2006
1944.26
1882.53
1820.79
1759.06
1697.33
1635.6
1573.88
1512.15
1450.42
1388.7
1326.98
1265.25
1203.53
1141.81
1080.09
1018.36
956.644
894.442
826.432
746.866
653.78
544.877
417.466
268.411
94.0094
4948.73
4757.54
4657.7
4544.82
4445.67
4353.46
4268.38
4189.79
4117.14
4049.96
3986.54
3924.27
3862.05
3799.87
3737.74
3675.65
3613.59
3551.56
3489.57
3427.6
3365.65
3303.73
3241.82
3179.94
3118.07
3056.21
2994.37
2932.55
2870.73
2808.92
2747.12
2685.33
2623.55
2561.77
2500
2438.24
2376.48
2314.72
2252.97
2191.23
2129.48
2067.74
2006
1944.26
1882.53
1820.79
1759.06
1697.33
1635.6
1573.88
1512.15
1450.42
1388.7
1326.98
1265.25
1203.53
1141.81
1080.09
1018.36
956.644
894.442
826.432
746.867
653.78
544.877
417.466
268.411
94.0094
4947.24
4757.16
4657.05
4544.6
4445.48
4353.35
4268.32
4189.76
4117.12
4049.96
3986.54
3924.28
3862.06
3799.89
3737.76
3675.66
3613.6
3551.58
3489.58
3427.61
3365.66
3303.74
3241.83
3179.94
3118.07
3056.22
2994.38
2932.55
2870.73
2808.92
2747.13
2685.33
2623.55
2561.78
2500.01
2438.24
2376.48
2314.73
2252.97
2191.23
2129.48
2067.74
2006
1944.26
1882.53
1820.79
1759.06
1697.33
1635.6
1573.88
1512.15
1450.42
1388.7
1326.98
1265.25
1203.53
1141.81
1080.09
1018.36
956.644
894.442
826.432
746.867
653.781
544.877
417.466
268.411
94.0097
4943.82
4755.91
4655.81
4544.05
4445.1
4353.15
4268.2
4189.7
4117.1
4049.96
3986.55
3924.29
3862.08
3799.91
3737.78
3675.69
3613.63
3551.6
3489.6
3427.62
3365.67
3303.75
3241.84
3179.95
3118.08
3056.23
2994.38
2932.55
2870.74
2808.93
2747.13
2685.34
2623.55
2561.78
2500.01
2438.24
2376.48
2314.73
2252.97
2191.23
2129.48
2067.74
2006
1944.26
1882.53
1820.79
1759.06
1697.33
1635.6
1573.88
1512.15
1450.42
1388.7
1326.98
1265.25
1203.53
1141.81
1080.09
1018.36
956.644
894.442
826.432
746.867
653.781
544.877
417.466
268.411
94.0102
4938.12
4753.77
4653.99
4543.19
4444.55
4352.85
4268.04
4189.61
4117.07
4049.95
3986.56
3924.31
3862.1
3799.94
3737.81
3675.71
3613.65
3551.62
3489.62
3427.64
3365.69
3303.76
3241.85
3179.96
3118.09
3056.23
2994.39
2932.56
2870.74
2808.93
2747.13
2685.34
2623.55
2561.78
2500.01
2438.24
2376.48
2314.73
2252.97
2191.23
2129.48
2067.74
2006
1944.26
1882.53
1820.79
1759.06
1697.33
1635.6
1573.88
1512.15
1450.42
1388.7
1326.98
1265.25
1203.53
1141.81
1080.09
1018.36
956.644
894.442
826.432
746.867
653.78
544.877
417.467
268.411
94.0108
4930.49
4751.59
4652.23
4542.58
4444.27
4352.79
4268.08
4189.7
4117.17
4050.06
3986.66
3924.41
3862.19
3800.01
3737.87
3675.76
3613.69
3551.65
3489.64
3427.66
3365.71
3303.78
3241.86
3179.97
3118.1
3056.24
2994.39
2932.56
2870.74
2808.93
2747.13
2685.34
2623.56
2561.78
2500.01
2438.24
2376.48
2314.73
2252.98
2191.23
2129.48
2067.74
2006
1944.26
1882.53
1820.79
1759.06
1697.33
1635.6
1573.88
1512.15
1450.42
1388.7
1326.98
1265.25
1203.53
1141.81
1080.09
1018.36
956.644
894.442
826.433
746.867
653.78
544.877
417.467
268.411
94.0118
4919.99
4749
4649.9
4541.71
4443.79
4352.58
4268.01
4189.7
4117.2
4050.1
3986.71
3924.45
3862.23
3800.05
3737.9
3675.79
3613.72
3551.68
3489.66
3427.68
3365.72
3303.79
3241.87
3179.98
3118.1
3056.24
2994.4
2932.56
2870.74
2808.93
2747.13
2685.34
2623.56
2561.78
2500.01
2438.24
2376.48
2314.73
2252.98
2191.23
2129.48
2067.74
2006
1944.26
1882.53
1820.79
1759.06
1697.33
1635.6
1573.88
1512.15
1450.42
1388.7
1326.98
1265.25
1203.53
1141.81
1080.09
1018.36
956.644
894.442
826.433
746.867
653.781
544.877
417.467
268.41
94.013
4913.62
4754.74
4652.66
4544.85
4446.14
4354.37
4269.35
4190.71
4117.96
4050.68
3987.16
3924.79
3862.49
3800.24
3738.05
3675.9
3613.8
3551.73
3489.7
3427.71
3365.74
3303.8
3241.88
3179.98
3118.1
3056.24
2994.39
2932.56
2870.74
2808.93
2747.13
2685.34
2623.55
2561.78
2500.01
2438.24
2376.48
2314.73
2252.97
2191.23
2129.48
2067.74
2006
1944.26
1882.53
1820.79
1759.06
1697.33
1635.6
1573.88
1512.15
1450.42
1388.7
1326.98
1265.25
1203.53
1141.81
1080.09
1018.36
956.644
894.442
826.433
746.867
653.781
544.877
417.467
268.41
94.0139
4924.79
4755.89
4655.5
4544.16
4445.6
4353.39
4268.34
4189.7
4117.01
4049.8
3986.36
3924.07
3861.84
3799.66
3737.54
3675.45
3613.41
3551.39
3489.41
3427.45
3365.52
3303.61
3241.72
3179.85
3117.99
3056.14
2994.31
2932.49
2870.68
2808.88
2747.09
2685.3
2623.52
2561.75
2499.98
2438.22
2376.46
2314.71
2252.96
2191.21
2129.47
2067.73
2005.99
1944.26
1882.52
1820.79
1759.06
1697.33
1635.6
1573.87
1512.15
1450.42
1388.7
1326.97
1265.25
1203.53
1141.81
1080.08
1018.36
956.642
894.44
826.431
746.865
653.78
544.877
417.466
268.41
94.0128
4922.41
4752.19
4654.61
4543.18
4445.15
4353.09
4268.17
4189.6
4116.96
4049.77
3986.34
3924.06
3861.84
3799.67
3737.54
3675.46
3613.41
3551.4
3489.41
3427.46
3365.52
3303.61
3241.72
3179.85
3117.99
3056.14
2994.31
2932.49
2870.68
2808.88
2747.09
2685.3
2623.52
2561.75
2499.98
2438.22
2376.46
2314.71
2252.96
2191.21
2129.47
2067.73
2005.99
1944.25
1882.52
1820.79
1759.06
1697.33
1635.6
1573.87
1512.15
1450.42
1388.7
1326.97
1265.25
1203.53
1141.81
1080.08
1018.36
956.642
894.44
826.431
746.865
653.78
544.877
417.466
268.41
94.013
4923.3
4749.83
4654.2
4542.49
4444.83
4352.87
4268.03
4189.52
4116.9
4049.74
3986.32
3924.05
3861.84
3799.67
3737.54
3675.46
3613.41
3551.4
3489.41
3427.46
3365.52
3303.61
3241.72
3179.85
3117.99
3056.14
2994.31
2932.49
2870.68
2808.88
2747.08
2685.3
2623.52
2561.75
2499.98
2438.22
2376.46
2314.71
2252.96
2191.21
2129.47
2067.73
2005.99
1944.25
1882.52
1820.79
1759.06
1697.33
1635.6
1573.87
1512.15
1450.42
1388.7
1326.97
1265.25
1203.53
1141.81
1080.08
1018.36
956.642
894.44
826.431
746.866
653.78
544.877
417.466
268.411
94.0129
4925.93
4748.88
4654.07
4542.12
4444.61
4352.7
4267.92
4189.45
4116.86
4049.71
3986.31
3924.04
3861.83
3799.67
3737.55
3675.46
3613.42
3551.4
3489.42
3427.46
3365.53
3303.61
3241.72
3179.85
3117.99
3056.14
2994.31
2932.49
2870.68
2808.88
2747.08
2685.3
2623.52
2561.75
2499.98
2438.22
2376.46
2314.71
2252.96
2191.21
2129.47
2067.73
2005.99
1944.25
1882.52
1820.79
1759.06
1697.33
1635.6
1573.87
1512.15
1450.42
1388.7
1326.97
1265.25
1203.53
1141.81
1080.08
1018.36
956.642
894.44
826.431
746.865
653.78
544.877
417.466
268.411
94.0127
4929.33
4748.87
4654.17
4541.99
4444.48
4352.6
4267.84
4189.39
4116.82
4049.69
3986.29
3924.04
3861.83
3799.67
3737.55
3675.46
3613.42
3551.4
3489.42
3427.46
3365.53
3303.62
3241.72
3179.85
3117.99
3056.14
2994.31
2932.49
2870.68
2808.88
2747.08
2685.3
2623.52
2561.75
2499.98
2438.22
2376.46
2314.71
2252.96
2191.21
2129.47
2067.73
2005.99
1944.25
1882.52
1820.79
1759.06
1697.33
1635.6
1573.87
1512.15
1450.42
1388.7
1326.97
1265.25
1203.53
1141.81
1080.08
1018.36
956.642
894.44
826.431
746.865
653.78
544.876
417.466
268.411
94.0123
4933.17
4749.61
4654.54
4542.12
4444.46
4352.58
4267.81
4189.36
4116.8
4049.67
3986.28
3924.03
3861.82
3799.67
3737.55
3675.47
3613.42
3551.41
3489.42
3427.46
3365.53
3303.62
3241.72
3179.85
3117.99
3056.14
2994.31
2932.49
2870.68
2808.88
2747.08
2685.3
2623.52
2561.75
2499.98
2438.22
2376.46
2314.71
2252.96
2191.21
2129.47
2067.73
2005.99
1944.25
1882.52
1820.79
1759.06
1697.33
1635.6
1573.87
1512.15
1450.42
1388.7
1326.97
1265.25
1203.53
1141.81
1080.08
1018.36
956.642
894.44
826.431
746.865
653.779
544.876
417.466
268.411
94.0118
4937.11
4750.9
4655.11
4542.46
4444.56
4352.63
4267.82
4189.36
4116.79
4049.67
3986.27
3924.03
3861.82
3799.67
3737.55
3675.47
3613.42
3551.41
3489.43
3427.47
3365.53
3303.62
3241.73
3179.85
3117.99
3056.14
2994.31
2932.49
2870.68
2808.88
2747.08
2685.3
2623.52
2561.75
2499.98
2438.22
2376.46
2314.71
2252.96
2191.21
2129.47
2067.73
2005.99
1944.25
1882.52
1820.79
1759.06
1697.33
1635.6
1573.87
1512.15
1450.42
1388.7
1326.97
1265.25
1203.53
1141.81
1080.08
1018.36
956.642
894.44
826.431
746.865
653.779
544.876
417.466
268.411
94.0113
4940.85
4752.49
4655.81
4542.94
4444.74
4352.74
4267.87
4189.39
4116.8
4049.67
3986.28
3924.03
3861.83
3799.67
3737.55
3675.47
3613.43
3551.41
3489.43
3427.47
3365.54
3303.62
3241.73
3179.85
3117.99
3056.15
2994.31
2932.49
2870.68
2808.88
2747.08
2685.3
2623.52
2561.75
2499.98
2438.22
2376.46
2314.71
2252.96
2191.21
2129.47
2067.73
2005.99
1944.25
1882.52
1820.79
1759.06
1697.33
1635.6
1573.87
1512.15
1450.42
1388.7
1326.97
1265.25
1203.53
1141.81
1080.08
1018.36
956.642
894.44
826.431
746.865
653.779
544.876
417.466
268.411
94.0108
4944.1
4754.13
4656.51
4543.48
4444.97
4352.88
4267.94
4189.43
4116.83
4049.69
3986.29
3924.04
3861.83
3799.68
3737.56
3675.48
3613.43
3551.42
3489.44
3427.48
3365.54
3303.63
3241.73
3179.86
3117.99
3056.15
2994.31
2932.49
2870.68
2808.88
2747.08
2685.3
2623.52
2561.75
2499.98
2438.22
2376.46
2314.71
2252.96
2191.21
2129.47
2067.73
2005.99
1944.25
1882.52
1820.79
1759.06
1697.33
1635.6
1573.87
1512.15
1450.42
1388.7
1326.97
1265.25
1203.53
1141.81
1080.08
1018.36
956.643
894.441
826.431
746.865
653.779
544.876
417.466
268.411
94.0104
4946.59
4755.6
4657.08
4543.98
4445.19
4353.03
4268.02
4189.48
4116.86
4049.71
3986.3
3924.05
3861.84
3799.68
3737.57
3675.49
3613.44
3551.43
3489.44
3427.48
3365.55
3303.63
3241.74
3179.86
3118
3056.15
2994.32
2932.49
2870.68
2808.88
2747.09
2685.3
2623.52
2561.75
2499.98
2438.22
2376.46
2314.71
2252.96
2191.21
2129.47
2067.73
2005.99
1944.25
1882.52
1820.79
1759.06
1697.33
1635.6
1573.87
1512.15
1450.42
1388.7
1326.97
1265.25
1203.53
1141.81
1080.08
1018.36
956.643
894.441
826.431
746.865
653.779
544.876
417.466
268.411
94.01
4948.06
4756.65
4657.39
4544.33
4445.32
4353.12
4268.08
4189.51
4116.88
4049.73
3986.32
3924.06
3861.85
3799.7
3737.58
3675.5
3613.45
3551.44
3489.45
3427.49
3365.56
3303.64
3241.74
3179.87
3118
3056.16
2994.32
2932.5
2870.69
2808.88
2747.09
2685.3
2623.52
2561.75
2499.98
2438.22
2376.46
2314.71
2252.96
2191.21
2129.47
2067.73
2005.99
1944.25
1882.52
1820.79
1759.06
1697.33
1635.6
1573.87
1512.15
1450.42
1388.7
1326.97
1265.25
1203.53
1141.81
1080.08
1018.36
956.643
894.441
826.431
746.865
653.779
544.876
417.466
268.411
94.0098
4948.2
4757.08
4657.27
4544.43
4445.32
4353.14
4268.09
4189.52
4116.89
4049.74
3986.33
3924.07
3861.87
3799.71
3737.59
3675.51
3613.46
3551.45
3489.46
3427.5
3365.56
3303.65
3241.75
3179.87
3118.01
3056.16
2994.33
2932.5
2870.69
2808.89
2747.09
2685.3
2623.52
2561.75
2499.98
2438.22
2376.46
2314.71
2252.96
2191.21
2129.47
2067.73
2005.99
1944.25
1882.52
1820.79
1759.06
1697.33
1635.6
1573.87
1512.15
1450.42
1388.7
1326.97
1265.25
1203.53
1141.81
1080.08
1018.36
956.643
894.441
826.431
746.866
653.78
544.876
417.466
268.411
94.0098
4946.71
4756.7
4656.62
4544.21
4445.12
4353.03
4268.03
4189.49
4116.88
4049.73
3986.33
3924.08
3861.88
3799.72
3737.61
3675.53
3613.48
3551.46
3489.48
3427.51
3365.58
3303.66
3241.76
3179.88
3118.02
3056.17
2994.33
2932.51
2870.69
2808.89
2747.09
2685.31
2623.53
2561.75
2499.98
2438.22
2376.46
2314.71
2252.96
2191.21
2129.47
2067.73
2005.99
1944.25
1882.52
1820.79
1759.06
1697.33
1635.6
1573.87
1512.15
1450.42
1388.7
1326.97
1265.25
1203.53
1141.81
1080.08
1018.36
956.643
894.441
826.431
746.866
653.78
544.877
417.466
268.411
94.0101
4943.29
4755.44
4655.39
4543.66
4444.75
4352.83
4267.91
4189.43
4116.86
4049.73
3986.34
3924.1
3861.9
3799.75
3737.63
3675.55
3613.5
3551.48
3489.49
3427.53
3365.59
3303.67
3241.77
3179.89
3118.02
3056.17
2994.34
2932.51
2870.7
2808.89
2747.1
2685.31
2623.53
2561.75
2499.99
2438.22
2376.46
2314.71
2252.96
2191.21
2129.47
2067.73
2005.99
1944.25
1882.52
1820.79
1759.06
1697.33
1635.6
1573.87
1512.15
1450.42
1388.7
1326.97
1265.25
1203.53
1141.81
1080.08
1018.36
956.643
894.44
826.431
746.866
653.78
544.877
417.466
268.411
94.0106
4937.59
4753.31
4653.56
4542.8
4444.2
4352.53
4267.75
4189.35
4116.82
4049.72
3986.35
3924.12
3861.93
3799.77
3737.66
3675.57
3613.52
3551.5
3489.51
3427.55
3365.6
3303.68
3241.78
3179.9
3118.03
3056.18
2994.34
2932.51
2870.7
2808.89
2747.1
2685.31
2623.53
2561.75
2499.99
2438.22
2376.46
2314.71
2252.96
2191.21
2129.47
2067.73
2005.99
1944.25
1882.52
1820.79
1759.06
1697.33
1635.6
1573.87
1512.15
1450.42
1388.7
1326.97
1265.25
1203.53
1141.81
1080.08
1018.36
956.642
894.44
826.431
746.866
653.78
544.876
417.466
268.411
94.0113
4929.96
4751.13
4651.81
4542.19
4443.92
4352.47
4267.79
4189.44
4116.93
4049.83
3986.46
3924.21
3862.01
3799.84
3737.72
3675.62
3613.57
3551.54
3489.54
3427.57
3365.62
3303.7
3241.79
3179.91
3118.04
3056.19
2994.35
2932.52
2870.7
2808.9
2747.1
2685.31
2623.53
2561.76
2499.99
2438.22
2376.47
2314.71
2252.96
2191.21
2129.47
2067.73
2005.99
1944.25
1882.52
1820.79
1759.06
1697.33
1635.6
1573.87
1512.15
1450.42
1388.7
1326.97
1265.25
1203.53
1141.81
1080.08
1018.36
956.642
894.441
826.431
746.866
653.78
544.877
417.467
268.411
94.0122
4919.46
4748.54
4649.48
4541.32
4443.44
4352.26
4267.72
4189.43
4116.95
4049.87
3986.5
3924.26
3862.05
3799.89
3737.75
3675.66
3613.59
3551.56
3489.56
3427.59
3365.64
3303.71
3241.8
3179.91
3118.04
3056.19
2994.35
2932.52
2870.7
2808.9
2747.1
2685.31
2623.53
2561.76
2499.99
2438.22
2376.47
2314.71
2252.96
2191.21
2129.47
2067.73
2005.99
1944.26
1882.52
1820.79
1759.06
1697.33
1635.6
1573.87
1512.15
1450.42
1388.7
1326.97
1265.25
1203.53
1141.81
1080.08
1018.36
956.642
894.44
826.431
746.866
653.78
544.877
417.467
268.41
94.0134
4913.1
4754.28
4652.24
4544.47
4445.79
4354.05
4269.06
4190.44
4117.72
4050.46
3986.95
3924.6
3862.31
3800.08
3737.9
3675.76
3613.67
3551.62
3489.6
3427.61
3365.65
3303.72
3241.81
3179.92
3118.04
3056.19
2994.35
2932.52
2870.7
2808.9
2747.1
2685.31
2623.53
2561.75
2499.99
2438.22
2376.46
2314.71
2252.96
2191.21
2129.47
2067.73
2005.99
1944.25
1882.52
1820.79
1759.06
1697.33
1635.6
1573.87
1512.15
1450.42
1388.7
1326.97
1265.25
1203.53
1141.81
1080.08
1018.36
956.642
894.44
826.431
746.866
653.78
544.877
417.467
268.409
94.0142
4924.18
4755.35
4655
4543.71
4445.19
4353.02
4268
4189.39
4116.73
4049.54
3986.12
3923.85
3861.64
3799.48
3737.37
3675.29
3613.26
3551.26
3489.29
3427.34
3365.42
3303.52
3241.64
3179.77
3117.92
3056.08
2994.26
2932.44
2870.64
2808.84
2747.05
2685.27
2623.49
2561.72
2499.96
2438.2
2376.44
2314.69
2252.95
2191.2
2129.46
2067.72
2005.98
1944.25
1882.51
1820.78
1759.05
1697.32
1635.59
1573.87
1512.14
1450.42
1388.69
1326.97
1265.25
1203.53
1141.8
1080.08
1018.36
956.64
894.439
826.43
746.864
653.779
544.876
417.466
268.41
94.0131
4921.8
4751.65
4654.12
4542.73
4444.75
4352.72
4267.83
4189.29
4116.67
4049.51
3986.1
3923.84
3861.64
3799.48
3737.37
3675.3
3613.27
3551.26
3489.29
3427.35
3365.42
3303.52
3241.64
3179.77
3117.92
3056.08
2994.25
2932.44
2870.63
2808.84
2747.05
2685.27
2623.49
2561.72
2499.96
2438.2
2376.44
2314.69
2252.94
2191.2
2129.46
2067.72
2005.98
1944.25
1882.51
1820.78
1759.05
1697.32
1635.59
1573.87
1512.14
1450.42
1388.69
1326.97
1265.25
1203.52
1141.8
1080.08
1018.36
956.641
894.439
826.43
746.864
653.779
544.876
417.466
268.41
94.0133
4922.69
4749.29
4653.7
4542.04
4444.42
4352.5
4267.69
4189.21
4116.62
4049.48
3986.08
3923.83
3861.63
3799.48
3737.37
3675.3
3613.27
3551.27
3489.3
3427.35
3365.42
3303.52
3241.64
3179.77
3117.92
3056.08
2994.25
2932.44
2870.63
2808.84
2747.05
2685.27
2623.49
2561.72
2499.96
2438.2
2376.44
2314.69
2252.94
2191.2
2129.46
2067.72
2005.98
1944.25
1882.51
1820.78
1759.05
1697.32
1635.59
1573.87
1512.14
1450.42
1388.69
1326.97
1265.25
1203.52
1141.8
1080.08
1018.36
956.641
894.439
826.43
746.864
653.779
544.876
417.466
268.41
94.0133
4925.32
4748.34
4653.57
4541.67
4444.2
4352.33
4267.58
4189.14
4116.58
4049.45
3986.07
3923.82
3861.63
3799.48
3737.37
3675.31
3613.27
3551.27
3489.3
3427.35
3365.43
3303.52
3241.64
3179.77
3117.92
3056.08
2994.25
2932.44
2870.63
2808.84
2747.05
2685.27
2623.49
2561.72
2499.96
2438.2
2376.44
2314.69
2252.94
2191.2
2129.46
2067.72
2005.98
1944.25
1882.51
1820.78
1759.05
1697.32
1635.59
1573.87
1512.14
1450.42
1388.69
1326.97
1265.25
1203.52
1141.8
1080.08
1018.36
956.641
894.439
826.43
746.864
653.779
544.876
417.466
268.41
94.013
4928.72
4748.33
4653.68
4541.55
4444.07
4352.23
4267.51
4189.09
4116.54
4049.43
3986.05
3923.81
3861.62
3799.48
3737.37
3675.31
3613.27
3551.27
3489.3
3427.35
3365.43
3303.53
3241.64
3179.77
3117.92
3056.08
2994.25
2932.44
2870.63
2808.84
2747.05
2685.26
2623.49
2561.72
2499.96
2438.2
2376.44
2314.69
2252.94
2191.2
2129.46
2067.72
2005.98
1944.25
1882.51
1820.78
1759.05
1697.32
1635.59
1573.87
1512.14
1450.42
1388.69
1326.97
1265.25
1203.52
1141.8
1080.08
1018.36
956.641
894.439
826.43
746.864
653.779
544.876
417.466
268.411
94.0126
4932.56
4749.07
4654.04
4541.67
4444.06
4352.21
4267.47
4189.06
4116.52
4049.41
3986.04
3923.81
3861.62
3799.48
3737.38
3675.31
3613.28
3551.28
3489.3
3427.36
3365.43
3303.53
3241.64
3179.77
3117.92
3056.08
2994.25
2932.44
2870.63
2808.84
2747.05
2685.26
2623.49
2561.72
2499.96
2438.2
2376.44
2314.69
2252.94
2191.2
2129.46
2067.72
2005.98
1944.24
1882.51
1820.78
1759.05
1697.32
1635.59
1573.87
1512.14
1450.42
1388.69
1326.97
1265.25
1203.52
1141.8
1080.08
1018.36
956.641
894.439
826.43
746.864
653.779
544.876
417.466
268.411
94.0121
4936.5
4750.36
4654.61
4542.01
4444.15
4352.26
4267.48
4189.05
4116.51
4049.41
3986.03
3923.8
3861.62
3799.48
3737.38
3675.31
3613.28
3551.28
3489.31
3427.36
3365.43
3303.53
3241.64
3179.78
3117.92
3056.08
2994.26
2932.44
2870.63
2808.84
2747.05
2685.26
2623.49
2561.72
2499.96
2438.2
2376.44
2314.69
2252.94
2191.2
2129.46
2067.72
2005.98
1944.24
1882.51
1820.78
1759.05
1697.32
1635.59
1573.87
1512.14
1450.42
1388.69
1326.97
1265.25
1203.52
1141.8
1080.08
1018.36
956.641
894.439
826.43
746.864
653.779
544.876
417.465
268.411
94.0116
4940.23
4751.95
4655.31
4542.49
4444.34
4352.37
4267.53
4189.08
4116.52
4049.41
3986.04
3923.81
3861.62
3799.48
3737.38
3675.32
3613.28
3551.28
3489.31
3427.36
3365.44
3303.53
3241.65
3179.78
3117.92
3056.08
2994.26
2932.44
2870.63
2808.84
2747.05
2685.27
2623.49
2561.72
2499.96
2438.2
2376.44
2314.69
2252.94
2191.2
2129.46
2067.72
2005.98
1944.24
1882.51
1820.78
1759.05
1697.32
1635.59
1573.87
1512.14
1450.42
1388.69
1326.97
1265.25
1203.52
1141.8
1080.08
1018.36
956.641
894.439
826.43
746.864
653.779
544.876
417.465
268.411
94.0112
4943.48
4753.6
4656.01
4543.03
4444.56
4352.51
4267.61
4189.12
4116.55
4049.43
3986.05
3923.81
3861.63
3799.49
3737.39
3675.32
3613.29
3551.29
3489.32
3427.37
3365.44
3303.54
3241.65
3179.78
3117.93
3056.09
2994.26
2932.44
2870.64
2808.84
2747.05
2685.27
2623.49
2561.72
2499.96
2438.2
2376.44
2314.69
2252.94
2191.2
2129.46
2067.72
2005.98
1944.24
1882.51
1820.78
1759.05
1697.32
1635.59
1573.87
1512.14
1450.42
1388.69
1326.97
1265.25
1203.52
1141.8
1080.08
1018.36
956.641
894.439
826.43
746.864
653.779
544.876
417.465
268.411
94.0108
4945.98
4755.06
4656.59
4543.53
4444.78
4352.66
4267.69
4189.17
4116.58
4049.45
3986.06
3923.83
3861.64
3799.5
3737.4
3675.33
3613.3
3551.3
3489.32
3427.37
3365.45
3303.54
3241.66
3179.79
3117.93
3056.09
2994.26
2932.45
2870.64
2808.84
2747.05
2685.27
2623.49
2561.72
2499.96
2438.2
2376.44
2314.69
2252.94
2191.2
2129.46
2067.72
2005.98
1944.24
1882.51
1820.78
1759.05
1697.32
1635.59
1573.87
1512.14
1450.42
1388.69
1326.97
1265.25
1203.52
1141.8
1080.08
1018.36
956.641
894.439
826.43
746.864
653.779
544.876
417.465
268.411
94.0104
4947.45
4756.11
4656.89
4543.88
4444.92
4352.75
4267.74
4189.21
4116.6
4049.47
3986.08
3923.84
3861.65
3799.51
3737.41
3675.34
3613.31
3551.31
3489.33
3427.38
3365.46
3303.55
3241.66
3179.79
3117.94
3056.1
2994.27
2932.45
2870.64
2808.84
2747.05
2685.27
2623.49
2561.72
2499.96
2438.2
2376.44
2314.69
2252.94
2191.2
2129.46
2067.72
2005.98
1944.24
1882.51
1820.78
1759.05
1697.32
1635.59
1573.87
1512.14
1450.42
1388.69
1326.97
1265.25
1203.52
1141.8
1080.08
1018.36
956.641
894.439
826.43
746.864
653.779
544.876
417.465
268.411
94.0102
4947.59
4756.54
4656.77
4543.99
4444.91
4352.77
4267.75
4189.21
4116.61
4049.48
3986.09
3923.85
3861.67
3799.52
3737.42
3675.35
3613.32
3551.32
3489.34
3427.39
3365.47
3303.56
3241.67
3179.8
3117.94
3056.1
2994.27
2932.45
2870.64
2808.85
2747.05
2685.27
2623.49
2561.72
2499.96
2438.2
2376.44
2314.69
2252.94
2191.2
2129.46
2067.72
2005.98
1944.24
1882.51
1820.78
1759.05
1697.32
1635.59
1573.87
1512.14
1450.42
1388.69
1326.97
1265.25
1203.52
1141.8
1080.08
1018.36
956.641
894.439
826.43
746.864
653.779
544.876
417.466
268.411
94.0102
4946.1
4756.16
4656.12
4543.76
4444.72
4352.66
4267.69
4189.18
4116.6
4049.47
3986.09
3923.86
3861.68
3799.54
3737.44
3675.37
3613.34
3551.33
3489.36
3427.41
3365.48
3303.57
3241.68
3179.81
3117.95
3056.11
2994.28
2932.46
2870.65
2808.85
2747.06
2685.27
2623.5
2561.73
2499.96
2438.2
2376.44
2314.69
2252.94
2191.2
2129.46
2067.72
2005.98
1944.24
1882.51
1820.78
1759.05
1697.32
1635.59
1573.87
1512.14
1450.42
1388.69
1326.97
1265.25
1203.52
1141.8
1080.08
1018.36
956.641
894.439
826.43
746.865
653.779
544.876
417.466
268.411
94.0105
4942.68
4754.91
4654.89
4543.21
4444.34
4352.46
4267.58
4189.12
4116.58
4049.47
3986.11
3923.88
3861.7
3799.56
3737.46
3675.39
3613.36
3551.35
3489.37
3427.42
3365.49
3303.58
3241.69
3179.81
3117.96
3056.11
2994.28
2932.46
2870.65
2808.85
2747.06
2685.27
2623.5
2561.73
2499.96
2438.2
2376.44
2314.69
2252.94
2191.2
2129.46
2067.72
2005.98
1944.25
1882.51
1820.78
1759.05
1697.32
1635.59
1573.87
1512.14
1450.42
1388.69
1326.97
1265.25
1203.53
1141.8
1080.08
1018.36
956.641
894.439
826.43
746.865
653.779
544.876
417.466
268.411
94.011
4936.98
4752.77
4653.07
4542.35
4443.79
4352.16
4267.41
4189.04
4116.54
4049.47
3986.11
3923.9
3861.72
3799.59
3737.49
3675.42
3613.38
3551.37
3489.39
3427.44
3365.5
3303.59
3241.7
3179.82
3117.96
3056.12
2994.29
2932.46
2870.65
2808.85
2747.06
2685.28
2623.5
2561.73
2499.96
2438.2
2376.45
2314.69
2252.94
2191.2
2129.46
2067.72
2005.98
1944.25
1882.51
1820.78
1759.05
1697.32
1635.59
1573.87
1512.14
1450.42
1388.69
1326.97
1265.25
1203.53
1141.8
1080.08
1018.36
956.641
894.439
826.43
746.865
653.779
544.876
417.466
268.411
94.0118
4929.35
4750.59
4651.31
4541.74
4443.51
4352.1
4267.46
4189.13
4116.65
4049.57
3986.22
3923.99
3861.81
3799.66
3737.55
3675.47
3613.42
3551.41
3489.42
3427.46
3365.52
3303.61
3241.71
3179.83
3117.97
3056.12
2994.29
2932.47
2870.66
2808.86
2747.06
2685.28
2623.5
2561.73
2499.96
2438.2
2376.45
2314.69
2252.95
2191.2
2129.46
2067.72
2005.98
1944.25
1882.51
1820.78
1759.05
1697.32
1635.59
1573.87
1512.14
1450.42
1388.69
1326.97
1265.25
1203.53
1141.8
1080.08
1018.36
956.641
894.439
826.43
746.865
653.779
544.876
417.466
268.41
94.0126
4918.86
4748
4648.98
4540.88
4443.04
4351.89
4267.38
4189.12
4116.67
4049.61
3986.26
3924.04
3861.85
3799.7
3737.58
3675.5
3613.45
3551.43
3489.44
3427.48
3365.54
3303.62
3241.72
3179.84
3117.98
3056.13
2994.29
2932.47
2870.66
2808.86
2747.06
2685.28
2623.5
2561.73
2499.96
2438.2
2376.45
2314.69
2252.95
2191.2
2129.46
2067.72
2005.98
1944.25
1882.51
1820.78
1759.05
1697.32
1635.59
1573.87
1512.14
1450.42
1388.69
1326.97
1265.25
1203.53
1141.8
1080.08
1018.36
956.641
894.439
826.43
746.864
653.779
544.876
417.466
268.41
94.0137
4912.5
4753.74
4651.74
4544.02
4445.38
4353.68
4268.73
4190.13
4117.44
4050.2
3986.71
3924.38
3862.11
3799.89
3737.73
3675.61
3613.53
3551.49
3489.48
3427.5
3365.55
3303.63
3241.73
3179.84
3117.98
3056.13
2994.29
2932.47
2870.66
2808.85
2747.06
2685.28
2623.5
2561.73
2499.96
2438.2
2376.44
2314.69
2252.94
2191.2
2129.46
2067.72
2005.98
1944.25
1882.51
1820.78
1759.05
1697.32
1635.59
1573.87
1512.14
1450.42
1388.69
1326.97
1265.25
1203.53
1141.8
1080.08
1018.36
956.641
894.439
826.43
746.864
653.779
544.876
417.466
268.409
94.0145
4923.49
4754.74
4654.44
4543.2
4444.73
4352.6
4267.62
4189.04
4116.41
4049.25
3985.84
3923.6
3861.41
3799.27
3737.17
3675.12
3613.1
3551.11
3489.16
3427.22
3365.31
3303.42
3241.55
3179.69
3117.84
3056.01
2994.19
2932.39
2870.59
2808.79
2747.01
2685.23
2623.46
2561.69
2499.93
2438.18
2376.42
2314.67
2252.93
2191.18
2129.44
2067.71
2005.97
1944.24
1882.5
1820.77
1759.04
1697.31
1635.59
1573.86
1512.14
1450.41
1388.69
1326.97
1265.24
1203.52
1141.8
1080.08
1018.36
956.639
894.437
826.428
746.863
653.778
544.875
417.466
268.41
94.0134
4921.1
4751.04
4653.56
4542.22
4444.28
4352.3
4267.45
4188.95
4116.35
4049.22
3985.83
3923.59
3861.41
3799.27
3737.18
3675.12
3613.11
3551.12
3489.16
3427.22
3365.31
3303.42
3241.55
3179.69
3117.84
3056.01
2994.19
2932.38
2870.58
2808.79
2747.01
2685.23
2623.46
2561.69
2499.93
2438.17
2376.42
2314.67
2252.93
2191.18
2129.44
2067.71
2005.97
1944.24
1882.5
1820.77
1759.04
1697.31
1635.59
1573.86
1512.14
1450.41
1388.69
1326.97
1265.24
1203.52
1141.8
1080.08
1018.36
956.639
894.437
826.428
746.863
653.778
544.875
417.466
268.41
94.0137
4922
4748.68
4653.14
4541.54
4443.96
4352.08
4267.31
4188.86
4116.3
4049.19
3985.81
3923.58
3861.4
3799.27
3737.18
3675.13
3613.11
3551.12
3489.16
3427.23
3365.31
3303.42
3241.55
3179.69
3117.84
3056.01
2994.19
2932.38
2870.58
2808.79
2747.01
2685.23
2623.46
2561.69
2499.93
2438.17
2376.42
2314.67
2252.93
2191.18
2129.44
2067.71
2005.97
1944.24
1882.5
1820.77
1759.04
1697.31
1635.59
1573.86
1512.14
1450.41
1388.69
1326.97
1265.24
1203.52
1141.8
1080.08
1018.36
956.639
894.437
826.429
746.863
653.778
544.875
417.465
268.41
94.0136
4924.62
4747.73
4653.01
4541.16
4443.74
4351.92
4267.2
4188.79
4116.26
4049.16
3985.8
3923.57
3861.4
3799.27
3737.18
3675.13
3613.11
3551.12
3489.16
3427.23
3365.32
3303.42
3241.55
3179.69
3117.84
3056.01
2994.19
2932.38
2870.58
2808.79
2747.01
2685.23
2623.46
2561.69
2499.93
2438.17
2376.42
2314.67
2252.93
2191.18
2129.44
2067.7
2005.97
1944.23
1882.5
1820.77
1759.04
1697.31
1635.59
1573.86
1512.14
1450.41
1388.69
1326.97
1265.24
1203.52
1141.8
1080.08
1018.36
956.639
894.437
826.429
746.863
653.778
544.875
417.465
268.41
94.0133
4928.02
4747.72
4653.12
4541.04
4443.61
4351.82
4267.13
4188.74
4116.22
4049.14
3985.78
3923.57
3861.4
3799.27
3737.18
3675.13
3613.11
3551.13
3489.17
3427.23
3365.32
3303.42
3241.55
3179.69
3117.84
3056.01
2994.19
2932.38
2870.58
2808.79
2747.01
2685.23
2623.46
2561.69
2499.93
2438.17
2376.42
2314.67
2252.93
2191.18
2129.44
2067.7
2005.97
1944.23
1882.5
1820.77
1759.04
1697.31
1635.59
1573.86
1512.14
1450.41
1388.69
1326.97
1265.24
1203.52
1141.8
1080.08
1018.36
956.639
894.437
826.429
746.863
653.778
544.875
417.465
268.41
94.013
4931.86
4748.47
4653.48
4541.17
4443.6
4351.79
4267.09
4188.71
4116.2
4049.12
3985.77
3923.56
3861.39
3799.27
3737.18
3675.13
3613.12
3551.13
3489.17
3427.23
3365.32
3303.43
3241.55
3179.69
3117.85
3056.01
2994.19
2932.38
2870.58
2808.79
2747.01
2685.23
2623.46
2561.69
2499.93
2438.17
2376.42
2314.67
2252.92
2191.18
2129.44
2067.7
2005.97
1944.23
1882.5
1820.77
1759.04
1697.31
1635.59
1573.86
1512.14
1450.41
1388.69
1326.97
1265.24
1203.52
1141.8
1080.08
1018.36
956.639
894.437
826.429
746.863
653.778
544.875
417.465
268.41
94.0125
4935.8
4749.75
4654.05
4541.5
4443.69
4351.84
4267.1
4188.71
4116.19
4049.11
3985.76
3923.56
3861.39
3799.27
3737.19
3675.14
3613.12
3551.13
3489.17
3427.24
3365.32
3303.43
3241.55
3179.69
3117.85
3056.02
2994.19
2932.38
2870.58
2808.79
2747.01
2685.23
2623.46
2561.69
2499.93
2438.17
2376.42
2314.67
2252.92
2191.18
2129.44
2067.7
2005.97
1944.23
1882.5
1820.77
1759.04
1697.31
1635.59
1573.86
1512.14
1450.41
1388.69
1326.97
1265.24
1203.52
1141.8
1080.08
1018.36
956.639
894.437
826.429
746.863
653.778
544.875
417.465
268.41
94.012
4939.54
4751.34
4654.75
4541.99
4443.88
4351.95
4267.15
4188.73
4116.2
4049.12
3985.77
3923.56
3861.39
3799.27
3737.19
3675.14
3613.12
3551.14
3489.18
3427.24
3365.33
3303.43
3241.56
3179.7
3117.85
3056.02
2994.2
2932.39
2870.58
2808.79
2747.01
2685.23
2623.46
2561.69
2499.93
2438.17
2376.42
2314.67
2252.92
2191.18
2129.44
2067.7
2005.97
1944.23
1882.5
1820.77
1759.04
1697.31
1635.59
1573.86
1512.14
1450.41
1388.69
1326.97
1265.24
1203.52
1141.8
1080.08
1018.36
956.639
894.437
826.429
746.863
653.778
544.875
417.465
268.41
94.0116
4942.79
4752.99
4655.45
4542.53
4444.1
4352.1
4267.23
4188.77
4116.23
4049.13
3985.78
3923.57
3861.4
3799.28
3737.19
3675.15
3613.13
3551.14
3489.18
3427.25
3365.33
3303.44
3241.56
3179.7
3117.85
3056.02
2994.2
2932.39
2870.59
2808.79
2747.01
2685.23
2623.46
2561.69
2499.93
2438.17
2376.42
2314.67
2252.92
2191.18
2129.44
2067.7
2005.97
1944.23
1882.5
1820.77
1759.04
1697.31
1635.59
1573.86
1512.14
1450.41
1388.69
1326.97
1265.24
1203.52
1141.8
1080.08
1018.36
956.639
894.438
826.429
746.863
653.778
544.875
417.465
268.41
94.0112
4945.29
4754.45
4656.03
4543.03
4444.32
4352.24
4267.31
4188.82
4116.26
4049.16
3985.79
3923.58
3861.41
3799.29
3737.2
3675.15
3613.14
3551.15
3489.19
3427.25
3365.34
3303.44
3241.57
3179.7
3117.86
3056.02
2994.2
2932.39
2870.59
2808.79
2747.01
2685.23
2623.46
2561.69
2499.93
2438.17
2376.42
2314.67
2252.93
2191.18
2129.44
2067.7
2005.97
1944.23
1882.5
1820.77
1759.04
1697.31
1635.59
1573.86
1512.14
1450.41
1388.69
1326.97
1265.24
1203.52
1141.8
1080.08
1018.36
956.639
894.438
826.429
746.863
653.778
544.875
417.465
268.41
94.0109
4946.75
4755.51
4656.33
4543.38
4444.46
4352.34
4267.36
4188.86
4116.28
4049.17
3985.81
3923.59
3861.42
3799.3
3737.21
3675.17
3613.15
3551.16
3489.2
3427.26
3365.35
3303.45
3241.57
3179.71
3117.86
3056.03
2994.21
2932.39
2870.59
2808.8
2747.01
2685.23
2623.46
2561.69
2499.93
2438.17
2376.42
2314.67
2252.93
2191.18
2129.44
2067.7
2005.97
1944.23
1882.5
1820.77
1759.04
1697.31
1635.59
1573.86
1512.14
1450.41
1388.69
1326.97
1265.24
1203.52
1141.8
1080.08
1018.36
956.639
894.438
826.429
746.863
653.778
544.875
417.465
268.41
94.0107
4946.89
4755.93
4656.21
4543.48
4444.45
4352.35
4267.37
4188.87
4116.29
4049.18
3985.82
3923.6
3861.44
3799.31
3737.23
3675.18
3613.16
3551.17
3489.21
3427.27
3365.36
3303.46
3241.58
3179.72
3117.87
3056.03
2994.21
2932.4
2870.59
2808.8
2747.01
2685.23
2623.46
2561.69
2499.93
2438.18
2376.42
2314.67
2252.93
2191.18
2129.44
2067.7
2005.97
1944.23
1882.5
1820.77
1759.04
1697.31
1635.59
1573.86
1512.14
1450.41
1388.69
1326.97
1265.24
1203.52
1141.8
1080.08
1018.36
956.639
894.437
826.429
746.863
653.778
544.875
417.465
268.41
94.0108
4945.4
4755.55
4655.56
4543.26
4444.26
4352.24
4267.31
4188.83
4116.28
4049.18
3985.83
3923.61
3861.45
3799.33
3737.24
3675.19
3613.18
3551.19
3489.22
3427.28
3365.37
3303.47
3241.59
3179.72
3117.87
3056.04
2994.21
2932.4
2870.6
2808.8
2747.02
2685.24
2623.46
2561.7
2499.93
2438.18
2376.42
2314.67
2252.93
2191.18
2129.44
2067.7
2005.97
1944.23
1882.5
1820.77
1759.04
1697.31
1635.59
1573.86
1512.14
1450.41
1388.69
1326.97
1265.24
1203.52
1141.8
1080.08
1018.36
956.639
894.437
826.429
746.863
653.778
544.875
417.465
268.41
94.011
4941.99
4754.3
4654.33
4542.71
4443.88
4352.04
4267.2
4188.78
4116.26
4049.18
3985.84
3923.63
3861.47
3799.35
3737.27
3675.22
3613.2
3551.21
3489.24
3427.3
3365.38
3303.48
3241.6
3179.73
3117.88
3056.04
2994.22
2932.41
2870.6
2808.81
2747.02
2685.24
2623.46
2561.7
2499.93
2438.18
2376.42
2314.67
2252.93
2191.18
2129.44
2067.7
2005.97
1944.23
1882.5
1820.77
1759.04
1697.31
1635.59
1573.86
1512.14
1450.41
1388.69
1326.97
1265.24
1203.52
1141.8
1080.08
1018.36
956.639
894.437
826.429
746.864
653.778
544.875
417.465
268.41
94.0114
4936.29
4752.16
4652.51
4541.84
4443.33
4351.74
4267.03
4188.69
4116.22
4049.17
3985.85
3923.65
3861.5
3799.38
3737.29
3675.24
3613.22
3551.23
3489.26
3427.32
3365.39
3303.49
3241.61
3179.74
3117.89
3056.05
2994.22
2932.41
2870.6
2808.81
2747.02
2685.24
2623.47
2561.7
2499.94
2438.18
2376.42
2314.67
2252.93
2191.18
2129.44
2067.71
2005.97
1944.24
1882.5
1820.77
1759.04
1697.31
1635.59
1573.86
1512.14
1450.41
1388.69
1326.97
1265.24
1203.52
1141.8
1080.08
1018.36
956.639
894.438
826.429
746.864
653.778
544.875
417.466
268.41
94.0122
4928.66
4749.98
4650.75
4541.24
4443.05
4351.68
4267.08
4188.78
4116.33
4049.28
3985.95
3923.74
3861.58
3799.45
3737.35
3675.29
3613.26
3551.26
3489.29
3427.34
3365.41
3303.51
3241.62
3179.75
3117.9
3056.06
2994.23
2932.41
2870.61
2808.81
2747.02
2685.24
2623.47
2561.7
2499.94
2438.18
2376.42
2314.67
2252.93
2191.18
2129.44
2067.71
2005.97
1944.24
1882.5
1820.77
1759.04
1697.31
1635.59
1573.86
1512.14
1450.41
1388.69
1326.97
1265.24
1203.52
1141.8
1080.08
1018.36
956.639
894.438
826.429
746.864
653.778
544.875
417.466
268.41
94.0131
4918.17
4747.39
4648.42
4540.37
4442.58
4351.47
4267
4188.77
4116.35
4049.32
3985.99
3923.79
3861.62
3799.49
3737.39
3675.33
3613.29
3551.29
3489.31
3427.36
3365.43
3303.52
3241.63
3179.76
3117.9
3056.06
2994.23
2932.42
2870.61
2808.81
2747.02
2685.24
2623.47
2561.7
2499.94
2438.18
2376.42
2314.67
2252.93
2191.18
2129.44
2067.71
2005.97
1944.24
1882.5
1820.77
1759.04
1697.32
1635.59
1573.86
1512.14
1450.41
1388.69
1326.97
1265.24
1203.52
1141.8
1080.08
1018.36
956.639
894.438
826.429
746.863
653.778
544.875
417.466
268.41
94.014
4911.81
4753.14
4651.19
4543.52
4444.93
4353.26
4268.35
4189.79
4117.12
4049.91
3986.44
3924.14
3861.88
3799.69
3737.54
3675.43
3613.37
3551.34
3489.35
3427.38
3365.44
3303.53
3241.64
3179.76
3117.9
3056.06
2994.23
2932.41
2870.61
2808.81
2747.02
2685.24
2623.47
2561.7
2499.93
2438.18
2376.42
2314.67
2252.93
2191.18
2129.44
2067.7
2005.97
1944.23
1882.5
1820.77
1759.04
1697.31
1635.59
1573.86
1512.14
1450.41
1388.69
1326.97
1265.24
1203.52
1141.8
1080.08
1018.36
956.639
894.437
826.429
746.863
653.778
544.875
417.466
268.409
94.0148
4922.71
4754.05
4653.81
4542.63
4444.21
4352.13
4267.19
4188.66
4116.06
4048.92
3985.54
3923.32
3861.15
3799.03
3736.96
3674.92
3612.92
3550.95
3489.01
3427.09
3365.19
3303.31
3241.45
3179.6
3117.76
3055.94
2994.13
2932.32
2870.53
2808.74
2746.96
2685.19
2623.42
2561.66
2499.9
2438.15
2376.4
2314.65
2252.91
2191.17
2129.43
2067.69
2005.96
1944.22
1882.49
1820.76
1759.04
1697.31
1635.58
1573.86
1512.13
1450.41
1388.68
1326.96
1265.24
1203.52
1141.8
1080.08
1018.36
956.637
894.435
826.427
746.862
653.777
544.874
417.465
268.409
94.0138
4920.33
4750.36
4652.93
4541.65
4443.77
4351.84
4267.02
4188.56
4116
4048.89
3985.53
3923.32
3861.15
3799.04
3736.96
3674.93
3612.93
3550.96
3489.01
3427.09
3365.19
3303.31
3241.45
3179.6
3117.76
3055.94
2994.13
2932.32
2870.53
2808.74
2746.96
2685.19
2623.42
2561.66
2499.9
2438.15
2376.4
2314.65
2252.91
2191.17
2129.43
2067.69
2005.96
1944.22
1882.49
1820.76
1759.03
1697.31
1635.58
1573.86
1512.13
1450.41
1388.68
1326.96
1265.24
1203.52
1141.8
1080.08
1018.36
956.637
894.436
826.427
746.862
653.777
544.874
417.465
268.409
94.014
4921.22
4748
4652.51
4540.97
4443.45
4351.61
4266.89
4188.48
4115.95
4048.86
3985.51
3923.31
3861.15
3799.04
3736.97
3674.93
3612.93
3550.96
3489.01
3427.09
3365.19
3303.31
3241.45
3179.6
3117.76
3055.94
2994.13
2932.32
2870.53
2808.74
2746.96
2685.19
2623.42
2561.66
2499.9
2438.15
2376.4
2314.65
2252.91
2191.17
2129.43
2067.69
2005.96
1944.22
1882.49
1820.76
1759.03
1697.31
1635.58
1573.86
1512.13
1450.41
1388.68
1326.96
1265.24
1203.52
1141.8
1080.08
1018.36
956.637
894.436
826.427
746.862
653.777
544.874
417.465
268.41
94.014
4923.84
4747.05
4652.38
4540.59
4443.23
4351.45
4266.78
4188.41
4115.9
4048.84
3985.5
3923.3
3861.15
3799.04
3736.97
3674.93
3612.93
3550.96
3489.02
3427.09
3365.19
3303.31
3241.45
3179.6
3117.76
3055.94
2994.13
2932.32
2870.53
2808.74
2746.96
2685.19
2623.42
2561.66
2499.9
2438.15
2376.4
2314.65
2252.91
2191.17
2129.43
2067.69
2005.96
1944.22
1882.49
1820.76
1759.03
1697.31
1635.58
1573.86
1512.13
1450.41
1388.68
1326.96
1265.24
1203.52
1141.8
1080.08
1018.36
956.637
894.436
826.427
746.862
653.777
544.874
417.465
268.41
94.0137
4927.25
4747.04
4652.49
4540.47
4443.1
4351.35
4266.7
4188.35
4115.87
4048.81
3985.48
3923.29
3861.14
3799.04
3736.97
3674.94
3612.94
3550.96
3489.02
3427.1
3365.2
3303.31
3241.45
3179.6
3117.76
3055.94
2994.13
2932.32
2870.53
2808.74
2746.96
2685.19
2623.42
2561.66
2499.9
2438.15
2376.4
2314.65
2252.91
2191.17
2129.43
2067.69
2005.96
1944.22
1882.49
1820.76
1759.03
1697.31
1635.58
1573.86
1512.13
1450.41
1388.68
1326.96
1265.24
1203.52
1141.8
1080.08
1018.36
956.637
894.436
826.427
746.862
653.777
544.874
417.465
268.41
94.0133
4931.08
4747.79
4652.85
4540.6
4443.08
4351.33
4266.67
4188.32
4115.84
4048.79
3985.47
3923.28
3861.14
3799.04
3736.97
3674.94
3612.94
3550.97
3489.02
3427.1
3365.2
3303.32
3241.45
3179.6
3117.76
3055.94
2994.13
2932.32
2870.53
2808.74
2746.96
2685.19
2623.42
2561.66
2499.9
2438.15
2376.4
2314.65
2252.91
2191.16
2129.43
2067.69
2005.96
1944.22
1882.49
1820.76
1759.03
1697.31
1635.58
1573.86
1512.13
1450.41
1388.68
1326.96
1265.24
1203.52
1141.8
1080.08
1018.36
956.637
894.436
826.427
746.862
653.777
544.874
417.465
268.41
94.0129
4935.02
4749.07
4653.43
4540.94
4443.18
4351.38
4266.68
4188.32
4115.84
4048.79
3985.47
3923.28
3861.14
3799.04
3736.97
3674.94
3612.94
3550.97
3489.03
3427.1
3365.2
3303.32
3241.45
3179.6
3117.77
3055.94
2994.13
2932.32
2870.53
2808.74
2746.96
2685.19
2623.42
2561.66
2499.9
2438.15
2376.4
2314.65
2252.91
2191.16
2129.43
2067.69
2005.96
1944.22
1882.49
1820.76
1759.03
1697.31
1635.58
1573.86
1512.13
1450.41
1388.68
1326.96
1265.24
1203.52
1141.8
1080.08
1018.36
956.637
894.436
826.427
746.862
653.777
544.874
417.465
268.41
94.0125
4938.76
4750.66
4654.12
4541.42
4443.36
4351.49
4266.73
4188.35
4115.85
4048.8
3985.47
3923.28
3861.14
3799.04
3736.98
3674.95
3612.95
3550.98
3489.03
3427.11
3365.21
3303.32
3241.46
3179.61
3117.77
3055.94
2994.13
2932.32
2870.53
2808.74
2746.96
2685.19
2623.42
2561.66
2499.9
2438.15
2376.4
2314.65
2252.91
2191.16
2129.43
2067.69
2005.96
1944.22
1882.49
1820.76
1759.03
1697.31
1635.58
1573.86
1512.13
1450.41
1388.68
1326.96
1265.24
1203.52
1141.8
1080.08
1018.36
956.637
894.436
826.427
746.862
653.777
544.874
417.465
268.41
94.0121
4942.01
4752.31
4654.83
4541.96
4443.59
4351.63
4266.8
4188.39
4115.88
4048.81
3985.48
3923.29
3861.15
3799.05
3736.98
3674.95
3612.95
3550.98
3489.04
3427.11
3365.21
3303.33
3241.46
3179.61
3117.77
3055.95
2994.13
2932.33
2870.53
2808.74
2746.96
2685.19
2623.42
2561.66
2499.9
2438.15
2376.4
2314.65
2252.91
2191.16
2129.43
2067.69
2005.96
1944.22
1882.49
1820.76
1759.03
1697.31
1635.58
1573.86
1512.13
1450.41
1388.68
1326.96
1265.24
1203.52
1141.8
1080.08
1018.36
956.637
894.436
826.427
746.862
653.777
544.874
417.465
268.41
94.0117
4944.51
4753.77
4655.4
4542.46
4443.81
4351.77
4266.88
4188.44
4115.91
4048.83
3985.49
3923.3
3861.16
3799.06
3736.99
3674.96
3612.96
3550.99
3489.04
3427.12
3365.22
3303.33
3241.47
3179.61
3117.77
3055.95
2994.13
2932.33
2870.53
2808.75
2746.96
2685.19
2623.42
2561.66
2499.9
2438.15
2376.4
2314.65
2252.91
2191.16
2129.43
2067.69
2005.96
1944.22
1882.49
1820.76
1759.03
1697.31
1635.58
1573.86
1512.13
1450.41
1388.68
1326.96
1265.24
1203.52
1141.8
1080.08
1018.36
956.637
894.436
826.427
746.862
653.777
544.874
417.465
268.41
94.0114
4945.97
4754.82
4655.7
4542.81
4443.94
4351.87
4266.94
4188.47
4115.93
4048.85
3985.51
3923.32
3861.17
3799.07
3737
3674.97
3612.97
3551
3489.05
3427.13
3365.22
3303.34
3241.47
3179.62
3117.78
3055.95
2994.14
2932.33
2870.54
2808.75
2746.97
2685.19
2623.42
2561.66
2499.9
2438.15
2376.4
2314.65
2252.91
2191.17
2129.43
2067.69
2005.96
1944.22
1882.49
1820.76
1759.03
1697.31
1635.58
1573.86
1512.13
1450.41
1388.68
1326.96
1265.24
1203.52
1141.8
1080.08
1018.36
956.637
894.436
826.427
746.862
653.777
544.874
417.465
268.41
94.0113
4946.12
4755.25
4655.59
4542.91
4443.94
4351.88
4266.95
4188.48
4115.94
4048.86
3985.52
3923.33
3861.18
3799.08
3737.02
3674.98
3612.98
3551.01
3489.06
3427.14
3365.23
3303.35
3241.48
3179.63
3117.79
3055.96
2994.14
2932.34
2870.54
2808.75
2746.97
2685.19
2623.43
2561.66
2499.9
2438.15
2376.4
2314.65
2252.91
2191.17
2129.43
2067.69
2005.96
1944.22
1882.49
1820.76
1759.03
1697.31
1635.58
1573.86
1512.13
1450.41
1388.68
1326.96
1265.24
1203.52
1141.8
1080.08
1018.36
956.637
894.436
826.427
746.862
653.777
544.874
417.465
268.41
94.0113
4944.62
4754.87
4654.93
4542.69
4443.74
4351.78
4266.89
4188.45
4115.93
4048.86
3985.53
3923.34
3861.2
3799.1
3737.03
3675
3613
3551.02
3489.08
3427.15
3365.24
3303.36
3241.49
3179.63
3117.79
3055.96
2994.15
2932.34
2870.54
2808.75
2746.97
2685.2
2623.43
2561.66
2499.9
2438.15
2376.4
2314.65
2252.91
2191.17
2129.43
2067.69
2005.96
1944.22
1882.49
1820.76
1759.03
1697.31
1635.58
1573.86
1512.13
1450.41
1388.68
1326.96
1265.24
1203.52
1141.8
1080.08
1018.36
956.637
894.436
826.427
746.862
653.777
544.875
417.465
268.41
94.0115
4941.21
4753.61
4653.7
4542.14
4443.37
4351.57
4266.77
4188.39
4115.9
4048.86
3985.54
3923.36
3861.22
3799.12
3737.05
3675.02
3613.02
3551.04
3489.09
3427.17
3365.26
3303.37
3241.5
3179.64
3117.8
3055.97
2994.15
2932.34
2870.55
2808.76
2746.97
2685.2
2623.43
2561.66
2499.9
2438.15
2376.4
2314.65
2252.91
2191.17
2129.43
2067.69
2005.96
1944.22
1882.49
1820.76
1759.03
1697.31
1635.58
1573.86
1512.13
1450.41
1388.68
1326.96
1265.24
1203.52
1141.8
1080.08
1018.36
956.637
894.436
826.427
746.862
653.777
544.875
417.465
268.41
94.0119
4935.51
4751.48
4651.88
4541.28
4442.82
4351.27
4266.61
4188.31
4115.87
4048.85
3985.55
3923.38
3861.24
3799.15
3737.08
3675.05
3613.04
3551.07
3489.11
3427.18
3365.27
3303.38
3241.51
3179.65
3117.81
3055.98
2994.16
2932.35
2870.55
2808.76
2746.98
2685.2
2623.43
2561.67
2499.91
2438.15
2376.4
2314.65
2252.91
2191.17
2129.43
2067.69
2005.96
1944.22
1882.49
1820.76
1759.03
1697.31
1635.58
1573.86
1512.13
1450.41
1388.68
1326.96
1265.24
1203.52
1141.8
1080.08
1018.36
956.637
894.436
826.427
746.863
653.777
544.874
417.465
268.41
94.0126
4927.88
4749.3
4650.13
4540.67
4442.54
4351.22
4266.65
4188.4
4115.97
4048.96
3985.65
3923.47
3861.33
3799.22
3737.14
3675.1
3613.09
3551.1
3489.14
3427.21
3365.29
3303.4
3241.52
3179.66
3117.81
3055.98
2994.16
2932.35
2870.55
2808.76
2746.98
2685.2
2623.43
2561.67
2499.91
2438.15
2376.4
2314.65
2252.91
2191.17
2129.43
2067.69
2005.96
1944.22
1882.49
1820.76
1759.03
1697.31
1635.58
1573.86
1512.13
1450.41
1388.68
1326.96
1265.24
1203.52
1141.8
1080.08
1018.36
956.637
894.436
826.427
746.862
653.777
544.874
417.465
268.41
94.0135
4917.39
4746.71
4647.8
4539.8
4442.06
4351.01
4266.58
4188.39
4116
4049
3985.7
3923.52
3861.37
3799.26
3737.18
3675.13
3613.11
3551.12
3489.16
3427.22
3365.31
3303.41
3241.53
3179.67
3117.82
3055.99
2994.17
2932.36
2870.56
2808.76
2746.98
2685.2
2623.43
2561.67
2499.91
2438.15
2376.4
2314.65
2252.91
2191.17
2129.43
2067.69
2005.96
1944.22
1882.49
1820.76
1759.04
1697.31
1635.58
1573.86
1512.13
1450.41
1388.69
1326.96
1265.24
1203.52
1141.8
1080.08
1018.36
956.637
894.436
826.427
746.862
653.777
544.874
417.465
268.409
94.0143
4911.04
4752.46
4650.56
4542.95
4444.42
4352.8
4267.93
4189.4
4116.77
4049.58
3986.15
3923.86
3861.63
3799.45
3737.32
3675.24
3613.19
3551.18
3489.2
3427.25
3365.32
3303.42
3241.54
3179.67
3117.82
3055.99
2994.16
2932.35
2870.55
2808.76
2746.98
2685.2
2623.43
2561.66
2499.91
2438.15
2376.4
2314.65
2252.91
2191.17
2129.43
2067.69
2005.96
1944.22
1882.49
1820.76
1759.03
1697.31
1635.58
1573.86
1512.13
1450.41
1388.69
1326.96
1265.24
1203.52
1141.8
1080.08
1018.36
956.637
894.436
826.427
746.862
653.777
544.874
417.465
268.408
94.0151
4921.85
4753.3
4653.11
4542.01
4443.64
4351.61
4266.72
4188.23
4115.67
4048.57
3985.22
3923.02
3860.87
3798.78
3736.73
3674.71
3612.73
3550.77
3488.85
3426.94
3365.06
3303.19
3241.34
3179.5
3117.67
3055.86
2994.05
2932.26
2870.47
2808.69
2746.92
2685.15
2623.38
2561.63
2499.87
2438.12
2376.37
2314.63
2252.89
2191.15
2129.41
2067.68
2005.94
1944.21
1882.48
1820.75
1759.03
1697.3
1635.57
1573.85
1512.13
1450.4
1388.68
1326.96
1265.24
1203.52
1141.79
1080.07
1018.35
956.635
894.434
826.425
746.861
653.776
544.874
417.465
268.409
94.0142
4919.47
4749.6
4652.23
4541.03
4443.2
4351.32
4266.56
4188.13
4115.61
4048.54
3985.2
3923.01
3860.88
3798.78
3736.73
3674.72
3612.73
3550.78
3488.85
3426.94
3365.06
3303.19
3241.34
3179.5
3117.67
3055.86
2994.05
2932.26
2870.47
2808.69
2746.91
2685.15
2623.38
2561.62
2499.87
2438.12
2376.37
2314.63
2252.89
2191.15
2129.41
2067.68
2005.94
1944.21
1882.48
1820.75
1759.03
1697.3
1635.57
1573.85
1512.13
1450.4
1388.68
1326.96
1265.24
1203.52
1141.79
1080.07
1018.35
956.635
894.434
826.426
746.861
653.776
544.874
417.465
268.409
94.0144
4920.36
4747.25
4651.82
4540.34
4442.88
4351.1
4266.42
4188.05
4115.56
4048.51
3985.19
3923.01
3860.87
3798.78
3736.73
3674.72
3612.74
3550.78
3488.85
3426.95
3365.06
3303.19
3241.34
3179.5
3117.67
3055.86
2994.05
2932.26
2870.47
2808.69
2746.91
2685.15
2623.38
2561.62
2499.87
2438.12
2376.37
2314.63
2252.89
2191.15
2129.41
2067.68
2005.94
1944.21
1882.48
1820.75
1759.03
1697.3
1635.57
1573.85
1512.13
1450.4
1388.68
1326.96
1265.24
1203.52
1141.79
1080.07
1018.35
956.635
894.434
826.426
746.861
653.776
544.874
417.464
268.409
94.0143
4922.98
4746.3
4651.69
4539.97
4442.66
4350.94
4266.31
4187.98
4115.52
4048.48
3985.17
3923
3860.87
3798.78
3736.74
3674.72
3612.74
3550.79
3488.86
3426.95
3365.06
3303.19
3241.34
3179.5
3117.67
3055.86
2994.05
2932.26
2870.47
2808.69
2746.91
2685.14
2623.38
2561.62
2499.87
2438.12
2376.37
2314.63
2252.89
2191.15
2129.41
2067.68
2005.94
1944.21
1882.48
1820.75
1759.03
1697.3
1635.57
1573.85
1512.13
1450.4
1388.68
1326.96
1265.24
1203.52
1141.79
1080.07
1018.35
956.635
894.434
826.426
746.861
653.776
544.874
417.464
268.409
94.0141
4926.38
4746.29
4651.79
4539.85
4442.53
4350.84
4266.24
4187.93
4115.48
4048.45
3985.15
3922.99
3860.87
3798.78
3736.74
3674.72
3612.74
3550.79
3488.86
3426.95
3365.06
3303.19
3241.34
3179.5
3117.67
3055.86
2994.05
2932.26
2870.47
2808.69
2746.91
2685.14
2623.38
2561.62
2499.87
2438.12
2376.37
2314.63
2252.89
2191.15
2129.41
2067.68
2005.94
1944.21
1882.48
1820.75
1759.03
1697.3
1635.57
1573.85
1512.13
1450.4
1388.68
1326.96
1265.24
1203.52
1141.79
1080.07
1018.35
956.635
894.434
826.426
746.861
653.776
544.874
417.464
268.409
94.0138
4930.22
4747.03
4652.16
4539.98
4442.52
4350.81
4266.2
4187.9
4115.46
4048.44
3985.14
3922.98
3860.86
3798.78
3736.74
3674.73
3612.75
3550.79
3488.86
3426.95
3365.07
3303.2
3241.34
3179.5
3117.67
3055.86
2994.05
2932.26
2870.47
2808.69
2746.91
2685.14
2623.38
2561.62
2499.87
2438.12
2376.37
2314.63
2252.88
2191.15
2129.41
2067.67
2005.94
1944.21
1882.48
1820.75
1759.03
1697.3
1635.57
1573.85
1512.13
1450.4
1388.68
1326.96
1265.24
1203.52
1141.8
1080.07
1018.35
956.635
894.434
826.426
746.861
653.776
544.874
417.464
268.409
94.0134
4934.16
4748.32
4652.73
4540.32
4442.61
4350.86
4266.21
4187.9
4115.45
4048.43
3985.14
3922.98
3860.86
3798.78
3736.74
3674.73
3612.75
3550.79
3488.87
3426.96
3365.07
3303.2
3241.34
3179.5
3117.68
3055.86
2994.05
2932.26
2870.47
2808.69
2746.91
2685.14
2623.38
2561.62
2499.87
2438.12
2376.37
2314.63
2252.88
2191.15
2129.41
2067.67
2005.94
1944.21
1882.48
1820.75
1759.03
1697.3
1635.57
1573.85
1512.13
1450.4
1388.68
1326.96
1265.24
1203.52
1141.8
1080.07
1018.35
956.635
894.434
826.426
746.861
653.776
544.874
417.464
268.409
94.013
4937.9
4749.91
4653.43
4540.8
4442.8
4350.98
4266.26
4187.92
4115.46
4048.44
3985.14
3922.98
3860.87
3798.79
3736.74
3674.73
3612.75
3550.8
3488.87
3426.96
3365.07
3303.2
3241.35
3179.51
3117.68
3055.86
2994.06
2932.26
2870.47
2808.69
2746.91
2685.14
2623.38
2561.62
2499.87
2438.12
2376.37
2314.63
2252.88
2191.15
2129.41
2067.67
2005.94
1944.21
1882.48
1820.75
1759.03
1697.3
1635.57
1573.85
1512.13
1450.4
1388.68
1326.96
1265.24
1203.52
1141.8
1080.07
1018.35
956.635
894.434
826.426
746.861
653.776
544.874
417.464
268.409
94.0126
4941.15
4751.56
4654.13
4541.34
4443.03
4351.12
4266.34
4187.97
4115.49
4048.45
3985.15
3922.99
3860.87
3798.79
3736.75
3674.74
3612.76
3550.81
3488.88
3426.97
3365.08
3303.21
3241.35
3179.51
3117.68
3055.86
2994.06
2932.26
2870.47
2808.69
2746.91
2685.15
2623.38
2561.62
2499.87
2438.12
2376.37
2314.63
2252.88
2191.15
2129.41
2067.67
2005.94
1944.21
1882.48
1820.75
1759.03
1697.3
1635.57
1573.85
1512.13
1450.4
1388.68
1326.96
1265.24
1203.52
1141.8
1080.07
1018.35
956.635
894.434
826.426
746.861
653.776
544.874
417.464
268.41
94.0123
4943.64
4753.02
4654.71
4541.84
4443.24
4351.26
4266.42
4188.01
4115.52
4048.48
3985.17
3923
3860.88
3798.8
3736.76
3674.75
3612.77
3550.81
3488.88
3426.97
3365.08
3303.21
3241.36
3179.51
3117.69
3055.87
2994.06
2932.26
2870.47
2808.69
2746.92
2685.15
2623.38
2561.62
2499.87
2438.12
2376.37
2314.63
2252.89
2191.15
2129.41
2067.67
2005.94
1944.21
1882.48
1820.75
1759.03
1697.3
1635.57
1573.85
1512.13
1450.4
1388.68
1326.96
1265.24
1203.52
1141.79
1080.07
1018.35
956.635
894.434
826.426
746.861
653.776
544.873
417.464
268.41
94.012
4945.11
4754.07
4655.01
4542.19
4443.38
4351.36
4266.48
4188.05
4115.54
4048.49
3985.18
3923.02
3860.89
3798.81
3736.77
3674.76
3612.78
3550.82
3488.89
3426.98
3365.09
3303.22
3241.36
3179.52
3117.69
3055.87
2994.06
2932.27
2870.48
2808.69
2746.92
2685.15
2623.38
2561.63
2499.87
2438.12
2376.37
2314.63
2252.89
2191.15
2129.41
2067.68
2005.94
1944.21
1882.48
1820.75
1759.03
1697.3
1635.57
1573.85
1512.13
1450.4
1388.68
1326.96
1265.24
1203.52
1141.79
1080.07
1018.35
956.635
894.434
826.426
746.861
653.776
544.873
417.464
268.41
94.0118
4945.25
4754.5
4654.89
4542.29
4443.37
4351.37
4266.48
4188.06
4115.55
4048.5
3985.19
3923.03
3860.91
3798.83
3736.78
3674.77
3612.79
3550.83
3488.9
3426.99
3365.1
3303.23
3241.37
3179.53
3117.7
3055.88
2994.07
2932.27
2870.48
2808.7
2746.92
2685.15
2623.39
2561.63
2499.87
2438.12
2376.37
2314.63
2252.89
2191.15
2129.41
2067.68
2005.94
1944.21
1882.48
1820.75
1759.03
1697.3
1635.57
1573.85
1512.13
1450.4
1388.68
1326.96
1265.24
1203.52
1141.79
1080.07
1018.35
956.635
894.434
826.425
746.861
653.776
544.874
417.464
268.41
94.0119
4943.76
4754.12
4654.24
4542.07
4443.18
4351.27
4266.42
4188.02
4115.54
4048.5
3985.2
3923.04
3860.92
3798.84
3736.8
3674.79
3612.81
3550.85
3488.92
3427
3365.11
3303.24
3241.38
3179.53
3117.7
3055.88
2994.07
2932.27
2870.48
2808.7
2746.92
2685.15
2623.39
2561.63
2499.87
2438.12
2376.37
2314.63
2252.89
2191.15
2129.41
2067.68
2005.94
1944.21
1882.48
1820.75
1759.03
1697.3
1635.57
1573.85
1512.13
1450.4
1388.68
1326.96
1265.24
1203.52
1141.79
1080.07
1018.35
956.635
894.434
826.425
746.861
653.776
544.874
417.464
268.41
94.012
4940.34
4752.86
4653.01
4541.52
4442.8
4351.06
4266.31
4187.97
4115.52
4048.5
3985.21
3923.06
3860.94
3798.87
3736.82
3674.81
3612.83
3550.87
3488.93
3427.02
3365.13
3303.25
3241.39
3179.54
3117.71
3055.89
2994.08
2932.28
2870.49
2808.7
2746.93
2685.15
2623.39
2561.63
2499.87
2438.12
2376.37
2314.63
2252.89
2191.15
2129.41
2067.68
2005.94
1944.21
1882.48
1820.75
1759.03
1697.3
1635.57
1573.85
1512.13
1450.4
1388.68
1326.96
1265.24
1203.52
1141.8
1080.07
1018.35
956.635
894.434
826.426
746.861
653.776
544.874
417.464
268.409
94.0124
4934.64
4750.72
4651.19
4540.65
4442.25
4350.76
4266.14
4187.88
4115.48
4048.49
3985.22
3923.07
3860.97
3798.89
3736.85
3674.84
3612.85
3550.89
3488.95
3427.04
3365.14
3303.26
3241.4
3179.55
3117.72
3055.9
2994.08
2932.28
2870.49
2808.71
2746.93
2685.16
2623.39
2561.63
2499.87
2438.12
2376.37
2314.63
2252.89
2191.15
2129.41
2067.68
2005.94
1944.21
1882.48
1820.75
1759.03
1697.3
1635.57
1573.85
1512.13
1450.4
1388.68
1326.96
1265.24
1203.52
1141.8
1080.07
1018.35
956.635
894.434
826.426
746.861
653.776
544.874
417.465
268.409
94.013
4927.02
4748.55
4649.43
4540.05
4441.98
4350.7
4266.19
4187.97
4115.59
4048.6
3985.32
3923.17
3861.05
3798.96
3736.91
3674.89
3612.89
3550.92
3488.98
3427.06
3365.16
3303.28
3241.41
3179.56
3117.73
3055.9
2994.09
2932.29
2870.49
2808.71
2746.93
2685.16
2623.39
2561.63
2499.87
2438.12
2376.37
2314.63
2252.89
2191.15
2129.41
2067.68
2005.94
1944.21
1882.48
1820.75
1759.03
1697.3
1635.57
1573.85
1512.13
1450.4
1388.68
1326.96
1265.24
1203.52
1141.8
1080.08
1018.36
956.635
894.434
826.426
746.861
653.776
544.874
417.465
268.409
94.0139
4916.53
4745.96
4647.11
4539.18
4441.5
4350.5
4266.11
4187.97
4115.61
4048.64
3985.37
3923.22
3861.1
3799.01
3736.95
3674.92
3612.92
3550.95
3489
3427.08
3365.17
3303.29
3241.42
3179.57
3117.73
3055.91
2994.09
2932.29
2870.5
2808.71
2746.93
2685.16
2623.39
2561.63
2499.88
2438.12
2376.38
2314.63
2252.89
2191.15
2129.41
2067.68
2005.94
1944.21
1882.48
1820.75
1759.03
1697.3
1635.57
1573.85
1512.13
1450.4
1388.68
1326.96
1265.24
1203.52
1141.8
1080.08
1018.36
956.635
894.434
826.426
746.861
653.776
544.873
417.465
268.409
94.0146
4910.19
4751.71
4649.88
4542.33
4443.85
4352.29
4267.47
4188.98
4116.38
4049.23
3985.82
3923.56
3861.36
3799.2
3737.09
3675.03
3613
3551
3489.04
3427.1
3365.19
3303.3
3241.43
3179.57
3117.73
3055.91
2994.09
2932.29
2870.49
2808.71
2746.93
2685.16
2623.39
2561.63
2499.87
2438.12
2376.37
2314.63
2252.89
2191.15
2129.41
2067.68
2005.94
1944.21
1882.48
1820.75
1759.03
1697.3
1635.57
1573.85
1512.13
1450.4
1388.68
1326.96
1265.24
1203.52
1141.8
1080.08
1018.36
956.635
894.434
826.426
746.861
653.776
544.873
417.465
268.408
94.0154
4920.91
4752.47
4652.35
4541.32
4443.02
4351.05
4266.21
4187.77
4115.24
4048.18
3984.86
3922.69
3860.57
3798.5
3736.47
3674.48
3612.52
3550.58
3488.67
3426.78
3364.91
3303.06
3241.22
3179.39
3117.58
3055.77
2993.97
2932.19
2870.41
2808.63
2746.86
2685.1
2623.34
2561.59
2499.84
2438.09
2376.35
2314.6
2252.87
2191.13
2129.39
2067.66
2005.93
1944.2
1882.47
1820.74
1759.02
1697.29
1635.57
1573.84
1512.12
1450.4
1388.68
1326.95
1265.23
1203.51
1141.79
1080.07
1018.35
956.633
894.432
826.424
746.859
653.775
544.873
417.464
268.408
94.0146
4918.52
4748.77
4651.47
4540.34
4442.58
4350.76
4266.05
4187.67
4115.19
4048.15
3984.84
3922.69
3860.58
3798.51
3736.48
3674.49
3612.52
3550.59
3488.68
3426.79
3364.91
3303.06
3241.22
3179.39
3117.58
3055.77
2993.97
2932.19
2870.41
2808.63
2746.86
2685.1
2623.34
2561.59
2499.84
2438.09
2376.34
2314.6
2252.86
2191.13
2129.39
2067.66
2005.93
1944.2
1882.47
1820.74
1759.02
1697.29
1635.57
1573.84
1512.12
1450.4
1388.68
1326.95
1265.23
1203.51
1141.79
1080.07
1018.35
956.633
894.432
826.424
746.859
653.775
544.873
417.464
268.408
94.0148
4919.42
4746.42
4651.05
4539.66
4442.26
4350.54
4265.91
4187.59
4115.14
4048.12
3984.83
3922.68
3860.57
3798.51
3736.48
3674.49
3612.53
3550.59
3488.68
3426.79
3364.92
3303.06
3241.22
3179.39
3117.58
3055.77
2993.97
2932.19
2870.4
2808.63
2746.86
2685.1
2623.34
2561.59
2499.84
2438.09
2376.34
2314.6
2252.86
2191.13
2129.39
2067.66
2005.93
1944.2
1882.47
1820.74
1759.02
1697.29
1635.57
1573.84
1512.12
1450.4
1388.68
1326.95
1265.23
1203.51
1141.79
1080.07
1018.35
956.633
894.432
826.424
746.859
653.775
544.873
417.464
268.409
94.0147
4922.04
4745.47
4650.93
4539.28
4442.04
4350.38
4265.81
4187.52
4115.09
4048.09
3984.81
3922.67
3860.57
3798.51
3736.48
3674.49
3612.53
3550.59
3488.68
3426.79
3364.92
3303.06
3241.22
3179.39
3117.58
3055.77
2993.97
2932.19
2870.4
2808.63
2746.86
2685.1
2623.34
2561.59
2499.83
2438.09
2376.34
2314.6
2252.86
2191.13
2129.39
2067.66
2005.93
1944.2
1882.47
1820.74
1759.02
1697.29
1635.57
1573.84
1512.12
1450.4
1388.68
1326.95
1265.23
1203.51
1141.79
1080.07
1018.35
956.633
894.432
826.424
746.859
653.775
544.873
417.464
268.409
94.0145
4925.44
4745.47
4651.03
4539.17
4441.91
4350.28
4265.73
4187.47
4115.06
4048.07
3984.8
3922.66
3860.57
3798.51
3736.49
3674.5
3612.53
3550.6
3488.69
3426.79
3364.92
3303.06
3241.22
3179.39
3117.58
3055.77
2993.97
2932.19
2870.4
2808.63
2746.86
2685.1
2623.34
2561.58
2499.83
2438.09
2376.34
2314.6
2252.86
2191.13
2129.39
2067.66
2005.93
1944.2
1882.47
1820.74
1759.02
1697.29
1635.57
1573.84
1512.12
1450.4
1388.68
1326.95
1265.23
1203.51
1141.79
1080.07
1018.35
956.633
894.432
826.424
746.859
653.775
544.873
417.464
268.409
94.0142
4929.27
4746.21
4651.4
4539.29
4441.9
4350.26
4265.7
4187.44
4115.03
4048.05
3984.79
3922.65
3860.56
3798.51
3736.49
3674.5
3612.54
3550.6
3488.69
3426.8
3364.92
3303.07
3241.22
3179.4
3117.58
3055.77
2993.97
2932.19
2870.4
2808.63
2746.86
2685.1
2623.34
2561.58
2499.83
2438.09
2376.34
2314.6
2252.86
2191.13
2129.39
2067.66
2005.93
1944.2
1882.47
1820.74
1759.02
1697.29
1635.57
1573.84
1512.12
1450.4
1388.68
1326.95
1265.23
1203.51
1141.79
1080.07
1018.35
956.633
894.432
826.424
746.859
653.775
544.873
417.464
268.409
94.0139
4933.21
4747.5
4651.97
4539.63
4442
4350.31
4265.71
4187.44
4115.03
4048.05
3984.78
3922.65
3860.56
3798.51
3736.49
3674.5
3612.54
3550.6
3488.69
3426.8
3364.93
3303.07
3241.23
3179.4
3117.58
3055.77
2993.98
2932.19
2870.4
2808.63
2746.86
2685.1
2623.34
2561.58
2499.83
2438.09
2376.34
2314.6
2252.86
2191.13
2129.39
2067.66
2005.93
1944.2
1882.47
1820.74
1759.02
1697.29
1635.57
1573.84
1512.12
1450.4
1388.68
1326.95
1265.23
1203.51
1141.79
1080.07
1018.35
956.633
894.432
826.424
746.859
653.775
544.873
417.464
268.409
94.0135
4936.95
4749.09
4652.67
4540.12
4442.18
4350.42
4265.76
4187.46
4115.04
4048.05
3984.79
3922.66
3860.57
3798.51
3736.49
3674.5
3612.54
3550.61
3488.7
3426.8
3364.93
3303.07
3241.23
3179.4
3117.58
3055.78
2993.98
2932.19
2870.41
2808.63
2746.86
2685.1
2623.34
2561.58
2499.83
2438.09
2376.34
2314.6
2252.86
2191.13
2129.39
2067.66
2005.93
1944.2
1882.47
1820.74
1759.02
1697.29
1635.57
1573.84
1512.12
1450.4
1388.68
1326.95
1265.23
1203.51
1141.79
1080.07
1018.35
956.633
894.432
826.424
746.86
653.775
544.873
417.464
268.409
94.0132
4940.2
4750.73
4653.38
4540.66
4442.41
4350.56
4265.83
4187.5
4115.07
4048.07
3984.8
3922.66
3860.57
3798.52
3736.5
3674.51
3612.55
3550.61
3488.7
3426.81
3364.94
3303.08
3241.23
3179.4
3117.59
3055.78
2993.98
2932.19
2870.41
2808.63
2746.86
2685.1
2623.34
2561.59
2499.83
2438.09
2376.34
2314.6
2252.86
2191.13
2129.39
2067.66
2005.93
1944.2
1882.47
1820.74
1759.02
1697.29
1635.57
1573.84
1512.12
1450.4
1388.68
1326.95
1265.23
1203.51
1141.79
1080.07
1018.35
956.633
894.432
826.424
746.86
653.775
544.873
417.464
268.409
94.0129
4942.7
4752.2
4653.95
4541.15
4442.63
4350.7
4265.91
4187.55
4115.1
4048.09
3984.81
3922.68
3860.58
3798.53
3736.51
3674.52
3612.56
3550.62
3488.71
3426.82
3364.94
3303.08
3241.24
3179.41
3117.59
3055.78
2993.98
2932.19
2870.41
2808.63
2746.86
2685.1
2623.34
2561.59
2499.84
2438.09
2376.34
2314.6
2252.86
2191.13
2129.39
2067.66
2005.93
1944.2
1882.47
1820.74
1759.02
1697.29
1635.57
1573.84
1512.12
1450.4
1388.68
1326.95
1265.23
1203.51
1141.79
1080.07
1018.35
956.633
894.432
826.424
746.859
653.775
544.873
417.464
268.409
94.0126
4944.16
4753.25
4654.25
4541.5
4442.76
4350.8
4265.97
4187.59
4115.12
4048.11
3984.83
3922.69
3860.59
3798.54
3736.52
3674.53
3612.57
3550.63
3488.72
3426.82
3364.95
3303.09
3241.25
3179.41
3117.59
3055.79
2993.99
2932.2
2870.41
2808.64
2746.87
2685.1
2623.34
2561.59
2499.84
2438.09
2376.34
2314.6
2252.86
2191.13
2129.39
2067.66
2005.93
1944.2
1882.47
1820.74
1759.02
1697.29
1635.57
1573.84
1512.12
1450.4
1388.68
1326.95
1265.23
1203.51
1141.79
1080.07
1018.35
956.633
894.432
826.424
746.859
653.774
544.873
417.464
268.409
94.0124
4944.31
4753.67
4654.14
4541.61
4442.76
4350.81
4265.98
4187.6
4115.13
4048.12
3984.84
3922.7
3860.61
3798.55
3736.53
3674.54
3612.58
3550.64
3488.73
3426.83
3364.96
3303.1
3241.25
3179.42
3117.6
3055.79
2993.99
2932.2
2870.42
2808.64
2746.87
2685.1
2623.34
2561.59
2499.84
2438.09
2376.34
2314.6
2252.86
2191.13
2129.39
2067.66
2005.93
1944.2
1882.47
1820.74
1759.02
1697.29
1635.57
1573.84
1512.12
1450.4
1388.67
1326.95
1265.23
1203.51
1141.79
1080.07
1018.35
956.633
894.432
826.424
746.859
653.775
544.873
417.464
268.409
94.0125
4942.81
4753.29
4653.48
4541.38
4442.56
4350.71
4265.91
4187.56
4115.12
4048.12
3984.84
3922.71
3860.62
3798.57
3736.55
3674.56
3612.6
3550.66
3488.74
3426.85
3364.97
3303.11
3241.26
3179.43
3117.61
3055.8
2994
2932.2
2870.42
2808.64
2746.87
2685.11
2623.35
2561.59
2499.84
2438.09
2376.35
2314.6
2252.86
2191.13
2129.39
2067.66
2005.93
1944.2
1882.47
1820.74
1759.02
1697.29
1635.57
1573.84
1512.12
1450.4
1388.68
1326.95
1265.23
1203.51
1141.79
1080.07
1018.35
956.633
894.432
826.424
746.859
653.775
544.873
417.464
268.409
94.0126
4939.4
4752.03
4652.25
4540.83
4442.18
4350.5
4265.8
4187.51
4115.1
4048.11
3984.85
3922.73
3860.64
3798.59
3736.57
3674.58
3612.62
3550.68
3488.76
3426.86
3364.98
3303.12
3241.27
3179.44
3117.61
3055.8
2994
2932.21
2870.42
2808.65
2746.87
2685.11
2623.35
2561.59
2499.84
2438.09
2376.35
2314.6
2252.86
2191.13
2129.39
2067.66
2005.93
1944.2
1882.47
1820.74
1759.02
1697.29
1635.57
1573.84
1512.12
1450.4
1388.68
1326.95
1265.23
1203.51
1141.79
1080.07
1018.35
956.633
894.432
826.424
746.86
653.775
544.873
417.464
268.409
94.0129
4933.7
4749.9
4650.43
4539.97
4441.64
4350.2
4265.64
4187.42
4115.06
4048.11
3984.86
3922.75
3860.67
3798.62
3736.6
3674.61
3612.64
3550.7
3488.78
3426.88
3365
3303.13
3241.28
3179.45
3117.62
3055.81
2994.01
2932.21
2870.43
2808.65
2746.88
2685.11
2623.35
2561.59
2499.84
2438.09
2376.35
2314.6
2252.87
2191.13
2129.39
2067.66
2005.93
1944.2
1882.47
1820.74
1759.02
1697.29
1635.57
1573.84
1512.12
1450.4
1388.68
1326.95
1265.23
1203.51
1141.79
1080.07
1018.35
956.633
894.432
826.424
746.86
653.775
544.873
417.464
268.409
94.0135
4926.08
4747.72
4648.68
4539.36
4441.36
4350.15
4265.68
4187.51
4115.17
4048.22
3984.97
3922.84
3860.75
3798.69
3736.66
3674.66
3612.68
3550.73
3488.81
3426.9
3365.02
3303.15
3241.29
3179.46
3117.63
3055.82
2994.01
2932.22
2870.43
2808.65
2746.88
2685.11
2623.35
2561.59
2499.84
2438.09
2376.35
2314.6
2252.87
2191.13
2129.39
2067.66
2005.93
1944.2
1882.47
1820.74
1759.02
1697.29
1635.57
1573.84
1512.12
1450.4
1388.68
1326.95
1265.23
1203.51
1141.79
1080.07
1018.35
956.633
894.432
826.424
746.86
653.775
544.873
417.464
268.408
94.0143
4915.59
4745.13
4646.35
4538.5
4440.88
4349.94
4265.61
4187.51
4115.19
4048.26
3985.01
3922.89
3860.8
3798.73
3736.7
3674.69
3612.71
3550.76
3488.83
3426.92
3365.03
3303.16
3241.3
3179.46
3117.64
3055.82
2994.02
2932.22
2870.43
2808.65
2746.88
2685.11
2623.35
2561.59
2499.84
2438.09
2376.35
2314.61
2252.87
2191.13
2129.39
2067.66
2005.93
1944.2
1882.47
1820.74
1759.02
1697.29
1635.57
1573.84
1512.12
1450.4
1388.68
1326.95
1265.23
1203.51
1141.79
1080.07
1018.35
956.633
894.433
826.424
746.86
653.775
544.873
417.464
268.409
94.015
4909.26
4750.88
4649.12
4541.65
4443.24
4351.73
4266.96
4188.52
4115.96
4048.85
3985.47
3923.24
3861.06
3798.93
3736.84
3674.8
3612.79
3550.82
3488.87
3426.95
3365.05
3303.17
3241.31
3179.47
3117.64
3055.82
2994.01
2932.22
2870.43
2808.65
2746.88
2685.11
2623.35
2561.59
2499.84
2438.09
2376.35
2314.6
2252.86
2191.13
2129.39
2067.66
2005.93
1944.2
1882.47
1820.74
1759.02
1697.29
1635.57
1573.84
1512.12
1450.4
1388.68
1326.95
1265.23
1203.51
1141.79
1080.07
1018.35
956.633
894.432
826.424
746.86
653.775
544.873
417.464
268.408
94.0157
4919.87
4751.56
4651.52
4540.58
4442.35
4350.45
4265.66
4187.27
4114.79
4047.76
3984.48
3922.34
3860.25
3798.21
3736.2
3674.23
3612.29
3550.38
3488.49
3426.62
3364.76
3302.92
3241.09
3179.28
3117.47
3055.68
2993.89
2932.11
2870.34
2808.57
2746.81
2685.05
2623.3
2561.55
2499.8
2438.06
2376.32
2314.58
2252.84
2191.11
2129.37
2067.64
2005.91
1944.19
1882.46
1820.73
1759.01
1697.28
1635.56
1573.84
1512.11
1450.39
1388.67
1326.95
1265.23
1203.51
1141.79
1080.07
1018.35
956.631
894.43
826.422
746.858
653.774
544.872
417.463
268.408
94.015
4917.49
4747.87
4650.64
4539.6
4441.91
4350.15
4265.5
4187.17
4114.73
4047.73
3984.46
3922.33
3860.25
3798.21
3736.21
3674.24
3612.3
3550.38
3488.49
3426.62
3364.76
3302.92
3241.09
3179.28
3117.47
3055.68
2993.89
2932.11
2870.34
2808.57
2746.81
2685.05
2623.3
2561.55
2499.8
2438.06
2376.32
2314.58
2252.84
2191.11
2129.37
2067.64
2005.91
1944.19
1882.46
1820.73
1759.01
1697.28
1635.56
1573.84
1512.11
1450.39
1388.67
1326.95
1265.23
1203.51
1141.79
1080.07
1018.35
956.631
894.43
826.422
746.858
653.774
544.872
417.463
268.408
94.0152
4918.39
4745.52
4650.23
4538.92
4441.59
4349.93
4265.36
4187.09
4114.68
4047.7
3984.45
3922.33
3860.25
3798.21
3736.21
3674.24
3612.3
3550.39
3488.49
3426.62
3364.76
3302.92
3241.09
3179.28
3117.47
3055.68
2993.89
2932.11
2870.34
2808.57
2746.81
2685.05
2623.3
2561.55
2499.8
2438.06
2376.31
2314.58
2252.84
2191.11
2129.37
2067.64
2005.91
1944.19
1882.46
1820.73
1759.01
1697.28
1635.56
1573.84
1512.11
1450.39
1388.67
1326.95
1265.23
1203.51
1141.79
1080.07
1018.35
956.631
894.43
826.422
746.858
653.774
544.872
417.463
268.408
94.0151
4921.01
4744.58
4650.1
4538.54
4441.37
4349.77
4265.26
4187.02
4114.64
4047.68
3984.43
3922.32
3860.25
3798.21
3736.22
3674.25
3612.31
3550.39
3488.5
3426.62
3364.77
3302.92
3241.1
3179.28
3117.47
3055.68
2993.89
2932.11
2870.34
2808.57
2746.81
2685.05
2623.29
2561.54
2499.8
2438.05
2376.31
2314.58
2252.84
2191.11
2129.37
2067.64
2005.91
1944.18
1882.46
1820.73
1759.01
1697.28
1635.56
1573.84
1512.11
1450.39
1388.67
1326.95
1265.23
1203.51
1141.79
1080.07
1018.35
956.631
894.43
826.422
746.858
653.773
544.872
417.463
268.408
94.0149
4924.41
4744.57
4650.21
4538.42
4441.24
4349.67
4265.18
4186.97
4114.6
4047.65
3984.41
3922.31
3860.24
3798.21
3736.22
3674.25
3612.31
3550.39
3488.5
3426.63
3364.77
3302.93
3241.1
3179.28
3117.48
3055.68
2993.89
2932.11
2870.34
2808.57
2746.81
2685.05
2623.29
2561.54
2499.8
2438.05
2376.31
2314.58
2252.84
2191.11
2129.37
2067.64
2005.91
1944.18
1882.46
1820.73
1759.01
1697.28
1635.56
1573.84
1512.11
1450.39
1388.67
1326.95
1265.23
1203.51
1141.79
1080.07
1018.35
956.631
894.43
826.422
746.858
653.773
544.872
417.463
268.408
94.0147
4928.24
4745.31
4650.57
4538.55
4441.23
4349.65
4265.15
4186.94
4114.58
4047.64
3984.4
3922.3
3860.24
3798.21
3736.22
3674.25
3612.31
3550.4
3488.5
3426.63
3364.77
3302.93
3241.1
3179.28
3117.48
3055.68
2993.89
2932.11
2870.34
2808.57
2746.81
2685.05
2623.29
2561.54
2499.8
2438.05
2376.31
2314.58
2252.84
2191.1
2129.37
2067.64
2005.91
1944.18
1882.46
1820.73
1759.01
1697.28
1635.56
1573.84
1512.11
1450.39
1388.67
1326.95
1265.23
1203.51
1141.79
1080.07
1018.35
956.631
894.43
826.422
746.858
653.773
544.872
417.463
268.409
94.0144
4932.18
4746.6
4651.15
4538.89
4441.33
4349.7
4265.16
4186.94
4114.58
4047.63
3984.4
3922.3
3860.24
3798.21
3736.22
3674.26
3612.32
3550.4
3488.51
3426.63
3364.77
3302.93
3241.1
3179.28
3117.48
3055.68
2993.89
2932.11
2870.34
2808.57
2746.81
2685.05
2623.29
2561.54
2499.8
2438.05
2376.31
2314.57
2252.84
2191.1
2129.37
2067.64
2005.91
1944.18
1882.46
1820.73
1759.01
1697.28
1635.56
1573.84
1512.11
1450.39
1388.67
1326.95
1265.23
1203.51
1141.79
1080.07
1018.35
956.631
894.43
826.422
746.858
653.774
544.872
417.463
268.409
94.0141
4935.92
4748.19
4651.85
4539.37
4441.51
4349.81
4265.21
4186.96
4114.59
4047.64
3984.4
3922.3
3860.24
3798.22
3736.22
3674.26
3612.32
3550.41
3488.51
3426.64
3364.78
3302.94
3241.11
3179.29
3117.48
3055.68
2993.89
2932.11
2870.34
2808.57
2746.81
2685.05
2623.29
2561.54
2499.8
2438.05
2376.31
2314.58
2252.84
2191.1
2129.37
2067.64
2005.91
1944.18
1882.46
1820.73
1759.01
1697.28
1635.56
1573.84
1512.11
1450.39
1388.67
1326.95
1265.23
1203.51
1141.79
1080.07
1018.35
956.631
894.43
826.422
746.858
653.774
544.872
417.463
268.409
94.0138
4939.17
4749.83
4652.55
4539.92
4441.74
4349.96
4265.29
4187.01
4114.61
4047.65
3984.41
3922.31
3860.25
3798.22
3736.23
3674.27
3612.33
3550.41
3488.52
3426.64
3364.78
3302.94
3241.11
3179.29
3117.48
3055.69
2993.9
2932.11
2870.34
2808.57
2746.81
2685.05
2623.3
2561.55
2499.8
2438.05
2376.31
2314.58
2252.84
2191.1
2129.37
2067.64
2005.91
1944.18
1882.46
1820.73
1759.01
1697.28
1635.56
1573.84
1512.11
1450.39
1388.67
1326.95
1265.23
1203.51
1141.79
1080.07
1018.35
956.63
894.43
826.422
746.858
653.774
544.872
417.463
268.409
94.0135
4941.66
4751.3
4653.13
4540.41
4441.96
4350.1
4265.37
4187.05
4114.64
4047.67
3984.43
3922.32
3860.26
3798.23
3736.24
3674.27
3612.34
3550.42
3488.52
3426.65
3364.79
3302.95
3241.11
3179.3
3117.49
3055.69
2993.9
2932.12
2870.34
2808.57
2746.81
2685.05
2623.3
2561.55
2499.8
2438.06
2376.31
2314.58
2252.84
2191.11
2129.37
2067.64
2005.91
1944.18
1882.46
1820.73
1759.01
1697.28
1635.56
1573.84
1512.11
1450.39
1388.67
1326.95
1265.23
1203.51
1141.79
1080.07
1018.35
956.63
894.43
826.422
746.858
653.773
544.872
417.463
268.409
94.0132
4943.13
4752.35
4653.43
4540.76
4442.09
4350.2
4265.42
4187.09
4114.67
4047.69
3984.44
3922.34
3860.27
3798.25
3736.25
3674.28
3612.35
3550.43
3488.53
3426.66
3364.8
3302.95
3241.12
3179.3
3117.49
3055.69
2993.9
2932.12
2870.35
2808.58
2746.81
2685.05
2623.3
2561.55
2499.8
2438.06
2376.32
2314.58
2252.84
2191.11
2129.37
2067.64
2005.91
1944.18
1882.46
1820.73
1759.01
1697.28
1635.56
1573.84
1512.11
1450.39
1388.67
1326.95
1265.23
1203.51
1141.79
1080.07
1018.35
956.63
894.43
826.422
746.858
653.773
544.872
417.463
268.409
94.0131
4943.27
4752.77
4653.31
4540.87
4442.09
4350.21
4265.43
4187.1
4114.68
4047.7
3984.46
3922.35
3860.29
3798.26
3736.26
3674.3
3612.36
3550.44
3488.54
3426.67
3364.81
3302.96
3241.13
3179.31
3117.5
3055.7
2993.91
2932.12
2870.35
2808.58
2746.81
2685.05
2623.3
2561.55
2499.8
2438.06
2376.32
2314.58
2252.84
2191.11
2129.37
2067.64
2005.91
1944.18
1882.46
1820.73
1759.01
1697.28
1635.56
1573.84
1512.11
1450.39
1388.67
1326.95
1265.23
1203.51
1141.79
1080.07
1018.35
956.63
894.43
826.422
746.858
653.774
544.872
417.463
268.409
94.0131
4941.78
4752.39
4652.66
4540.64
4441.89
4350.1
4265.37
4187.07
4114.66
4047.7
3984.46
3922.36
3860.3
3798.27
3736.28
3674.31
3612.37
3550.46
3488.56
3426.68
3364.82
3302.97
3241.14
3179.32
3117.51
3055.7
2993.91
2932.13
2870.35
2808.58
2746.82
2685.06
2623.3
2561.55
2499.8
2438.06
2376.32
2314.58
2252.84
2191.11
2129.37
2067.64
2005.91
1944.18
1882.46
1820.73
1759.01
1697.28
1635.56
1573.84
1512.11
1450.39
1388.67
1326.95
1265.23
1203.51
1141.79
1080.07
1018.35
956.63
894.43
826.422
746.858
653.774
544.872
417.463
268.409
94.0133
4938.36
4751.13
4651.43
4540.09
4441.51
4349.9
4265.25
4187.01
4114.64
4047.7
3984.47
3922.38
3860.32
3798.3
3736.3
3674.34
3612.39
3550.47
3488.58
3426.69
3364.83
3302.98
3241.15
3179.32
3117.51
3055.71
2993.92
2932.13
2870.36
2808.58
2746.82
2685.06
2623.3
2561.55
2499.8
2438.06
2376.32
2314.58
2252.84
2191.11
2129.37
2067.64
2005.91
1944.18
1882.46
1820.73
1759.01
1697.28
1635.56
1573.84
1512.11
1450.39
1388.67
1326.95
1265.23
1203.51
1141.79
1080.07
1018.35
956.63
894.43
826.422
746.858
653.774
544.872
417.463
268.408
94.0135
4932.66
4748.99
4649.6
4539.23
4440.97
4349.6
4265.09
4186.92
4114.6
4047.69
3984.48
3922.4
3860.35
3798.32
3736.33
3674.36
3612.42
3550.5
3488.59
3426.71
3364.85
3302.99
3241.16
3179.33
3117.52
3055.72
2993.92
2932.14
2870.36
2808.59
2746.82
2685.06
2623.3
2561.55
2499.8
2438.06
2376.32
2314.58
2252.84
2191.11
2129.37
2067.64
2005.91
1944.18
1882.46
1820.73
1759.01
1697.28
1635.56
1573.84
1512.11
1450.39
1388.67
1326.95
1265.23
1203.51
1141.79
1080.07
1018.35
956.631
894.43
826.422
746.858
653.774
544.872
417.464
268.408
94.014
4925.04
4746.82
4647.85
4538.62
4440.69
4349.54
4265.13
4187.01
4114.71
4047.8
3984.59
3922.49
3860.43
3798.4
3736.39
3674.41
3612.46
3550.53
3488.62
3426.74
3364.86
3303.01
3241.17
3179.34
3117.53
3055.72
2993.93
2932.14
2870.36
2808.59
2746.82
2685.06
2623.31
2561.55
2499.8
2438.06
2376.32
2314.58
2252.84
2191.11
2129.37
2067.64
2005.91
1944.19
1882.46
1820.73
1759.01
1697.28
1635.56
1573.84
1512.11
1450.39
1388.67
1326.95
1265.23
1203.51
1141.79
1080.07
1018.35
956.631
894.43
826.423
746.858
653.774
544.872
417.464
268.408
94.0148
4914.56
4744.23
4645.53
4537.76
4440.21
4349.33
4265.06
4187.01
4114.74
4047.84
3984.63
3922.54
3860.48
3798.44
3736.43
3674.45
3612.49
3550.56
3488.64
3426.75
3364.88
3303.02
3241.18
3179.35
3117.53
3055.73
2993.93
2932.14
2870.36
2808.59
2746.82
2685.06
2623.31
2561.55
2499.81
2438.06
2376.32
2314.58
2252.84
2191.11
2129.37
2067.64
2005.91
1944.19
1882.46
1820.73
1759.01
1697.28
1635.56
1573.84
1512.11
1450.39
1388.67
1326.95
1265.23
1203.51
1141.79
1080.07
1018.35
956.631
894.43
826.423
746.858
653.774
544.872
417.464
268.408
94.0155
4908.24
4749.98
4648.3
4540.91
4442.57
4351.13
4266.42
4188.03
4115.51
4048.43
3985.09
3922.89
3860.74
3798.64
3736.58
3674.56
3612.57
3550.61
3488.68
3426.78
3364.9
3303.03
3241.19
3179.35
3117.54
3055.73
2993.93
2932.14
2870.36
2808.59
2746.82
2685.06
2623.3
2561.55
2499.8
2438.06
2376.32
2314.58
2252.84
2191.11
2129.37
2067.64
2005.91
1944.18
1882.46
1820.73
1759.01
1697.28
1635.56
1573.84
1512.11
1450.39
1388.67
1326.95
1265.23
1203.51
1141.79
1080.07
1018.35
956.631
894.43
826.423
746.858
653.774
544.872
417.464
268.408
94.016
4918.76
4750.58
4650.63
4539.77
4441.63
4349.79
4265.07
4186.73
4114.3
4047.32
3984.07
3921.96
3859.91
3797.89
3735.92
3673.97
3612.06
3550.16
3488.29
3426.44
3364.6
3302.77
3240.96
3179.16
3117.37
3055.58
2993.8
2932.03
2870.27
2808.51
2746.75
2685
2623.25
2561.51
2499.76
2438.02
2376.29
2314.55
2252.82
2191.09
2129.35
2067.63
2005.9
1944.17
1882.45
1820.72
1759
1697.27
1635.55
1573.83
1512.11
1450.39
1388.67
1326.94
1265.22
1203.5
1141.79
1080.07
1018.35
956.628
894.428
826.42
746.856
653.772
544.871
417.463
268.407
94.0154
4916.38
4746.9
4649.75
4538.8
4441.19
4349.5
4264.91
4186.64
4114.25
4047.29
3984.05
3921.96
3859.91
3797.9
3735.92
3673.98
3612.06
3550.17
3488.3
3426.44
3364.6
3302.78
3240.96
3179.16
3117.37
3055.58
2993.8
2932.03
2870.27
2808.51
2746.75
2685
2623.25
2561.5
2499.76
2438.02
2376.28
2314.55
2252.82
2191.08
2129.35
2067.63
2005.9
1944.17
1882.45
1820.72
1759
1697.27
1635.55
1573.83
1512.11
1450.39
1388.66
1326.94
1265.22
1203.5
1141.79
1080.07
1018.35
956.628
894.428
826.42
746.856
653.772
544.871
417.463
268.407
94.0156
4917.27
4744.55
4649.34
4538.12
4440.87
4349.28
4264.78
4186.56
4114.2
4047.26
3984.04
3921.95
3859.91
3797.9
3735.93
3673.98
3612.07
3550.17
3488.3
3426.44
3364.6
3302.78
3240.96
3179.16
3117.37
3055.58
2993.8
2932.03
2870.27
2808.5
2746.75
2685
2623.25
2561.5
2499.76
2438.02
2376.28
2314.55
2252.82
2191.08
2129.35
2067.63
2005.9
1944.17
1882.45
1820.72
1759
1697.27
1635.55
1573.83
1512.11
1450.39
1388.66
1326.94
1265.22
1203.5
1141.79
1080.07
1018.35
956.628
894.428
826.42
746.856
653.772
544.871
417.463
268.408
94.0155
4919.89
4743.61
4649.21
4537.74
4440.65
4349.12
4264.67
4186.49
4114.15
4047.23
3984.02
3921.94
3859.9
3797.9
3735.93
3673.99
3612.07
3550.18
3488.3
3426.45
3364.6
3302.78
3240.96
3179.16
3117.37
3055.58
2993.8
2932.03
2870.26
2808.5
2746.75
2685
2623.25
2561.5
2499.76
2438.02
2376.28
2314.55
2252.82
2191.08
2129.35
2067.62
2005.9
1944.17
1882.44
1820.72
1759
1697.27
1635.55
1573.83
1512.11
1450.39
1388.66
1326.94
1265.22
1203.5
1141.79
1080.07
1018.35
956.628
894.428
826.42
746.856
653.772
544.871
417.463
268.408
94.0154
4923.29
4743.6
4649.32
4537.63
4440.52
4349.02
4264.59
4186.43
4114.12
4047.21
3984.01
3921.94
3859.9
3797.9
3735.93
3673.99
3612.07
3550.18
3488.3
3426.45
3364.61
3302.78
3240.97
3179.16
3117.37
3055.58
2993.8
2932.03
2870.26
2808.5
2746.75
2685
2623.25
2561.5
2499.76
2438.02
2376.28
2314.55
2252.81
2191.08
2129.35
2067.62
2005.9
1944.17
1882.44
1820.72
1759
1697.27
1635.55
1573.83
1512.11
1450.39
1388.66
1326.94
1265.22
1203.5
1141.79
1080.07
1018.35
956.628
894.428
826.42
746.856
653.772
544.871
417.463
268.408
94.0152
4927.13
4744.34
4649.68
4537.76
4440.51
4349
4264.56
4186.41
4114.09
4047.19
3984
3921.93
3859.9
3797.9
3735.93
3673.99
3612.08
3550.18
3488.31
3426.45
3364.61
3302.78
3240.97
3179.16
3117.37
3055.58
2993.8
2932.03
2870.27
2808.5
2746.75
2685
2623.25
2561.5
2499.76
2438.02
2376.28
2314.55
2252.81
2191.08
2129.35
2067.62
2005.9
1944.17
1882.44
1820.72
1759
1697.27
1635.55
1573.83
1512.11
1450.39
1388.66
1326.94
1265.22
1203.5
1141.79
1080.07
1018.35
956.628
894.428
826.42
746.856
653.772
544.871
417.463
268.408
94.015
4931.06
4745.63
4650.26
4538.09
4440.61
4349.05
4264.57
4186.41
4114.09
4047.19
3983.99
3921.93
3859.9
3797.9
3735.93
3673.99
3612.08
3550.19
3488.31
3426.45
3364.61
3302.79
3240.97
3179.17
3117.37
3055.58
2993.81
2932.03
2870.27
2808.5
2746.75
2685
2623.25
2561.5
2499.76
2438.02
2376.28
2314.55
2252.81
2191.08
2129.35
2067.62
2005.9
1944.17
1882.44
1820.72
1759
1697.27
1635.55
1573.83
1512.11
1450.39
1388.66
1326.94
1265.22
1203.5
1141.79
1080.07
1018.35
956.628
894.428
826.42
746.856
653.772
544.871
417.463
268.408
94.0147
4934.8
4747.22
4650.96
4538.58
4440.79
4349.16
4264.62
4186.43
4114.1
4047.19
3984
3921.93
3859.9
3797.91
3735.94
3674
3612.08
3550.19
3488.32
3426.46
3364.62
3302.79
3240.97
3179.17
3117.37
3055.59
2993.81
2932.03
2870.27
2808.51
2746.75
2685
2623.25
2561.5
2499.76
2438.02
2376.28
2314.55
2252.81
2191.08
2129.35
2067.62
2005.9
1944.17
1882.44
1820.72
1759
1697.27
1635.55
1573.83
1512.11
1450.39
1388.66
1326.94
1265.22
1203.5
1141.79
1080.07
1018.35
956.628
894.428
826.42
746.856
653.773
544.871
417.463
268.408
94.0144
4938.05
4748.86
4651.66
4539.12
4441.02
4349.31
4264.7
4186.47
4114.13
4047.21
3984.01
3921.94
3859.91
3797.91
3735.95
3674.01
3612.09
3550.2
3488.32
3426.46
3364.62
3302.79
3240.98
3179.17
3117.38
3055.59
2993.81
2932.04
2870.27
2808.51
2746.75
2685
2623.25
2561.5
2499.76
2438.02
2376.28
2314.55
2252.81
2191.08
2129.35
2067.62
2005.9
1944.17
1882.44
1820.72
1759
1697.27
1635.55
1573.83
1512.11
1450.39
1388.66
1326.94
1265.22
1203.5
1141.79
1080.07
1018.35
956.628
894.428
826.42
746.857
653.773
544.871
417.463
268.408
94.0142
4940.55
4750.33
4652.24
4539.62
4441.24
4349.45
4264.78
4186.52
4114.16
4047.23
3984.02
3921.95
3859.92
3797.92
3735.95
3674.01
3612.1
3550.2
3488.33
3426.47
3364.63
3302.8
3240.98
3179.18
3117.38
3055.59
2993.81
2932.04
2870.27
2808.51
2746.75
2685
2623.25
2561.5
2499.76
2438.02
2376.28
2314.55
2252.81
2191.08
2129.35
2067.62
2005.9
1944.17
1882.44
1820.72
1759
1697.27
1635.55
1573.83
1512.11
1450.39
1388.66
1326.94
1265.22
1203.5
1141.79
1080.07
1018.35
956.628
894.428
826.42
746.856
653.772
544.871
417.463
268.408
94.0139
4942.01
4751.38
4652.54
4539.96
4441.37
4349.55
4264.83
4186.56
4114.18
4047.25
3984.04
3921.96
3859.93
3797.93
3735.97
3674.02
3612.11
3550.21
3488.34
3426.48
3364.64
3302.81
3240.99
3179.18
3117.39
3055.6
2993.82
2932.04
2870.27
2808.51
2746.75
2685
2623.25
2561.51
2499.76
2438.02
2376.28
2314.55
2252.82
2191.08
2129.35
2067.62
2005.9
1944.17
1882.44
1820.72
1759
1697.27
1635.55
1573.83
1512.11
1450.39
1388.66
1326.94
1265.22
1203.5
1141.78
1080.07
1018.35
956.628
894.428
826.42
746.856
653.772
544.871
417.463
268.408
94.0138
4942.15
4751.8
4652.42
4540.07
4441.37
4349.56
4264.84
4186.57
4114.19
4047.26
3984.05
3921.98
3859.94
3797.95
3735.98
3674.04
3612.12
3550.23
3488.35
3426.49
3364.65
3302.82
3241
3179.19
3117.39
3055.6
2993.82
2932.05
2870.28
2808.51
2746.76
2685
2623.25
2561.51
2499.76
2438.02
2376.29
2314.55
2252.82
2191.08
2129.35
2067.62
2005.9
1944.17
1882.44
1820.72
1759
1697.27
1635.55
1573.83
1512.11
1450.39
1388.66
1326.94
1265.22
1203.5
1141.78
1080.07
1018.35
956.628
894.428
826.42
746.856
653.772
544.871
417.463
268.408
94.0138
4940.66
4751.42
4651.77
4539.84
4441.17
4349.45
4264.78
4186.53
4114.18
4047.26
3984.05
3921.99
3859.96
3797.96
3735.99
3674.05
3612.14
3550.24
3488.36
3426.5
3364.66
3302.83
3241.01
3179.2
3117.4
3055.61
2993.83
2932.05
2870.28
2808.52
2746.76
2685
2623.25
2561.51
2499.76
2438.02
2376.29
2314.55
2252.82
2191.08
2129.35
2067.62
2005.9
1944.17
1882.44
1820.72
1759
1697.27
1635.55
1573.83
1512.11
1450.39
1388.66
1326.94
1265.22
1203.5
1141.79
1080.07
1018.35
956.628
894.428
826.42
746.856
653.772
544.871
417.463
268.408
94.0139
4937.24
4750.16
4650.53
4539.29
4440.79
4349.25
4264.66
4186.47
4114.15
4047.25
3984.06
3922
3859.98
3797.98
3736.02
3674.08
3612.16
3550.26
3488.38
3426.52
3364.67
3302.84
3241.02
3179.21
3117.41
3055.61
2993.83
2932.05
2870.28
2808.52
2746.76
2685.01
2623.26
2561.51
2499.77
2438.03
2376.29
2314.55
2252.82
2191.08
2129.35
2067.62
2005.9
1944.17
1882.44
1820.72
1759
1697.27
1635.55
1573.83
1512.11
1450.39
1388.66
1326.94
1265.22
1203.5
1141.79
1080.07
1018.35
956.628
894.428
826.42
746.857
653.772
544.871
417.463
268.408
94.0142
4931.54
4748.02
4648.71
4538.43
4440.24
4348.95
4264.5
4186.39
4114.12
4047.25
3984.07
3922.02
3860
3798.01
3736.04
3674.1
3612.18
3550.28
3488.4
3426.53
3364.69
3302.85
3241.03
3179.21
3117.41
3055.62
2993.84
2932.06
2870.29
2808.52
2746.76
2685.01
2623.26
2561.51
2499.77
2438.03
2376.29
2314.55
2252.82
2191.08
2129.35
2067.63
2005.9
1944.17
1882.44
1820.72
1759
1697.27
1635.55
1573.83
1512.11
1450.39
1388.66
1326.94
1265.22
1203.5
1141.79
1080.07
1018.35
956.628
894.428
826.421
746.857
653.773
544.871
417.463
268.408
94.0146
4923.92
4745.84
4646.96
4537.82
4439.97
4348.89
4264.55
4186.48
4114.23
4047.36
3984.18
3922.12
3860.09
3798.08
3736.11
3674.15
3612.22
3550.32
3488.43
3426.56
3364.7
3302.87
3241.04
3179.22
3117.42
3055.63
2993.84
2932.06
2870.29
2808.53
2746.77
2685.01
2623.26
2561.51
2499.77
2438.03
2376.29
2314.55
2252.82
2191.09
2129.35
2067.63
2005.9
1944.17
1882.44
1820.72
1759
1697.27
1635.55
1573.83
1512.11
1450.39
1388.67
1326.94
1265.22
1203.51
1141.79
1080.07
1018.35
956.628
894.428
826.421
746.857
653.773
544.871
417.463
268.408
94.0152
4913.45
4743.26
4644.63
4536.96
4439.49
4348.69
4264.47
4186.47
4114.25
4047.4
3984.22
3922.17
3860.13
3798.13
3736.14
3674.19
3612.25
3550.34
3488.45
3426.58
3364.72
3302.88
3241.05
3179.23
3117.43
3055.63
2993.84
2932.07
2870.29
2808.53
2746.77
2685.01
2623.26
2561.51
2499.77
2438.03
2376.29
2314.55
2252.82
2191.09
2129.35
2067.63
2005.9
1944.17
1882.44
1820.72
1759
1697.27
1635.55
1573.83
1512.11
1450.39
1388.67
1326.94
1265.22
1203.51
1141.79
1080.07
1018.35
956.629
894.428
826.421
746.857
653.773
544.871
417.463
268.408
94.016
4907.14
4749.01
4647.42
4540.11
4441.85
4350.49
4265.83
4187.5
4115.03
4047.99
3984.68
3922.52
3860.4
3798.33
3736.29
3674.3
3612.33
3550.4
3488.49
3426.6
3364.74
3302.89
3241.06
3179.24
3117.43
3055.63
2993.84
2932.06
2870.29
2808.52
2746.76
2685.01
2623.26
2561.51
2499.77
2438.02
2376.29
2314.55
2252.82
2191.08
2129.35
2067.62
2005.9
1944.17
1882.44
1820.72
1759
1697.27
1635.55
1573.83
1512.11
1450.39
1388.67
1326.94
1265.22
1203.51
1141.79
1080.07
1018.35
956.628
894.428
826.421
746.857
653.772
544.871
417.463
268.407
94.0164
4917.55
4749.53
4649.67
4538.92
4440.85
4349.1
4264.45
4186.16
4113.78
4046.84
3983.63
3921.57
3859.54
3797.56
3735.62
3673.7
3611.81
3549.94
3488.09
3426.25
3364.43
3302.62
3240.82
3179.03
3117.25
3055.48
2993.71
2931.95
2870.19
2808.44
2746.69
2684.94
2623.2
2561.46
2499.72
2437.99
2376.25
2314.52
2252.79
2191.06
2129.33
2067.61
2005.88
1944.16
1882.43
1820.71
1758.99
1697.26
1635.54
1573.82
1512.1
1450.38
1388.66
1326.94
1265.22
1203.5
1141.78
1080.06
1018.34
956.626
894.426
826.418
746.855
653.771
544.87
417.462
268.407
94.0159
4915.18
4745.85
4648.79
4537.94
4440.42
4348.81
4264.28
4186.07
4113.73
4046.81
3983.62
3921.56
3859.55
3797.57
3735.62
3673.71
3611.81
3549.94
3488.09
3426.25
3364.43
3302.62
3240.82
3179.03
3117.25
3055.48
2993.71
2931.95
2870.19
2808.44
2746.69
2684.94
2623.2
2561.46
2499.72
2437.99
2376.25
2314.52
2252.79
2191.06
2129.33
2067.61
2005.88
1944.16
1882.43
1820.71
1758.99
1697.26
1635.54
1573.82
1512.1
1450.38
1388.66
1326.94
1265.22
1203.5
1141.78
1080.06
1018.34
956.626
894.426
826.418
746.855
653.771
544.87
417.462
268.407
94.016
4916.07
4743.5
4648.38
4537.26
4440.1
4348.59
4264.15
4185.99
4113.68
4046.79
3983.6
3921.56
3859.55
3797.57
3735.63
3673.71
3611.82
3549.95
3488.09
3426.26
3364.43
3302.62
3240.82
3179.03
3117.25
3055.48
2993.71
2931.95
2870.19
2808.44
2746.69
2684.94
2623.2
2561.46
2499.72
2437.99
2376.25
2314.52
2252.79
2191.06
2129.33
2067.61
2005.88
1944.16
1882.43
1820.71
1758.99
1697.26
1635.54
1573.82
1512.1
1450.38
1388.66
1326.94
1265.22
1203.5
1141.78
1080.06
1018.34
956.626
894.426
826.419
746.855
653.771
544.87
417.462
268.407
94.016
4918.69
4742.56
4648.25
4536.89
4439.88
4348.43
4264.04
4185.92
4113.64
4046.76
3983.59
3921.55
3859.54
3797.57
3735.63
3673.71
3611.82
3549.95
3488.1
3426.26
3364.44
3302.63
3240.83
3179.04
3117.25
3055.48
2993.71
2931.95
2870.19
2808.44
2746.69
2684.94
2623.2
2561.46
2499.72
2437.99
2376.25
2314.52
2252.79
2191.06
2129.33
2067.61
2005.88
1944.16
1882.43
1820.71
1758.99
1697.26
1635.54
1573.82
1512.1
1450.38
1388.66
1326.94
1265.22
1203.5
1141.78
1080.06
1018.34
956.626
894.426
826.419
746.855
653.771
544.87
417.462
268.407
94.0159
4922.09
4742.55
4648.36
4536.77
4439.75
4348.33
4263.97
4185.87
4113.6
4046.74
3983.57
3921.54
3859.54
3797.57
3735.63
3673.71
3611.82
3549.95
3488.1
3426.26
3364.44
3302.63
3240.83
3179.04
3117.25
3055.48
2993.71
2931.95
2870.19
2808.44
2746.69
2684.94
2623.2
2561.46
2499.72
2437.98
2376.25
2314.52
2252.79
2191.06
2129.33
2067.61
2005.88
1944.16
1882.43
1820.71
1758.99
1697.26
1635.54
1573.82
1512.1
1450.38
1388.66
1326.94
1265.22
1203.5
1141.78
1080.06
1018.34
956.626
894.426
826.419
746.855
653.771
544.87
417.462
268.407
94.0157
4925.92
4743.3
4648.73
4536.9
4439.74
4348.31
4263.93
4185.84
4113.58
4046.72
3983.56
3921.53
3859.54
3797.57
3735.63
3673.72
3611.83
3549.96
3488.1
3426.26
3364.44
3302.63
3240.83
3179.04
3117.26
3055.48
2993.71
2931.95
2870.19
2808.44
2746.69
2684.94
2623.2
2561.46
2499.72
2437.98
2376.25
2314.52
2252.79
2191.06
2129.33
2067.61
2005.88
1944.15
1882.43
1820.71
1758.99
1697.26
1635.54
1573.82
1512.1
1450.38
1388.66
1326.94
1265.22
1203.5
1141.78
1080.06
1018.34
956.626
894.426
826.419
746.855
653.771
544.87
417.462
268.408
94.0155
4929.86
4744.59
4649.3
4537.24
4439.84
4348.36
4263.95
4185.84
4113.57
4046.71
3983.56
3921.53
3859.54
3797.57
3735.63
3673.72
3611.83
3549.96
3488.11
3426.27
3364.44
3302.63
3240.83
3179.04
3117.26
3055.48
2993.71
2931.95
2870.19
2808.44
2746.69
2684.94
2623.2
2561.46
2499.72
2437.98
2376.25
2314.52
2252.79
2191.06
2129.33
2067.61
2005.88
1944.15
1882.43
1820.71
1758.98
1697.26
1635.54
1573.82
1512.1
1450.38
1388.66
1326.94
1265.22
1203.5
1141.78
1080.06
1018.34
956.626
894.426
826.419
746.855
653.771
544.87
417.462
268.408
94.0153
4933.59
4746.18
4650
4537.72
4440.02
4348.47
4264
4185.86
4113.59
4046.72
3983.56
3921.54
3859.54
3797.57
3735.64
3673.73
3611.83
3549.96
3488.11
3426.27
3364.45
3302.64
3240.84
3179.04
3117.26
3055.48
2993.72
2931.95
2870.19
2808.44
2746.69
2684.94
2623.2
2561.46
2499.72
2437.98
2376.25
2314.52
2252.79
2191.06
2129.33
2067.61
2005.88
1944.15
1882.43
1820.71
1758.98
1697.26
1635.54
1573.82
1512.1
1450.38
1388.66
1326.94
1265.22
1203.5
1141.78
1080.06
1018.34
956.626
894.426
826.418
746.855
653.771
544.87
417.462
268.408
94.0151
4936.84
4747.82
4650.71
4538.26
4440.25
4348.62
4264.07
4185.91
4113.61
4046.74
3983.57
3921.54
3859.55
3797.58
3735.64
3673.73
3611.84
3549.97
3488.12
3426.28
3364.45
3302.64
3240.84
3179.05
3117.26
3055.49
2993.72
2931.95
2870.19
2808.44
2746.69
2684.94
2623.2
2561.46
2499.72
2437.99
2376.25
2314.52
2252.79
2191.06
2129.33
2067.61
2005.88
1944.15
1882.43
1820.71
1758.98
1697.26
1635.54
1573.82
1512.1
1450.38
1388.66
1326.94
1265.22
1203.5
1141.78
1080.06
1018.34
956.626
894.425
826.418
746.855
653.771
544.87
417.462
268.408
94.0148
4939.34
4749.28
4651.28
4538.76
4440.47
4348.76
4264.15
4185.96
4113.64
4046.76
3983.59
3921.56
3859.56
3797.59
3735.65
3673.74
3611.85
3549.98
3488.12
3426.29
3364.46
3302.65
3240.84
3179.05
3117.27
3055.49
2993.72
2931.96
2870.2
2808.44
2746.69
2684.94
2623.2
2561.46
2499.72
2437.99
2376.25
2314.52
2252.79
2191.06
2129.33
2067.61
2005.88
1944.15
1882.43
1820.71
1758.98
1697.26
1635.54
1573.82
1512.1
1450.38
1388.66
1326.94
1265.22
1203.5
1141.78
1080.06
1018.34
956.625
894.425
826.418
746.855
653.771
544.87
417.462
268.408
94.0146
4940.81
4750.33
4651.58
4539.11
4440.6
4348.85
4264.21
4185.99
4113.67
4046.78
3983.61
3921.57
3859.57
3797.6
3735.66
3673.75
3611.86
3549.99
3488.13
3426.29
3364.47
3302.65
3240.85
3179.06
3117.27
3055.5
2993.72
2931.96
2870.2
2808.44
2746.69
2684.95
2623.2
2561.46
2499.72
2437.99
2376.25
2314.52
2252.79
2191.06
2129.33
2067.61
2005.88
1944.15
1882.43
1820.71
1758.98
1697.26
1635.54
1573.82
1512.1
1450.38
1388.66
1326.94
1265.22
1203.5
1141.78
1080.06
1018.34
956.625
894.426
826.419
746.855
653.771
544.87
417.462
268.408
94.0145
4940.95
4750.75
4651.46
4539.21
4440.6
4348.87
4264.21
4186
4113.68
4046.79
3983.62
3921.58
3859.58
3797.62
3735.68
3673.76
3611.87
3550
3488.14
3426.3
3364.48
3302.66
3240.86
3179.06
3117.28
3055.5
2993.73
2931.96
2870.2
2808.45
2746.7
2684.95
2623.2
2561.46
2499.72
2437.99
2376.25
2314.52
2252.79
2191.06
2129.33
2067.61
2005.88
1944.16
1882.43
1820.71
1758.99
1697.26
1635.54
1573.82
1512.1
1450.38
1388.66
1326.94
1265.22
1203.5
1141.78
1080.06
1018.34
956.626
894.426
826.419
746.855
653.771
544.87
417.462
268.408
94.0145
4939.45
4750.37
4650.81
4538.99
4440.4
4348.76
4264.15
4185.96
4113.66
4046.78
3983.62
3921.59
3859.6
3797.63
3735.69
3673.78
3611.89
3550.01
3488.16
3426.32
3364.49
3302.67
3240.87
3179.07
3117.29
3055.51
2993.73
2931.97
2870.21
2808.45
2746.7
2684.95
2623.21
2561.46
2499.73
2437.99
2376.25
2314.52
2252.79
2191.06
2129.33
2067.61
2005.88
1944.16
1882.43
1820.71
1758.99
1697.26
1635.54
1573.82
1512.1
1450.38
1388.66
1326.94
1265.22
1203.5
1141.78
1080.06
1018.34
956.626
894.426
826.418
746.855
653.771
544.87
417.462
268.408
94.0146
4936.03
4749.11
4649.58
4538.43
4440.02
4348.55
4264.04
4185.91
4113.64
4046.78
3983.63
3921.61
3859.62
3797.65
3735.72
3673.8
3611.91
3550.03
3488.17
3426.33
3364.5
3302.68
3240.88
3179.08
3117.29
3055.51
2993.74
2931.97
2870.21
2808.45
2746.7
2684.95
2623.21
2561.47
2499.73
2437.99
2376.26
2314.52
2252.79
2191.06
2129.33
2067.61
2005.88
1944.16
1882.43
1820.71
1758.99
1697.26
1635.54
1573.82
1512.1
1450.38
1388.66
1326.94
1265.22
1203.5
1141.78
1080.06
1018.34
956.626
894.426
826.418
746.855
653.771
544.87
417.462
268.407
94.0149
4930.33
4746.97
4647.75
4537.57
4439.47
4348.25
4263.87
4185.82
4113.6
4046.77
3983.64
3921.63
3859.64
3797.68
3735.74
3673.83
3611.93
3550.05
3488.19
3426.35
3364.52
3302.7
3240.89
3179.09
3117.3
3055.52
2993.74
2931.98
2870.21
2808.46
2746.7
2684.95
2623.21
2561.47
2499.73
2437.99
2376.26
2314.52
2252.79
2191.06
2129.33
2067.61
2005.88
1944.16
1882.43
1820.71
1758.99
1697.26
1635.54
1573.82
1512.1
1450.38
1388.66
1326.94
1265.22
1203.5
1141.78
1080.06
1018.34
956.626
894.426
826.419
746.855
653.771
544.87
417.462
268.407
94.0152
4922.72
4744.8
4646
4536.96
4439.2
4348.2
4263.92
4185.91
4113.71
4046.88
3983.75
3921.72
3859.73
3797.75
3735.81
3673.88
3611.98
3550.09
3488.22
3426.37
3364.54
3302.71
3240.9
3179.1
3117.31
3055.53
2993.75
2931.98
2870.22
2808.46
2746.71
2684.96
2623.21
2561.47
2499.73
2437.99
2376.26
2314.52
2252.79
2191.06
2129.33
2067.61
2005.88
1944.16
1882.43
1820.71
1758.99
1697.26
1635.54
1573.82
1512.1
1450.38
1388.66
1326.94
1265.22
1203.5
1141.78
1080.06
1018.34
956.626
894.426
826.419
746.855
653.771
544.87
417.462
268.407
94.0157
4912.24
4742.21
4643.68
4536.1
4438.72
4347.99
4263.85
4185.91
4113.74
4046.93
3983.79
3921.77
3859.77
3797.8
3735.84
3673.91
3612
3550.12
3488.24
3426.39
3364.55
3302.72
3240.91
3179.11
3117.31
3055.53
2993.75
2931.98
2870.22
2808.46
2746.71
2684.96
2623.21
2561.47
2499.73
2437.99
2376.26
2314.52
2252.79
2191.06
2129.33
2067.61
2005.88
1944.16
1882.43
1820.71
1758.99
1697.26
1635.54
1573.82
1512.1
1450.38
1388.66
1326.94
1265.22
1203.5
1141.78
1080.06
1018.34
956.626
894.426
826.419
746.855
653.771
544.87
417.462
268.407
94.0165
4905.94
4747.97
4646.46
4539.26
4441.09
4349.8
4265.21
4186.93
4114.51
4047.52
3984.25
3922.12
3860.04
3798
3735.99
3674.02
3612.09
3550.17
3488.29
3426.42
3364.57
3302.74
3240.92
3179.11
3117.32
3055.53
2993.75
2931.98
2870.22
2808.46
2746.7
2684.95
2623.21
2561.47
2499.73
2437.99
2376.25
2314.52
2252.79
2191.06
2129.33
2067.61
2005.88
1944.15
1882.43
1820.71
1758.98
1697.26
1635.54
1573.82
1512.1
1450.38
1388.66
1326.94
1265.22
1203.5
1141.78
1080.06
1018.34
956.626
894.426
826.419
746.855
653.771
544.87
417.462
268.407
94.0168
4916.26
4748.41
4648.64
4538
4440.03
4348.36
4263.78
4185.56
4113.23
4046.34
3983.18
3921.15
3859.16
3797.22
3735.3
3673.41
3611.55
3549.7
3487.87
3426.06
3364.25
3302.46
3240.68
3178.9
3117.14
3055.37
2993.62
2931.86
2870.12
2808.37
2746.63
2684.89
2623.15
2561.42
2499.68
2437.95
2376.22
2314.49
2252.76
2191.04
2129.31
2067.59
2005.86
1944.14
1882.42
1820.7
1758.97
1697.25
1635.53
1573.81
1512.09
1450.37
1388.65
1326.93
1265.22
1203.5
1141.78
1080.06
1018.34
956.623
894.423
826.416
746.853
653.77
544.869
417.461
268.406
94.0164
4913.88
4744.73
4647.77
4537.03
4439.59
4348.07
4263.62
4185.47
4113.18
4046.32
3983.16
3921.15
3859.17
3797.22
3735.31
3673.42
3611.55
3549.7
3487.87
3426.06
3364.26
3302.46
3240.68
3178.9
3117.14
3055.37
2993.62
2931.86
2870.11
2808.37
2746.63
2684.89
2623.15
2561.41
2499.68
2437.95
2376.22
2314.49
2252.76
2191.04
2129.31
2067.59
2005.86
1944.14
1882.42
1820.7
1758.97
1697.25
1635.53
1573.81
1512.09
1450.37
1388.65
1326.93
1265.22
1203.5
1141.78
1080.06
1018.34
956.623
894.423
826.416
746.853
653.77
544.869
417.461
268.406
94.0165
4914.78
4742.39
4647.35
4536.35
4439.28
4347.85
4263.48
4185.39
4113.13
4046.29
3983.15
3921.14
3859.16
3797.22
3735.31
3673.42
3611.56
3549.71
3487.88
3426.06
3364.26
3302.46
3240.68
3178.9
3117.14
3055.37
2993.62
2931.86
2870.11
2808.37
2746.63
2684.89
2623.15
2561.41
2499.68
2437.95
2376.22
2314.49
2252.76
2191.04
2129.31
2067.59
2005.86
1944.14
1882.42
1820.7
1758.97
1697.25
1635.53
1573.81
1512.09
1450.37
1388.65
1326.93
1265.22
1203.5
1141.78
1080.06
1018.34
956.623
894.424
826.417
746.853
653.77
544.869
417.461
268.407
94.0165
4917.4
4741.44
4647.23
4535.98
4439.06
4347.69
4263.38
4185.32
4113.09
4046.26
3983.13
3921.13
3859.16
3797.22
3735.31
3673.42
3611.56
3549.71
3487.88
3426.06
3364.26
3302.47
3240.68
3178.91
3117.14
3055.37
2993.62
2931.86
2870.11
2808.37
2746.63
2684.89
2623.15
2561.41
2499.68
2437.95
2376.22
2314.49
2252.76
2191.04
2129.31
2067.59
2005.86
1944.14
1882.42
1820.7
1758.97
1697.25
1635.53
1573.81
1512.09
1450.37
1388.65
1326.93
1265.22
1203.5
1141.78
1080.06
1018.34
956.623
894.424
826.417
746.853
653.77
544.869
417.461
268.407
94.0164
4920.79
4741.44
4647.34
4535.86
4438.93
4347.59
4263.3
4185.27
4113.05
4046.24
3983.12
3921.12
3859.16
3797.22
3735.31
3673.43
3611.56
3549.71
3487.88
3426.07
3364.26
3302.47
3240.68
3178.91
3117.14
3055.37
2993.62
2931.86
2870.11
2808.37
2746.63
2684.89
2623.15
2561.41
2499.68
2437.95
2376.22
2314.49
2252.76
2191.04
2129.31
2067.59
2005.86
1944.14
1882.42
1820.7
1758.97
1697.25
1635.53
1573.81
1512.09
1450.37
1388.65
1326.93
1265.22
1203.5
1141.78
1080.06
1018.34
956.623
894.424
826.417
746.853
653.77
544.869
417.461
268.407
94.0163
4924.63
4742.18
4647.71
4535.99
4438.92
4347.57
4263.27
4185.24
4113.03
4046.22
3983.11
3921.12
3859.16
3797.22
3735.32
3673.43
3611.57
3549.72
3487.89
3426.07
3364.27
3302.47
3240.69
3178.91
3117.14
3055.38
2993.62
2931.86
2870.11
2808.37
2746.63
2684.89
2623.15
2561.41
2499.68
2437.95
2376.22
2314.49
2252.76
2191.04
2129.31
2067.59
2005.86
1944.14
1882.42
1820.7
1758.97
1697.25
1635.53
1573.81
1512.09
1450.37
1388.65
1326.93
1265.22
1203.5
1141.78
1080.06
1018.34
956.623
894.424
826.417
746.853
653.77
544.869
417.462
268.407
94.0161
4928.57
4743.47
4648.28
4536.33
4439.02
4347.62
4263.28
4185.24
4113.03
4046.22
3983.11
3921.12
3859.16
3797.22
3735.32
3673.43
3611.57
3549.72
3487.89
3426.07
3364.27
3302.47
3240.69
3178.91
3117.14
3055.38
2993.62
2931.86
2870.11
2808.37
2746.63
2684.89
2623.15
2561.41
2499.68
2437.95
2376.22
2314.49
2252.76
2191.04
2129.31
2067.59
2005.86
1944.14
1882.42
1820.7
1758.97
1697.25
1635.53
1573.81
1512.09
1450.37
1388.65
1326.93
1265.22
1203.5
1141.78
1080.06
1018.34
956.623
894.424
826.417
746.853
653.77
544.869
417.462
268.407
94.0159
4932.3
4745.06
4648.98
4536.81
4439.2
4347.74
4263.33
4185.26
4113.04
4046.22
3983.11
3921.12
3859.16
3797.23
3735.32
3673.44
3611.57
3549.73
3487.9
3426.08
3364.27
3302.48
3240.69
3178.91
3117.14
3055.38
2993.62
2931.87
2870.12
2808.37
2746.63
2684.89
2623.15
2561.41
2499.68
2437.95
2376.22
2314.49
2252.76
2191.04
2129.31
2067.59
2005.86
1944.14
1882.42
1820.7
1758.97
1697.25
1635.53
1573.81
1512.09
1450.37
1388.65
1326.93
1265.22
1203.5
1141.78
1080.06
1018.34
956.623
894.423
826.416
746.853
653.77
544.869
417.462
268.407
94.0157
4935.55
4746.7
4649.68
4537.35
4439.43
4347.88
4263.41
4185.31
4113.07
4046.24
3983.12
3921.13
3859.17
3797.23
3735.33
3673.44
3611.58
3549.73
3487.9
3426.08
3364.28
3302.48
3240.7
3178.92
3117.15
3055.38
2993.62
2931.87
2870.12
2808.37
2746.63
2684.89
2623.15
2561.41
2499.68
2437.95
2376.22
2314.49
2252.76
2191.04
2129.31
2067.59
2005.86
1944.14
1882.42
1820.7
1758.97
1697.25
1635.53
1573.81
1512.09
1450.37
1388.65
1326.93
1265.22
1203.5
1141.78
1080.06
1018.34
956.623
894.423
826.416
746.853
653.77
544.869
417.462
268.407
94.0155
4938.05
4748.17
4650.26
4537.85
4439.65
4348.02
4263.49
4185.36
4113.1
4046.26
3983.14
3921.14
3859.18
3797.24
3735.34
3673.45
3611.59
3549.74
3487.91
3426.09
3364.28
3302.49
3240.7
3178.92
3117.15
3055.39
2993.63
2931.87
2870.12
2808.37
2746.63
2684.89
2623.15
2561.41
2499.68
2437.95
2376.22
2314.49
2252.76
2191.04
2129.31
2067.59
2005.86
1944.14
1882.42
1820.7
1758.97
1697.25
1635.53
1573.81
1512.09
1450.37
1388.65
1326.93
1265.22
1203.5
1141.78
1080.06
1018.34
956.623
894.423
826.416
746.853
653.77
544.869
417.462
268.407
94.0153
4939.51
4749.21
4650.56
4538.2
4439.78
4348.12
4263.55
4185.39
4113.12
4046.28
3983.15
3921.15
3859.19
3797.26
3735.35
3673.46
3611.6
3549.75
3487.92
3426.1
3364.29
3302.5
3240.71
3178.93
3117.16
3055.39
2993.63
2931.87
2870.12
2808.38
2746.63
2684.89
2623.15
2561.42
2499.68
2437.95
2376.22
2314.49
2252.76
2191.04
2129.31
2067.59
2005.86
1944.14
1882.42
1820.7
1758.97
1697.25
1635.53
1573.81
1512.09
1450.37
1388.65
1326.93
1265.22
1203.5
1141.78
1080.06
1018.34
956.623
894.423
826.417
746.853
653.77
544.869
417.462
268.407
94.0152
4939.65
4749.63
4650.44
4538.3
4439.78
4348.13
4263.55
4185.4
4113.13
4046.29
3983.16
3921.16
3859.2
3797.27
3735.36
3673.48
3611.61
3549.76
3487.93
3426.11
3364.3
3302.5
3240.72
3178.94
3117.16
3055.4
2993.63
2931.88
2870.13
2808.38
2746.63
2684.89
2623.15
2561.42
2499.68
2437.95
2376.22
2314.49
2252.76
2191.04
2129.31
2067.59
2005.86
1944.14
1882.42
1820.7
1758.97
1697.25
1635.53
1573.81
1512.09
1450.37
1388.65
1326.93
1265.22
1203.5
1141.78
1080.06
1018.34
956.623
894.423
826.417
746.853
653.77
544.869
417.462
268.407
94.0152
4938.16
4749.25
4649.78
4538.07
4439.58
4348.02
4263.49
4185.36
4113.12
4046.29
3983.17
3921.17
3859.22
3797.28
3735.38
3673.49
3611.63
3549.78
3487.94
3426.12
3364.31
3302.51
3240.72
3178.94
3117.17
3055.4
2993.64
2931.88
2870.13
2808.38
2746.64
2684.89
2623.16
2561.42
2499.68
2437.95
2376.22
2314.49
2252.76
2191.04
2129.31
2067.59
2005.86
1944.14
1882.42
1820.7
1758.97
1697.25
1635.53
1573.81
1512.09
1450.37
1388.65
1326.93
1265.22
1203.5
1141.78
1080.06
1018.34
956.623
894.424
826.417
746.853
653.77
544.869
417.462
268.407
94.0153
4934.74
4747.99
4648.55
4537.52
4439.2
4347.81
4263.37
4185.31
4113.09
4046.28
3983.18
3921.19
3859.24
3797.31
3735.4
3673.51
3611.65
3549.8
3487.96
3426.14
3364.33
3302.53
3240.73
3178.95
3117.18
3055.41
2993.64
2931.89
2870.13
2808.38
2746.64
2684.9
2623.16
2561.42
2499.69
2437.95
2376.22
2314.49
2252.77
2191.04
2129.31
2067.59
2005.86
1944.14
1882.42
1820.7
1758.97
1697.25
1635.53
1573.81
1512.09
1450.37
1388.65
1326.93
1265.22
1203.5
1141.78
1080.06
1018.34
956.623
894.424
826.417
746.853
653.77
544.869
417.462
268.407
94.0155
4929.04
4745.85
4646.73
4536.65
4438.65
4347.51
4263.21
4185.22
4113.06
4046.28
3983.19
3921.21
3859.26
3797.33
3735.43
3673.54
3611.67
3549.82
3487.98
3426.15
3364.34
3302.54
3240.75
3178.96
3117.18
3055.41
2993.65
2931.89
2870.14
2808.39
2746.64
2684.9
2623.16
2561.42
2499.69
2437.95
2376.22
2314.49
2252.77
2191.04
2129.31
2067.59
2005.86
1944.14
1882.42
1820.7
1758.97
1697.25
1635.53
1573.81
1512.09
1450.37
1388.65
1326.93
1265.22
1203.5
1141.78
1080.06
1018.34
956.623
894.424
826.416
746.853
653.77
544.869
417.462
268.407
94.0158
4921.42
4743.67
4644.98
4536.05
4438.37
4347.46
4263.25
4185.31
4113.16
4046.39
3983.29
3921.31
3859.34
3797.41
3735.49
3673.59
3611.71
3549.85
3488.01
3426.18
3364.36
3302.55
3240.76
3178.97
3117.19
3055.42
2993.66
2931.9
2870.14
2808.39
2746.64
2684.9
2623.16
2561.42
2499.69
2437.95
2376.22
2314.49
2252.77
2191.04
2129.31
2067.59
2005.86
1944.14
1882.42
1820.7
1758.97
1697.25
1635.53
1573.81
1512.09
1450.37
1388.65
1326.93
1265.22
1203.5
1141.78
1080.06
1018.34
956.623
894.424
826.417
746.853
653.77
544.869
417.462
268.407
94.0163
4910.95
4741.08
4642.65
4535.18
4437.9
4347.25
4263.18
4185.31
4113.19
4046.43
3983.34
3921.35
3859.39
3797.45
3735.53
3673.63
3611.74
3549.88
3488.03
3426.2
3364.38
3302.57
3240.77
3178.98
3117.2
3055.43
2993.66
2931.9
2870.14
2808.39
2746.64
2684.9
2623.16
2561.42
2499.69
2437.95
2376.22
2314.49
2252.77
2191.04
2129.31
2067.59
2005.86
1944.14
1882.42
1820.7
1758.97
1697.25
1635.53
1573.81
1512.09
1450.37
1388.65
1326.93
1265.22
1203.5
1141.78
1080.06
1018.34
956.623
894.424
826.417
746.853
653.77
544.869
417.462
268.407
94.0169
4904.66
4746.85
4645.45
4538.35
4440.27
4349.06
4264.55
4186.33
4113.97
4047.03
3983.8
3921.71
3859.66
3797.65
3735.68
3673.74
3611.83
3549.94
3488.07
3426.23
3364.4
3302.58
3240.78
3178.98
3117.2
3055.42
2993.66
2931.9
2870.14
2808.39
2746.64
2684.9
2623.16
2561.42
2499.69
2437.95
2376.22
2314.49
2252.76
2191.04
2129.31
2067.59
2005.86
1944.14
1882.42
1820.7
1758.97
1697.25
1635.53
1573.81
1512.09
1450.37
1388.65
1326.93
1265.22
1203.5
1141.78
1080.06
1018.34
956.623
894.424
826.417
746.853
653.77
544.869
417.462
268.406
94.0172
4914.88
4747.21
4647.55
4537.03
4439.16
4347.58
4263.08
4184.93
4112.66
4045.82
3982.7
3920.71
3858.77
3796.85
3734.97
3673.11
3611.27
3549.45
3487.65
3425.85
3364.07
3302.3
3240.53
3178.77
3117.02
3055.27
2993.52
2931.78
2870.04
2808.3
2746.56
2684.83
2623.1
2561.37
2499.64
2437.91
2376.19
2314.46
2252.74
2191.01
2129.29
2067.57
2005.85
1944.13
1882.4
1820.68
1758.96
1697.24
1635.52
1573.8
1512.09
1450.37
1388.65
1326.93
1265.21
1203.49
1141.77
1080.06
1018.34
956.621
894.421
826.414
746.851
653.768
544.868
417.461
268.406
94.0169
4912.5
4743.53
4646.68
4536.05
4438.72
4347.29
4262.92
4184.83
4112.61
4045.79
3982.69
3920.71
3858.77
3796.86
3734.98
3673.12
3611.28
3549.46
3487.65
3425.86
3364.07
3302.3
3240.53
3178.77
3117.02
3055.26
2993.52
2931.78
2870.04
2808.3
2746.56
2684.83
2623.1
2561.37
2499.64
2437.91
2376.19
2314.46
2252.74
2191.01
2129.29
2067.57
2005.85
1944.12
1882.4
1820.68
1758.96
1697.24
1635.52
1573.8
1512.09
1450.37
1388.65
1326.93
1265.21
1203.49
1141.77
1080.06
1018.34
956.621
894.421
826.414
746.851
653.768
544.868
417.461
268.406
94.017
4913.4
4741.19
4646.26
4535.38
4438.41
4347.07
4262.78
4184.75
4112.56
4045.77
3982.67
3920.7
3858.77
3796.86
3734.98
3673.12
3611.28
3549.46
3487.66
3425.86
3364.08
3302.3
3240.53
3178.77
3117.02
3055.26
2993.52
2931.77
2870.03
2808.3
2746.56
2684.83
2623.1
2561.37
2499.64
2437.91
2376.19
2314.46
2252.74
2191.01
2129.29
2067.57
2005.85
1944.12
1882.4
1820.68
1758.96
1697.24
1635.52
1573.8
1512.09
1450.37
1388.65
1326.93
1265.21
1203.49
1141.77
1080.06
1018.34
956.621
894.421
826.414
746.851
653.768
544.868
417.461
268.406
94.017
4916.02
4740.25
4646.14
4535.01
4438.19
4346.91
4262.68
4184.69
4112.52
4045.74
3982.66
3920.69
3858.76
3796.86
3734.98
3673.13
3611.29
3549.47
3487.66
3425.86
3364.08
3302.3
3240.53
3178.77
3117.02
3055.26
2993.52
2931.77
2870.03
2808.3
2746.56
2684.83
2623.1
2561.37
2499.64
2437.91
2376.19
2314.46
2252.74
2191.01
2129.29
2067.57
2005.85
1944.12
1882.4
1820.68
1758.96
1697.24
1635.52
1573.8
1512.09
1450.37
1388.65
1326.93
1265.21
1203.49
1141.77
1080.06
1018.34
956.621
894.421
826.415
746.852
653.768
544.868
417.461
268.406
94.0169
4919.41
4740.25
4646.25
4534.89
4438.06
4346.82
4262.6
4184.64
4112.48
4045.72
3982.64
3920.69
3858.76
3796.86
3734.98
3673.13
3611.29
3549.47
3487.66
3425.87
3364.08
3302.3
3240.54
3178.77
3117.02
3055.27
2993.52
2931.77
2870.03
2808.3
2746.56
2684.83
2623.1
2561.37
2499.64
2437.91
2376.18
2314.46
2252.74
2191.01
2129.29
2067.57
2005.85
1944.12
1882.4
1820.68
1758.96
1697.24
1635.52
1573.8
1512.09
1450.37
1388.65
1326.93
1265.21
1203.49
1141.77
1080.06
1018.34
956.621
894.421
826.415
746.852
653.768
544.868
417.461
268.406
94.0168
4923.25
4740.99
4646.62
4535.02
4438.05
4346.8
4262.57
4184.61
4112.46
4045.7
3982.63
3920.68
3858.76
3796.86
3734.99
3673.13
3611.29
3549.47
3487.66
3425.87
3364.08
3302.31
3240.54
3178.78
3117.02
3055.27
2993.52
2931.78
2870.03
2808.3
2746.56
2684.83
2623.1
2561.37
2499.64
2437.91
2376.18
2314.46
2252.74
2191.01
2129.29
2067.57
2005.85
1944.12
1882.4
1820.68
1758.96
1697.24
1635.52
1573.8
1512.09
1450.37
1388.65
1326.93
1265.21
1203.49
1141.77
1080.06
1018.34
956.621
894.421
826.415
746.852
653.768
544.868
417.461
268.406
94.0167
4927.18
4742.28
4647.2
4535.36
4438.15
4346.85
4262.58
4184.61
4112.46
4045.7
3982.63
3920.68
3858.76
3796.86
3734.99
3673.13
3611.3
3549.48
3487.67
3425.87
3364.09
3302.31
3240.54
3178.78
3117.02
3055.27
2993.52
2931.78
2870.04
2808.3
2746.56
2684.83
2623.1
2561.37
2499.64
2437.91
2376.18
2314.46
2252.74
2191.01
2129.29
2067.57
2005.84
1944.12
1882.4
1820.68
1758.96
1697.24
1635.52
1573.8
1512.09
1450.37
1388.65
1326.93
1265.21
1203.49
1141.77
1080.06
1018.34
956.621
894.421
826.415
746.852
653.768
544.868
417.461
268.407
94.0165
4930.92
4743.87
4647.89
4535.84
4438.34
4346.96
4262.64
4184.63
4112.47
4045.7
3982.63
3920.68
3858.76
3796.87
3734.99
3673.14
3611.3
3549.48
3487.67
3425.88
3364.09
3302.31
3240.54
3178.78
3117.02
3055.27
2993.52
2931.78
2870.04
2808.3
2746.56
2684.83
2623.1
2561.37
2499.64
2437.91
2376.18
2314.46
2252.74
2191.01
2129.29
2067.57
2005.84
1944.12
1882.4
1820.68
1758.96
1697.24
1635.52
1573.8
1512.09
1450.37
1388.65
1326.93
1265.21
1203.49
1141.77
1080.06
1018.34
956.621
894.421
826.415
746.852
653.769
544.868
417.461
268.407
94.0164
4934.17
4745.51
4648.6
4536.38
4438.57
4347.1
4262.71
4184.68
4112.5
4045.72
3982.64
3920.69
3858.77
3796.87
3735
3673.15
3611.31
3549.49
3487.68
3425.88
3364.1
3302.32
3240.55
3178.78
3117.03
3055.27
2993.53
2931.78
2870.04
2808.3
2746.56
2684.83
2623.1
2561.37
2499.64
2437.91
2376.19
2314.46
2252.74
2191.01
2129.29
2067.57
2005.84
1944.12
1882.4
1820.68
1758.96
1697.24
1635.52
1573.8
1512.09
1450.37
1388.65
1326.93
1265.21
1203.49
1141.77
1080.06
1018.34
956.62
894.421
826.414
746.852
653.769
544.868
417.461
268.407
94.0162
4936.66
4746.97
4649.17
4536.88
4438.78
4347.25
4262.79
4184.73
4112.53
4045.74
3982.66
3920.7
3858.78
3796.88
3735.01
3673.15
3611.32
3549.5
3487.69
3425.89
3364.1
3302.32
3240.55
3178.79
3117.03
3055.28
2993.53
2931.78
2870.04
2808.3
2746.57
2684.83
2623.1
2561.37
2499.64
2437.91
2376.19
2314.46
2252.74
2191.01
2129.29
2067.57
2005.84
1944.12
1882.4
1820.68
1758.96
1697.24
1635.52
1573.8
1512.09
1450.37
1388.65
1326.93
1265.21
1203.49
1141.77
1080.06
1018.34
956.62
894.421
826.415
746.852
653.769
544.868
417.461
268.407
94.016
4938.13
4748.02
4649.47
4537.23
4438.92
4347.34
4262.85
4184.76
4112.55
4045.76
3982.67
3920.72
3858.79
3796.89
3735.02
3673.17
3611.33
3549.51
3487.7
3425.9
3364.11
3302.33
3240.56
3178.79
3117.04
3055.28
2993.53
2931.79
2870.04
2808.3
2746.57
2684.83
2623.1
2561.37
2499.64
2437.91
2376.19
2314.46
2252.74
2191.01
2129.29
2067.57
2005.85
1944.12
1882.4
1820.68
1758.96
1697.24
1635.52
1573.8
1512.09
1450.37
1388.65
1326.93
1265.21
1203.49
1141.77
1080.06
1018.34
956.62
894.421
826.415
746.852
653.769
544.868
417.461
268.407
94.016
4938.27
4748.44
4649.35
4537.33
4438.91
4347.35
4262.85
4184.77
4112.56
4045.77
3982.68
3920.73
3858.81
3796.91
3735.03
3673.18
3611.34
3549.52
3487.71
3425.91
3364.12
3302.34
3240.57
3178.8
3117.04
3055.29
2993.54
2931.79
2870.05
2808.31
2746.57
2684.83
2623.1
2561.37
2499.64
2437.91
2376.19
2314.46
2252.74
2191.01
2129.29
2067.57
2005.85
1944.12
1882.4
1820.68
1758.96
1697.24
1635.52
1573.8
1512.09
1450.37
1388.65
1326.93
1265.21
1203.49
1141.77
1080.06
1018.34
956.62
894.421
826.415
746.852
653.769
544.868
417.461
268.407
94.016
4936.77
4748.05
4648.7
4537.1
4438.71
4347.24
4262.79
4184.73
4112.54
4045.76
3982.69
3920.74
3858.82
3796.92
3735.05
3673.19
3611.36
3549.53
3487.72
3425.92
3364.13
3302.35
3240.58
3178.81
3117.05
3055.29
2993.54
2931.79
2870.05
2808.31
2746.57
2684.84
2623.1
2561.37
2499.64
2437.91
2376.19
2314.46
2252.74
2191.01
2129.29
2067.57
2005.85
1944.12
1882.4
1820.68
1758.96
1697.24
1635.52
1573.8
1512.09
1450.37
1388.65
1326.93
1265.21
1203.49
1141.77
1080.06
1018.34
956.621
894.421
826.415
746.852
653.768
544.868
417.461
268.406
94.016
4933.35
4746.79
4647.46
4536.55
4438.33
4347.03
4262.67
4184.67
4112.52
4045.76
3982.7
3920.76
3858.84
3796.95
3735.07
3673.22
3611.38
3549.55
3487.74
3425.94
3364.14
3302.36
3240.59
3178.82
3117.06
3055.3
2993.55
2931.8
2870.05
2808.31
2746.58
2684.84
2623.11
2561.37
2499.64
2437.92
2376.19
2314.46
2252.74
2191.01
2129.29
2067.57
2005.85
1944.12
1882.4
1820.68
1758.96
1697.24
1635.52
1573.8
1512.09
1450.37
1388.65
1326.93
1265.21
1203.49
1141.77
1080.06
1018.34
956.621
894.421
826.415
746.851
653.768
544.868
417.461
268.406
94.0162
4927.65
4744.65
4645.64
4535.68
4437.78
4346.73
4262.51
4184.59
4112.48
4045.75
3982.71
3920.77
3858.86
3796.97
3735.1
3673.24
3611.4
3549.57
3487.76
3425.95
3364.16
3302.37
3240.6
3178.83
3117.06
3055.31
2993.55
2931.8
2870.06
2808.32
2746.58
2684.84
2623.11
2561.38
2499.65
2437.92
2376.19
2314.46
2252.74
2191.01
2129.29
2067.57
2005.85
1944.12
1882.4
1820.68
1758.96
1697.24
1635.52
1573.8
1512.09
1450.37
1388.65
1326.93
1265.21
1203.49
1141.77
1080.06
1018.34
956.621
894.421
826.414
746.851
653.768
544.868
417.461
268.406
94.0165
4920.03
4742.47
4643.89
4535.07
4437.5
4346.68
4262.55
4184.68
4112.59
4045.86
3982.81
3920.87
3858.95
3797.04
3735.16
3673.29
3611.44
3549.61
3487.79
3425.98
3364.18
3302.39
3240.61
3178.84
3117.07
3055.31
2993.56
2931.81
2870.06
2808.32
2746.58
2684.84
2623.11
2561.38
2499.65
2437.92
2376.19
2314.46
2252.74
2191.01
2129.29
2067.57
2005.85
1944.12
1882.4
1820.68
1758.96
1697.24
1635.52
1573.8
1512.09
1450.37
1388.65
1326.93
1265.21
1203.49
1141.77
1080.06
1018.34
956.621
894.421
826.414
746.851
653.768
544.868
417.461
268.406
94.0168
4909.56
4739.88
4641.56
4534.21
4437.03
4346.47
4262.48
4184.67
4112.62
4045.91
3982.86
3920.92
3858.99
3797.09
3735.2
3673.33
3611.47
3549.63
3487.81
3426
3364.19
3302.4
3240.62
3178.85
3117.08
3055.32
2993.56
2931.81
2870.06
2808.32
2746.58
2684.84
2623.11
2561.38
2499.65
2437.92
2376.19
2314.46
2252.74
2191.01
2129.29
2067.57
2005.85
1944.12
1882.4
1820.68
1758.96
1697.24
1635.52
1573.8
1512.09
1450.37
1388.65
1326.93
1265.21
1203.49
1141.77
1080.06
1018.34
956.621
894.421
826.414
746.851
653.768
544.868
417.461
268.406
94.0173
4903.29
4745.65
4644.36
4537.38
4439.4
4348.29
4263.85
4185.71
4113.4
4046.51
3983.32
3921.27
3859.26
3797.29
3735.35
3673.44
3611.56
3549.69
3487.85
3426.03
3364.21
3302.42
3240.63
3178.85
3117.08
3055.32
2993.56
2931.81
2870.06
2808.32
2746.58
2684.84
2623.11
2561.37
2499.64
2437.92
2376.19
2314.46
2252.74
2191.01
2129.29
2067.57
2005.85
1944.12
1882.4
1820.68
1758.96
1697.24
1635.52
1573.8
1512.08
1450.37
1388.65
1326.93
1265.21
1203.49
1141.77
1080.06
1018.34
956.621
894.421
826.414
746.851
653.768
544.868
417.461
268.406
94.0176
4913.41
4745.94
4646.39
4536
4438.24
4346.76
4262.34
4184.26
4112.06
4045.27
3982.2
3920.26
3858.35
3796.48
3734.63
3672.8
3610.99
3549.2
3487.42
3425.65
3363.88
3302.13
3240.38
3178.63
3116.89
3055.15
2993.42
2931.69
2869.96
2808.23
2746.5
2684.77
2623.05
2561.32
2499.6
2437.88
2376.15
2314.43
2252.71
2190.99
2129.27
2067.55
2005.83
1944.11
1882.39
1820.67
1758.95
1697.23
1635.51
1573.8
1512.08
1450.36
1388.64
1326.92
1265.21
1203.49
1141.77
1080.05
1018.34
956.618
894.419
826.412
746.85
653.767
544.866
417.46
268.405
94.0174
4911.03
4742.26
4645.52
4535.03
4437.81
4346.47
4262.18
4184.17
4112.01
4045.25
3982.19
3920.26
3858.36
3796.48
3734.64
3672.81
3611
3549.2
3487.42
3425.65
3363.89
3302.13
3240.38
3178.63
3116.89
3055.15
2993.42
2931.68
2869.95
2808.22
2746.5
2684.77
2623.05
2561.32
2499.6
2437.87
2376.15
2314.43
2252.71
2190.99
2129.27
2067.55
2005.83
1944.11
1882.39
1820.67
1758.95
1697.23
1635.51
1573.8
1512.08
1450.36
1388.64
1326.92
1265.21
1203.49
1141.77
1080.05
1018.34
956.618
894.419
826.412
746.85
653.767
544.867
417.46
268.405
94.0175
4911.92
4739.93
4645.11
4534.35
4437.49
4346.25
4262.05
4184.09
4111.96
4045.22
3982.17
3920.25
3858.35
3796.49
3734.64
3672.81
3611
3549.21
3487.43
3425.65
3363.89
3302.13
3240.38
3178.63
3116.89
3055.15
2993.42
2931.68
2869.95
2808.22
2746.5
2684.77
2623.04
2561.32
2499.6
2437.87
2376.15
2314.43
2252.71
2190.99
2129.27
2067.55
2005.83
1944.11
1882.39
1820.67
1758.95
1697.23
1635.51
1573.8
1512.08
1450.36
1388.64
1326.92
1265.21
1203.49
1141.77
1080.05
1018.34
956.618
894.419
826.412
746.85
653.767
544.867
417.46
268.406
94.0176
4914.54
4738.99
4644.98
4533.98
4437.27
4346.09
4261.94
4184.03
4111.92
4045.19
3982.16
3920.24
3858.35
3796.49
3734.64
3672.82
3611.01
3549.21
3487.43
3425.66
3363.89
3302.13
3240.38
3178.63
3116.89
3055.15
2993.42
2931.68
2869.95
2808.22
2746.5
2684.77
2623.04
2561.32
2499.6
2437.87
2376.15
2314.43
2252.71
2190.99
2129.27
2067.55
2005.83
1944.11
1882.39
1820.67
1758.95
1697.23
1635.51
1573.8
1512.08
1450.36
1388.64
1326.92
1265.21
1203.49
1141.77
1080.05
1018.34
956.618
894.419
826.412
746.85
653.767
544.867
417.46
268.406
94.0175
4917.94
4738.98
4645.1
4533.87
4437.15
4346
4261.87
4183.97
4111.88
4045.17
3982.15
3920.23
3858.35
3796.49
3734.64
3672.82
3611.01
3549.22
3487.43
3425.66
3363.89
3302.14
3240.38
3178.64
3116.89
3055.15
2993.42
2931.68
2869.95
2808.22
2746.5
2684.77
2623.04
2561.32
2499.6
2437.87
2376.15
2314.43
2252.71
2190.99
2129.27
2067.55
2005.83
1944.11
1882.39
1820.67
1758.95
1697.23
1635.51
1573.8
1512.08
1450.36
1388.64
1326.92
1265.21
1203.49
1141.77
1080.05
1018.34
956.618
894.419
826.413
746.85
653.767
544.867
417.46
268.406
94.0174
4921.77
4739.73
4645.47
4534
4437.14
4345.98
4261.84
4183.95
4111.86
4045.16
3982.14
3920.23
3858.35
3796.49
3734.65
3672.82
3611.01
3549.22
3487.44
3425.66
3363.9
3302.14
3240.39
3178.64
3116.9
3055.16
2993.42
2931.69
2869.95
2808.22
2746.5
2684.77
2623.04
2561.32
2499.6
2437.87
2376.15
2314.43
2252.71
2190.99
2129.27
2067.55
2005.83
1944.11
1882.39
1820.67
1758.95
1697.23
1635.51
1573.8
1512.08
1450.36
1388.64
1326.92
1265.21
1203.49
1141.77
1080.05
1018.34
956.618
894.419
826.413
746.85
653.767
544.867
417.46
268.406
94.0172
4925.71
4741.02
4646.04
4534.34
4437.24
4346.03
4261.85
4183.95
4111.86
4045.15
3982.13
3920.23
3858.35
3796.49
3734.65
3672.83
3611.02
3549.22
3487.44
3425.67
3363.9
3302.14
3240.39
3178.64
3116.9
3055.16
2993.42
2931.69
2869.95
2808.22
2746.5
2684.77
2623.04
2561.32
2499.6
2437.87
2376.15
2314.43
2252.71
2190.99
2129.27
2067.55
2005.83
1944.11
1882.39
1820.67
1758.95
1697.23
1635.51
1573.8
1512.08
1450.36
1388.64
1326.92
1265.21
1203.49
1141.77
1080.05
1018.34
956.618
894.419
826.413
746.85
653.767
544.867
417.46
268.406
94.0171
4929.44
4742.61
4646.74
4534.82
4437.42
4346.14
4261.9
4183.97
4111.87
4045.16
3982.14
3920.23
3858.35
3796.49
3734.65
3672.83
3611.02
3549.23
3487.44
3425.67
3363.9
3302.14
3240.39
3178.64
3116.9
3055.16
2993.42
2931.69
2869.96
2808.23
2746.5
2684.77
2623.04
2561.32
2499.6
2437.87
2376.15
2314.43
2252.71
2190.99
2129.27
2067.55
2005.83
1944.11
1882.39
1820.67
1758.95
1697.23
1635.51
1573.8
1512.08
1450.36
1388.64
1326.92
1265.21
1203.49
1141.77
1080.05
1018.34
956.618
894.419
826.413
746.85
653.767
544.867
417.461
268.406
94.017
4932.69
4744.25
4647.45
4535.36
4437.65
4346.29
4261.98
4184.02
4111.9
4045.18
3982.15
3920.24
3858.36
3796.5
3734.66
3672.84
3611.03
3549.23
3487.45
3425.68
3363.91
3302.15
3240.4
3178.65
3116.9
3055.16
2993.42
2931.69
2869.96
2808.23
2746.5
2684.77
2623.05
2561.32
2499.6
2437.87
2376.15
2314.43
2252.71
2190.99
2129.27
2067.55
2005.83
1944.11
1882.39
1820.67
1758.95
1697.23
1635.51
1573.8
1512.08
1450.36
1388.64
1326.92
1265.21
1203.49
1141.77
1080.05
1018.34
956.618
894.419
826.413
746.85
653.767
544.867
417.461
268.406
94.0169
4935.19
4745.71
4648.02
4535.86
4437.87
4346.43
4262.06
4184.06
4111.93
4045.2
3982.16
3920.25
3858.37
3796.51
3734.67
3672.85
3611.04
3549.24
3487.46
3425.68
3363.92
3302.16
3240.4
3178.65
3116.91
3055.17
2993.43
2931.69
2869.96
2808.23
2746.5
2684.77
2623.05
2561.32
2499.6
2437.87
2376.15
2314.43
2252.71
2190.99
2129.27
2067.55
2005.83
1944.11
1882.39
1820.67
1758.95
1697.23
1635.51
1573.8
1512.08
1450.36
1388.64
1326.92
1265.21
1203.49
1141.77
1080.05
1018.34
956.618
894.419
826.413
746.85
653.767
544.867
417.461
268.406
94.0168
4936.65
4746.75
4648.32
4536.2
4438
4346.52
4262.11
4184.1
4111.95
4045.21
3982.18
3920.26
3858.38
3796.52
3734.68
3672.86
3611.05
3549.25
3487.47
3425.69
3363.92
3302.16
3240.41
3178.66
3116.91
3055.17
2993.43
2931.7
2869.96
2808.23
2746.5
2684.77
2623.05
2561.32
2499.6
2437.87
2376.15
2314.43
2252.71
2190.99
2129.27
2067.55
2005.83
1944.11
1882.39
1820.67
1758.95
1697.23
1635.51
1573.8
1512.08
1450.36
1388.64
1326.92
1265.21
1203.49
1141.77
1080.05
1018.34
956.618
894.419
826.413
746.85
653.767
544.867
417.46
268.406
94.0168
4936.79
4747.17
4648.2
4536.3
4437.99
4346.53
4262.12
4184.1
4111.96
4045.22
3982.19
3920.28
3858.39
3796.53
3734.69
3672.87
3611.06
3549.26
3487.48
3425.7
3363.93
3302.17
3240.42
3178.66
3116.92
3055.18
2993.44
2931.7
2869.97
2808.23
2746.5
2684.78
2623.05
2561.32
2499.6
2437.88
2376.15
2314.43
2252.71
2190.99
2129.27
2067.55
2005.83
1944.11
1882.39
1820.67
1758.95
1697.23
1635.51
1573.8
1512.08
1450.36
1388.64
1326.92
1265.21
1203.49
1141.77
1080.05
1018.34
956.618
894.419
826.413
746.85
653.767
544.867
417.46
268.406
94.0168
4935.29
4746.78
4647.54
4536.07
4437.79
4346.42
4262.05
4184.07
4111.94
4045.22
3982.19
3920.29
3858.41
3796.55
3734.71
3672.88
3611.08
3549.28
3487.49
3425.71
3363.94
3302.18
3240.42
3178.67
3116.92
3055.18
2993.44
2931.7
2869.97
2808.24
2746.51
2684.78
2623.05
2561.33
2499.6
2437.88
2376.15
2314.43
2252.71
2190.99
2129.27
2067.55
2005.83
1944.11
1882.39
1820.67
1758.95
1697.23
1635.51
1573.8
1512.08
1450.36
1388.64
1326.92
1265.21
1203.49
1141.77
1080.05
1018.34
956.618
894.419
826.413
746.85
653.767
544.867
417.461
268.406
94.0167
4931.87
4745.52
4646.3
4535.52
4437.41
4346.21
4261.94
4184.01
4111.92
4045.22
3982.2
3920.3
3858.43
3796.57
3734.73
3672.91
3611.1
3549.3
3487.51
3425.73
3363.96
3302.19
3240.43
3178.68
3116.93
3055.19
2993.45
2931.71
2869.97
2808.24
2746.51
2684.78
2623.05
2561.33
2499.6
2437.88
2376.15
2314.43
2252.71
2190.99
2129.27
2067.55
2005.83
1944.11
1882.39
1820.67
1758.95
1697.23
1635.51
1573.8
1512.08
1450.36
1388.64
1326.92
1265.21
1203.49
1141.77
1080.05
1018.34
956.618
894.419
826.413
746.85
653.767
544.867
417.46
268.406
94.0169
4926.16
4743.37
4644.48
4534.65
4436.86
4345.91
4261.77
4183.92
4111.88
4045.21
3982.21
3920.32
3858.45
3796.6
3734.76
3672.93
3611.12
3549.32
3487.53
3425.75
3363.97
3302.21
3240.45
3178.69
3116.94
3055.19
2993.45
2931.71
2869.98
2808.24
2746.51
2684.78
2623.05
2561.33
2499.6
2437.88
2376.16
2314.43
2252.71
2190.99
2129.27
2067.55
2005.83
1944.11
1882.39
1820.67
1758.95
1697.23
1635.51
1573.8
1512.08
1450.36
1388.64
1326.92
1265.21
1203.49
1141.77
1080.05
1018.34
956.618
894.419
826.412
746.85
653.767
544.867
417.46
268.406
94.0171
4918.55
4741.2
4642.73
4534.04
4436.58
4345.86
4261.82
4184.02
4111.99
4045.32
3982.32
3920.42
3858.53
3796.67
3734.82
3672.99
3611.16
3549.36
3487.56
3425.77
3363.99
3302.22
3240.46
3178.7
3116.95
3055.2
2993.46
2931.72
2869.98
2808.25
2746.51
2684.78
2623.06
2561.33
2499.6
2437.88
2376.16
2314.43
2252.71
2190.99
2129.27
2067.55
2005.83
1944.11
1882.39
1820.67
1758.95
1697.23
1635.51
1573.8
1512.08
1450.36
1388.64
1326.92
1265.21
1203.49
1141.77
1080.05
1018.34
956.618
894.419
826.412
746.85
653.767
544.867
417.46
268.406
94.0174
4908.08
4738.61
4640.41
4533.18
4436.11
4345.65
4261.74
4184.01
4112.02
4045.36
3982.36
3920.47
3858.58
3796.71
3734.86
3673.02
3611.19
3549.38
3487.58
3425.79
3364.01
3302.23
3240.47
3178.71
3116.95
3055.21
2993.46
2931.72
2869.98
2808.25
2746.52
2684.79
2623.06
2561.33
2499.6
2437.88
2376.16
2314.43
2252.71
2190.99
2129.27
2067.55
2005.83
1944.11
1882.39
1820.67
1758.95
1697.23
1635.51
1573.8
1512.08
1450.36
1388.64
1326.92
1265.21
1203.49
1141.77
1080.05
1018.34
956.618
894.419
826.412
746.85
653.767
544.867
417.46
268.406
94.0178
4901.83
4744.38
4643.21
4536.36
4438.49
4347.47
4263.12
4185.05
4112.81
4045.96
3982.83
3920.82
3858.85
3796.92
3735.01
3673.13
3611.28
3549.44
3487.62
3425.82
3364.03
3302.25
3240.48
3178.71
3116.96
3055.21
2993.46
2931.72
2869.98
2808.25
2746.51
2684.78
2623.05
2561.33
2499.6
2437.88
2376.15
2314.43
2252.71
2190.99
2129.27
2067.55
2005.83
1944.11
1882.39
1820.67
1758.95
1697.23
1635.51
1573.8
1512.08
1450.36
1388.64
1326.92
1265.21
1203.49
1141.77
1080.05
1018.34
956.618
894.419
826.412
746.85
653.767
544.867
417.461
268.405
94.018
4911.84
4744.59
4645.17
4534.92
4437.28
4345.9
4261.57
4183.57
4111.44
4044.71
3981.68
3919.79
3857.92
3796.09
3734.28
3672.48
3610.7
3548.94
3487.18
3425.43
3363.69
3301.96
3240.22
3178.49
3116.77
3055.04
2993.32
2931.59
2869.87
2808.15
2746.43
2684.71
2622.99
2561.27
2499.55
2437.84
2376.12
2314.4
2252.68
2190.96
2129.25
2067.53
2005.81
1944.09
1882.38
1820.66
1758.94
1697.22
1635.51
1573.79
1512.07
1450.35
1388.64
1326.92
1265.2
1203.48
1141.77
1080.05
1018.33
956.615
894.416
826.41
746.848
653.765
544.865
417.46
268.405
94.018
4909.47
4740.92
4644.3
4533.95
4436.84
4345.61
4261.41
4183.48
4111.39
4044.68
3981.67
3919.79
3857.93
3796.1
3734.28
3672.49
3610.71
3548.94
3487.19
3425.44
3363.7
3301.96
3240.22
3178.49
3116.77
3055.04
2993.32
2931.59
2869.87
2808.15
2746.43
2684.71
2622.99
2561.27
2499.55
2437.84
2376.12
2314.4
2252.68
2190.96
2129.25
2067.53
2005.81
1944.09
1882.37
1820.66
1758.94
1697.22
1635.51
1573.79
1512.07
1450.35
1388.64
1326.92
1265.2
1203.48
1141.77
1080.05
1018.33
956.615
894.416
826.41
746.848
653.765
544.865
417.46
268.405
94.0181
4910.36
4738.59
4643.89
4533.27
4436.53
4345.39
4261.28
4183.4
4111.34
4044.66
3981.66
3919.78
3857.93
3796.1
3734.29
3672.5
3610.72
3548.95
3487.19
3425.44
3363.7
3301.96
3240.22
3178.49
3116.77
3055.04
2993.32
2931.59
2869.87
2808.15
2746.43
2684.71
2622.99
2561.27
2499.55
2437.84
2376.12
2314.4
2252.68
2190.96
2129.25
2067.53
2005.81
1944.09
1882.37
1820.66
1758.94
1697.22
1635.51
1573.79
1512.07
1450.35
1388.64
1326.92
1265.2
1203.48
1141.77
1080.05
1018.33
956.615
894.416
826.41
746.848
653.765
544.865
417.46
268.405
94.0181
4912.98
4737.65
4643.76
4532.91
4436.31
4345.24
4261.18
4183.34
4111.3
4044.63
3981.64
3919.77
3857.93
3796.1
3734.29
3672.5
3610.72
3548.95
3487.19
3425.44
3363.7
3301.96
3240.23
3178.5
3116.77
3055.04
2993.32
2931.59
2869.87
2808.15
2746.43
2684.71
2622.99
2561.27
2499.55
2437.83
2376.12
2314.4
2252.68
2190.96
2129.24
2067.53
2005.81
1944.09
1882.37
1820.66
1758.94
1697.22
1635.51
1573.79
1512.07
1450.35
1388.64
1326.92
1265.2
1203.48
1141.77
1080.05
1018.33
956.615
894.417
826.41
746.848
653.765
544.865
417.46
268.405
94.0181
4916.37
4737.65
4643.88
4532.79
4436.19
4345.14
4261.1
4183.29
4111.26
4044.61
3981.63
3919.77
3857.92
3796.1
3734.29
3672.5
3610.72
3548.96
3487.2
3425.45
3363.7
3301.96
3240.23
3178.5
3116.77
3055.04
2993.32
2931.59
2869.87
2808.15
2746.43
2684.71
2622.99
2561.27
2499.55
2437.83
2376.12
2314.4
2252.68
2190.96
2129.24
2067.53
2005.81
1944.09
1882.37
1820.66
1758.94
1697.22
1635.51
1573.79
1512.07
1450.35
1388.64
1326.92
1265.2
1203.48
1141.77
1080.05
1018.33
956.615
894.417
826.411
746.848
653.766
544.866
417.46
268.405
94.0179
4920.21
4738.39
4644.25
4532.92
4436.18
4345.12
4261.07
4183.26
4111.24
4044.59
3981.62
3919.76
3857.92
3796.1
3734.3
3672.5
3610.73
3548.96
3487.2
3425.45
3363.71
3301.97
3240.23
3178.5
3116.77
3055.04
2993.32
2931.59
2869.87
2808.15
2746.43
2684.71
2622.99
2561.27
2499.55
2437.83
2376.12
2314.4
2252.68
2190.96
2129.24
2067.53
2005.81
1944.09
1882.37
1820.66
1758.94
1697.22
1635.51
1573.79
1512.07
1450.35
1388.64
1326.92
1265.2
1203.48
1141.77
1080.05
1018.33
956.615
894.417
826.411
746.848
653.766
544.866
417.46
268.405
94.0178
4924.15
4739.68
4644.83
4533.26
4436.28
4345.18
4261.09
4183.26
4111.24
4044.59
3981.62
3919.76
3857.92
3796.1
3734.3
3672.51
3610.73
3548.96
3487.21
3425.45
3363.71
3301.97
3240.23
3178.5
3116.77
3055.04
2993.32
2931.6
2869.87
2808.15
2746.43
2684.71
2622.99
2561.27
2499.55
2437.83
2376.12
2314.4
2252.68
2190.96
2129.24
2067.53
2005.81
1944.09
1882.37
1820.66
1758.94
1697.22
1635.51
1573.79
1512.07
1450.35
1388.64
1326.92
1265.2
1203.48
1141.77
1080.05
1018.33
956.615
894.417
826.411
746.848
653.766
544.866
417.46
268.405
94.0178
4927.88
4741.27
4645.53
4533.75
4436.47
4345.29
4261.14
4183.29
4111.25
4044.6
3981.62
3919.76
3857.93
3796.11
3734.3
3672.51
3610.74
3548.97
3487.21
3425.46
3363.71
3301.97
3240.24
3178.5
3116.77
3055.05
2993.32
2931.6
2869.87
2808.15
2746.43
2684.71
2622.99
2561.27
2499.55
2437.83
2376.12
2314.4
2252.68
2190.96
2129.24
2067.53
2005.81
1944.09
1882.37
1820.66
1758.94
1697.22
1635.51
1573.79
1512.07
1450.35
1388.64
1326.92
1265.2
1203.48
1141.77
1080.05
1018.33
956.615
894.417
826.411
746.848
653.766
544.866
417.46
268.405
94.0177
4931.13
4742.91
4646.23
4534.29
4436.69
4345.43
4261.21
4183.33
4111.28
4044.61
3981.63
3919.77
3857.93
3796.11
3734.31
3672.52
3610.74
3548.98
3487.22
3425.46
3363.72
3301.98
3240.24
3178.51
3116.78
3055.05
2993.32
2931.6
2869.88
2808.15
2746.43
2684.71
2622.99
2561.27
2499.55
2437.83
2376.12
2314.4
2252.68
2190.96
2129.24
2067.53
2005.81
1944.09
1882.37
1820.66
1758.94
1697.22
1635.51
1573.79
1512.07
1450.35
1388.64
1326.92
1265.2
1203.48
1141.77
1080.05
1018.33
956.615
894.417
826.411
746.848
653.766
544.866
417.46
268.405
94.0176
4933.62
4744.37
4646.8
4534.78
4436.91
4345.57
4261.29
4183.38
4111.31
4044.63
3981.65
3919.78
3857.94
3796.12
3734.32
3672.53
3610.75
3548.98
3487.22
3425.47
3363.72
3301.98
3240.25
3178.51
3116.78
3055.05
2993.33
2931.6
2869.88
2808.16
2746.43
2684.71
2622.99
2561.27
2499.55
2437.84
2376.12
2314.4
2252.68
2190.96
2129.24
2067.53
2005.81
1944.09
1882.37
1820.66
1758.94
1697.22
1635.5
1573.79
1512.07
1450.35
1388.64
1326.92
1265.2
1203.48
1141.77
1080.05
1018.33
956.615
894.417
826.411
746.848
653.766
544.866
417.46
268.405
94.0175
4935.09
4745.41
4647.1
4535.13
4437.04
4345.67
4261.35
4183.41
4111.33
4044.65
3981.66
3919.8
3857.95
3796.13
3734.33
3672.54
3610.76
3548.99
3487.23
3425.48
3363.73
3301.99
3240.25
3178.52
3116.79
3055.06
2993.33
2931.6
2869.88
2808.16
2746.44
2684.71
2622.99
2561.27
2499.55
2437.84
2376.12
2314.4
2252.68
2190.96
2129.24
2067.53
2005.81
1944.09
1882.37
1820.66
1758.94
1697.22
1635.5
1573.79
1512.07
1450.35
1388.64
1326.92
1265.2
1203.48
1141.77
1080.05
1018.33
956.615
894.416
826.411
746.848
653.766
544.866
417.46
268.405
94.0175
4935.22
4745.83
4646.98
4535.22
4437.03
4345.67
4261.35
4183.42
4111.34
4044.66
3981.67
3919.81
3857.97
3796.15
3734.34
3672.55
3610.77
3549
3487.24
3425.49
3363.74
3302
3240.26
3178.52
3116.79
3055.06
2993.33
2931.61
2869.88
2808.16
2746.44
2684.72
2623
2561.28
2499.56
2437.84
2376.12
2314.4
2252.68
2190.96
2129.25
2067.53
2005.81
1944.09
1882.37
1820.66
1758.94
1697.22
1635.5
1573.79
1512.07
1450.35
1388.64
1326.92
1265.2
1203.48
1141.77
1080.05
1018.33
956.615
894.416
826.411
746.848
653.766
544.866
417.46
268.405
94.0175
4933.72
4745.44
4646.32
4534.99
4436.83
4345.56
4261.28
4183.38
4111.32
4044.65
3981.68
3919.82
3857.98
3796.16
3734.36
3672.57
3610.79
3549.02
3487.26
3425.5
3363.75
3302.01
3240.27
3178.53
3116.8
3055.07
2993.34
2931.61
2869.89
2808.16
2746.44
2684.72
2623
2561.28
2499.56
2437.84
2376.12
2314.4
2252.68
2190.96
2129.25
2067.53
2005.81
1944.09
1882.37
1820.66
1758.94
1697.22
1635.5
1573.79
1512.07
1450.35
1388.64
1326.92
1265.2
1203.48
1141.77
1080.05
1018.33
956.615
894.416
826.411
746.848
653.766
544.866
417.46
268.405
94.0175
4930.29
4744.17
4645.08
4534.43
4436.45
4345.35
4261.17
4183.32
4111.3
4044.65
3981.69
3919.83
3858
3796.18
3734.38
3672.59
3610.81
3549.04
3487.27
3425.52
3363.77
3302.02
3240.28
3178.54
3116.81
3055.07
2993.35
2931.62
2869.89
2808.17
2746.44
2684.72
2623
2561.28
2499.56
2437.84
2376.12
2314.4
2252.68
2190.96
2129.25
2067.53
2005.81
1944.09
1882.37
1820.66
1758.94
1697.22
1635.5
1573.79
1512.07
1450.35
1388.64
1326.92
1265.2
1203.48
1141.77
1080.05
1018.33
956.615
894.417
826.41
746.848
653.766
544.866
417.46
268.405
94.0175
4924.59
4742.02
4643.25
4533.56
4435.89
4345.05
4261
4183.23
4111.26
4044.64
3981.69
3919.85
3858.02
3796.21
3734.41
3672.61
3610.83
3549.06
3487.29
3425.53
3363.78
3302.03
3240.29
3178.55
3116.81
3055.08
2993.35
2931.62
2869.9
2808.17
2746.45
2684.72
2623
2561.28
2499.56
2437.84
2376.12
2314.4
2252.68
2190.96
2129.25
2067.53
2005.81
1944.09
1882.37
1820.66
1758.94
1697.22
1635.5
1573.79
1512.07
1450.35
1388.64
1326.92
1265.2
1203.48
1141.77
1080.05
1018.33
956.615
894.417
826.41
746.848
653.766
544.866
417.46
268.405
94.0177
4916.97
4739.84
4641.5
4532.96
4435.62
4345
4261.05
4183.33
4111.37
4044.75
3981.8
3919.95
3858.11
3796.28
3734.47
3672.67
3610.88
3549.1
3487.32
3425.56
3363.8
3302.05
3240.3
3178.56
3116.82
3055.09
2993.36
2931.63
2869.9
2808.17
2746.45
2684.72
2623
2561.28
2499.56
2437.84
2376.12
2314.4
2252.68
2190.96
2129.25
2067.53
2005.81
1944.09
1882.37
1820.66
1758.94
1697.22
1635.5
1573.79
1512.07
1450.35
1388.64
1326.92
1265.2
1203.48
1141.77
1080.05
1018.33
956.615
894.417
826.41
746.848
653.765
544.866
417.46
268.405
94.0179
4906.51
4737.25
4639.18
4532.09
4435.14
4344.79
4260.98
4183.32
4111.39
4044.79
3981.85
3920
3858.16
3796.33
3734.51
3672.7
3610.91
3549.12
3487.34
3425.58
3363.82
3302.06
3240.31
3178.57
3116.83
3055.09
2993.36
2931.63
2869.9
2808.17
2746.45
2684.73
2623
2561.28
2499.56
2437.84
2376.12
2314.4
2252.68
2190.96
2129.25
2067.53
2005.81
1944.09
1882.37
1820.66
1758.94
1697.22
1635.5
1573.79
1512.07
1450.35
1388.64
1326.92
1265.2
1203.48
1141.77
1080.05
1018.33
956.615
894.416
826.41
746.848
653.765
544.865
417.46
268.405
94.0182
4900.27
4743.03
4642
4535.28
4437.53
4346.61
4262.35
4184.36
4112.19
4045.4
3982.32
3920.36
3858.43
3796.53
3734.66
3672.82
3610.99
3549.18
3487.39
3425.61
3363.84
3302.08
3240.32
3178.57
3116.83
3055.09
2993.36
2931.63
2869.9
2808.17
2746.45
2684.72
2623
2561.28
2499.56
2437.84
2376.12
2314.4
2252.68
2190.96
2129.25
2067.53
2005.81
1944.09
1882.37
1820.66
1758.94
1697.22
1635.5
1573.79
1512.07
1450.35
1388.64
1326.92
1265.2
1203.48
1141.77
1080.05
1018.33
956.615
894.416
826.41
746.848
653.765
544.865
417.46
268.405
94.0184
4910.18
4743.16
4643.88
4533.78
4436.27
4345
4260.77
4182.86
4110.79
4044.12
3981.15
3919.3
3857.49
3795.69
3733.92
3672.16
3610.41
3548.67
3486.94
3425.22
3363.5
3301.78
3240.07
3178.35
3116.64
3054.93
2993.21
2931.5
2869.79
2808.08
2746.36
2684.65
2622.94
2561.23
2499.51
2437.8
2376.08
2314.37
2252.65
2190.94
2129.22
2067.51
2005.79
1944.08
1882.36
1820.64
1758.93
1697.21
1635.5
1573.78
1512.06
1450.35
1388.63
1326.91
1265.2
1203.48
1141.76
1080.05
1018.33
956.612
894.414
826.408
746.846
653.764
544.864
417.459
268.404
94.0185
4907.81
4739.5
4643.01
4532.82
4435.84
4344.72
4260.61
4182.77
4110.74
4044.1
3981.14
3919.3
3857.49
3795.7
3733.92
3672.17
3610.42
3548.68
3486.95
3425.22
3363.5
3301.78
3240.07
3178.35
3116.64
3054.93
2993.21
2931.5
2869.79
2808.08
2746.36
2684.65
2622.94
2561.22
2499.51
2437.8
2376.08
2314.37
2252.65
2190.94
2129.22
2067.51
2005.79
1944.08
1882.36
1820.64
1758.93
1697.21
1635.5
1573.78
1512.06
1450.35
1388.63
1326.91
1265.2
1203.48
1141.76
1080.05
1018.33
956.612
894.414
826.408
746.846
653.764
544.864
417.459
268.405
94.0186
4908.7
4737.17
4642.6
4532.14
4435.52
4344.5
4260.48
4182.69
4110.69
4044.07
3981.13
3919.3
3857.49
3795.7
3733.93
3672.17
3610.42
3548.68
3486.95
3425.23
3363.5
3301.78
3240.07
3178.35
3116.64
3054.93
2993.21
2931.5
2869.79
2808.08
2746.36
2684.65
2622.94
2561.22
2499.51
2437.8
2376.08
2314.37
2252.65
2190.94
2129.22
2067.51
2005.79
1944.08
1882.36
1820.64
1758.93
1697.21
1635.5
1573.78
1512.06
1450.35
1388.63
1326.91
1265.2
1203.48
1141.76
1080.05
1018.33
956.613
894.414
826.408
746.846
653.764
544.864
417.459
268.405
94.0186
4911.32
4736.24
4642.48
4531.78
4435.31
4344.34
4260.38
4182.62
4110.65
4044.05
3981.11
3919.29
3857.49
3795.7
3733.93
3672.17
3610.43
3548.69
3486.96
3425.23
3363.51
3301.79
3240.07
3178.35
3116.64
3054.93
2993.21
2931.5
2869.79
2808.08
2746.36
2684.65
2622.94
2561.22
2499.51
2437.8
2376.08
2314.37
2252.65
2190.94
2129.22
2067.51
2005.79
1944.08
1882.36
1820.64
1758.93
1697.21
1635.5
1573.78
1512.06
1450.35
1388.63
1326.91
1265.2
1203.48
1141.76
1080.05
1018.33
956.613
894.414
826.408
746.846
653.764
544.864
417.459
268.405
94.0186
4914.71
4736.24
4642.6
4531.66
4435.18
4344.25
4260.31
4182.57
4110.62
4044.02
3981.1
3919.28
3857.49
3795.7
3733.93
3672.18
3610.43
3548.69
3486.96
3425.23
3363.51
3301.79
3240.07
3178.36
3116.64
3054.93
2993.21
2931.5
2869.79
2808.08
2746.36
2684.65
2622.94
2561.22
2499.51
2437.8
2376.08
2314.37
2252.65
2190.94
2129.22
2067.51
2005.79
1944.08
1882.36
1820.64
1758.93
1697.21
1635.5
1573.78
1512.06
1450.35
1388.63
1326.91
1265.2
1203.48
1141.76
1080.05
1018.33
956.613
894.414
826.408
746.846
653.764
544.865
417.459
268.405
94.0185
4918.55
4736.98
4642.97
4531.79
4435.18
4344.23
4260.28
4182.55
4110.6
4044.01
3981.09
3919.28
3857.48
3795.7
3733.94
3672.18
3610.43
3548.69
3486.96
3425.23
3363.51
3301.79
3240.07
3178.36
3116.64
3054.93
2993.21
2931.5
2869.79
2808.08
2746.36
2684.65
2622.94
2561.22
2499.51
2437.8
2376.08
2314.37
2252.65
2190.94
2129.22
2067.51
2005.79
1944.08
1882.36
1820.64
1758.93
1697.21
1635.5
1573.78
1512.06
1450.35
1388.63
1326.91
1265.2
1203.48
1141.76
1080.05
1018.33
956.613
894.414
826.409
746.847
653.764
544.865
417.459
268.405
94.0185
4922.49
4738.27
4643.55
4532.14
4435.28
4344.28
4260.29
4182.55
4110.6
4044.01
3981.09
3919.28
3857.48
3795.71
3733.94
3672.18
3610.44
3548.7
3486.97
3425.24
3363.51
3301.79
3240.08
3178.36
3116.64
3054.93
2993.22
2931.5
2869.79
2808.08
2746.36
2684.65
2622.94
2561.22
2499.51
2437.8
2376.08
2314.37
2252.65
2190.94
2129.22
2067.51
2005.79
1944.08
1882.36
1820.64
1758.93
1697.21
1635.5
1573.78
1512.06
1450.35
1388.63
1326.91
1265.2
1203.48
1141.76
1080.05
1018.33
956.613
894.414
826.409
746.847
653.764
544.865
417.459
268.405
94.0184
4926.22
4739.86
4644.24
4532.62
4435.46
4344.4
4260.34
4182.57
4110.61
4044.01
3981.09
3919.28
3857.49
3795.71
3733.94
3672.19
3610.44
3548.7
3486.97
3425.24
3363.52
3301.8
3240.08
3178.36
3116.65
3054.93
2993.22
2931.5
2869.79
2808.08
2746.36
2684.65
2622.94
2561.22
2499.51
2437.8
2376.08
2314.37
2252.65
2190.94
2129.22
2067.51
2005.79
1944.08
1882.36
1820.64
1758.93
1697.21
1635.5
1573.78
1512.06
1450.35
1388.63
1326.91
1265.2
1203.48
1141.76
1080.05
1018.33
956.613
894.414
826.409
746.847
653.764
544.865
417.459
268.405
94.0184
4929.47
4741.5
4644.95
4533.16
4435.69
4344.54
4260.42
4182.62
4110.63
4044.03
3981.1
3919.29
3857.5
3795.72
3733.95
3672.2
3610.45
3548.71
3486.98
3425.25
3363.52
3301.8
3240.08
3178.37
3116.65
3054.93
2993.22
2931.51
2869.79
2808.08
2746.37
2684.65
2622.94
2561.22
2499.51
2437.8
2376.08
2314.37
2252.65
2190.94
2129.22
2067.51
2005.79
1944.08
1882.36
1820.64
1758.93
1697.21
1635.5
1573.78
1512.06
1450.35
1388.63
1326.91
1265.2
1203.48
1141.76
1080.05
1018.33
956.613
894.414
826.409
746.847
653.764
544.865
417.459
268.405
94.0183
4931.96
4742.96
4645.52
4533.65
4435.9
4344.68
4260.5
4182.66
4110.66
4044.05
3981.12
3919.3
3857.51
3795.73
3733.96
3672.2
3610.46
3548.72
3486.98
3425.26
3363.53
3301.81
3240.09
3178.37
3116.65
3054.94
2993.22
2931.51
2869.79
2808.08
2746.37
2684.65
2622.94
2561.22
2499.51
2437.8
2376.08
2314.37
2252.65
2190.94
2129.22
2067.51
2005.79
1944.08
1882.36
1820.64
1758.93
1697.21
1635.5
1573.78
1512.06
1450.35
1388.63
1326.91
1265.2
1203.48
1141.76
1080.05
1018.33
956.613
894.414
826.409
746.847
653.764
544.865
417.459
268.405
94.0183
4933.42
4744
4645.82
4534
4436.04
4344.77
4260.55
4182.7
4110.69
4044.07
3981.13
3919.31
3857.52
3795.74
3733.97
3672.21
3610.47
3548.73
3486.99
3425.26
3363.54
3301.82
3240.1
3178.38
3116.66
3054.94
2993.23
2931.51
2869.8
2808.08
2746.37
2684.65
2622.94
2561.23
2499.51
2437.8
2376.08
2314.37
2252.65
2190.94
2129.22
2067.51
2005.79
1944.08
1882.36
1820.64
1758.93
1697.21
1635.5
1573.78
1512.06
1450.35
1388.63
1326.91
1265.2
1203.48
1141.76
1080.05
1018.33
956.613
894.414
826.408
746.846
653.764
544.865
417.459
268.405
94.0183
4933.56
4744.41
4645.69
4534.09
4436.02
4344.78
4260.55
4182.7
4110.69
4044.07
3981.14
3919.33
3857.53
3795.75
3733.98
3672.23
3610.48
3548.74
3487
3425.27
3363.55
3301.82
3240.1
3178.38
3116.66
3054.95
2993.23
2931.52
2869.8
2808.09
2746.37
2684.66
2622.94
2561.23
2499.51
2437.8
2376.08
2314.37
2252.65
2190.94
2129.22
2067.51
2005.79
1944.08
1882.36
1820.64
1758.93
1697.21
1635.5
1573.78
1512.06
1450.35
1388.63
1326.91
1265.2
1203.48
1141.76
1080.05
1018.33
956.612
894.414
826.408
746.846
653.764
544.865
417.459
268.405
94.0183
4932.05
4744.01
4645.03
4533.86
4435.82
4344.67
4260.48
4182.66
4110.68
4044.07
3981.15
3919.33
3857.54
3795.76
3734
3672.24
3610.49
3548.75
3487.02
3425.29
3363.56
3301.83
3240.11
3178.39
3116.67
3054.95
2993.24
2931.52
2869.8
2808.09
2746.37
2684.66
2622.94
2561.23
2499.51
2437.8
2376.08
2314.37
2252.65
2190.94
2129.22
2067.51
2005.79
1944.08
1882.36
1820.64
1758.93
1697.21
1635.5
1573.78
1512.06
1450.35
1388.63
1326.91
1265.2
1203.48
1141.76
1080.05
1018.33
956.612
894.414
826.408
746.846
653.764
544.865
417.459
268.405
94.0183
4928.62
4742.74
4643.79
4533.3
4435.44
4344.46
4260.37
4182.6
4110.65
4044.06
3981.15
3919.35
3857.56
3795.79
3734.02
3672.26
3610.51
3548.77
3487.03
3425.3
3363.57
3301.85
3240.12
3178.4
3116.68
3054.96
2993.24
2931.53
2869.81
2808.09
2746.38
2684.66
2622.95
2561.23
2499.52
2437.8
2376.08
2314.37
2252.65
2190.94
2129.22
2067.51
2005.79
1944.08
1882.36
1820.64
1758.93
1697.21
1635.5
1573.78
1512.06
1450.35
1388.63
1326.91
1265.2
1203.48
1141.76
1080.05
1018.33
956.613
894.414
826.408
746.846
653.764
544.865
417.459
268.405
94.0182
4922.91
4740.59
4641.96
4532.42
4434.88
4344.15
4260.2
4182.51
4110.61
4044.05
3981.16
3919.37
3857.58
3795.81
3734.05
3672.29
3610.54
3548.79
3487.05
3425.32
3363.59
3301.86
3240.13
3178.41
3116.69
3054.97
2993.25
2931.53
2869.81
2808.1
2746.38
2684.66
2622.95
2561.23
2499.52
2437.8
2376.09
2314.37
2252.65
2190.94
2129.22
2067.51
2005.79
1944.08
1882.36
1820.64
1758.93
1697.21
1635.5
1573.78
1512.06
1450.35
1388.63
1326.91
1265.2
1203.48
1141.76
1080.05
1018.33
956.613
894.414
826.408
746.846
653.764
544.864
417.459
268.405
94.0184
4915.3
4738.41
4640.21
4531.82
4434.61
4344.1
4260.24
4182.61
4110.72
4044.17
3981.27
3919.46
3857.67
3795.88
3734.11
3672.34
3610.58
3548.83
3487.08
3425.34
3363.61
3301.87
3240.15
3178.42
3116.7
3054.97
2993.25
2931.53
2869.82
2808.1
2746.38
2684.66
2622.95
2561.23
2499.52
2437.8
2376.09
2314.37
2252.66
2190.94
2129.22
2067.51
2005.79
1944.08
1882.36
1820.64
1758.93
1697.21
1635.5
1573.78
1512.06
1450.35
1388.63
1326.91
1265.2
1203.48
1141.76
1080.05
1018.33
956.613
894.414
826.408
746.846
653.764
544.864
417.459
268.405
94.0185
4904.83
4735.82
4637.89
4530.95
4434.13
4343.89
4260.17
4182.6
4110.75
4044.21
3981.32
3919.51
3857.72
3795.93
3734.15
3672.38
3610.61
3548.86
3487.11
3425.36
3363.62
3301.89
3240.16
3178.43
3116.7
3054.98
2993.26
2931.54
2869.82
2808.1
2746.38
2684.67
2622.95
2561.23
2499.52
2437.8
2376.09
2314.37
2252.66
2190.94
2129.22
2067.51
2005.79
1944.08
1882.36
1820.64
1758.93
1697.21
1635.5
1573.78
1512.06
1450.35
1388.63
1326.91
1265.2
1203.48
1141.76
1080.05
1018.33
956.613
894.414
826.408
746.846
653.764
544.864
417.459
268.405
94.0187
4898.62
4741.61
4640.71
4534.15
4436.52
4345.72
4261.56
4183.65
4111.54
4044.82
3981.79
3919.88
3857.99
3796.14
3734.31
3672.49
3610.7
3548.92
3487.15
3425.39
3363.64
3301.9
3240.17
3178.43
3116.71
3054.98
2993.26
2931.54
2869.82
2808.1
2746.38
2684.66
2622.95
2561.23
2499.52
2437.8
2376.08
2314.37
2252.65
2190.94
2129.22
2067.51
2005.79
1944.08
1882.36
1820.64
1758.93
1697.21
1635.5
1573.78
1512.06
1450.35
1388.63
1326.91
1265.2
1203.48
1141.76
1080.05
1018.33
956.613
894.414
826.408
746.846
653.764
544.864
417.459
268.404
94.0188
4908.43
4741.67
4642.53
4532.59
4435.22
4344.07
4259.94
4182.12
4110.13
4043.52
3980.61
3918.81
3857.04
3795.29
3733.55
3671.83
3610.11
3548.4
3486.7
3425
3363.3
3301.6
3239.91
3178.21
3116.51
3054.81
2993.11
2931.41
2869.71
2808
2746.3
2684.59
2622.88
2561.18
2499.47
2437.76
2376.05
2314.34
2252.63
2190.91
2129.2
2067.49
2005.77
1944.06
1882.35
1820.63
1758.92
1697.2
1635.49
1573.77
1512.06
1450.34
1388.62
1326.91
1265.19
1203.48
1141.76
1080.04
1018.33
956.61
894.412
826.406
746.844
653.763
544.863
417.458
268.404
94.0191
4906.06
4738.01
4641.66
4531.63
4434.79
4343.79
4259.79
4182.03
4110.08
4043.5
3980.6
3918.81
3857.04
3795.29
3733.56
3671.83
3610.12
3548.41
3486.71
3425
3363.3
3301.61
3239.91
3178.21
3116.51
3054.81
2993.11
2931.41
2869.71
2808
2746.3
2684.59
2622.88
2561.18
2499.47
2437.76
2376.05
2314.34
2252.63
2190.91
2129.2
2067.49
2005.77
1944.06
1882.35
1820.63
1758.92
1697.2
1635.49
1573.77
1512.06
1450.34
1388.62
1326.91
1265.19
1203.48
1141.76
1080.04
1018.33
956.61
894.412
826.406
746.844
653.763
544.863
417.459
268.404
94.0191
4906.95
4735.68
4641.26
4530.96
4434.47
4343.57
4259.66
4181.95
4110.03
4043.47
3980.58
3918.8
3857.04
3795.3
3733.56
3671.84
3610.12
3548.41
3486.71
3425.01
3363.31
3301.61
3239.91
3178.21
3116.51
3054.81
2993.11
2931.41
2869.7
2808
2746.3
2684.59
2622.88
2561.18
2499.47
2437.76
2376.05
2314.34
2252.62
2190.91
2129.2
2067.49
2005.77
1944.06
1882.35
1820.63
1758.92
1697.2
1635.49
1573.77
1512.06
1450.34
1388.62
1326.91
1265.19
1203.48
1141.76
1080.04
1018.33
956.61
894.412
826.406
746.844
653.763
544.863
417.458
268.404
94.0192
4909.56
4734.75
4641.13
4530.59
4434.26
4343.42
4259.55
4181.88
4109.99
4043.45
3980.57
3918.8
3857.04
3795.3
3733.57
3671.84
3610.13
3548.42
3486.71
3425.01
3363.31
3301.61
3239.91
3178.21
3116.51
3054.81
2993.11
2931.41
2869.7
2808
2746.3
2684.59
2622.88
2561.18
2499.47
2437.76
2376.05
2314.34
2252.62
2190.91
2129.2
2067.49
2005.77
1944.06
1882.35
1820.63
1758.92
1697.2
1635.49
1573.77
1512.06
1450.34
1388.62
1326.91
1265.19
1203.48
1141.76
1080.04
1018.33
956.61
894.412
826.406
746.845
653.763
544.863
417.459
268.404
94.0191
4912.96
4734.75
4641.25
4530.48
4434.14
4343.32
4259.48
4181.83
4109.96
4043.42
3980.56
3918.79
3857.04
3795.3
3733.57
3671.85
3610.13
3548.42
3486.72
3425.01
3363.31
3301.61
3239.91
3178.21
3116.51
3054.81
2993.11
2931.41
2869.71
2808
2746.3
2684.59
2622.88
2561.17
2499.47
2437.76
2376.05
2314.34
2252.62
2190.91
2129.2
2067.49
2005.77
1944.06
1882.35
1820.63
1758.92
1697.2
1635.49
1573.77
1512.06
1450.34
1388.62
1326.91
1265.19
1203.48
1141.76
1080.04
1018.33
956.61
894.412
826.406
746.845
653.763
544.864
417.459
268.404
94.0191
4916.79
4735.5
4641.62
4530.62
4434.13
4343.3
4259.45
4181.81
4109.94
4043.41
3980.55
3918.79
3857.04
3795.3
3733.57
3671.85
3610.14
3548.43
3486.72
3425.02
3363.32
3301.61
3239.91
3178.21
3116.51
3054.81
2993.11
2931.41
2869.71
2808
2746.3
2684.59
2622.88
2561.17
2499.47
2437.76
2376.05
2314.34
2252.62
2190.91
2129.2
2067.49
2005.77
1944.06
1882.35
1820.63
1758.92
1697.2
1635.49
1573.77
1512.06
1450.34
1388.62
1326.91
1265.19
1203.48
1141.76
1080.04
1018.33
956.61
894.412
826.406
746.845
653.763
544.864
417.459
268.404
94.0191
4920.73
4736.79
4642.2
4530.96
4434.23
4343.36
4259.47
4181.81
4109.93
4043.41
3980.55
3918.79
3857.04
3795.3
3733.57
3671.85
3610.14
3548.43
3486.72
3425.02
3363.32
3301.62
3239.92
3178.22
3116.52
3054.81
2993.11
2931.41
2869.71
2808
2746.3
2684.59
2622.88
2561.17
2499.47
2437.76
2376.05
2314.34
2252.62
2190.91
2129.2
2067.49
2005.77
1944.06
1882.35
1820.63
1758.92
1697.2
1635.49
1573.77
1512.06
1450.34
1388.62
1326.91
1265.19
1203.48
1141.76
1080.04
1018.33
956.61
894.412
826.407
746.845
653.763
544.864
417.459
268.404
94.0191
4924.46
4738.38
4642.9
4531.44
4434.42
4343.47
4259.52
4181.84
4109.95
4043.41
3980.55
3918.79
3857.04
3795.31
3733.58
3671.86
3610.15
3548.44
3486.73
3425.03
3363.32
3301.62
3239.92
3178.22
3116.52
3054.82
2993.11
2931.41
2869.71
2808
2746.3
2684.59
2622.88
2561.18
2499.47
2437.76
2376.05
2314.34
2252.62
2190.91
2129.2
2067.49
2005.77
1944.06
1882.35
1820.63
1758.92
1697.2
1635.49
1573.77
1512.06
1450.34
1388.62
1326.91
1265.19
1203.48
1141.76
1080.04
1018.33
956.61
894.412
826.407
746.845
653.763
544.864
417.459
268.404
94.019
4927.71
4740.02
4643.6
4531.98
4434.64
4343.61
4259.59
4181.88
4109.97
4043.43
3980.56
3918.8
3857.05
3795.31
3733.59
3671.87
3610.15
3548.44
3486.74
3425.03
3363.33
3301.63
3239.93
3178.22
3116.52
3054.82
2993.12
2931.41
2869.71
2808
2746.3
2684.59
2622.88
2561.18
2499.47
2437.76
2376.05
2314.34
2252.62
2190.91
2129.2
2067.49
2005.77
1944.06
1882.35
1820.63
1758.92
1697.2
1635.49
1573.77
1512.06
1450.34
1388.62
1326.91
1265.19
1203.48
1141.76
1080.04
1018.33
956.61
894.412
826.407
746.845
653.763
544.864
417.459
268.404
94.019
4930.21
4741.47
4644.17
4532.47
4434.86
4343.75
4259.67
4181.92
4110
4043.45
3980.58
3918.81
3857.06
3795.32
3733.59
3671.87
3610.16
3548.45
3486.74
3425.04
3363.33
3301.63
3239.93
3178.23
3116.53
3054.82
2993.12
2931.42
2869.71
2808.01
2746.3
2684.59
2622.88
2561.18
2499.47
2437.76
2376.05
2314.34
2252.62
2190.91
2129.2
2067.49
2005.77
1944.06
1882.35
1820.63
1758.92
1697.2
1635.49
1573.77
1512.06
1450.34
1388.62
1326.91
1265.19
1203.48
1141.76
1080.04
1018.33
956.61
894.412
826.407
746.845
653.763
544.864
417.459
268.404
94.019
4931.66
4742.51
4644.47
4532.81
4434.99
4343.85
4259.72
4181.96
4110.02
4043.47
3980.59
3918.82
3857.07
3795.33
3733.6
3671.88
3610.17
3548.46
3486.75
3425.05
3363.34
3301.64
3239.94
3178.23
3116.53
3054.83
2993.12
2931.42
2869.71
2808.01
2746.3
2684.59
2622.89
2561.18
2499.47
2437.76
2376.05
2314.34
2252.62
2190.91
2129.2
2067.49
2005.77
1944.06
1882.35
1820.63
1758.92
1697.2
1635.49
1573.77
1512.06
1450.34
1388.62
1326.91
1265.19
1203.48
1141.76
1080.04
1018.33
956.61
894.412
826.406
746.845
653.763
544.864
417.459
268.404
94.019
4931.79
4742.91
4644.34
4532.9
4434.97
4343.85
4259.72
4181.96
4110.03
4043.47
3980.6
3918.83
3857.08
3795.34
3733.62
3671.9
3610.18
3548.47
3486.76
3425.06
3363.35
3301.65
3239.94
3178.24
3116.54
3054.83
2993.13
2931.42
2869.72
2808.01
2746.3
2684.6
2622.89
2561.18
2499.47
2437.76
2376.05
2314.34
2252.63
2190.91
2129.2
2067.49
2005.77
1944.06
1882.35
1820.63
1758.92
1697.2
1635.49
1573.77
1512.06
1450.34
1388.62
1326.91
1265.19
1203.48
1141.76
1080.04
1018.33
956.61
894.412
826.406
746.845
653.763
544.864
417.459
268.404
94.019
4930.28
4742.52
4643.68
4532.67
4434.77
4343.74
4259.66
4181.92
4110.01
4043.47
3980.6
3918.84
3857.09
3795.36
3733.63
3671.91
3610.2
3548.48
3486.78
3425.07
3363.36
3301.66
3239.95
3178.25
3116.54
3054.84
2993.13
2931.43
2869.72
2808.01
2746.31
2684.6
2622.89
2561.18
2499.47
2437.76
2376.05
2314.34
2252.63
2190.91
2129.2
2067.49
2005.77
1944.06
1882.35
1820.63
1758.92
1697.2
1635.49
1573.77
1512.06
1450.34
1388.62
1326.91
1265.19
1203.48
1141.76
1080.04
1018.33
956.61
894.412
826.406
746.845
653.763
544.864
417.459
268.404
94.019
4926.85
4741.24
4642.43
4532.1
4434.38
4343.52
4259.54
4181.86
4109.98
4043.46
3980.61
3918.86
3857.11
3795.38
3733.65
3671.93
3610.22
3548.5
3486.79
3425.08
3363.38
3301.67
3239.96
3178.26
3116.55
3054.85
2993.14
2931.43
2869.73
2808.02
2746.31
2684.6
2622.89
2561.18
2499.47
2437.76
2376.05
2314.34
2252.63
2190.91
2129.2
2067.49
2005.77
1944.06
1882.35
1820.63
1758.92
1697.2
1635.49
1573.77
1512.06
1450.34
1388.62
1326.91
1265.19
1203.48
1141.76
1080.04
1018.33
956.61
894.412
826.406
746.845
653.763
544.863
417.458
268.404
94.0189
4921.14
4739.09
4640.6
4531.23
4433.83
4343.22
4259.37
4181.77
4109.94
4043.45
3980.62
3918.87
3857.14
3795.4
3733.68
3671.96
3610.24
3548.52
3486.81
3425.1
3363.39
3301.68
3239.97
3178.27
3116.56
3054.85
2993.14
2931.44
2869.73
2808.02
2746.31
2684.6
2622.89
2561.18
2499.47
2437.76
2376.05
2314.34
2252.63
2190.91
2129.2
2067.49
2005.77
1944.06
1882.35
1820.63
1758.92
1697.2
1635.49
1573.77
1512.06
1450.34
1388.62
1326.91
1265.19
1203.48
1141.76
1080.04
1018.33
956.61
894.412
826.406
746.845
653.763
544.863
417.458
268.404
94.019
4913.52
4736.9
4638.85
4530.62
4433.55
4343.16
4259.41
4181.86
4110.05
4043.56
3980.72
3918.97
3857.22
3795.48
3733.74
3672.01
3610.28
3548.56
3486.84
3425.12
3363.41
3301.7
3239.99
3178.28
3116.57
3054.86
2993.15
2931.44
2869.73
2808.02
2746.31
2684.6
2622.9
2561.18
2499.47
2437.76
2376.05
2314.34
2252.63
2190.91
2129.2
2067.49
2005.77
1944.06
1882.35
1820.63
1758.92
1697.2
1635.49
1573.77
1512.06
1450.34
1388.62
1326.91
1265.19
1203.48
1141.76
1080.04
1018.33
956.61
894.412
826.406
746.844
653.763
544.863
417.458
268.404
94.0191
4903.05
4734.31
4636.53
4529.76
4433.08
4342.96
4259.34
4181.86
4110.08
4043.61
3980.77
3919.02
3857.27
3795.52
3733.78
3672.05
3610.31
3548.59
3486.86
3425.14
3363.43
3301.71
3240
3178.28
3116.57
3054.86
2993.15
2931.44
2869.73
2808.03
2746.32
2684.61
2622.9
2561.19
2499.47
2437.76
2376.05
2314.34
2252.63
2190.91
2129.2
2067.49
2005.77
1944.06
1882.35
1820.63
1758.92
1697.2
1635.49
1573.77
1512.06
1450.34
1388.62
1326.91
1265.19
1203.48
1141.76
1080.04
1018.33
956.61
894.412
826.406
746.844
653.763
544.863
417.458
268.404
94.0192
4896.86
4740.1
4639.36
4532.96
4435.48
4344.79
4260.73
4182.91
4110.88
4044.22
3981.25
3919.38
3857.55
3795.74
3733.94
3672.17
3610.4
3548.65
3486.91
3425.18
3363.45
3301.73
3240.01
3178.29
3116.58
3054.87
2993.15
2931.44
2869.73
2808.02
2746.31
2684.6
2622.89
2561.18
2499.47
2437.76
2376.05
2314.34
2252.63
2190.91
2129.2
2067.49
2005.77
1944.06
1882.35
1820.63
1758.92
1697.2
1635.49
1573.77
1512.06
1450.34
1388.62
1326.91
1265.19
1203.48
1141.76
1080.04
1018.33
956.61
894.412
826.406
746.844
653.763
544.863
417.459
268.404
94.0191
4906.57
4740.09
4641.12
4531.36
4434.12
4343.11
4259.09
4181.36
4109.44
4042.91
3980.05
3918.31
3856.58
3794.88
3733.18
3671.49
3609.81
3548.13
3486.46
3424.78
3363.11
3301.43
3239.75
3178.07
3116.38
3054.7
2993.01
2931.32
2869.62
2807.93
2746.23
2684.53
2622.83
2561.13
2499.43
2437.72
2376.01
2314.31
2252.6
2190.89
2129.18
2067.47
2005.76
1944.04
1882.33
1820.62
1758.91
1697.19
1635.48
1573.76
1512.05
1450.33
1388.62
1326.9
1265.19
1203.47
1141.76
1080.04
1018.32
956.607
894.409
826.404
746.843
653.761
544.862
417.458
268.404
94.0196
4904.2
4736.44
4640.25
4530.4
4433.7
4342.82
4258.93
4181.27
4109.39
4042.88
3980.04
3918.31
3856.59
3794.88
3733.19
3671.5
3609.82
3548.14
3486.46
3424.79
3363.11
3301.43
3239.75
3178.07
3116.38
3054.7
2993.01
2931.32
2869.62
2807.93
2746.23
2684.53
2622.83
2561.13
2499.42
2437.72
2376.01
2314.31
2252.6
2190.89
2129.18
2067.47
2005.76
1944.04
1882.33
1820.62
1758.91
1697.19
1635.48
1573.76
1512.05
1450.33
1388.62
1326.9
1265.19
1203.47
1141.76
1080.04
1018.32
956.607
894.409
826.404
746.843
653.761
544.862
417.458
268.404
94.0196
4905.09
4734.12
4639.84
4529.73
4433.39
4342.61
4258.81
4181.19
4109.35
4042.86
3980.03
3918.3
3856.59
3794.89
3733.19
3671.51
3609.82
3548.14
3486.47
3424.79
3363.11
3301.43
3239.75
3178.07
3116.38
3054.7
2993.01
2931.32
2869.62
2807.93
2746.23
2684.53
2622.83
2561.13
2499.42
2437.72
2376.01
2314.31
2252.6
2190.89
2129.18
2067.47
2005.76
1944.04
1882.33
1820.62
1758.91
1697.19
1635.48
1573.76
1512.05
1450.33
1388.62
1326.9
1265.19
1203.47
1141.76
1080.04
1018.32
956.607
894.409
826.404
746.843
653.761
544.862
417.458
268.404
94.0197
4907.71
4733.19
4639.72
4529.36
4433.17
4342.46
4258.7
4181.12
4109.31
4042.83
3980.02
3918.3
3856.59
3794.89
3733.2
3671.51
3609.83
3548.15
3486.47
3424.79
3363.11
3301.43
3239.75
3178.07
3116.38
3054.7
2993.01
2931.32
2869.62
2807.93
2746.23
2684.53
2622.83
2561.13
2499.42
2437.72
2376.01
2314.3
2252.6
2190.89
2129.18
2067.47
2005.76
1944.04
1882.33
1820.62
1758.91
1697.19
1635.48
1573.76
1512.05
1450.33
1388.62
1326.9
1265.19
1203.47
1141.76
1080.04
1018.32
956.607
894.409
826.404
746.843
653.761
544.862
417.458
268.404
94.0196
4911.1
4733.19
4639.84
4529.25
4433.05
4342.36
4258.63
4181.08
4109.28
4042.81
3980
3918.29
3856.58
3794.89
3733.2
3671.51
3609.83
3548.15
3486.47
3424.79
3363.12
3301.44
3239.75
3178.07
3116.38
3054.7
2993.01
2931.32
2869.62
2807.93
2746.23
2684.53
2622.83
2561.13
2499.42
2437.72
2376.01
2314.3
2252.6
2190.89
2129.18
2067.47
2005.76
1944.04
1882.33
1820.62
1758.91
1697.19
1635.48
1573.76
1512.05
1450.33
1388.62
1326.9
1265.19
1203.47
1141.76
1080.04
1018.32
956.607
894.409
826.404
746.843
653.762
544.863
417.458
268.404
94.0196
4914.94
4733.94
4640.21
4529.39
4433.04
4342.35
4258.6
4181.05
4109.26
4042.8
3979.99
3918.28
3856.58
3794.89
3733.2
3671.52
3609.84
3548.16
3486.48
3424.8
3363.12
3301.44
3239.76
3178.07
3116.39
3054.7
2993.01
2931.32
2869.62
2807.93
2746.23
2684.53
2622.83
2561.13
2499.42
2437.72
2376.01
2314.3
2252.6
2190.89
2129.18
2067.47
2005.76
1944.04
1882.33
1820.62
1758.91
1697.19
1635.48
1573.76
1512.05
1450.33
1388.62
1326.9
1265.19
1203.47
1141.76
1080.04
1018.32
956.607
894.41
826.404
746.843
653.762
544.863
417.458
268.404
94.0197
4918.88
4735.23
4640.79
4529.73
4433.14
4342.4
4258.62
4181.05
4109.25
4042.79
3979.99
3918.28
3856.58
3794.89
3733.2
3671.52
3609.84
3548.16
3486.48
3424.8
3363.12
3301.44
3239.76
3178.07
3116.39
3054.7
2993.01
2931.32
2869.62
2807.93
2746.23
2684.53
2622.83
2561.13
2499.42
2437.72
2376.01
2314.3
2252.6
2190.89
2129.18
2067.47
2005.76
1944.04
1882.33
1820.62
1758.91
1697.19
1635.48
1573.76
1512.05
1450.33
1388.62
1326.9
1265.19
1203.47
1141.76
1080.04
1018.32
956.608
894.41
826.405
746.843
653.762
544.863
417.458
268.404
94.0197
4922.61
4736.82
4641.49
4530.21
4433.33
4342.51
4258.67
4181.08
4109.27
4042.8
3980
3918.29
3856.59
3794.9
3733.21
3671.53
3609.84
3548.17
3486.49
3424.81
3363.13
3301.45
3239.76
3178.08
3116.39
3054.7
2993.01
2931.32
2869.62
2807.93
2746.23
2684.53
2622.83
2561.13
2499.42
2437.72
2376.01
2314.3
2252.6
2190.89
2129.18
2067.47
2005.76
1944.04
1882.33
1820.62
1758.9
1697.19
1635.48
1573.76
1512.05
1450.33
1388.62
1326.9
1265.19
1203.47
1141.76
1080.04
1018.32
956.608
894.41
826.405
746.843
653.762
544.863
417.458
268.404
94.0197
4925.86
4738.46
4642.19
4530.75
4433.56
4342.65
4258.74
4181.12
4109.29
4042.82
3980.01
3918.3
3856.6
3794.9
3733.22
3671.53
3609.85
3548.17
3486.49
3424.81
3363.13
3301.45
3239.77
3178.08
3116.39
3054.7
2993.01
2931.32
2869.63
2807.93
2746.23
2684.53
2622.83
2561.13
2499.42
2437.72
2376.01
2314.3
2252.6
2190.89
2129.18
2067.47
2005.76
1944.04
1882.33
1820.62
1758.9
1697.19
1635.48
1573.76
1512.05
1450.33
1388.62
1326.9
1265.19
1203.47
1141.76
1080.04
1018.32
956.608
894.41
826.405
746.843
653.762
544.863
417.458
268.404
94.0197
4928.35
4739.91
4642.76
4531.24
4433.77
4342.79
4258.82
4181.17
4109.32
4042.84
3980.02
3918.31
3856.6
3794.91
3733.22
3671.54
3609.86
3548.18
3486.5
3424.82
3363.14
3301.46
3239.77
3178.09
3116.4
3054.71
2993.02
2931.32
2869.63
2807.93
2746.23
2684.53
2622.83
2561.13
2499.42
2437.72
2376.01
2314.31
2252.6
2190.89
2129.18
2067.47
2005.76
1944.04
1882.33
1820.62
1758.9
1697.19
1635.48
1573.76
1512.05
1450.33
1388.62
1326.9
1265.19
1203.47
1141.76
1080.04
1018.32
956.608
894.41
826.404
746.843
653.762
544.862
417.458
268.404
94.0197
4929.81
4740.94
4643.06
4531.58
4433.9
4342.88
4258.87
4181.2
4109.34
4042.85
3980.03
3918.32
3856.62
3794.92
3733.23
3671.55
3609.87
3548.19
3486.51
3424.83
3363.15
3301.46
3239.78
3178.09
3116.4
3054.71
2993.02
2931.33
2869.63
2807.93
2746.24
2684.53
2622.83
2561.13
2499.43
2437.72
2376.01
2314.31
2252.6
2190.89
2129.18
2067.47
2005.76
1944.04
1882.33
1820.62
1758.9
1697.19
1635.48
1573.76
1512.05
1450.33
1388.62
1326.9
1265.19
1203.47
1141.76
1080.04
1018.32
956.607
894.409
826.404
746.843
653.761
544.862
417.458
268.404
94.0197
4929.93
4741.35
4642.93
4531.67
4433.88
4342.89
4258.87
4181.2
4109.35
4042.86
3980.04
3918.33
3856.63
3794.93
3733.25
3671.56
3609.88
3548.2
3486.52
3424.84
3363.15
3301.47
3239.78
3178.1
3116.41
3054.72
2993.03
2931.33
2869.63
2807.94
2746.24
2684.54
2622.83
2561.13
2499.43
2437.72
2376.01
2314.31
2252.6
2190.89
2129.18
2067.47
2005.76
1944.04
1882.33
1820.62
1758.9
1697.19
1635.48
1573.76
1512.05
1450.33
1388.62
1326.9
1265.19
1203.47
1141.76
1080.04
1018.32
956.607
894.409
826.404
746.843
653.761
544.862
417.458
268.404
94.0197
4928.42
4740.94
4642.26
4531.43
4433.68
4342.77
4258.8
4181.16
4109.33
4042.85
3980.04
3918.34
3856.64
3794.95
3733.26
3671.58
3609.89
3548.21
3486.53
3424.85
3363.17
3301.48
3239.79
3178.11
3116.42
3054.72
2993.03
2931.34
2869.64
2807.94
2746.24
2684.54
2622.84
2561.13
2499.43
2437.72
2376.01
2314.31
2252.6
2190.89
2129.18
2067.47
2005.76
1944.04
1882.33
1820.62
1758.9
1697.19
1635.48
1573.76
1512.05
1450.33
1388.62
1326.9
1265.19
1203.47
1141.76
1080.04
1018.32
956.607
894.409
826.404
746.843
653.761
544.862
417.458
268.404
94.0197
4924.98
4739.66
4641.01
4530.86
4433.29
4342.56
4258.68
4181.1
4109.3
4042.85
3980.05
3918.35
3856.66
3794.97
3733.28
3671.6
3609.91
3548.23
3486.55
3424.86
3363.18
3301.49
3239.8
3178.11
3116.42
3054.73
2993.04
2931.34
2869.64
2807.94
2746.24
2684.54
2622.84
2561.13
2499.43
2437.72
2376.02
2314.31
2252.6
2190.89
2129.18
2067.47
2005.76
1944.04
1882.33
1820.62
1758.91
1697.19
1635.48
1573.76
1512.05
1450.33
1388.62
1326.9
1265.19
1203.47
1141.76
1080.04
1018.32
956.607
894.409
826.404
746.843
653.761
544.862
417.458
268.404
94.0196
4919.26
4737.5
4639.17
4529.98
4432.73
4342.25
4258.51
4181.01
4109.26
4042.83
3980.06
3918.37
3856.68
3794.99
3733.31
3671.62
3609.94
3548.25
3486.57
3424.88
3363.19
3301.5
3239.81
3178.12
3116.43
3054.74
2993.04
2931.34
2869.65
2807.95
2746.25
2684.54
2622.84
2561.14
2499.43
2437.72
2376.02
2314.31
2252.6
2190.89
2129.18
2067.47
2005.76
1944.04
1882.33
1820.62
1758.91
1697.19
1635.48
1573.76
1512.05
1450.33
1388.62
1326.9
1265.19
1203.47
1141.76
1080.04
1018.32
956.607
894.409
826.404
746.843
653.761
544.862
417.458
268.404
94.0196
4911.64
4735.32
4637.42
4529.37
4432.45
4342.19
4258.55
4181.1
4109.37
4042.95
3980.16
3918.46
3856.76
3795.07
3733.37
3671.68
3609.98
3548.29
3486.6
3424.91
3363.21
3301.52
3239.83
3178.13
3116.44
3054.74
2993.05
2931.35
2869.65
2807.95
2746.25
2684.55
2622.84
2561.14
2499.43
2437.72
2376.02
2314.31
2252.6
2190.89
2129.18
2067.47
2005.76
1944.04
1882.33
1820.62
1758.91
1697.19
1635.48
1573.76
1512.05
1450.33
1388.62
1326.9
1265.19
1203.47
1141.76
1080.04
1018.32
956.607
894.409
826.404
746.843
653.761
544.862
417.458
268.403
94.0196
4901.17
4732.72
4635.1
4528.51
4431.98
4341.99
4258.48
4181.09
4109.39
4042.99
3980.21
3918.51
3856.81
3795.11
3733.41
3671.71
3610.01
3548.31
3486.62
3424.92
3363.23
3301.53
3239.84
3178.14
3116.45
3054.75
2993.05
2931.35
2869.65
2807.95
2746.25
2684.55
2622.84
2561.14
2499.43
2437.72
2376.02
2314.31
2252.6
2190.89
2129.18
2067.47
2005.76
1944.04
1882.33
1820.62
1758.91
1697.19
1635.48
1573.76
1512.05
1450.33
1388.62
1326.9
1265.19
1203.47
1141.76
1080.04
1018.32
956.607
894.409
826.404
746.843
653.761
544.862
417.458
268.404
94.0197
4895
4738.52
4637.95
4531.72
4434.38
4343.83
4259.88
4182.15
4110.2
4043.61
3980.69
3918.88
3857.1
3795.33
3733.57
3671.83
3610.1
3548.38
3486.67
3424.96
3363.25
3301.55
3239.85
3178.15
3116.45
3054.75
2993.05
2931.35
2869.65
2807.95
2746.25
2684.54
2622.84
2561.14
2499.43
2437.72
2376.02
2314.31
2252.6
2190.89
2129.18
2067.47
2005.76
1944.04
1882.33
1820.62
1758.91
1697.19
1635.48
1573.76
1512.05
1450.33
1388.62
1326.9
1265.19
1203.47
1141.76
1080.04
1018.32
956.607
894.409
826.404
746.843
653.761
544.862
417.458
268.404
94.0196
4904.61
4738.45
4639.64
4530.07
4432.99
4342.11
4258.21
4180.58
4108.75
4042.28
3979.49
3917.8
3856.12
3794.46
3732.81
3671.16
3609.51
3547.86
3486.21
3424.56
3362.91
3301.25
3239.59
3177.93
3116.26
3054.58
2992.91
2931.23
2869.54
2807.85
2746.17
2684.47
2622.78
2561.08
2499.38
2437.68
2375.98
2314.28
2252.57
2190.86
2129.16
2067.45
2005.74
1944.03
1882.32
1820.61
1758.89
1697.18
1635.47
1573.75
1512.04
1450.33
1388.61
1326.9
1265.18
1203.47
1141.75
1080.04
1018.32
956.605
894.407
826.402
746.841
653.76
544.861
417.457
268.403
94.0202
4902.25
4734.8
4638.77
4529.11
4432.57
4341.83
4258.06
4180.49
4108.7
4042.26
3979.48
3917.8
3856.13
3794.47
3732.81
3671.16
3609.52
3547.87
3486.22
3424.57
3362.91
3301.25
3239.59
3177.93
3116.26
3054.58
2992.9
2931.22
2869.54
2807.85
2746.16
2684.47
2622.78
2561.08
2499.38
2437.68
2375.98
2314.28
2252.57
2190.86
2129.16
2067.45
2005.74
1944.03
1882.32
1820.61
1758.89
1697.18
1635.47
1573.75
1512.04
1450.33
1388.61
1326.9
1265.18
1203.47
1141.75
1080.04
1018.32
956.605
894.407
826.402
746.841
653.76
544.861
417.457
268.403
94.0202
4903.14
4732.48
4638.37
4528.45
4432.26
4341.62
4257.93
4180.41
4108.66
4042.23
3979.47
3917.79
3856.13
3794.47
3732.82
3671.17
3609.52
3547.87
3486.22
3424.57
3362.91
3301.25
3239.59
3177.93
3116.26
3054.58
2992.9
2931.22
2869.54
2807.85
2746.16
2684.47
2622.78
2561.08
2499.38
2437.68
2375.98
2314.27
2252.57
2190.86
2129.16
2067.45
2005.74
1944.03
1882.32
1820.61
1758.89
1697.18
1635.47
1573.75
1512.04
1450.33
1388.61
1326.9
1265.18
1203.47
1141.75
1080.04
1018.32
956.605
894.407
826.402
746.841
653.76
544.861
417.457
268.403
94.0201
4905.75
4731.56
4638.25
4528.08
4432.05
4341.47
4257.83
4180.35
4108.61
4042.21
3979.45
3917.79
3856.13
3794.47
3732.82
3671.17
3609.53
3547.88
3486.23
3424.57
3362.92
3301.26
3239.59
3177.93
3116.26
3054.58
2992.9
2931.22
2869.54
2807.85
2746.16
2684.47
2622.78
2561.08
2499.38
2437.68
2375.98
2314.27
2252.57
2190.86
2129.16
2067.45
2005.74
1944.03
1882.32
1820.61
1758.89
1697.18
1635.47
1573.75
1512.04
1450.33
1388.61
1326.9
1265.18
1203.47
1141.75
1080.04
1018.32
956.605
894.407
826.402
746.841
653.76
544.862
417.457
268.403
94.0201
4909.15
4731.56
4638.36
4527.97
4431.93
4341.38
4257.76
4180.3
4108.58
4042.19
3979.44
3917.78
3856.13
3794.47
3732.83
3671.18
3609.53
3547.88
3486.23
3424.58
3362.92
3301.26
3239.6
3177.93
3116.26
3054.58
2992.91
2931.22
2869.54
2807.85
2746.16
2684.47
2622.78
2561.08
2499.38
2437.68
2375.98
2314.27
2252.57
2190.86
2129.16
2067.45
2005.74
1944.03
1882.32
1820.61
1758.89
1697.18
1635.47
1573.75
1512.04
1450.33
1388.61
1326.9
1265.18
1203.47
1141.75
1080.04
1018.32
956.605
894.407
826.402
746.841
653.76
544.862
417.457
268.403
94.0202
4912.98
4732.31
4638.74
4528.11
4431.92
4341.36
4257.73
4180.27
4108.56
4042.17
3979.43
3917.78
3856.12
3794.48
3732.83
3671.18
3609.53
3547.88
3486.23
3424.58
3362.92
3301.26
3239.6
3177.93
3116.26
3054.58
2992.91
2931.23
2869.54
2807.85
2746.16
2684.47
2622.78
2561.08
2499.38
2437.68
2375.98
2314.27
2252.57
2190.86
2129.16
2067.45
2005.74
1944.03
1882.32
1820.61
1758.89
1697.18
1635.47
1573.75
1512.04
1450.33
1388.61
1326.9
1265.18
1203.47
1141.75
1080.04
1018.32
956.605
894.407
826.402
746.841
653.76
544.862
417.457
268.403
94.0202
4916.92
4733.6
4639.32
4528.45
4432.02
4341.41
4257.74
4180.28
4108.56
4042.17
3979.43
3917.77
3856.12
3794.48
3732.83
3671.19
3609.54
3547.89
3486.24
3424.58
3362.93
3301.27
3239.6
3177.93
3116.26
3054.59
2992.91
2931.23
2869.54
2807.85
2746.16
2684.47
2622.78
2561.08
2499.38
2437.68
2375.98
2314.27
2252.57
2190.86
2129.16
2067.45
2005.74
1944.03
1882.32
1820.61
1758.89
1697.18
1635.47
1573.75
1512.04
1450.33
1388.61
1326.9
1265.18
1203.47
1141.75
1080.04
1018.32
956.605
894.407
826.403
746.841
653.76
544.861
417.457
268.403
94.0203
4920.65
4735.19
4640.02
4528.93
4432.21
4341.52
4257.79
4180.3
4108.57
4042.18
3979.43
3917.78
3856.13
3794.48
3732.84
3671.19
3609.54
3547.89
3486.24
3424.59
3362.93
3301.27
3239.6
3177.94
3116.26
3054.59
2992.91
2931.23
2869.54
2807.86
2746.16
2684.47
2622.78
2561.08
2499.38
2437.68
2375.98
2314.27
2252.57
2190.86
2129.16
2067.45
2005.74
1944.03
1882.32
1820.61
1758.89
1697.18
1635.47
1573.75
1512.04
1450.33
1388.61
1326.9
1265.18
1203.47
1141.75
1080.04
1018.32
956.605
894.408
826.403
746.841
653.76
544.861
417.457
268.403
94.0203
4923.9
4736.82
4640.72
4529.47
4432.43
4341.67
4257.87
4180.34
4108.6
4042.19
3979.44
3917.79
3856.14
3794.49
3732.84
3671.2
3609.55
3547.9
3486.25
3424.59
3362.94
3301.27
3239.61
3177.94
3116.27
3054.59
2992.91
2931.23
2869.54
2807.86
2746.17
2684.47
2622.78
2561.08
2499.38
2437.68
2375.98
2314.27
2252.57
2190.86
2129.16
2067.45
2005.74
1944.03
1882.32
1820.61
1758.89
1697.18
1635.47
1573.75
1512.04
1450.33
1388.61
1326.9
1265.18
1203.47
1141.75
1080.04
1018.32
956.605
894.408
826.403
746.841
653.76
544.861
417.457
268.403
94.0203
4926.39
4738.27
4641.29
4529.96
4432.64
4341.8
4257.95
4180.39
4108.63
4042.21
3979.46
3917.8
3856.15
3794.5
3732.85
3671.2
3609.56
3547.91
3486.26
3424.6
3362.94
3301.28
3239.61
3177.94
3116.27
3054.59
2992.92
2931.23
2869.55
2807.86
2746.17
2684.47
2622.78
2561.08
2499.38
2437.68
2375.98
2314.27
2252.57
2190.86
2129.16
2067.45
2005.74
1944.03
1882.32
1820.61
1758.89
1697.18
1635.47
1573.75
1512.04
1450.33
1388.61
1326.9
1265.18
1203.47
1141.75
1080.04
1018.32
956.605
894.407
826.402
746.841
653.76
544.861
417.457
268.403
94.0204
4927.84
4739.3
4641.58
4530.3
4432.77
4341.89
4258
4180.42
4108.65
4042.23
3979.47
3917.81
3856.16
3794.51
3732.86
3671.21
3609.57
3547.92
3486.26
3424.61
3362.95
3301.29
3239.62
3177.95
3116.28
3054.6
2992.92
2931.24
2869.55
2807.86
2746.17
2684.48
2622.78
2561.08
2499.38
2437.68
2375.98
2314.28
2252.57
2190.86
2129.16
2067.45
2005.74
1944.03
1882.32
1820.61
1758.89
1697.18
1635.47
1573.75
1512.04
1450.33
1388.61
1326.9
1265.18
1203.47
1141.75
1080.04
1018.32
956.605
894.407
826.402
746.841
653.76
544.861
417.457
268.403
94.0204
4927.96
4739.7
4641.45
4530.38
4432.75
4341.89
4257.99
4180.42
4108.65
4042.23
3979.48
3917.82
3856.17
3794.52
3732.87
3671.23
3609.58
3547.93
3486.27
3424.62
3362.96
3301.29
3239.63
3177.96
3116.28
3054.6
2992.92
2931.24
2869.55
2807.86
2746.17
2684.48
2622.78
2561.08
2499.38
2437.68
2375.98
2314.28
2252.57
2190.86
2129.16
2067.45
2005.74
1944.03
1882.32
1820.61
1758.89
1697.18
1635.47
1573.75
1512.04
1450.33
1388.61
1326.9
1265.18
1203.47
1141.75
1080.04
1018.32
956.605
894.407
826.402
746.841
653.76
544.861
417.457
268.403
94.0204
4926.44
4739.29
4640.77
4530.14
4432.54
4341.78
4257.92
4180.38
4108.63
4042.23
3979.48
3917.82
3856.18
3794.53
3732.89
3671.24
3609.59
3547.94
3486.29
3424.63
3362.97
3301.3
3239.64
3177.96
3116.29
3054.61
2992.93
2931.24
2869.56
2807.87
2746.17
2684.48
2622.78
2561.09
2499.39
2437.68
2375.98
2314.28
2252.57
2190.86
2129.16
2067.45
2005.74
1944.03
1882.32
1820.61
1758.89
1697.18
1635.47
1573.75
1512.04
1450.33
1388.61
1326.9
1265.18
1203.47
1141.75
1080.04
1018.32
956.605
894.407
826.402
746.841
653.76
544.861
417.457
268.403
94.0204
4923
4738.01
4639.52
4529.57
4432.15
4341.56
4257.8
4180.31
4108.6
4042.22
3979.48
3917.84
3856.19
3794.55
3732.91
3671.26
3609.61
3547.96
3486.3
3424.64
3362.98
3301.32
3239.65
3177.97
3116.3
3054.62
2992.93
2931.25
2869.56
2807.87
2746.18
2684.48
2622.79
2561.09
2499.39
2437.68
2375.98
2314.28
2252.57
2190.86
2129.16
2067.45
2005.74
1944.03
1882.32
1820.61
1758.89
1697.18
1635.47
1573.75
1512.04
1450.33
1388.61
1326.9
1265.18
1203.47
1141.75
1080.04
1018.32
956.605
894.407
826.402
746.841
653.76
544.861
417.457
268.403
94.0203
4917.27
4735.84
4637.68
4528.69
4431.59
4341.25
4257.62
4180.22
4108.56
4042.21
3979.49
3917.85
3856.22
3794.58
3732.93
3671.28
3609.63
3547.98
3486.32
3424.66
3363
3301.33
3239.66
3177.98
3116.3
3054.62
2992.94
2931.25
2869.56
2807.87
2746.18
2684.48
2622.79
2561.09
2499.39
2437.69
2375.98
2314.28
2252.57
2190.87
2129.16
2067.45
2005.74
1944.03
1882.32
1820.61
1758.89
1697.18
1635.47
1573.75
1512.04
1450.33
1388.61
1326.9
1265.18
1203.47
1141.75
1080.04
1018.32
956.605
894.407
826.402
746.841
653.76
544.861
417.457
268.403
94.0202
4909.65
4733.65
4635.93
4528.07
4431.31
4341.19
4257.67
4180.31
4108.67
4042.32
3979.59
3917.95
3856.3
3794.65
3732.99
3671.34
3609.68
3548.02
3486.35
3424.69
3363.02
3301.34
3239.67
3177.99
3116.31
3054.63
2992.94
2931.26
2869.57
2807.88
2746.18
2684.49
2622.79
2561.09
2499.39
2437.69
2375.98
2314.28
2252.57
2190.87
2129.16
2067.45
2005.74
1944.03
1882.32
1820.61
1758.89
1697.18
1635.47
1573.75
1512.04
1450.33
1388.61
1326.9
1265.18
1203.47
1141.75
1080.04
1018.32
956.605
894.407
826.402
746.841
653.76
544.861
417.457
268.403
94.0202
4899.18
4731.05
4633.6
4527.21
4430.83
4340.98
4257.6
4180.31
4108.69
4042.36
3979.64
3918
3856.35
3794.69
3733.03
3671.37
3609.71
3548.04
3486.37
3424.7
3363.03
3301.36
3239.68
3178
3116.32
3054.63
2992.95
2931.26
2869.57
2807.88
2746.18
2684.49
2622.79
2561.09
2499.39
2437.69
2375.98
2314.28
2252.57
2190.87
2129.16
2067.45
2005.74
1944.03
1882.32
1820.61
1758.89
1697.18
1635.47
1573.75
1512.04
1450.33
1388.61
1326.9
1265.18
1203.47
1141.75
1080.04
1018.32
956.605
894.407
826.402
746.841
653.76
544.861
417.457
268.403
94.0202
4893.03
4736.86
4636.46
4530.43
4433.25
4342.84
4259
4181.37
4109.51
4042.98
3980.13
3918.37
3856.64
3794.91
3733.2
3671.5
3609.8
3548.11
3486.43
3424.74
3363.06
3301.38
3239.69
3178.01
3116.32
3054.64
2992.95
2931.26
2869.57
2807.88
2746.18
2684.49
2622.79
2561.09
2499.39
2437.69
2375.98
2314.28
2252.57
2190.86
2129.16
2067.45
2005.74
1944.03
1882.32
1820.61
1758.89
1697.18
1635.47
1573.76
1512.04
1450.33
1388.61
1326.9
1265.18
1203.47
1141.75
1080.04
1018.32
956.605
894.407
826.402
746.841
653.76
544.861
417.457
268.403
94.02
4902.55
4736.72
4638.09
4528.74
4431.83
4341.09
4257.32
4179.78
4108.04
4041.65
3978.92
3917.28
3855.66
3794.05
3732.43
3670.82
3609.21
3547.59
3485.97
3424.35
3362.71
3301.08
3239.43
3177.79
3116.13
3054.47
2992.81
2931.14
2869.46
2807.78
2746.1
2684.42
2622.73
2561.04
2499.34
2437.65
2375.95
2314.25
2252.54
2190.84
2129.14
2067.43
2005.72
1944.01
1882.3
1820.59
1758.88
1697.17
1635.46
1573.75
1512.03
1450.32
1388.61
1326.89
1265.18
1203.46
1141.75
1080.03
1018.32
956.602
894.405
826.4
746.84
653.759
544.861
417.457
268.403
94.0207
4900.18
4733.08
4637.23
4527.79
4431.41
4340.82
4257.16
4179.7
4107.99
4041.63
3978.91
3917.28
3855.67
3794.05
3732.44
3670.83
3609.22
3547.6
3485.98
3424.35
3362.72
3301.08
3239.44
3177.79
3116.13
3054.47
2992.8
2931.13
2869.46
2807.78
2746.1
2684.41
2622.73
2561.03
2499.34
2437.64
2375.95
2314.25
2252.54
2190.84
2129.13
2067.43
2005.72
1944.01
1882.3
1820.59
1758.88
1697.17
1635.46
1573.75
1512.03
1450.32
1388.61
1326.89
1265.18
1203.46
1141.75
1080.03
1018.32
956.602
894.405
826.4
746.84
653.759
544.86
417.457
268.403
94.0207
4901.07
4730.77
4636.83
4527.12
4431.1
4340.6
4257.04
4179.62
4107.95
4041.6
3978.9
3917.28
3855.67
3794.06
3732.45
3670.83
3609.22
3547.6
3485.98
3424.35
3362.72
3301.08
3239.44
3177.79
3116.13
3054.47
2992.8
2931.13
2869.46
2807.78
2746.1
2684.41
2622.73
2561.03
2499.34
2437.64
2375.95
2314.25
2252.54
2190.84
2129.13
2067.43
2005.72
1944.01
1882.3
1820.59
1758.88
1697.17
1635.46
1573.75
1512.03
1450.32
1388.61
1326.89
1265.18
1203.46
1141.75
1080.03
1018.32
956.602
894.405
826.4
746.84
653.759
544.861
417.457
268.403
94.0206
4903.69
4729.85
4636.71
4526.76
4430.89
4340.45
4256.94
4179.56
4107.91
4041.58
3978.88
3917.27
3855.67
3794.06
3732.45
3670.84
3609.22
3547.61
3485.98
3424.36
3362.72
3301.08
3239.44
3177.79
3116.13
3054.47
2992.8
2931.13
2869.46
2807.78
2746.1
2684.41
2622.72
2561.03
2499.34
2437.64
2375.95
2314.24
2252.54
2190.84
2129.13
2067.43
2005.72
1944.01
1882.3
1820.59
1758.88
1697.17
1635.46
1573.75
1512.03
1450.32
1388.61
1326.89
1265.18
1203.46
1141.75
1080.03
1018.32
956.602
894.405
826.4
746.84
653.759
544.861
417.457
268.403
94.0207
4907.09
4729.86
4636.83
4526.65
4430.77
4340.36
4256.87
4179.51
4107.88
4041.56
3978.87
3917.27
3855.66
3794.06
3732.45
3670.84
3609.23
3547.61
3485.99
3424.36
3362.72
3301.08
3239.44
3177.79
3116.13
3054.47
2992.8
2931.13
2869.46
2807.78
2746.1
2684.41
2622.72
2561.03
2499.34
2437.64
2375.94
2314.24
2252.54
2190.84
2129.13
2067.43
2005.72
1944.01
1882.3
1820.59
1758.88
1697.17
1635.46
1573.75
1512.03
1450.32
1388.61
1326.89
1265.18
1203.46
1141.75
1080.03
1018.32
956.602
894.405
826.4
746.84
653.759
544.861
417.457
268.403
94.0207
4910.92
4730.61
4637.2
4526.79
4430.76
4340.34
4256.84
4179.48
4107.86
4041.54
3978.86
3917.26
3855.66
3794.06
3732.45
3670.85
3609.23
3547.61
3485.99
3424.36
3362.73
3301.09
3239.44
3177.79
3116.13
3054.47
2992.81
2931.14
2869.46
2807.78
2746.1
2684.41
2622.72
2561.03
2499.34
2437.64
2375.94
2314.24
2252.54
2190.84
2129.13
2067.43
2005.72
1944.01
1882.3
1820.59
1758.88
1697.17
1635.46
1573.75
1512.03
1450.32
1388.61
1326.89
1265.18
1203.46
1141.75
1080.03
1018.32
956.602
894.405
826.401
746.84
653.759
544.861
417.457
268.403
94.0208
4914.86
4731.9
4637.78
4527.13
4430.86
4340.4
4256.85
4179.49
4107.86
4041.54
3978.86
3917.26
3855.66
3794.06
3732.46
3670.85
3609.24
3547.62
3486
3424.37
3362.73
3301.09
3239.44
3177.79
3116.14
3054.47
2992.81
2931.14
2869.46
2807.78
2746.1
2684.41
2622.73
2561.03
2499.34
2437.64
2375.94
2314.24
2252.54
2190.84
2129.13
2067.43
2005.72
1944.01
1882.3
1820.59
1758.88
1697.17
1635.46
1573.75
1512.03
1450.32
1388.61
1326.89
1265.18
1203.46
1141.75
1080.03
1018.32
956.603
894.405
826.401
746.84
653.759
544.86
417.457
268.403
94.0208
4918.59
4733.48
4638.48
4527.61
4431.05
4340.51
4256.9
4179.51
4107.87
4041.55
3978.86
3917.27
3855.67
3794.07
3732.46
3670.85
3609.24
3547.62
3486
3424.37
3362.74
3301.09
3239.45
3177.8
3116.14
3054.48
2992.81
2931.14
2869.46
2807.78
2746.1
2684.41
2622.73
2561.03
2499.34
2437.64
2375.94
2314.24
2252.54
2190.84
2129.13
2067.43
2005.72
1944.01
1882.3
1820.59
1758.88
1697.17
1635.46
1573.75
1512.03
1450.32
1388.61
1326.89
1265.18
1203.46
1141.75
1080.03
1018.32
956.603
894.405
826.401
746.84
653.759
544.86
417.457
268.403
94.0209
4921.84
4735.12
4639.18
4528.15
4431.27
4340.65
4256.98
4179.55
4107.89
4041.56
3978.87
3917.27
3855.67
3794.07
3732.47
3670.86
3609.25
3547.63
3486.01
3424.38
3362.74
3301.1
3239.45
3177.8
3116.14
3054.48
2992.81
2931.14
2869.46
2807.78
2746.1
2684.42
2622.73
2561.03
2499.34
2437.64
2375.95
2314.24
2252.54
2190.84
2129.13
2067.43
2005.72
1944.01
1882.3
1820.59
1758.88
1697.17
1635.46
1573.75
1512.03
1450.32
1388.61
1326.89
1265.18
1203.46
1141.75
1080.03
1018.32
956.603
894.405
826.401
746.84
653.759
544.86
417.457
268.402
94.0209
4924.33
4736.57
4639.75
4528.63
4431.48
4340.79
4257.05
4179.6
4107.92
4041.58
3978.89
3917.28
3855.68
3794.08
3732.48
3670.87
3609.26
3547.64
3486.01
3424.38
3362.75
3301.1
3239.46
3177.8
3116.15
3054.48
2992.81
2931.14
2869.47
2807.79
2746.1
2684.42
2622.73
2561.04
2499.34
2437.64
2375.95
2314.25
2252.54
2190.84
2129.13
2067.43
2005.72
1944.01
1882.3
1820.59
1758.88
1697.17
1635.46
1573.75
1512.03
1450.32
1388.61
1326.89
1265.18
1203.46
1141.75
1080.03
1018.32
956.603
894.405
826.401
746.84
653.759
544.86
417.457
268.402
94.021
4925.77
4737.59
4640.04
4528.97
4431.61
4340.88
4257.1
4179.63
4107.94
4041.6
3978.9
3917.3
3855.69
3794.09
3732.49
3670.88
3609.27
3547.65
3486.02
3424.39
3362.75
3301.11
3239.46
3177.81
3116.15
3054.49
2992.82
2931.15
2869.47
2807.79
2746.1
2684.42
2622.73
2561.04
2499.34
2437.64
2375.95
2314.25
2252.54
2190.84
2129.13
2067.43
2005.72
1944.01
1882.3
1820.59
1758.88
1697.17
1635.46
1573.75
1512.03
1450.32
1388.61
1326.89
1265.18
1203.46
1141.75
1080.03
1018.32
956.602
894.405
826.4
746.84
653.759
544.86
417.457
268.403
94.0211
4925.89
4737.98
4639.9
4529.05
4431.59
4340.87
4257.1
4179.63
4107.94
4041.6
3978.91
3917.3
3855.7
3794.1
3732.5
3670.89
3609.28
3547.66
3486.03
3424.4
3362.76
3301.12
3239.47
3177.82
3116.16
3054.49
2992.82
2931.15
2869.47
2807.79
2746.11
2684.42
2622.73
2561.04
2499.34
2437.65
2375.95
2314.25
2252.54
2190.84
2129.13
2067.43
2005.72
1944.01
1882.3
1820.59
1758.88
1697.17
1635.46
1573.75
1512.03
1450.32
1388.61
1326.89
1265.18
1203.46
1141.75
1080.03
1018.32
956.602
894.405
826.4
746.839
653.759
544.86
417.457
268.403
94.0211
4924.36
4737.57
4639.22
4528.8
4431.37
4340.75
4257.02
4179.58
4107.92
4041.59
3978.91
3917.31
3855.71
3794.11
3732.51
3670.9
3609.29
3547.67
3486.04
3424.41
3362.77
3301.13
3239.48
3177.82
3116.16
3054.5
2992.83
2931.15
2869.48
2807.79
2746.11
2684.42
2622.73
2561.04
2499.34
2437.65
2375.95
2314.25
2252.54
2190.84
2129.14
2067.43
2005.72
1944.01
1882.3
1820.59
1758.88
1697.17
1635.46
1573.75
1512.03
1450.32
1388.61
1326.89
1265.18
1203.46
1141.75
1080.03
1018.32
956.602
894.405
826.4
746.839
653.759
544.86
417.457
268.402
94.021
4920.91
4736.27
4637.96
4528.23
4430.98
4340.53
4256.9
4179.52
4107.89
4041.58
3978.91
3917.32
3855.73
3794.13
3732.53
3670.92
3609.31
3547.69
3486.06
3424.43
3362.79
3301.14
3239.49
3177.83
3116.17
3054.5
2992.83
2931.16
2869.48
2807.8
2746.11
2684.42
2622.73
2561.04
2499.35
2437.65
2375.95
2314.25
2252.54
2190.84
2129.14
2067.43
2005.72
1944.01
1882.3
1820.59
1758.88
1697.17
1635.46
1573.75
1512.03
1450.32
1388.61
1326.89
1265.18
1203.46
1141.75
1080.03
1018.32
956.602
894.405
826.4
746.839
653.759
544.86
417.457
268.402
94.0209
4915.17
4734.1
4636.12
4527.34
4430.41
4340.22
4256.72
4179.42
4107.85
4041.57
3978.91
3917.34
3855.75
3794.16
3732.56
3670.95
3609.33
3547.71
3486.08
3424.44
3362.8
3301.15
3239.5
3177.84
3116.18
3054.51
2992.84
2931.16
2869.48
2807.8
2746.12
2684.43
2622.74
2561.04
2499.35
2437.65
2375.95
2314.25
2252.55
2190.84
2129.14
2067.43
2005.72
1944.01
1882.3
1820.59
1758.88
1697.17
1635.46
1573.75
1512.03
1450.32
1388.61
1326.89
1265.18
1203.46
1141.75
1080.03
1018.32
956.602
894.405
826.4
746.839
653.759
544.86
417.457
268.403
94.0208
4907.54
4731.91
4634.36
4526.72
4430.13
4340.16
4256.76
4179.51
4107.95
4041.68
3979.02
3917.43
3855.84
3794.23
3732.62
3671
3609.38
3547.75
3486.11
3424.47
3362.82
3301.17
3239.51
3177.85
3116.19
3054.52
2992.84
2931.17
2869.49
2807.8
2746.12
2684.43
2622.74
2561.04
2499.35
2437.65
2375.95
2314.25
2252.55
2190.84
2129.14
2067.43
2005.72
1944.01
1882.3
1820.59
1758.88
1697.17
1635.46
1573.75
1512.03
1450.32
1388.61
1326.89
1265.18
1203.46
1141.75
1080.03
1018.32
956.602
894.405
826.4
746.839
653.759
544.86
417.457
268.403
94.0207
4897.07
4729.3
4632.04
4525.86
4429.65
4339.95
4256.69
4179.51
4107.98
4041.72
3979.07
3917.48
3855.88
3794.27
3732.66
3671.03
3609.41
3547.77
3486.13
3424.49
3362.84
3301.18
3239.52
3177.86
3116.19
3054.52
2992.85
2931.17
2869.49
2807.81
2746.12
2684.43
2622.74
2561.04
2499.35
2437.65
2375.95
2314.25
2252.55
2190.84
2129.14
2067.43
2005.72
1944.01
1882.3
1820.59
1758.88
1697.17
1635.46
1573.75
1512.03
1450.32
1388.61
1326.89
1265.18
1203.46
1141.75
1080.03
1018.32
956.602
894.405
826.4
746.839
653.759
544.86
417.457
268.402
94.0206
4890.94
4735.11
4634.91
4529.08
4432.08
4341.81
4258.1
4180.58
4108.8
4042.35
3979.56
3917.86
3856.17
3794.5
3732.83
3671.16
3609.5
3547.84
3486.18
3424.52
3362.86
3301.2
3239.54
3177.87
3116.2
3054.53
2992.85
2931.17
2869.49
2807.8
2746.12
2684.43
2622.74
2561.04
2499.35
2437.65
2375.95
2314.25
2252.55
2190.84
2129.14
2067.43
2005.72
1944.01
1882.3
1820.59
1758.88
1697.17
1635.46
1573.75
1512.03
1450.32
1388.61
1326.89
1265.18
1203.46
1141.75
1080.03
1018.32
956.602
894.405
826.4
746.839
653.759
544.86
417.456
268.403
94.0204
4900.37
4734.93
4636.49
4527.37
4430.63
4340.05
4256.41
4178.98
4107.33
4041.01
3978.34
3916.77
3855.2
3793.63
3732.06
3670.49
3608.91
3547.33
3485.73
3424.13
3362.52
3300.91
3239.28
3177.65
3116.01
3054.36
2992.71
2931.05
2869.38
2807.71
2746.04
2684.36
2622.68
2560.99
2499.3
2437.61
2375.91
2314.22
2252.52
2190.82
2129.11
2067.41
2005.71
1944
1882.29
1820.58
1758.87
1697.16
1635.45
1573.74
1512.03
1450.31
1388.6
1326.89
1265.17
1203.46
1141.74
1080.03
1018.32
956.6
894.403
826.399
746.838
653.758
544.86
417.456
268.403
94.0212
4898.01
4731.3
4635.63
4526.41
4430.21
4339.78
4256.25
4178.89
4107.28
4040.99
3978.34
3916.77
3855.2
3793.64
3732.07
3670.5
3608.92
3547.33
3485.74
3424.14
3362.53
3300.91
3239.28
3177.65
3116.01
3054.36
2992.71
2931.05
2869.38
2807.71
2746.04
2684.36
2622.68
2560.99
2499.3
2437.61
2375.91
2314.22
2252.52
2190.82
2129.11
2067.41
2005.7
1944
1882.29
1820.58
1758.87
1697.16
1635.45
1573.74
1512.03
1450.31
1388.6
1326.89
1265.17
1203.46
1141.74
1080.03
1018.32
956.6
894.403
826.399
746.838
653.758
544.86
417.456
268.402
94.0211
4898.9
4728.99
4635.23
4525.75
4429.9
4339.56
4256.13
4178.82
4107.24
4040.96
3978.32
3916.77
3855.21
3793.64
3732.07
3670.5
3608.92
3547.34
3485.74
3424.14
3362.53
3300.91
3239.28
3177.65
3116.01
3054.36
2992.71
2931.05
2869.38
2807.71
2746.04
2684.36
2622.68
2560.99
2499.3
2437.61
2375.91
2314.22
2252.52
2190.82
2129.11
2067.41
2005.7
1944
1882.29
1820.58
1758.87
1697.16
1635.45
1573.74
1512.03
1450.31
1388.6
1326.89
1265.17
1203.46
1141.75
1080.03
1018.32
956.6
894.403
826.399
746.838
653.758
544.86
417.456
268.402
94.0211
4901.52
4728.07
4635.11
4525.39
4429.69
4339.41
4256.03
4178.75
4107.2
4040.94
3978.31
3916.76
3855.2
3793.64
3732.08
3670.51
3608.93
3547.34
3485.74
3424.14
3362.53
3300.91
3239.28
3177.65
3116.01
3054.36
2992.71
2931.05
2869.38
2807.71
2746.04
2684.36
2622.67
2560.99
2499.3
2437.61
2375.91
2314.22
2252.52
2190.82
2129.11
2067.41
2005.7
1944
1882.29
1820.58
1758.87
1697.16
1635.45
1573.74
1512.03
1450.31
1388.6
1326.89
1265.17
1203.46
1141.75
1080.03
1018.32
956.6
894.403
826.399
746.838
653.758
544.86
417.456
268.402
94.0212
4904.91
4728.08
4635.23
4525.29
4429.57
4339.32
4255.96
4178.71
4107.17
4040.92
3978.3
3916.75
3855.2
3793.64
3732.08
3670.51
3608.93
3547.34
3485.75
3424.14
3362.53
3300.91
3239.29
3177.65
3116.01
3054.36
2992.71
2931.05
2869.38
2807.71
2746.04
2684.36
2622.67
2560.99
2499.3
2437.61
2375.91
2314.22
2252.52
2190.82
2129.11
2067.41
2005.7
1944
1882.29
1820.58
1758.87
1697.16
1635.45
1573.74
1512.03
1450.31
1388.6
1326.89
1265.17
1203.46
1141.75
1080.03
1018.32
956.6
894.403
826.399
746.838
653.758
544.86
417.456
268.402
94.0213
4908.75
4728.84
4635.6
4525.42
4429.57
4339.31
4255.93
4178.68
4107.15
4040.91
3978.29
3916.75
3855.2
3793.65
3732.08
3670.51
3608.93
3547.35
3485.75
3424.15
3362.54
3300.92
3239.29
3177.65
3116.01
3054.36
2992.71
2931.05
2869.38
2807.71
2746.04
2684.36
2622.67
2560.99
2499.3
2437.61
2375.91
2314.22
2252.52
2190.82
2129.11
2067.41
2005.7
1944
1882.29
1820.58
1758.87
1697.16
1635.45
1573.74
1512.03
1450.31
1388.6
1326.89
1265.17
1203.46
1141.74
1080.03
1018.32
956.6
894.403
826.399
746.838
653.758
544.86
417.456
268.402
94.0213
4912.69
4730.13
4636.19
4525.76
4429.67
4339.36
4255.94
4178.68
4107.14
4040.9
3978.29
3916.75
3855.2
3793.65
3732.09
3670.52
3608.94
3547.35
3485.76
3424.15
3362.54
3300.92
3239.29
3177.66
3116.01
3054.36
2992.71
2931.05
2869.38
2807.71
2746.04
2684.36
2622.67
2560.99
2499.3
2437.61
2375.91
2314.22
2252.52
2190.82
2129.11
2067.41
2005.7
1944
1882.29
1820.58
1758.87
1697.16
1635.45
1573.74
1512.03
1450.31
1388.6
1326.89
1265.17
1203.46
1141.74
1080.03
1018.32
956.6
894.403
826.399
746.838
653.758
544.859
417.456
268.402
94.0214
4916.42
4731.71
4636.88
4526.25
4429.86
4339.47
4255.99
4178.71
4107.16
4040.91
3978.29
3916.75
3855.21
3793.65
3732.09
3670.52
3608.94
3547.36
3485.76
3424.16
3362.54
3300.92
3239.29
3177.66
3116.02
3054.37
2992.71
2931.05
2869.38
2807.71
2746.04
2684.36
2622.68
2560.99
2499.3
2437.61
2375.91
2314.22
2252.52
2190.82
2129.11
2067.41
2005.7
1944
1882.29
1820.58
1758.87
1697.16
1635.45
1573.74
1512.03
1450.31
1388.6
1326.89
1265.17
1203.46
1141.74
1080.03
1018.32
956.6
894.403
826.399
746.838
653.758
544.859
417.456
268.402
94.0215
4919.67
4733.34
4637.58
4526.78
4430.08
4339.61
4256.07
4178.75
4107.18
4040.93
3978.3
3916.76
3855.21
3793.66
3732.1
3670.53
3608.95
3547.36
3485.77
3424.16
3362.55
3300.93
3239.3
3177.66
3116.02
3054.37
2992.71
2931.05
2869.39
2807.71
2746.04
2684.36
2622.68
2560.99
2499.3
2437.61
2375.91
2314.22
2252.52
2190.82
2129.11
2067.41
2005.7
1944
1882.29
1820.58
1758.87
1697.16
1635.45
1573.74
1512.03
1450.31
1388.6
1326.89
1265.17
1203.46
1141.75
1080.03
1018.32
956.6
894.403
826.399
746.838
653.758
544.859
417.456
268.402
94.0215
4922.15
4734.79
4638.15
4527.26
4430.29
4339.75
4256.14
4178.8
4107.21
4040.94
3978.32
3916.77
3855.22
3793.67
3732.11
3670.54
3608.96
3547.37
3485.77
3424.17
3362.56
3300.93
3239.3
3177.67
3116.02
3054.37
2992.72
2931.05
2869.39
2807.72
2746.04
2684.36
2622.68
2560.99
2499.3
2437.61
2375.91
2314.22
2252.52
2190.82
2129.11
2067.41
2005.7
1944
1882.29
1820.58
1758.87
1697.16
1635.45
1573.74
1512.03
1450.31
1388.6
1326.89
1265.17
1203.46
1141.75
1080.03
1018.32
956.6
894.403
826.399
746.838
653.758
544.859
417.456
268.402
94.0216
4923.59
4735.81
4638.43
4527.6
4430.41
4339.84
4256.19
4178.83
4107.23
4040.96
3978.33
3916.78
3855.23
3793.68
3732.12
3670.55
3608.97
3547.38
3485.78
3424.18
3362.56
3300.94
3239.31
3177.67
3116.03
3054.38
2992.72
2931.06
2869.39
2807.72
2746.04
2684.36
2622.68
2560.99
2499.3
2437.61
2375.91
2314.22
2252.52
2190.82
2129.11
2067.41
2005.7
1944
1882.29
1820.58
1758.87
1697.16
1635.45
1573.74
1512.03
1450.31
1388.6
1326.89
1265.17
1203.46
1141.75
1080.03
1018.32
956.6
894.403
826.399
746.838
653.757
544.859
417.456
268.402
94.0217
4923.7
4736.19
4638.29
4527.67
4430.39
4339.83
4256.18
4178.82
4107.23
4040.96
3978.33
3916.79
3855.24
3793.69
3732.13
3670.56
3608.98
3547.39
3485.79
3424.19
3362.57
3300.95
3239.32
3177.68
3116.03
3054.38
2992.72
2931.06
2869.39
2807.72
2746.04
2684.36
2622.68
2560.99
2499.3
2437.61
2375.91
2314.22
2252.52
2190.82
2129.11
2067.41
2005.7
1944
1882.29
1820.58
1758.87
1697.16
1635.45
1573.74
1512.03
1450.31
1388.6
1326.89
1265.17
1203.46
1141.75
1080.03
1018.32
956.6
894.403
826.398
746.838
653.757
544.859
417.456
268.402
94.0217
4922.17
4735.77
4637.61
4527.42
4430.17
4339.71
4256.11
4178.78
4107.2
4040.95
3978.33
3916.79
3855.25
3793.7
3732.14
3670.57
3608.99
3547.4
3485.8
3424.2
3362.58
3300.96
3239.32
3177.69
3116.04
3054.39
2992.73
2931.07
2869.4
2807.72
2746.05
2684.37
2622.68
2560.99
2499.3
2437.61
2375.92
2314.22
2252.52
2190.82
2129.11
2067.41
2005.7
1944
1882.29
1820.58
1758.87
1697.16
1635.45
1573.74
1512.03
1450.31
1388.6
1326.89
1265.17
1203.46
1141.75
1080.03
1018.32
956.6
894.403
826.398
746.838
653.757
544.859
417.456
268.402
94.0217
4918.7
4734.47
4636.34
4526.84
4429.77
4339.48
4255.98
4178.71
4107.17
4040.94
3978.33
3916.8
3855.26
3793.72
3732.16
3670.59
3609.01
3547.42
3485.82
3424.21
3362.59
3300.97
3239.33
3177.69
3116.05
3054.39
2992.73
2931.07
2869.4
2807.73
2746.05
2684.37
2622.68
2561
2499.3
2437.61
2375.92
2314.22
2252.52
2190.82
2129.11
2067.41
2005.71
1944
1882.29
1820.58
1758.87
1697.16
1635.45
1573.74
1512.03
1450.31
1388.6
1326.89
1265.17
1203.46
1141.74
1080.03
1018.31
956.6
894.403
826.398
746.838
653.757
544.859
417.456
268.402
94.0215
4912.96
4732.28
4634.49
4525.95
4429.2
4339.16
4255.8
4178.61
4107.12
4040.92
3978.34
3916.82
3855.28
3793.74
3732.18
3670.61
3609.03
3547.44
3485.84
3424.23
3362.61
3300.98
3239.34
3177.7
3116.05
3054.4
2992.74
2931.07
2869.4
2807.73
2746.05
2684.37
2622.68
2561
2499.31
2437.61
2375.92
2314.22
2252.52
2190.82
2129.12
2067.41
2005.71
1944
1882.29
1820.58
1758.87
1697.16
1635.45
1573.74
1512.03
1450.31
1388.6
1326.89
1265.17
1203.46
1141.74
1080.03
1018.31
956.6
894.403
826.398
746.838
653.757
544.859
417.456
268.402
94.0214
4905.32
4730.08
4632.73
4525.33
4428.91
4339.1
4255.84
4178.7
4107.23
4041.03
3978.44
3916.91
3855.37
3793.81
3732.24
3670.66
3609.07
3547.48
3485.87
3424.25
3362.63
3301
3239.36
3177.71
3116.06
3054.41
2992.75
2931.08
2869.41
2807.73
2746.05
2684.37
2622.69
2561
2499.31
2437.61
2375.92
2314.22
2252.52
2190.82
2129.12
2067.41
2005.71
1944
1882.29
1820.58
1758.87
1697.16
1635.45
1573.74
1512.03
1450.31
1388.6
1326.89
1265.17
1203.46
1141.74
1080.03
1018.31
956.6
894.403
826.398
746.838
653.757
544.859
417.456
268.402
94.0212
4894.83
4727.47
4630.4
4524.46
4428.44
4338.89
4255.77
4178.69
4107.26
4041.07
3978.49
3916.96
3855.41
3793.85
3732.28
3670.7
3609.1
3547.5
3485.89
3424.27
3362.64
3301.01
3239.37
3177.72
3116.07
3054.41
2992.75
2931.08
2869.41
2807.73
2746.06
2684.37
2622.69
2561
2499.31
2437.61
2375.92
2314.22
2252.52
2190.82
2129.12
2067.41
2005.71
1944
1882.29
1820.58
1758.87
1697.16
1635.45
1573.74
1512.03
1450.31
1388.6
1326.89
1265.17
1203.46
1141.74
1080.03
1018.31
956.6
894.403
826.398
746.838
653.757
544.859
417.456
268.402
94.0211
4888.73
4733.29
4633.3
4527.69
4430.88
4340.76
4257.18
4179.77
4108.08
4041.71
3978.98
3917.34
3855.71
3794.08
3732.46
3670.83
3609.2
3547.58
3485.94
3424.31
3362.67
3301.03
3239.38
3177.73
3116.08
3054.42
2992.75
2931.08
2869.41
2807.73
2746.06
2684.37
2622.69
2561
2499.31
2437.61
2375.92
2314.22
2252.52
2190.82
2129.12
2067.41
2005.71
1944
1882.29
1820.58
1758.87
1697.16
1635.45
1573.74
1512.03
1450.32
1388.6
1326.89
1265.17
1203.46
1141.75
1080.03
1018.32
956.6
894.403
826.398
746.838
653.757
544.859
417.456
268.402
94.0208
4898.08
4733.06
4634.83
4525.95
4429.41
4338.99
4255.48
4178.17
4106.61
4040.37
3977.77
3916.26
3854.74
3793.22
3731.69
3670.16
3608.62
3547.06
3485.5
3423.92
3362.34
3300.74
3239.13
3177.52
3115.89
3054.25
2992.61
2930.96
2869.31
2807.65
2745.98
2684.31
2622.63
2560.95
2499.26
2437.57
2375.88
2314.19
2252.49
2190.8
2129.1
2067.39
2005.69
1943.98
1882.28
1820.57
1758.86
1697.15
1635.44
1573.73
1512.02
1450.31
1388.6
1326.88
1265.17
1203.46
1141.74
1080.03
1018.31
956.598
894.401
826.397
746.837
653.756
544.859
417.456
268.402
94.0217
4895.72
4729.44
4633.97
4525.01
4428.99
4338.72
4255.33
4178.08
4106.56
4040.35
3977.76
3916.26
3854.75
3793.23
3731.7
3670.17
3608.62
3547.07
3485.5
3423.93
3362.34
3300.74
3239.13
3177.52
3115.89
3054.25
2992.61
2930.96
2869.31
2807.64
2745.98
2684.3
2622.63
2560.95
2499.26
2437.57
2375.88
2314.19
2252.49
2190.79
2129.09
2067.39
2005.69
1943.98
1882.28
1820.57
1758.86
1697.15
1635.44
1573.73
1512.02
1450.31
1388.6
1326.88
1265.17
1203.46
1141.74
1080.03
1018.31
956.598
894.401
826.397
746.837
653.757
544.859
417.456
268.402
94.0216
4896.61
4727.14
4633.56
4524.35
4428.68
4338.51
4255.2
4178.01
4106.52
4040.33
3977.75
3916.25
3854.75
3793.23
3731.71
3670.17
3608.63
3547.07
3485.51
3423.93
3362.34
3300.74
3239.13
3177.52
3115.89
3054.25
2992.61
2930.96
2869.31
2807.64
2745.98
2684.3
2622.63
2560.95
2499.26
2437.57
2375.88
2314.19
2252.49
2190.79
2129.09
2067.39
2005.69
1943.98
1882.28
1820.57
1758.86
1697.15
1635.44
1573.73
1512.02
1450.31
1388.6
1326.88
1265.17
1203.46
1141.74
1080.03
1018.31
956.598
894.401
826.397
746.837
653.757
544.859
417.456
268.402
94.0216
4899.23
4726.23
4633.45
4523.99
4428.47
4338.36
4255.1
4177.94
4106.48
4040.3
3977.74
3916.25
3854.74
3793.23
3731.71
3670.18
3608.63
3547.08
3485.51
3423.93
3362.34
3300.74
3239.13
3177.52
3115.89
3054.25
2992.61
2930.96
2869.3
2807.64
2745.98
2684.3
2622.63
2560.95
2499.26
2437.57
2375.88
2314.19
2252.49
2190.79
2129.09
2067.39
2005.69
1943.98
1882.28
1820.57
1758.86
1697.15
1635.44
1573.73
1512.02
1450.31
1388.6
1326.88
1265.17
1203.46
1141.74
1080.03
1018.31
956.598
894.401
826.397
746.837
653.757
544.859
417.456
268.402
94.0216
4902.63
4726.24
4633.57
4523.88
4428.35
4338.27
4255.03
4177.9
4106.45
4040.28
3977.73
3916.24
3854.74
3793.23
3731.71
3670.18
3608.64
3547.08
3485.51
3423.93
3362.35
3300.75
3239.14
3177.52
3115.89
3054.25
2992.61
2930.96
2869.3
2807.64
2745.98
2684.3
2622.63
2560.95
2499.26
2437.57
2375.88
2314.19
2252.49
2190.79
2129.09
2067.39
2005.69
1943.98
1882.28
1820.57
1758.86
1697.15
1635.44
1573.73
1512.02
1450.31
1388.6
1326.88
1265.17
1203.46
1141.74
1080.03
1018.31
956.598
894.401
826.397
746.837
653.757
544.859
417.456
268.402
94.0218
4906.47
4727
4633.94
4524.02
4428.35
4338.25
4255.01
4177.87
4106.43
4040.27
3977.72
3916.24
3854.74
3793.23
3731.72
3670.18
3608.64
3547.08
3485.52
3423.94
3362.35
3300.75
3239.14
3177.52
3115.89
3054.26
2992.61
2930.96
2869.31
2807.64
2745.98
2684.3
2622.63
2560.94
2499.26
2437.57
2375.88
2314.19
2252.49
2190.79
2129.09
2067.39
2005.69
1943.98
1882.28
1820.57
1758.86
1697.15
1635.44
1573.73
1512.02
1450.31
1388.6
1326.88
1265.17
1203.46
1141.74
1080.03
1018.31
956.598
894.401
826.397
746.837
653.756
544.859
417.456
268.402
94.0219
4910.41
4728.29
4634.53
4524.36
4428.45
4338.31
4255.02
4177.87
4106.43
4040.26
3977.72
3916.24
3854.74
3793.24
3731.72
3670.19
3608.64
3547.09
3485.52
3423.94
3362.35
3300.75
3239.14
3177.52
3115.89
3054.26
2992.61
2930.96
2869.31
2807.64
2745.98
2684.3
2622.63
2560.95
2499.26
2437.57
2375.88
2314.19
2252.49
2190.79
2129.09
2067.39
2005.69
1943.98
1882.28
1820.57
1758.86
1697.15
1635.44
1573.73
1512.02
1450.31
1388.6
1326.88
1265.17
1203.46
1141.74
1080.03
1018.31
956.598
894.401
826.397
746.837
653.756
544.858
417.456
268.402
94.0219
4914.14
4729.87
4635.23
4524.84
4428.64
4338.42
4255.07
4177.9
4106.44
4040.27
3977.72
3916.24
3854.75
3793.24
3731.72
3670.19
3608.65
3547.09
3485.53
3423.95
3362.36
3300.76
3239.14
3177.52
3115.9
3054.26
2992.62
2930.96
2869.31
2807.64
2745.98
2684.3
2622.63
2560.95
2499.26
2437.57
2375.88
2314.19
2252.49
2190.79
2129.09
2067.39
2005.69
1943.98
1882.28
1820.57
1758.86
1697.15
1635.44
1573.73
1512.02
1450.31
1388.6
1326.88
1265.17
1203.46
1141.74
1080.03
1018.31
956.598
894.401
826.397
746.837
653.756
544.858
417.456
268.402
94.022
4917.38
4731.5
4635.92
4525.37
4428.86
4338.56
4255.15
4177.94
4106.47
4040.29
3977.73
3916.25
3854.75
3793.25
3731.73
3670.2
3608.66
3547.1
3485.53
3423.95
3362.36
3300.76
3239.15
3177.53
3115.9
3054.26
2992.62
2930.97
2869.31
2807.65
2745.98
2684.31
2622.63
2560.95
2499.26
2437.57
2375.88
2314.19
2252.49
2190.79
2129.09
2067.39
2005.69
1943.98
1882.28
1820.57
1758.86
1697.15
1635.44
1573.73
1512.02
1450.31
1388.6
1326.88
1265.17
1203.46
1141.74
1080.03
1018.31
956.598
894.401
826.397
746.837
653.756
544.858
417.456
268.401
94.0221
4919.86
4732.94
4636.49
4525.86
4429.07
4338.69
4255.22
4177.99
4106.49
4040.3
3977.74
3916.26
3854.76
3793.26
3731.74
3670.21
3608.66
3547.11
3485.54
3423.96
3362.37
3300.77
3239.15
3177.53
3115.9
3054.27
2992.62
2930.97
2869.31
2807.65
2745.98
2684.31
2622.63
2560.95
2499.26
2437.57
2375.88
2314.19
2252.49
2190.79
2129.09
2067.39
2005.69
1943.98
1882.28
1820.57
1758.86
1697.15
1635.44
1573.73
1512.02
1450.31
1388.6
1326.88
1265.17
1203.46
1141.74
1080.03
1018.31
956.598
894.401
826.397
746.837
653.756
544.858
417.456
268.401
94.0222
4921.29
4733.95
4636.76
4526.18
4429.19
4338.78
4255.27
4178.01
4106.51
4040.32
3977.75
3916.27
3854.77
3793.27
3731.75
3670.22
3608.67
3547.12
3485.55
3423.97
3362.37
3300.77
3239.16
3177.54
3115.91
3054.27
2992.62
2930.97
2869.31
2807.65
2745.98
2684.31
2622.63
2560.95
2499.26
2437.57
2375.88
2314.19
2252.49
2190.79
2129.09
2067.39
2005.69
1943.98
1882.28
1820.57
1758.86
1697.15
1635.44
1573.73
1512.02
1450.31
1388.6
1326.88
1265.17
1203.46
1141.74
1080.03
1018.31
956.598
894.401
826.397
746.836
653.756
544.858
417.455
268.401
94.0223
4921.39
4734.33
4636.62
4526.26
4429.16
4338.77
4255.26
4178.01
4106.51
4040.32
3977.76
3916.27
3854.78
3793.27
3731.76
3670.23
3608.68
3547.13
3485.56
3423.98
3362.38
3300.78
3239.17
3177.54
3115.91
3054.27
2992.63
2930.98
2869.32
2807.65
2745.98
2684.31
2622.63
2560.95
2499.26
2437.58
2375.88
2314.19
2252.49
2190.79
2129.09
2067.39
2005.69
1943.98
1882.28
1820.57
1758.86
1697.15
1635.44
1573.73
1512.02
1450.31
1388.6
1326.88
1265.17
1203.46
1141.74
1080.03
1018.31
956.598
894.401
826.397
746.836
653.756
544.858
417.455
268.401
94.0223
4919.85
4733.9
4635.93
4526
4428.94
4338.64
4255.18
4177.96
4106.48
4040.31
3977.76
3916.28
3854.79
3793.28
3731.77
3670.24
3608.7
3547.14
3485.57
3423.99
3362.39
3300.79
3239.17
3177.55
3115.92
3054.28
2992.63
2930.98
2869.32
2807.66
2745.99
2684.31
2622.63
2560.95
2499.26
2437.58
2375.88
2314.19
2252.49
2190.8
2129.09
2067.39
2005.69
1943.98
1882.28
1820.57
1758.86
1697.15
1635.44
1573.73
1512.02
1450.31
1388.6
1326.88
1265.17
1203.46
1141.74
1080.03
1018.31
956.598
894.401
826.397
746.836
653.756
544.858
417.455
268.401
94.0223
4916.37
4732.58
4634.66
4525.41
4428.53
4338.41
4255.04
4177.89
4106.45
4040.29
3977.76
3916.29
3854.8
3793.3
3731.79
3670.26
3608.71
3547.15
3485.58
3424
3362.41
3300.8
3239.18
3177.56
3115.93
3054.29
2992.64
2930.98
2869.32
2807.66
2745.99
2684.31
2622.63
2560.95
2499.27
2437.58
2375.89
2314.19
2252.49
2190.8
2129.1
2067.39
2005.69
1943.98
1882.28
1820.57
1758.86
1697.15
1635.44
1573.73
1512.02
1450.31
1388.6
1326.88
1265.17
1203.46
1141.74
1080.03
1018.31
956.597
894.401
826.397
746.836
653.756
544.858
417.455
268.401
94.0221
4910.62
4730.39
4632.8
4524.51
4427.96
4338.09
4254.86
4177.79
4106.4
4040.28
3977.76
3916.3
3854.82
3793.32
3731.81
3670.28
3608.73
3547.17
3485.6
3424.02
3362.42
3300.81
3239.19
3177.57
3115.93
3054.29
2992.64
2930.99
2869.33
2807.66
2745.99
2684.32
2622.64
2560.95
2499.27
2437.58
2375.89
2314.19
2252.49
2190.8
2129.1
2067.39
2005.69
1943.98
1882.28
1820.57
1758.86
1697.15
1635.44
1573.73
1512.02
1450.31
1388.6
1326.88
1265.17
1203.46
1141.74
1080.03
1018.31
956.597
894.401
826.397
746.836
653.756
544.858
417.455
268.402
94.022
4902.97
4728.18
4631.03
4523.88
4427.67
4338.02
4254.9
4177.87
4106.5
4040.38
3977.86
3916.39
3854.9
3793.4
3731.87
3670.33
3608.78
3547.21
3485.63
3424.04
3362.44
3300.83
3239.21
3177.58
3115.94
3054.3
2992.65
2930.99
2869.33
2807.66
2745.99
2684.32
2622.64
2560.95
2499.27
2437.58
2375.89
2314.19
2252.49
2190.8
2129.1
2067.39
2005.69
1943.98
1882.28
1820.57
1758.86
1697.15
1635.44
1573.73
1512.02
1450.31
1388.6
1326.88
1265.17
1203.46
1141.74
1080.03
1018.31
956.597
894.401
826.396
746.836
653.756
544.858
417.456
268.402
94.0217
4892.47
4725.56
4628.7
4523.01
4427.19
4337.81
4254.82
4177.87
4106.53
4040.42
3977.91
3916.44
3854.95
3793.44
3731.91
3670.37
3608.81
3547.24
3485.65
3424.06
3362.45
3300.84
3239.22
3177.59
3115.95
3054.3
2992.65
2931
2869.33
2807.67
2745.99
2684.32
2622.64
2560.95
2499.27
2437.58
2375.89
2314.19
2252.5
2190.8
2129.1
2067.39
2005.69
1943.98
1882.28
1820.57
1758.86
1697.15
1635.44
1573.73
1512.02
1450.31
1388.6
1326.88
1265.17
1203.46
1141.74
1080.03
1018.31
956.597
894.401
826.397
746.836
653.756
544.859
417.456
268.402
94.0215
4886.38
4731.38
4631.61
4526.26
4429.64
4339.69
4256.25
4178.95
4107.36
4041.07
3978.41
3916.83
3855.25
3793.67
3732.09
3670.5
3608.91
3547.31
3485.71
3424.1
3362.49
3300.86
3239.23
3177.6
3115.96
3054.31
2992.66
2931
2869.34
2807.67
2745.99
2684.32
2622.64
2560.95
2499.27
2437.58
2375.89
2314.19
2252.49
2190.8
2129.1
2067.39
2005.69
1943.98
1882.28
1820.57
1758.86
1697.15
1635.44
1573.73
1512.02
1450.31
1388.6
1326.88
1265.17
1203.46
1141.74
1080.03
1018.31
956.597
894.401
826.397
746.836
653.756
544.858
417.455
268.402
94.0212
4895.67
4731.13
4633.1
4524.51
4428.16
4337.92
4254.55
4177.35
4105.89
4039.74
3977.2
3915.75
3854.29
3792.82
3731.33
3669.84
3608.33
3546.81
3485.27
3423.72
3362.16
3300.58
3238.99
3177.39
3115.77
3054.15
2992.52
2930.88
2869.23
2807.58
2745.92
2684.25
2622.58
2560.91
2499.23
2437.54
2375.85
2314.16
2252.47
2190.77
2129.08
2067.38
2005.67
1943.97
1882.27
1820.56
1758.85
1697.15
1635.44
1573.73
1512.02
1450.3
1388.59
1326.88
1265.17
1203.45
1141.74
1080.02
1018.31
956.596
894.4
826.396
746.835
653.755
544.858
417.455
268.402
94.0221
4893.31
4727.51
4632.24
4523.56
4427.74
4337.64
4254.4
4177.27
4105.85
4039.71
3977.2
3915.75
3854.29
3792.82
3731.34
3669.85
3608.34
3546.81
3485.28
3423.72
3362.16
3300.58
3238.99
3177.39
3115.77
3054.15
2992.52
2930.88
2869.23
2807.58
2745.92
2684.25
2622.58
2560.91
2499.22
2437.54
2375.85
2314.16
2252.47
2190.77
2129.08
2067.38
2005.67
1943.97
1882.27
1820.56
1758.85
1697.15
1635.44
1573.73
1512.02
1450.3
1388.59
1326.88
1265.17
1203.45
1141.74
1080.02
1018.31
956.596
894.399
826.396
746.835
653.755
544.858
417.455
268.402
94.022
4894.2
4725.22
4631.84
4522.9
4427.43
4337.43
4254.27
4177.19
4105.8
4039.69
3977.18
3915.75
3854.29
3792.83
3731.35
3669.85
3608.34
3546.82
3485.28
3423.73
3362.16
3300.58
3238.99
3177.39
3115.77
3054.15
2992.52
2930.88
2869.23
2807.58
2745.92
2684.25
2622.58
2560.9
2499.22
2437.54
2375.85
2314.16
2252.47
2190.77
2129.08
2067.38
2005.67
1943.97
1882.27
1820.56
1758.85
1697.14
1635.44
1573.73
1512.01
1450.3
1388.59
1326.88
1265.17
1203.45
1141.74
1080.02
1018.31
956.596
894.399
826.395
746.835
653.756
544.858
417.455
268.402
94.022
4896.82
4724.31
4631.73
4522.55
4427.22
4337.29
4254.17
4177.13
4105.76
4039.67
3977.17
3915.74
3854.29
3792.83
3731.35
3669.86
3608.35
3546.82
3485.28
3423.73
3362.16
3300.58
3238.99
3177.39
3115.77
3054.15
2992.52
2930.88
2869.23
2807.58
2745.92
2684.25
2622.58
2560.9
2499.22
2437.54
2375.85
2314.16
2252.47
2190.77
2129.08
2067.38
2005.67
1943.97
1882.27
1820.56
1758.85
1697.14
1635.44
1573.73
1512.01
1450.3
1388.59
1326.88
1265.17
1203.45
1141.74
1080.02
1018.31
956.596
894.399
826.395
746.835
653.756
544.858
417.455
268.401
94.0221
4900.22
4724.33
4631.85
4522.44
4427.11
4337.2
4254.1
4177.08
4105.73
4039.64
3977.16
3915.73
3854.29
3792.83
3731.35
3669.86
3608.35
3546.82
3485.28
3423.73
3362.16
3300.58
3238.99
3177.39
3115.77
3054.15
2992.52
2930.88
2869.23
2807.58
2745.92
2684.25
2622.58
2560.9
2499.22
2437.54
2375.85
2314.16
2252.47
2190.77
2129.08
2067.38
2005.67
1943.97
1882.27
1820.56
1758.85
1697.14
1635.44
1573.73
1512.01
1450.3
1388.59
1326.88
1265.17
1203.45
1141.74
1080.02
1018.31
956.595
894.399
826.395
746.835
653.755
544.858
417.455
268.401
94.0222
4904.06
4725.09
4632.23
4522.58
4427.1
4337.18
4254.08
4177.06
4105.71
4039.63
3977.15
3915.73
3854.29
3792.83
3731.35
3669.86
3608.35
3546.83
3485.29
3423.73
3362.17
3300.59
3238.99
3177.39
3115.78
3054.15
2992.52
2930.88
2869.23
2807.58
2745.92
2684.25
2622.58
2560.9
2499.22
2437.54
2375.85
2314.16
2252.47
2190.77
2129.08
2067.38
2005.67
1943.97
1882.27
1820.56
1758.85
1697.14
1635.44
1573.73
1512.01
1450.3
1388.59
1326.88
1265.17
1203.45
1141.74
1080.02
1018.31
956.595
894.399
826.395
746.835
653.755
544.858
417.455
268.401
94.0224
4908.01
4726.38
4632.81
4522.93
4427.21
4337.24
4254.09
4177.06
4105.71
4039.63
3977.15
3915.73
3854.29
3792.83
3731.36
3669.87
3608.36
3546.83
3485.29
3423.74
3362.17
3300.59
3239
3177.39
3115.78
3054.15
2992.52
2930.88
2869.23
2807.58
2745.92
2684.25
2622.58
2560.9
2499.22
2437.54
2375.85
2314.16
2252.47
2190.77
2129.07
2067.38
2005.67
1943.97
1882.27
1820.56
1758.85
1697.14
1635.43
1573.72
1512.01
1450.3
1388.59
1326.88
1265.17
1203.45
1141.74
1080.02
1018.31
956.595
894.399
826.395
746.835
653.755
544.858
417.455
268.401
94.0225
4911.74
4727.96
4633.5
4523.4
4427.39
4337.35
4254.14
4177.09
4105.73
4039.64
3977.15
3915.73
3854.29
3792.84
3731.36
3669.87
3608.36
3546.84
3485.3
3423.74
3362.17
3300.59
3239
3177.4
3115.78
3054.16
2992.52
2930.88
2869.23
2807.58
2745.92
2684.25
2622.58
2560.9
2499.22
2437.54
2375.85
2314.16
2252.47
2190.77
2129.07
2067.38
2005.67
1943.97
1882.27
1820.56
1758.85
1697.14
1635.43
1573.72
1512.01
1450.3
1388.59
1326.88
1265.17
1203.45
1141.74
1080.02
1018.31
956.596
894.399
826.395
746.835
653.755
544.858
417.455
268.401
94.0226
4914.97
4729.59
4634.2
4523.93
4427.62
4337.49
4254.22
4177.13
4105.75
4039.65
3977.16
3915.74
3854.3
3792.84
3731.37
3669.88
3608.37
3546.84
3485.3
3423.75
3362.18
3300.6
3239
3177.4
3115.78
3054.16
2992.53
2930.89
2869.24
2807.58
2745.92
2684.25
2622.58
2560.9
2499.22
2437.54
2375.85
2314.16
2252.47
2190.77
2129.07
2067.38
2005.67
1943.97
1882.27
1820.56
1758.85
1697.14
1635.43
1573.72
1512.01
1450.3
1388.59
1326.88
1265.17
1203.45
1141.74
1080.02
1018.31
956.596
894.399
826.395
746.835
653.755
544.858
417.455
268.401
94.0227
4917.45
4731.02
4634.76
4524.41
4427.82
4337.62
4254.29
4177.17
4105.78
4039.67
3977.18
3915.75
3854.31
3792.85
3731.38
3669.89
3608.38
3546.85
3485.31
3423.76
3362.19
3300.6
3239.01
3177.4
3115.79
3054.16
2992.53
2930.89
2869.24
2807.58
2745.92
2684.25
2622.58
2560.91
2499.23
2437.54
2375.85
2314.16
2252.47
2190.77
2129.08
2067.38
2005.67
1943.97
1882.27
1820.56
1758.85
1697.14
1635.44
1573.73
1512.01
1450.3
1388.59
1326.88
1265.17
1203.45
1141.74
1080.02
1018.31
956.596
894.399
826.395
746.835
653.755
544.858
417.455
268.401
94.0228
4918.87
4732.03
4635.03
4524.74
4427.94
4337.7
4254.33
4177.2
4105.79
4039.68
3977.19
3915.76
3854.32
3792.86
3731.39
3669.89
3608.39
3546.86
3485.32
3423.76
3362.19
3300.61
3239.02
3177.41
3115.79
3054.17
2992.53
2930.89
2869.24
2807.59
2745.92
2684.26
2622.58
2560.91
2499.23
2437.54
2375.85
2314.16
2252.47
2190.77
2129.08
2067.38
2005.67
1943.97
1882.27
1820.56
1758.85
1697.14
1635.44
1573.73
1512.01
1450.3
1388.59
1326.88
1265.17
1203.45
1141.74
1080.02
1018.31
956.596
894.399
826.395
746.835
653.755
544.857
417.455
268.401
94.0229
4918.96
4732.4
4634.88
4524.8
4427.91
4337.69
4254.32
4177.19
4105.79
4039.68
3977.19
3915.77
3854.33
3792.87
3731.4
3669.9
3608.4
3546.87
3485.33
3423.77
3362.2
3300.62
3239.02
3177.42
3115.8
3054.17
2992.54
2930.89
2869.24
2807.59
2745.93
2684.26
2622.59
2560.91
2499.23
2437.54
2375.85
2314.16
2252.47
2190.77
2129.08
2067.38
2005.67
1943.97
1882.27
1820.56
1758.85
1697.14
1635.44
1573.73
1512.01
1450.3
1388.59
1326.88
1265.17
1203.45
1141.74
1080.02
1018.31
956.595
894.399
826.395
746.835
653.755
544.857
417.455
268.401
94.0229
4917.4
4731.95
4634.18
4524.54
4427.68
4337.56
4254.24
4177.14
4105.76
4039.67
3977.18
3915.77
3854.33
3792.88
3731.41
3669.92
3608.41
3546.88
3485.34
3423.78
3362.21
3300.63
3239.03
3177.42
3115.8
3054.18
2992.54
2930.9
2869.25
2807.59
2745.93
2684.26
2622.59
2560.91
2499.23
2437.54
2375.85
2314.16
2252.47
2190.77
2129.08
2067.38
2005.67
1943.97
1882.27
1820.56
1758.85
1697.14
1635.44
1573.73
1512.01
1450.3
1388.59
1326.88
1265.17
1203.45
1141.74
1080.02
1018.31
956.595
894.399
826.395
746.835
653.755
544.857
417.455
268.401
94.0229
4913.91
4730.63
4632.9
4523.94
4427.27
4337.32
4254.1
4177.06
4105.72
4039.65
3977.18
3915.77
3854.34
3792.89
3731.42
3669.93
3608.42
3546.9
3485.35
3423.8
3362.22
3300.64
3239.04
3177.43
3115.81
3054.18
2992.55
2930.9
2869.25
2807.59
2745.93
2684.26
2622.59
2560.91
2499.23
2437.54
2375.86
2314.16
2252.47
2190.77
2129.08
2067.38
2005.67
1943.97
1882.27
1820.56
1758.85
1697.14
1635.44
1573.73
1512.01
1450.3
1388.59
1326.88
1265.17
1203.45
1141.74
1080.02
1018.31
956.595
894.399
826.395
746.835
653.755
544.857
417.455
268.401
94.0227
4908.14
4728.43
4631.04
4523.03
4426.69
4336.99
4253.91
4176.96
4105.67
4039.63
3977.18
3915.78
3854.36
3792.91
3731.44
3669.95
3608.44
3546.91
3485.37
3423.81
3362.24
3300.65
3239.05
3177.44
3115.82
3054.19
2992.55
2930.91
2869.25
2807.6
2745.93
2684.26
2622.59
2560.91
2499.23
2437.54
2375.86
2314.16
2252.47
2190.77
2129.08
2067.38
2005.67
1943.97
1882.27
1820.56
1758.85
1697.14
1635.44
1573.73
1512.01
1450.3
1388.59
1326.88
1265.17
1203.45
1141.74
1080.02
1018.31
956.595
894.399
826.395
746.835
653.755
544.858
417.455
268.401
94.0226
4900.48
4726.2
4629.26
4522.4
4426.39
4336.92
4253.95
4177.04
4105.77
4039.74
3977.28
3915.88
3854.44
3792.99
3731.51
3670.01
3608.49
3546.95
3485.4
3423.83
3362.26
3300.66
3239.06
3177.45
3115.83
3054.2
2992.56
2930.91
2869.26
2807.6
2745.93
2684.27
2622.59
2560.91
2499.23
2437.55
2375.86
2314.17
2252.47
2190.77
2129.08
2067.38
2005.67
1943.97
1882.27
1820.56
1758.85
1697.14
1635.44
1573.73
1512.01
1450.3
1388.59
1326.88
1265.17
1203.45
1141.74
1080.02
1018.31
956.595
894.399
826.395
746.835
653.755
544.857
417.455
268.401
94.0222
4889.97
4723.57
4626.93
4521.52
4425.91
4336.71
4253.87
4177.03
4105.8
4039.78
3977.33
3915.92
3854.49
3793.03
3731.54
3670.04
3608.52
3546.98
3485.42
3423.85
3362.27
3300.68
3239.07
3177.46
3115.83
3054.2
2992.56
2930.91
2869.26
2807.6
2745.94
2684.27
2622.59
2560.91
2499.23
2437.55
2375.86
2314.17
2252.47
2190.78
2129.08
2067.38
2005.67
1943.97
1882.27
1820.56
1758.85
1697.14
1635.44
1573.73
1512.01
1450.3
1388.59
1326.88
1265.17
1203.45
1141.74
1080.02
1018.31
956.595
894.399
826.395
746.835
653.755
544.858
417.455
268.401
94.0219
4883.9
4729.4
4629.86
4524.78
4428.37
4338.6
4255.31
4178.13
4106.64
4040.43
3977.84
3916.32
3854.8
3793.26
3731.73
3670.18
3608.62
3547.06
3485.48
3423.9
3362.3
3300.7
3239.09
3177.47
3115.84
3054.21
2992.57
2930.92
2869.26
2807.6
2745.94
2684.27
2622.59
2560.91
2499.23
2437.55
2375.86
2314.17
2252.47
2190.78
2129.08
2067.38
2005.67
1943.97
1882.27
1820.56
1758.85
1697.14
1635.44
1573.73
1512.02
1450.3
1388.59
1326.88
1265.17
1203.45
1141.74
1080.02
1018.31
956.595
894.399
826.395
746.835
653.755
544.858
417.455
268.402
94.0216
4893.12
4729.13
4631.32
4523.03
4426.89
4336.84
4253.62
4176.54
4105.18
4039.11
3976.65
3915.25
3853.85
3792.42
3730.98
3669.53
3608.05
3546.56
3485.05
3423.52
3361.98
3300.42
3238.85
3177.26
3115.67
3054.06
2992.43
2930.8
2869.17
2807.52
2745.87
2684.2
2622.54
2560.87
2499.19
2437.51
2375.83
2314.14
2252.45
2190.75
2129.06
2067.36
2005.66
1943.96
1882.26
1820.55
1758.84
1697.14
1635.43
1573.72
1512.01
1450.3
1388.59
1326.88
1265.16
1203.45
1141.74
1080.02
1018.31
956.594
894.398
826.394
746.834
653.754
544.857
417.455
268.401
94.0225
4890.77
4725.53
4630.46
4522.09
4426.47
4336.56
4253.46
4176.46
4105.14
4039.08
3976.64
3915.25
3853.85
3792.43
3730.99
3669.53
3608.06
3546.57
3485.06
3423.53
3361.98
3300.42
3238.85
3177.26
3115.66
3054.05
2992.43
2930.8
2869.16
2807.52
2745.86
2684.2
2622.54
2560.87
2499.19
2437.51
2375.83
2314.14
2252.45
2190.75
2129.06
2067.36
2005.66
1943.96
1882.26
1820.55
1758.84
1697.14
1635.43
1573.72
1512.01
1450.3
1388.59
1326.88
1265.16
1203.45
1141.74
1080.02
1018.31
956.594
894.398
826.394
746.834
653.754
544.857
417.455
268.401
94.0224
4891.66
4723.24
4630.06
4521.43
4426.17
4336.35
4253.34
4176.38
4105.09
4039.06
3976.62
3915.25
3853.85
3792.43
3731
3669.54
3608.06
3546.57
3485.06
3423.53
3361.98
3300.42
3238.85
3177.26
3115.66
3054.05
2992.43
2930.8
2869.16
2807.52
2745.86
2684.2
2622.54
2560.87
2499.19
2437.51
2375.83
2314.14
2252.45
2190.75
2129.06
2067.36
2005.66
1943.96
1882.25
1820.55
1758.84
1697.14
1635.43
1573.72
1512.01
1450.3
1388.59
1326.88
1265.16
1203.45
1141.74
1080.02
1018.31
956.594
894.397
826.394
746.834
653.755
544.857
417.455
268.401
94.0224
4894.29
4722.34
4629.95
4521.08
4425.96
4336.21
4253.24
4176.32
4105.05
4039.04
3976.61
3915.24
3853.85
3792.43
3731
3669.54
3608.07
3546.57
3485.06
3423.53
3361.99
3300.43
3238.85
3177.26
3115.66
3054.05
2992.43
2930.8
2869.16
2807.52
2745.86
2684.2
2622.54
2560.86
2499.19
2437.51
2375.82
2314.14
2252.45
2190.75
2129.06
2067.36
2005.66
1943.96
1882.25
1820.55
1758.84
1697.14
1635.43
1573.72
1512.01
1450.3
1388.59
1326.87
1265.16
1203.45
1141.74
1080.02
1018.31
956.594
894.397
826.394
746.834
653.754
544.857
417.455
268.401
94.0225
4897.69
4722.36
4630.07
4520.98
4425.84
4336.12
4253.17
4176.27
4105.02
4039.02
3976.6
3915.23
3853.84
3792.43
3731
3669.55
3608.07
3546.58
3485.06
3423.53
3361.99
3300.43
3238.85
3177.26
3115.66
3054.05
2992.43
2930.8
2869.16
2807.52
2745.86
2684.2
2622.54
2560.86
2499.19
2437.51
2375.82
2314.14
2252.45
2190.75
2129.06
2067.36
2005.66
1943.96
1882.25
1820.55
1758.84
1697.14
1635.43
1573.72
1512.01
1450.3
1388.59
1326.87
1265.16
1203.45
1141.74
1080.02
1018.31
956.593
894.397
826.394
746.834
653.754
544.857
417.455
268.401
94.0226
4901.53
4723.12
4630.45
4521.12
4425.84
4336.1
4253.14
4176.25
4105
4039
3976.59
3915.23
3853.84
3792.43
3731
3669.55
3608.07
3546.58
3485.07
3423.54
3361.99
3300.43
3238.85
3177.27
3115.67
3054.05
2992.43
2930.8
2869.16
2807.52
2745.86
2684.2
2622.54
2560.86
2499.19
2437.51
2375.82
2314.14
2252.45
2190.75
2129.06
2067.36
2005.66
1943.96
1882.25
1820.55
1758.84
1697.14
1635.43
1573.72
1512.01
1450.3
1388.59
1326.87
1265.16
1203.45
1141.74
1080.02
1018.31
956.593
894.397
826.394
746.834
653.754
544.857
417.455
268.401
94.0228
4905.48
4724.41
4631.03
4521.46
4425.94
4336.16
4253.16
4176.25
4105
4039
3976.59
3915.23
3853.84
3792.44
3731.01
3669.55
3608.08
3546.58
3485.07
3423.54
3362
3300.43
3238.86
3177.27
3115.67
3054.06
2992.43
2930.8
2869.16
2807.52
2745.86
2684.2
2622.54
2560.86
2499.19
2437.51
2375.82
2314.14
2252.45
2190.75
2129.06
2067.36
2005.66
1943.96
1882.25
1820.55
1758.84
1697.14
1635.43
1573.72
1512.01
1450.3
1388.59
1326.87
1265.16
1203.45
1141.74
1080.02
1018.31
956.593
894.397
826.394
746.834
653.754
544.857
417.455
268.401
94.023
4909.2
4725.99
4631.72
4521.94
4426.13
4336.27
4253.21
4176.28
4105.01
4039.01
3976.59
3915.23
3853.85
3792.44
3731.01
3669.56
3608.08
3546.59
3485.08
3423.55
3362
3300.44
3238.86
3177.27
3115.67
3054.06
2992.44
2930.8
2869.17
2807.52
2745.86
2684.2
2622.54
2560.86
2499.19
2437.51
2375.82
2314.14
2252.45
2190.75
2129.06
2067.36
2005.66
1943.96
1882.25
1820.55
1758.84
1697.14
1635.43
1573.72
1512.01
1450.3
1388.59
1326.87
1265.16
1203.45
1141.74
1080.02
1018.31
956.593
894.397
826.394
746.834
653.754
544.857
417.455
268.401
94.0231
4912.44
4727.62
4632.42
4522.47
4426.35
4336.41
4253.28
4176.32
4105.04
4039.02
3976.6
3915.24
3853.86
3792.45
3731.02
3669.56
3608.09
3546.6
3485.08
3423.55
3362.01
3300.44
3238.87
3177.28
3115.67
3054.06
2992.44
2930.81
2869.17
2807.52
2745.86
2684.2
2622.54
2560.87
2499.19
2437.51
2375.82
2314.14
2252.45
2190.75
2129.06
2067.36
2005.66
1943.96
1882.25
1820.55
1758.84
1697.14
1635.43
1573.72
1512.01
1450.3
1388.59
1326.87
1265.16
1203.45
1141.74
1080.02
1018.31
956.593
894.397
826.394
746.834
653.754
544.857
417.455
268.401
94.0232
4914.9
4729.04
4632.97
4522.94
4426.55
4336.54
4253.36
4176.36
4105.07
4039.04
3976.62
3915.25
3853.87
3792.46
3731.02
3669.57
3608.1
3546.6
3485.09
3423.56
3362.01
3300.45
3238.87
3177.28
3115.68
3054.07
2992.44
2930.81
2869.17
2807.52
2745.87
2684.21
2622.54
2560.87
2499.19
2437.51
2375.83
2314.14
2252.45
2190.75
2129.06
2067.36
2005.66
1943.96
1882.25
1820.55
1758.84
1697.14
1635.43
1573.72
1512.01
1450.3
1388.59
1326.87
1265.16
1203.45
1141.74
1080.02
1018.31
956.593
894.397
826.394
746.834
653.754
544.857
417.455
268.401
94.0234
4916.31
4730.04
4633.24
4523.26
4426.67
4336.62
4253.4
4176.39
4105.08
4039.05
3976.63
3915.26
3853.87
3792.46
3731.03
3669.58
3608.11
3546.61
3485.1
3423.57
3362.02
3300.45
3238.88
3177.29
3115.68
3054.07
2992.45
2930.81
2869.17
2807.52
2745.87
2684.21
2622.54
2560.87
2499.19
2437.51
2375.83
2314.14
2252.45
2190.75
2129.06
2067.36
2005.66
1943.96
1882.25
1820.55
1758.84
1697.14
1635.43
1573.72
1512.01
1450.3
1388.59
1326.87
1265.16
1203.45
1141.74
1080.02
1018.31
956.593
894.397
826.394
746.834
653.754
544.857
417.455
268.401
94.0235
4916.39
4730.4
4633.08
4523.32
4426.63
4336.6
4253.38
4176.38
4105.08
4039.05
3976.63
3915.27
3853.88
3792.47
3731.04
3669.59
3608.12
3546.62
3485.11
3423.58
3362.03
3300.46
3238.88
3177.29
3115.69
3054.07
2992.45
2930.82
2869.18
2807.53
2745.87
2684.21
2622.54
2560.87
2499.19
2437.51
2375.83
2314.14
2252.45
2190.75
2129.06
2067.36
2005.66
1943.96
1882.25
1820.55
1758.84
1697.14
1635.43
1573.72
1512.01
1450.3
1388.59
1326.87
1265.16
1203.45
1141.74
1080.02
1018.31
956.593
894.397
826.393
746.834
653.754
544.857
417.455
268.401
94.0235
4914.82
4729.95
4632.37
4523.05
4426.4
4336.47
4253.3
4176.32
4105.04
4039.03
3976.62
3915.27
3853.89
3792.48
3731.05
3669.6
3608.13
3546.63
3485.12
3423.59
3362.04
3300.47
3238.89
3177.3
3115.69
3054.08
2992.45
2930.82
2869.18
2807.53
2745.87
2684.21
2622.54
2560.87
2499.19
2437.51
2375.83
2314.14
2252.45
2190.75
2129.06
2067.36
2005.66
1943.96
1882.25
1820.55
1758.84
1697.14
1635.43
1573.72
1512.01
1450.3
1388.59
1326.87
1265.16
1203.45
1141.74
1080.02
1018.31
956.593
894.397
826.393
746.834
653.754
544.857
417.455
268.401
94.0235
4911.31
4728.61
4631.08
4522.44
4425.98
4336.22
4253.15
4176.24
4105
4039.01
3976.62
3915.27
3853.9
3792.5
3731.07
3669.62
3608.14
3546.65
3485.13
3423.6
3362.05
3300.48
3238.9
3177.31
3115.7
3054.09
2992.46
2930.82
2869.18
2807.53
2745.88
2684.21
2622.54
2560.87
2499.19
2437.51
2375.83
2314.14
2252.45
2190.75
2129.06
2067.36
2005.66
1943.96
1882.25
1820.55
1758.84
1697.14
1635.43
1573.72
1512.01
1450.3
1388.59
1326.87
1265.16
1203.45
1141.74
1080.02
1018.31
956.593
894.397
826.393
746.834
653.754
544.857
417.455
268.401
94.0233
4905.53
4726.39
4629.21
4521.52
4425.39
4335.89
4252.96
4176.13
4104.95
4038.99
3976.61
3915.28
3853.91
3792.51
3731.09
3669.64
3608.16
3546.66
3485.15
3423.61
3362.06
3300.49
3238.91
3177.31
3115.71
3054.09
2992.46
2930.83
2869.19
2807.53
2745.88
2684.21
2622.55
2560.87
2499.19
2437.51
2375.83
2314.14
2252.45
2190.75
2129.06
2067.36
2005.66
1943.96
1882.25
1820.55
1758.84
1697.14
1635.43
1573.72
1512.01
1450.3
1388.59
1326.87
1265.16
1203.45
1141.74
1080.02
1018.31
956.593
894.397
826.393
746.834
653.754
544.857
417.455
268.401
94.0231
4897.84
4724.15
4627.42
4520.88
4425.09
4335.81
4252.99
4176.21
4105.05
4039.09
3976.71
3915.37
3853.99
3792.58
3731.15
3669.69
3608.2
3546.7
3485.18
3423.64
3362.08
3300.51
3238.92
3177.32
3115.72
3054.1
2992.47
2930.83
2869.19
2807.54
2745.88
2684.22
2622.55
2560.87
2499.2
2437.51
2375.83
2314.14
2252.45
2190.76
2129.06
2067.36
2005.66
1943.96
1882.25
1820.55
1758.84
1697.14
1635.43
1573.72
1512.01
1450.3
1388.59
1326.87
1265.16
1203.45
1141.74
1080.02
1018.31
956.593
894.397
826.393
746.834
653.754
544.857
417.455
268.401
94.0227
4887.32
4721.51
4625.09
4520
4424.61
4335.6
4252.91
4176.2
4105.07
4039.13
3976.75
3915.41
3854.04
3792.62
3731.19
3669.72
3608.23
3546.72
3485.2
3423.65
3362.09
3300.52
3238.93
3177.33
3115.72
3054.1
2992.47
2930.84
2869.19
2807.54
2745.88
2684.22
2622.55
2560.87
2499.2
2437.51
2375.83
2314.14
2252.45
2190.76
2129.06
2067.36
2005.66
1943.96
1882.25
1820.55
1758.84
1697.14
1635.43
1573.72
1512.01
1450.3
1388.59
1326.87
1265.16
1203.45
1141.74
1080.02
1018.31
956.593
894.397
826.393
746.834
653.754
544.857
417.455
268.401
94.0222
4881.26
4727.33
4628.03
4523.26
4427.08
4337.5
4254.36
4177.3
4105.91
4039.79
3977.27
3915.82
3854.35
3792.87
3731.37
3669.86
3608.34
3546.81
3485.26
3423.7
3362.13
3300.55
3238.95
3177.35
3115.73
3054.11
2992.48
2930.84
2869.19
2807.54
2745.88
2684.22
2622.55
2560.87
2499.2
2437.51
2375.83
2314.14
2252.45
2190.76
2129.06
2067.36
2005.66
1943.96
1882.26
1820.55
1758.84
1697.14
1635.43
1573.72
1512.01
1450.3
1388.59
1326.87
1265.16
1203.45
1141.74
1080.02
1018.31
956.593
894.397
826.394
746.834
653.754
544.857
417.454
268.401
94.0219
4890.45
4727.07
4629.48
4521.53
4425.61
4335.75
4252.68
4175.74
4104.48
4038.49
3976.1
3914.77
3853.42
3792.04
3730.65
3669.23
3607.79
3546.33
3484.84
3423.34
3361.82
3300.28
3238.72
3177.15
3115.56
3053.96
2992.35
2930.73
2869.1
2807.46
2745.81
2684.16
2622.5
2560.83
2499.16
2437.48
2375.8
2314.12
2252.43
2190.74
2129.04
2067.35
2005.65
1943.95
1882.25
1820.54
1758.84
1697.13
1635.42
1573.71
1512
1450.29
1388.58
1326.87
1265.16
1203.45
1141.73
1080.02
1018.31
956.592
894.396
826.393
746.833
653.754
544.857
417.455
268.401
94.0229
4888.09
4723.48
4628.63
4520.59
4425.19
4335.48
4252.53
4175.65
4104.43
4038.47
3976.09
3914.77
3853.42
3792.05
3730.65
3669.23
3607.79
3546.33
3484.84
3423.34
3361.82
3300.28
3238.72
3177.15
3115.56
3053.96
2992.35
2930.73
2869.1
2807.46
2745.81
2684.16
2622.5
2560.83
2499.16
2437.48
2375.8
2314.12
2252.43
2190.74
2129.04
2067.35
2005.65
1943.95
1882.24
1820.54
1758.84
1697.13
1635.42
1573.71
1512
1450.29
1388.58
1326.87
1265.16
1203.45
1141.73
1080.02
1018.31
956.592
894.396
826.393
746.833
653.754
544.856
417.455
268.401
94.0227
4888.99
4721.21
4628.22
4519.94
4424.89
4335.27
4252.41
4175.58
4104.39
4038.44
3976.08
3914.76
3853.42
3792.05
3730.66
3669.24
3607.8
3546.33
3484.85
3423.34
3361.82
3300.28
3238.72
3177.15
3115.56
3053.96
2992.35
2930.73
2869.1
2807.46
2745.81
2684.16
2622.5
2560.83
2499.16
2437.48
2375.8
2314.11
2252.43
2190.74
2129.04
2067.35
2005.65
1943.95
1882.24
1820.54
1758.84
1697.13
1635.42
1573.71
1512
1450.29
1388.58
1326.87
1265.16
1203.45
1141.73
1080.02
1018.31
956.592
894.396
826.392
746.833
653.754
544.856
417.455
268.401
94.0228
4891.62
4720.31
4628.11
4519.59
4424.68
4335.12
4252.31
4175.52
4104.35
4038.42
3976.06
3914.75
3853.42
3792.05
3730.66
3669.24
3607.8
3546.34
3484.85
3423.34
3361.82
3300.28
3238.72
3177.15
3115.56
3053.96
2992.35
2930.73
2869.1
2807.46
2745.81
2684.16
2622.49
2560.83
2499.16
2437.48
2375.8
2314.11
2252.43
2190.73
2129.04
2067.34
2005.65
1943.95
1882.24
1820.54
1758.84
1697.13
1635.42
1573.71
1512
1450.29
1388.58
1326.87
1265.16
1203.45
1141.73
1080.02
1018.31
956.592
894.396
826.392
746.833
653.753
544.856
417.454
268.401
94.0229
4895.03
4720.33
4628.23
4519.49
4424.56
4335.03
4252.24
4175.47
4104.32
4038.4
3976.05
3914.75
3853.41
3792.05
3730.66
3669.24
3607.8
3546.34
3484.85
3423.35
3361.82
3300.28
3238.72
3177.15
3115.56
3053.96
2992.35
2930.73
2869.1
2807.46
2745.81
2684.16
2622.49
2560.83
2499.16
2437.48
2375.8
2314.11
2252.43
2190.73
2129.04
2067.34
2005.65
1943.95
1882.24
1820.54
1758.84
1697.13
1635.42
1573.71
1512
1450.29
1388.58
1326.87
1265.16
1203.45
1141.73
1080.02
1018.31
956.592
894.396
826.392
746.833
653.753
544.856
417.454
268.401
94.023
4898.87
4721.1
4628.61
4519.63
4424.56
4335.02
4252.21
4175.44
4104.3
4038.38
3976.04
3914.74
3853.41
3792.05
3730.66
3669.25
3607.81
3546.34
3484.86
3423.35
3361.82
3300.28
3238.72
3177.15
3115.56
3053.96
2992.35
2930.73
2869.1
2807.46
2745.81
2684.15
2622.49
2560.83
2499.16
2437.48
2375.8
2314.11
2252.43
2190.73
2129.04
2067.34
2005.65
1943.95
1882.24
1820.54
1758.83
1697.13
1635.42
1573.71
1512
1450.29
1388.58
1326.87
1265.16
1203.45
1141.73
1080.02
1018.31
956.592
894.396
826.392
746.833
653.753
544.856
417.454
268.4
94.0232
4902.81
4722.39
4629.19
4519.97
4424.66
4335.07
4252.23
4175.45
4104.3
4038.38
3976.04
3914.74
3853.41
3792.05
3730.66
3669.25
3607.81
3546.35
3484.86
3423.35
3361.83
3300.29
3238.73
3177.15
3115.56
3053.96
2992.35
2930.73
2869.1
2807.46
2745.81
2684.16
2622.49
2560.83
2499.16
2437.48
2375.8
2314.11
2252.43
2190.73
2129.04
2067.34
2005.65
1943.95
1882.24
1820.54
1758.83
1697.13
1635.42
1573.71
1512
1450.29
1388.58
1326.87
1265.16
1203.45
1141.73
1080.02
1018.31
956.591
894.396
826.392
746.833
653.753
544.856
417.454
268.4
94.0234
4906.53
4723.97
4629.88
4520.45
4424.85
4335.18
4252.28
4175.47
4104.31
4038.39
3976.05
3914.75
3853.42
3792.06
3730.67
3669.26
3607.82
3546.35
3484.87
3423.36
3361.83
3300.29
3238.73
3177.16
3115.57
3053.97
2992.35
2930.73
2869.1
2807.46
2745.81
2684.16
2622.49
2560.83
2499.16
2437.48
2375.8
2314.11
2252.43
2190.73
2129.04
2067.34
2005.65
1943.95
1882.24
1820.54
1758.83
1697.13
1635.42
1573.71
1512
1450.29
1388.58
1326.87
1265.16
1203.45
1141.73
1080.02
1018.31
956.591
894.395
826.392
746.833
653.753
544.856
417.454
268.4
94.0236
4909.76
4725.59
4630.57
4520.97
4425.07
4335.32
4252.35
4175.52
4104.34
4038.4
3976.06
3914.76
3853.42
3792.06
3730.68
3669.26
3607.82
3546.36
3484.87
3423.36
3361.84
3300.29
3238.73
3177.16
3115.57
3053.97
2992.36
2930.73
2869.1
2807.46
2745.81
2684.16
2622.5
2560.83
2499.16
2437.48
2375.8
2314.11
2252.43
2190.73
2129.04
2067.34
2005.65
1943.95
1882.24
1820.54
1758.83
1697.13
1635.42
1573.71
1512
1450.29
1388.58
1326.87
1265.16
1203.45
1141.73
1080.02
1018.31
956.591
894.395
826.392
746.833
653.753
544.856
417.454
268.4
94.0237
4912.21
4727.01
4631.12
4521.45
4425.27
4335.45
4252.43
4175.56
4104.36
4038.42
3976.07
3914.77
3853.43
3792.07
3730.69
3669.27
3607.83
3546.37
3484.88
3423.37
3361.84
3300.3
3238.74
3177.16
3115.57
3053.97
2992.36
2930.74
2869.1
2807.46
2745.81
2684.16
2622.5
2560.83
2499.16
2437.48
2375.8
2314.11
2252.43
2190.73
2129.04
2067.34
2005.65
1943.95
1882.24
1820.54
1758.84
1697.13
1635.42
1573.71
1512
1450.29
1388.58
1326.87
1265.16
1203.45
1141.73
1080.02
1018.31
956.591
894.395
826.392
746.833
653.753
544.856
417.454
268.4
94.0239
4913.61
4728
4631.38
4521.76
4425.38
4335.53
4252.47
4175.58
4104.38
4038.43
3976.08
3914.77
3853.44
3792.08
3730.69
3669.28
3607.84
3546.37
3484.89
3423.38
3361.85
3300.31
3238.75
3177.17
3115.58
3053.98
2992.36
2930.74
2869.11
2807.47
2745.82
2684.16
2622.5
2560.83
2499.16
2437.48
2375.8
2314.11
2252.43
2190.74
2129.04
2067.35
2005.65
1943.95
1882.24
1820.54
1758.84
1697.13
1635.42
1573.71
1512
1450.29
1388.58
1326.87
1265.16
1203.45
1141.73
1080.02
1018.31
956.591
894.395
826.392
746.832
653.753
544.856
417.454
268.4
94.024
4913.67
4728.35
4631.21
4521.81
4425.34
4335.51
4252.45
4175.57
4104.37
4038.43
3976.08
3914.78
3853.45
3792.09
3730.7
3669.29
3607.85
3546.38
3484.9
3423.39
3361.86
3300.31
3238.75
3177.18
3115.58
3053.98
2992.37
2930.74
2869.11
2807.47
2745.82
2684.16
2622.5
2560.83
2499.16
2437.48
2375.8
2314.12
2252.43
2190.74
2129.04
2067.35
2005.65
1943.95
1882.24
1820.54
1758.84
1697.13
1635.42
1573.71
1512
1450.29
1388.58
1326.87
1265.16
1203.45
1141.73
1080.02
1018.31
956.591
894.395
826.392
746.832
653.753
544.856
417.454
268.4
94.024
4912.08
4727.88
4630.5
4521.53
4425.1
4335.37
4252.36
4175.51
4104.34
4038.41
3976.07
3914.78
3853.45
3792.1
3730.71
3669.3
3607.86
3546.39
3484.91
3423.4
3361.87
3300.32
3238.76
3177.18
3115.59
3053.99
2992.37
2930.75
2869.11
2807.47
2745.82
2684.16
2622.5
2560.83
2499.16
2437.48
2375.8
2314.12
2252.43
2190.74
2129.04
2067.35
2005.65
1943.95
1882.24
1820.54
1758.84
1697.13
1635.42
1573.71
1512
1450.29
1388.58
1326.87
1265.16
1203.45
1141.73
1080.02
1018.31
956.591
894.395
826.392
746.832
653.753
544.856
417.454
268.4
94.024
4908.56
4726.52
4629.2
4520.91
4424.67
4335.12
4252.21
4175.42
4104.29
4038.39
3976.06
3914.78
3853.46
3792.11
3730.73
3669.31
3607.87
3546.41
3484.92
3423.41
3361.88
3300.33
3238.77
3177.19
3115.6
3053.99
2992.38
2930.75
2869.12
2807.47
2745.82
2684.17
2622.5
2560.83
2499.16
2437.48
2375.8
2314.12
2252.43
2190.74
2129.04
2067.35
2005.65
1943.95
1882.24
1820.54
1758.84
1697.13
1635.42
1573.71
1512
1450.29
1388.58
1326.87
1265.16
1203.45
1141.73
1080.02
1018.31
956.591
894.395
826.392
746.832
653.753
544.856
417.454
268.4
94.0238
4902.76
4724.29
4627.31
4519.98
4424.08
4334.78
4252.01
4175.31
4104.23
4038.36
3976.05
3914.78
3853.47
3792.12
3730.74
3669.33
3607.89
3546.42
3484.93
3423.42
3361.89
3300.34
3238.78
3177.2
3115.6
3054
2992.38
2930.75
2869.12
2807.48
2745.83
2684.17
2622.5
2560.84
2499.16
2437.48
2375.8
2314.12
2252.43
2190.74
2129.04
2067.35
2005.65
1943.95
1882.24
1820.54
1758.84
1697.13
1635.42
1573.71
1512
1450.29
1388.58
1326.87
1265.16
1203.45
1141.73
1080.02
1018.31
956.591
894.395
826.392
746.832
653.753
544.856
417.454
268.401
94.0235
4895.05
4722.03
4625.51
4519.33
4423.77
4334.69
4252.03
4175.39
4104.32
4038.46
3976.15
3914.87
3853.55
3792.19
3730.8
3669.38
3607.93
3546.46
3484.96
3423.45
3361.91
3300.36
3238.79
3177.21
3115.61
3054
2992.39
2930.76
2869.12
2807.48
2745.83
2684.17
2622.51
2560.84
2499.16
2437.48
2375.8
2314.12
2252.43
2190.74
2129.04
2067.35
2005.65
1943.95
1882.24
1820.54
1758.84
1697.13
1635.42
1573.71
1512
1450.29
1388.58
1326.87
1265.16
1203.45
1141.73
1080.02
1018.31
956.591
894.395
826.392
746.832
653.753
544.856
417.454
268.401
94.0231
4884.51
4719.38
4623.18
4518.44
4423.28
4334.48
4251.95
4175.37
4104.34
4038.49
3976.19
3914.91
3853.59
3792.23
3730.84
3669.41
3607.96
3546.48
3484.98
3423.46
3361.92
3300.37
3238.8
3177.21
3115.62
3054.01
2992.39
2930.76
2869.12
2807.48
2745.83
2684.17
2622.51
2560.84
2499.16
2437.48
2375.8
2314.12
2252.43
2190.74
2129.04
2067.35
2005.65
1943.95
1882.24
1820.54
1758.84
1697.13
1635.42
1573.71
1512
1450.29
1388.58
1326.87
1265.16
1203.45
1141.73
1080.02
1018.31
956.591
894.395
826.392
746.833
653.753
544.856
417.454
268.401
94.0225
4878.46
4725.19
4626.14
4521.71
4425.76
4336.39
4253.41
4176.48
4105.2
4039.16
3976.71
3915.32
3853.91
3792.48
3731.03
3669.56
3608.07
3546.57
3485.05
3423.51
3361.96
3300.4
3238.82
3177.23
3115.63
3054.02
2992.4
2930.77
2869.13
2807.48
2745.83
2684.17
2622.51
2560.84
2499.16
2437.49
2375.8
2314.12
2252.43
2190.74
2129.04
2067.35
2005.65
1943.95
1882.24
1820.54
1758.84
1697.13
1635.42
1573.71
1512
1450.29
1388.58
1326.87
1265.16
1203.45
1141.73
1080.02
1018.31
956.591
894.395
826.392
746.833
653.753
544.856
417.454
268.401
94.0222
4887.62
4724.97
4627.59
4520.01
4424.32
4334.67
4251.76
4174.95
4103.79
4037.89
3975.57
3914.3
3853
3791.68
3730.32
3668.94
3607.53
3546.1
3484.64
3423.16
3361.66
3300.14
3238.6
3177.04
3115.47
3053.88
2992.28
2930.66
2869.04
2807.41
2745.77
2684.12
2622.46
2560.8
2499.13
2437.46
2375.78
2314.09
2252.41
2190.72
2129.03
2067.33
2005.64
1943.94
1882.24
1820.53
1758.83
1697.12
1635.42
1573.71
1512
1450.29
1388.58
1326.87
1265.16
1203.44
1141.73
1080.02
1018.3
956.59
894.394
826.391
746.832
653.753
544.856
417.454
268.401
94.0232
4885.27
4721.39
4626.73
4519.08
4423.9
4334.4
4251.61
4174.86
4103.75
4037.86
3975.56
3914.3
3853
3791.68
3730.33
3668.95
3607.54
3546.1
3484.65
3423.16
3361.66
3300.14
3238.6
3177.04
3115.46
3053.88
2992.27
2930.66
2869.04
2807.41
2745.76
2684.11
2622.46
2560.8
2499.13
2437.45
2375.78
2314.09
2252.41
2190.72
2129.03
2067.33
2005.64
1943.94
1882.24
1820.53
1758.83
1697.12
1635.42
1573.71
1512
1450.29
1388.58
1326.87
1265.16
1203.44
1141.73
1080.02
1018.3
956.59
894.394
826.391
746.832
653.753
544.856
417.454
268.401
94.023
4886.17
4719.12
4626.33
4518.43
4423.6
4334.19
4251.49
4174.79
4103.7
4037.84
3975.54
3914.29
3853
3791.68
3730.33
3668.95
3607.54
3546.11
3484.65
3423.17
3361.66
3300.14
3238.6
3177.04
3115.46
3053.87
2992.27
2930.66
2869.04
2807.4
2745.76
2684.11
2622.46
2560.79
2499.13
2437.45
2375.77
2314.09
2252.41
2190.72
2129.03
2067.33
2005.63
1943.94
1882.23
1820.53
1758.83
1697.12
1635.42
1573.71
1512
1450.29
1388.58
1326.87
1265.16
1203.44
1141.73
1080.02
1018.3
956.59
894.394
826.391
746.832
653.753
544.856
417.454
268.4
94.0231
4888.8
4718.23
4626.21
4518.08
4423.39
4334.04
4251.39
4174.72
4103.66
4037.81
3975.53
3914.28
3853
3791.68
3730.33
3668.95
3607.54
3546.11
3484.65
3423.17
3361.66
3300.14
3238.6
3177.04
3115.46
3053.87
2992.27
2930.66
2869.04
2807.4
2745.76
2684.11
2622.46
2560.79
2499.13
2437.45
2375.77
2314.09
2252.41
2190.72
2129.03
2067.33
2005.63
1943.94
1882.23
1820.53
1758.83
1697.12
1635.42
1573.71
1512
1450.29
1388.58
1326.87
1265.16
1203.44
1141.73
1080.02
1018.3
956.59
894.394
826.391
746.832
653.752
544.856
417.454
268.4
94.0232
4892.21
4718.26
4626.34
4517.99
4423.27
4333.95
4251.32
4174.68
4103.63
4037.79
3975.52
3914.28
3853
3791.68
3730.33
3668.95
3607.55
3546.11
3484.65
3423.17
3361.66
3300.14
3238.6
3177.04
3115.46
3053.87
2992.27
2930.66
2869.04
2807.4
2745.76
2684.11
2622.46
2560.79
2499.12
2437.45
2375.77
2314.09
2252.41
2190.72
2129.03
2067.33
2005.63
1943.94
1882.23
1820.53
1758.83
1697.12
1635.42
1573.71
1512
1450.29
1388.58
1326.87
1265.16
1203.44
1141.73
1080.02
1018.3
956.59
894.394
826.391
746.832
653.752
544.855
417.454
268.4
94.0234
4896.06
4719.03
4626.71
4518.13
4423.27
4333.94
4251.29
4174.65
4103.61
4037.78
3975.51
3914.27
3852.99
3791.68
3730.34
3668.96
3607.55
3546.12
3484.66
3423.17
3361.67
3300.14
3238.6
3177.04
3115.46
3053.87
2992.27
2930.66
2869.04
2807.4
2745.76
2684.11
2622.46
2560.79
2499.12
2437.45
2375.77
2314.09
2252.41
2190.72
2129.03
2067.33
2005.63
1943.93
1882.23
1820.53
1758.83
1697.12
1635.41
1573.71
1512
1450.29
1388.58
1326.87
1265.16
1203.44
1141.73
1080.02
1018.3
956.59
894.394
826.391
746.831
653.752
544.855
417.454
268.4
94.0236
4900
4720.33
4627.29
4518.47
4423.38
4333.99
4251.31
4174.66
4103.61
4037.78
3975.51
3914.27
3853
3791.68
3730.34
3668.96
3607.55
3546.12
3484.66
3423.18
3361.67
3300.15
3238.6
3177.04
3115.47
3053.88
2992.27
2930.66
2869.04
2807.4
2745.76
2684.11
2622.46
2560.79
2499.12
2437.45
2375.77
2314.09
2252.41
2190.72
2129.03
2067.33
2005.63
1943.93
1882.23
1820.53
1758.83
1697.12
1635.41
1573.71
1512
1450.29
1388.58
1326.87
1265.16
1203.44
1141.73
1080.02
1018.3
956.59
894.394
826.391
746.831
653.752
544.855
417.454
268.4
94.0238
4903.71
4721.9
4627.98
4518.95
4423.56
4334.1
4251.36
4174.68
4103.63
4037.79
3975.51
3914.28
3853
3791.69
3730.34
3668.97
3607.56
3546.13
3484.67
3423.18
3361.68
3300.15
3238.61
3177.05
3115.47
3053.88
2992.28
2930.66
2869.04
2807.41
2745.76
2684.11
2622.46
2560.79
2499.13
2437.45
2375.77
2314.09
2252.41
2190.72
2129.03
2067.33
2005.63
1943.93
1882.23
1820.53
1758.83
1697.12
1635.41
1573.71
1512
1450.29
1388.58
1326.87
1265.16
1203.44
1141.73
1080.02
1018.3
956.59
894.394
826.391
746.831
653.752
544.855
417.454
268.4
94.024
4906.92
4723.52
4628.67
4519.47
4423.78
4334.24
4251.43
4174.72
4103.65
4037.8
3975.52
3914.28
3853.01
3791.7
3730.35
3668.97
3607.57
3546.13
3484.67
3423.19
3361.68
3300.16
3238.61
3177.05
3115.47
3053.88
2992.28
2930.67
2869.04
2807.41
2745.76
2684.11
2622.46
2560.79
2499.13
2437.45
2375.77
2314.09
2252.41
2190.72
2129.03
2067.33
2005.63
1943.93
1882.23
1820.53
1758.83
1697.12
1635.41
1573.71
1512
1450.29
1388.58
1326.87
1265.16
1203.44
1141.73
1080.02
1018.3
956.59
894.394
826.391
746.831
653.752
544.855
417.454
268.4
94.0242
4909.36
4724.93
4629.21
4519.94
4423.98
4334.37
4251.5
4174.77
4103.68
4037.82
3975.54
3914.3
3853.02
3791.71
3730.36
3668.98
3607.58
3546.14
3484.68
3423.19
3361.69
3300.16
3238.62
3177.05
3115.48
3053.89
2992.28
2930.67
2869.04
2807.41
2745.77
2684.12
2622.46
2560.8
2499.13
2437.45
2375.78
2314.09
2252.41
2190.72
2129.03
2067.33
2005.63
1943.94
1882.23
1820.53
1758.83
1697.12
1635.42
1573.71
1512
1450.29
1388.58
1326.87
1265.16
1203.44
1141.73
1080.02
1018.3
956.59
894.394
826.391
746.831
653.752
544.855
417.454
268.4
94.0244
4910.74
4725.91
4629.46
4520.24
4424.09
4334.45
4251.54
4174.79
4103.69
4037.83
3975.55
3914.3
3853.03
3791.71
3730.37
3668.99
3607.58
3546.15
3484.69
3423.2
3361.7
3300.17
3238.62
3177.06
3115.48
3053.89
2992.29
2930.67
2869.05
2807.41
2745.77
2684.12
2622.46
2560.8
2499.13
2437.45
2375.78
2314.09
2252.41
2190.72
2129.03
2067.33
2005.63
1943.94
1882.23
1820.53
1758.83
1697.12
1635.42
1573.71
1512
1450.29
1388.58
1326.87
1265.16
1203.44
1141.73
1080.02
1018.3
956.59
894.394
826.391
746.831
653.752
544.855
417.454
268.4
94.0245
4910.78
4726.25
4629.28
4520.29
4424.04
4334.42
4251.52
4174.77
4103.68
4037.83
3975.55
3914.31
3853.03
3791.72
3730.38
3669
3607.59
3546.16
3484.7
3423.21
3361.7
3300.18
3238.63
3177.07
3115.49
3053.9
2992.29
2930.68
2869.05
2807.41
2745.77
2684.12
2622.46
2560.8
2499.13
2437.46
2375.78
2314.09
2252.41
2190.72
2129.03
2067.33
2005.63
1943.94
1882.23
1820.53
1758.83
1697.12
1635.42
1573.71
1512
1450.29
1388.58
1326.87
1265.16
1203.44
1141.73
1080.02
1018.3
956.59
894.394
826.391
746.831
653.752
544.855
417.454
268.4
94.0245
4909.18
4725.77
4628.56
4519.99
4423.8
4334.27
4251.43
4174.71
4103.64
4037.8
3975.53
3914.3
3853.03
3791.73
3730.38
3669.01
3607.6
3546.17
3484.71
3423.22
3361.71
3300.18
3238.64
3177.07
3115.49
3053.9
2992.3
2930.68
2869.05
2807.42
2745.77
2684.12
2622.46
2560.8
2499.13
2437.46
2375.78
2314.09
2252.41
2190.72
2129.03
2067.33
2005.63
1943.94
1882.23
1820.53
1758.83
1697.12
1635.42
1573.71
1512
1450.29
1388.58
1326.87
1265.16
1203.44
1141.73
1080.02
1018.3
956.59
894.394
826.391
746.831
653.752
544.855
417.454
268.4
94.0245
4905.63
4724.39
4627.24
4519.36
4423.36
4334.02
4251.27
4174.62
4103.59
4037.78
3975.52
3914.3
3853.04
3791.74
3730.4
3669.02
3607.62
3546.18
3484.72
3423.23
3361.72
3300.19
3238.64
3177.08
3115.5
3053.91
2992.3
2930.68
2869.06
2807.42
2745.78
2684.12
2622.47
2560.8
2499.13
2437.46
2375.78
2314.1
2252.41
2190.72
2129.03
2067.33
2005.63
1943.94
1882.23
1820.53
1758.83
1697.12
1635.42
1573.71
1512
1450.29
1388.58
1326.87
1265.16
1203.44
1141.73
1080.02
1018.3
956.59
894.394
826.391
746.831
653.752
544.855
417.454
268.4
94.0242
4899.81
4722.14
4625.35
4518.42
4422.75
4333.67
4251.06
4174.5
4103.53
4037.74
3975.51
3914.3
3853.05
3791.75
3730.41
3669.04
3607.63
3546.19
3484.73
3423.24
3361.73
3300.2
3238.65
3177.09
3115.5
3053.91
2992.3
2930.69
2869.06
2807.42
2745.78
2684.12
2622.47
2560.8
2499.13
2437.46
2375.78
2314.1
2252.41
2190.72
2129.03
2067.33
2005.63
1943.94
1882.23
1820.53
1758.83
1697.12
1635.41
1573.71
1512
1450.29
1388.58
1326.87
1265.16
1203.44
1141.73
1080.02
1018.3
956.589
894.394
826.391
746.831
653.752
544.856
417.454
268.4
94.0239
4892.08
4719.85
4623.53
4517.75
4422.43
4333.57
4251.08
4174.57
4103.61
4037.84
3975.6
3914.39
3853.12
3791.82
3730.47
3669.09
3607.67
3546.23
3484.76
3423.27
3361.75
3300.22
3238.66
3177.1
3115.51
3053.92
2992.31
2930.69
2869.06
2807.42
2745.78
2684.13
2622.47
2560.8
2499.13
2437.46
2375.78
2314.1
2252.41
2190.72
2129.03
2067.33
2005.63
1943.94
1882.23
1820.53
1758.83
1697.12
1635.41
1573.71
1512
1450.29
1388.58
1326.87
1265.16
1203.44
1141.73
1080.02
1018.3
956.59
894.394
826.391
746.831
653.752
544.856
417.454
268.4
94.0234
4881.52
4717.19
4621.2
4516.85
4421.94
4333.35
4251
4174.55
4103.63
4037.87
3975.64
3914.43
3853.16
3791.85
3730.5
3669.12
3607.7
3546.25
3484.78
3423.28
3361.76
3300.23
3238.67
3177.1
3115.52
3053.92
2992.31
2930.69
2869.06
2807.42
2745.78
2684.13
2622.47
2560.8
2499.13
2437.46
2375.78
2314.1
2252.41
2190.72
2129.03
2067.33
2005.63
1943.94
1882.23
1820.53
1758.83
1697.12
1635.42
1573.71
1512
1450.29
1388.58
1326.87
1265.16
1203.44
1141.73
1080.02
1018.3
956.59
894.394
826.391
746.832
653.752
544.856
417.454
268.4
94.0228
4875.46
4722.99
4624.18
4520.13
4424.43
4335.27
4252.46
4175.67
4104.49
4038.54
3976.17
3914.84
3853.49
3792.11
3730.7
3669.27
3607.82
3546.34
3484.85
3423.34
3361.81
3300.26
3238.7
3177.12
3115.53
3053.93
2992.32
2930.7
2869.07
2807.43
2745.78
2684.13
2622.47
2560.8
2499.13
2437.46
2375.78
2314.1
2252.41
2190.72
2129.03
2067.33
2005.64
1943.94
1882.24
1820.53
1758.83
1697.12
1635.42
1573.71
1512
1450.29
1388.58
1326.87
1265.16
1203.44
1141.73
1080.02
1018.3
956.59
894.394
826.391
746.832
653.752
544.856
417.454
268.401
94.0225
4884.64
4722.82
4625.65
4518.48
4423.03
4333.6
4250.86
4174.18
4103.13
4037.31
3975.06
3913.85
3852.61
3791.33
3730.02
3668.67
3607.3
3545.89
3484.46
3423
3361.52
3300.01
3238.48
3176.94
3115.38
3053.8
2992.21
2930.6
2868.99
2807.36
2745.72
2684.08
2622.43
2560.77
2499.1
2437.43
2375.76
2314.08
2252.39
2190.7
2129.01
2067.32
2005.62
1943.93
1882.23
1820.52
1758.82
1697.12
1635.41
1573.7
1511.99
1450.29
1388.58
1326.87
1265.15
1203.44
1141.73
1080.02
1018.3
956.588
894.393
826.39
746.831
653.752
544.855
417.454
268.4
94.0235
4882.29
4719.26
4624.79
4517.56
4422.61
4333.33
4250.7
4174.09
4103.08
4037.28
3975.05
3913.85
3852.61
3791.33
3730.02
3668.68
3607.3
3545.89
3484.46
3423
3361.52
3300.01
3238.48
3176.94
3115.37
3053.8
2992.2
2930.6
2868.98
2807.36
2745.72
2684.08
2622.42
2560.76
2499.1
2437.43
2375.75
2314.07
2252.39
2190.7
2129.01
2067.32
2005.62
1943.93
1882.23
1820.52
1758.82
1697.12
1635.41
1573.7
1511.99
1450.29
1388.58
1326.86
1265.15
1203.44
1141.73
1080.02
1018.3
956.588
894.393
826.39
746.831
653.752
544.855
417.454
268.4
94.0233
4883.2
4717.01
4624.38
4516.92
4422.3
4333.12
4250.58
4174.01
4103.03
4037.26
3975.03
3913.84
3852.61
3791.33
3730.02
3668.68
3607.3
3545.9
3484.46
3423
3361.52
3300.01
3238.48
3176.94
3115.37
3053.79
2992.2
2930.6
2868.98
2807.35
2745.72
2684.07
2622.42
2560.76
2499.1
2437.43
2375.75
2314.07
2252.39
2190.7
2129.01
2067.32
2005.62
1943.93
1882.23
1820.52
1758.82
1697.12
1635.41
1573.7
1511.99
1450.29
1388.58
1326.86
1265.15
1203.44
1141.73
1080.02
1018.3
956.588
894.393
826.39
746.831
653.752
544.855
417.454
268.4
94.0233
4885.83
4716.12
4624.26
4516.57
4422.1
4332.97
4250.48
4173.95
4102.99
4037.23
3975.02
3913.83
3852.6
3791.33
3730.02
3668.68
3607.3
3545.9
3484.46
3423
3361.52
3300.01
3238.48
3176.94
3115.37
3053.79
2992.2
2930.6
2868.98
2807.35
2745.72
2684.07
2622.42
2560.76
2499.1
2437.43
2375.75
2314.07
2252.39
2190.7
2129.01
2067.32
2005.62
1943.93
1882.23
1820.52
1758.82
1697.12
1635.41
1573.7
1511.99
1450.28
1388.57
1326.86
1265.15
1203.44
1141.73
1080.02
1018.3
956.588
894.393
826.39
746.831
653.752
544.855
417.454
268.4
94.0235
4889.25
4716.16
4624.38
4516.48
4421.98
4332.88
4250.41
4173.9
4102.96
4037.21
3975
3913.82
3852.6
3791.33
3730.02
3668.68
3607.31
3545.9
3484.46
3423
3361.52
3300.01
3238.48
3176.94
3115.37
3053.79
2992.2
2930.6
2868.98
2807.35
2745.72
2684.07
2622.42
2560.76
2499.1
2437.43
2375.75
2314.07
2252.39
2190.7
2129.01
2067.32
2005.62
1943.93
1882.23
1820.52
1758.82
1697.12
1635.41
1573.7
1511.99
1450.28
1388.57
1326.86
1265.15
1203.44
1141.73
1080.02
1018.3
956.588
894.393
826.39
746.83
653.751
544.855
417.454
268.4
94.0237
4893.09
4716.93
4624.76
4516.62
4421.98
4332.87
4250.39
4173.88
4102.94
4037.2
3974.99
3913.82
3852.6
3791.33
3730.03
3668.68
3607.31
3545.9
3484.47
3423.01
3361.52
3300.01
3238.48
3176.94
3115.37
3053.79
2992.2
2930.6
2868.98
2807.35
2745.72
2684.07
2622.42
2560.76
2499.1
2437.43
2375.75
2314.07
2252.39
2190.7
2129.01
2067.32
2005.62
1943.92
1882.23
1820.52
1758.82
1697.12
1635.41
1573.7
1511.99
1450.28
1388.57
1326.86
1265.15
1203.44
1141.73
1080.02
1018.3
956.588
894.393
826.39
746.83
653.751
544.855
417.454
268.4
94.0239
4897.02
4718.23
4625.33
4516.96
4422.09
4332.93
4250.4
4173.88
4102.94
4037.19
3974.99
3913.82
3852.6
3791.33
3730.03
3668.69
3607.31
3545.91
3484.47
3423.01
3361.52
3300.02
3238.49
3176.94
3115.38
3053.8
2992.2
2930.6
2868.98
2807.35
2745.72
2684.07
2622.42
2560.76
2499.1
2437.43
2375.75
2314.07
2252.39
2190.7
2129.01
2067.32
2005.62
1943.92
1882.22
1820.52
1758.82
1697.12
1635.41
1573.7
1511.99
1450.28
1388.57
1326.86
1265.15
1203.44
1141.73
1080.02
1018.3
956.588
894.392
826.39
746.83
653.751
544.855
417.453
268.4
94.0242
4900.73
4719.81
4626.02
4517.44
4422.27
4333.04
4250.46
4173.91
4102.96
4037.2
3975
3913.82
3852.6
3791.34
3730.04
3668.69
3607.32
3545.91
3484.48
3423.02
3361.53
3300.02
3238.49
3176.94
3115.38
3053.8
2992.21
2930.6
2868.98
2807.36
2745.72
2684.07
2622.42
2560.76
2499.1
2437.43
2375.75
2314.07
2252.39
2190.7
2129.01
2067.32
2005.62
1943.92
1882.23
1820.52
1758.82
1697.12
1635.41
1573.7
1511.99
1450.28
1388.57
1326.86
1265.15
1203.44
1141.73
1080.02
1018.3
956.588
894.392
826.389
746.83
653.751
544.855
417.453
268.4
94.0244
4903.93
4721.42
4626.7
4517.96
4422.5
4333.17
4250.53
4173.95
4102.98
4037.22
3975.01
3913.83
3852.61
3791.35
3730.04
3668.7
3607.33
3545.92
3484.48
3423.02
3361.54
3300.03
3238.5
3176.95
3115.38
3053.8
2992.21
2930.6
2868.99
2807.36
2745.72
2684.08
2622.42
2560.76
2499.1
2437.43
2375.75
2314.07
2252.39
2190.7
2129.01
2067.32
2005.62
1943.92
1882.23
1820.52
1758.82
1697.12
1635.41
1573.7
1511.99
1450.28
1388.57
1326.86
1265.15
1203.44
1141.73
1080.02
1018.3
956.588
894.392
826.389
746.83
653.751
544.855
417.453
268.4
94.0246
4906.34
4722.83
4627.23
4518.42
4422.69
4333.3
4250.6
4173.99
4103.01
4037.24
3975.03
3913.85
3852.62
3791.36
3730.05
3668.71
3607.34
3545.93
3484.49
3423.03
3361.54
3300.03
3238.5
3176.95
3115.39
3053.81
2992.21
2930.61
2868.99
2807.36
2745.72
2684.08
2622.42
2560.77
2499.1
2437.43
2375.75
2314.07
2252.39
2190.7
2129.01
2067.32
2005.62
1943.93
1882.23
1820.52
1758.82
1697.12
1635.41
1573.7
1511.99
1450.28
1388.57
1326.86
1265.15
1203.44
1141.73
1080.02
1018.3
956.588
894.392
826.389
746.83
653.751
544.855
417.453
268.4
94.0248
4907.7
4723.8
4627.48
4518.72
4422.8
4333.37
4250.64
4174.01
4103.02
4037.25
3975.03
3913.85
3852.63
3791.37
3730.06
3668.72
3607.35
3545.94
3484.5
3423.04
3361.55
3300.04
3238.51
3176.96
3115.39
3053.81
2992.22
2930.61
2868.99
2807.36
2745.72
2684.08
2622.43
2560.77
2499.1
2437.43
2375.75
2314.07
2252.39
2190.7
2129.01
2067.32
2005.62
1943.93
1882.23
1820.52
1758.82
1697.12
1635.41
1573.7
1511.99
1450.29
1388.58
1326.86
1265.15
1203.44
1141.73
1080.02
1018.3
956.588
894.392
826.39
746.83
653.751
544.855
417.454
268.4
94.025
4907.72
4724.12
4627.29
4518.76
4422.75
4333.34
4250.61
4174
4103.01
4037.24
3975.03
3913.86
3852.63
3791.37
3730.07
3668.73
3607.35
3545.95
3484.51
3423.05
3361.56
3300.05
3238.52
3176.97
3115.4
3053.82
2992.22
2930.61
2868.99
2807.37
2745.73
2684.08
2622.43
2560.77
2499.1
2437.43
2375.76
2314.07
2252.39
2190.7
2129.01
2067.32
2005.62
1943.93
1882.23
1820.52
1758.82
1697.12
1635.41
1573.7
1511.99
1450.29
1388.58
1326.86
1265.15
1203.44
1141.73
1080.02
1018.3
956.588
894.392
826.39
746.83
653.751
544.855
417.454
268.4
94.025
4906.09
4723.62
4626.55
4518.45
4422.49
4333.19
4250.51
4173.93
4102.97
4037.22
3975.02
3913.85
3852.63
3791.37
3730.07
3668.74
3607.36
3545.96
3484.52
3423.05
3361.57
3300.05
3238.52
3176.97
3115.4
3053.82
2992.23
2930.62
2869
2807.37
2745.73
2684.08
2622.43
2560.77
2499.1
2437.43
2375.76
2314.08
2252.39
2190.7
2129.01
2067.32
2005.62
1943.93
1882.23
1820.52
1758.82
1697.12
1635.41
1573.7
1511.99
1450.29
1388.58
1326.86
1265.15
1203.44
1141.73
1080.02
1018.3
956.588
894.392
826.39
746.831
653.752
544.855
417.454
268.4
94.0249
4902.52
4722.23
4625.22
4517.8
4422.04
4332.92
4250.35
4173.83
4102.91
4037.18
3975
3913.84
3852.64
3791.38
3730.08
3668.75
3607.37
3545.97
3484.53
3423.06
3361.57
3300.06
3238.53
3176.98
3115.41
3053.83
2992.23
2930.62
2869
2807.37
2745.73
2684.08
2622.43
2560.77
2499.1
2437.43
2375.76
2314.08
2252.39
2190.7
2129.01
2067.32
2005.62
1943.93
1882.23
1820.52
1758.82
1697.12
1635.41
1573.7
1511.99
1450.28
1388.57
1326.86
1265.15
1203.44
1141.73
1080.02
1018.3
956.588
894.392
826.39
746.831
653.752
544.855
417.454
268.4
94.0246
4896.68
4719.95
4623.31
4516.85
4421.43
4332.56
4250.13
4173.71
4102.84
4037.15
3974.99
3913.84
3852.64
3791.39
3730.1
3668.76
3607.39
3545.98
3484.54
3423.07
3361.58
3300.07
3238.54
3176.98
3115.41
3053.83
2992.23
2930.62
2869
2807.37
2745.73
2684.09
2622.43
2560.77
2499.1
2437.43
2375.76
2314.08
2252.39
2190.7
2129.01
2067.32
2005.62
1943.93
1882.23
1820.52
1758.82
1697.12
1635.41
1573.7
1511.99
1450.28
1388.57
1326.86
1265.15
1203.44
1141.73
1080.02
1018.3
956.588
894.392
826.39
746.831
653.752
544.855
417.454
268.4
94.0242
4888.92
4717.64
4621.48
4516.16
4421.09
4332.45
4250.14
4173.76
4102.92
4037.23
3975.07
3913.92
3852.71
3791.46
3730.15
3668.81
3607.43
3546.01
3484.57
3423.1
3361.6
3300.08
3238.55
3176.99
3115.42
3053.84
2992.24
2930.63
2869
2807.37
2745.73
2684.09
2622.43
2560.77
2499.1
2437.43
2375.76
2314.08
2252.39
2190.7
2129.01
2067.32
2005.62
1943.93
1882.23
1820.52
1758.82
1697.12
1635.41
1573.7
1511.99
1450.28
1388.57
1326.86
1265.15
1203.44
1141.73
1080.02
1018.3
956.588
894.392
826.39
746.831
653.752
544.855
417.453
268.4
94.0237
4878.33
4714.95
4619.15
4515.25
4420.6
4332.23
4250.05
4173.74
4102.93
4037.26
3975.11
3913.96
3852.75
3791.49
3730.18
3668.84
3607.45
3546.03
3484.59
3423.11
3361.61
3300.09
3238.55
3177
3115.43
3053.84
2992.24
2930.63
2869.01
2807.37
2745.73
2684.09
2622.43
2560.77
2499.1
2437.43
2375.76
2314.08
2252.39
2190.7
2129.01
2067.32
2005.62
1943.93
1882.23
1820.52
1758.82
1697.12
1635.41
1573.7
1511.99
1450.28
1388.57
1326.86
1265.15
1203.44
1141.73
1080.02
1018.3
956.588
894.392
826.39
746.831
653.752
544.855
417.454
268.4
94.023
4872.26
4720.74
4622.15
4518.53
4423.1
4334.15
4251.52
4174.87
4103.81
4037.95
3975.65
3914.38
3853.08
3791.75
3730.39
3668.99
3607.57
3546.13
3484.66
3423.17
3361.66
3300.13
3238.58
3177.02
3115.44
3053.85
2992.25
2930.64
2869.01
2807.38
2745.74
2684.09
2622.43
2560.77
2499.11
2437.43
2375.76
2314.08
2252.39
2190.7
2129.01
2067.32
2005.62
1943.93
1882.23
1820.52
1758.82
1697.12
1635.41
1573.7
1511.99
1450.29
1388.58
1326.86
1265.15
1203.44
1141.73
1080.02
1018.3
956.588
894.393
826.39
746.831
653.752
544.855
417.454
268.401
94.0228
4881.48
4720.66
4623.65
4516.96
4421.75
4332.55
4249.98
4173.43
4102.49
4036.75
3974.58
3913.43
3852.24
3791
3729.73
3668.42
3607.08
3545.7
3484.29
3422.85
3361.38
3299.89
3238.38
3176.85
3115.3
3053.73
2992.14
2930.55
2868.94
2807.31
2745.68
2684.04
2622.39
2560.74
2499.08
2437.41
2375.74
2314.06
2252.38
2190.69
2129
2067.31
2005.61
1943.92
1882.22
1820.52
1758.82
1697.11
1635.41
1573.7
1511.99
1450.28
1388.57
1326.86
1265.15
1203.44
1141.73
1080.01
1018.3
956.587
894.391
826.389
746.83
653.751
544.855
417.453
268.4
94.0237
4879.14
4717.11
4622.78
4516.04
4421.33
4332.27
4249.82
4173.34
4102.44
4036.73
3974.56
3913.42
3852.23
3791.01
3729.73
3668.43
3607.08
3545.7
3484.29
3422.85
3361.38
3299.89
3238.38
3176.85
3115.29
3053.72
2992.14
2930.54
2868.93
2807.31
2745.68
2684.04
2622.39
2560.74
2499.08
2437.41
2375.73
2314.06
2252.38
2190.69
2129
2067.31
2005.61
1943.92
1882.22
1820.52
1758.81
1697.11
1635.41
1573.7
1511.99
1450.28
1388.57
1326.86
1265.15
1203.44
1141.73
1080.01
1018.3
956.587
894.391
826.389
746.83
653.751
544.855
417.453
268.4
94.0235
4880.05
4714.87
4622.37
4515.41
4421.02
4332.06
4249.69
4173.26
4102.39
4036.7
3974.54
3913.41
3852.23
3791
3729.73
3668.43
3607.08
3545.7
3484.29
3422.85
3361.38
3299.89
3238.38
3176.84
3115.29
3053.72
2992.14
2930.54
2868.93
2807.31
2745.68
2684.04
2622.39
2560.74
2499.07
2437.41
2375.73
2314.06
2252.37
2190.69
2129
2067.31
2005.61
1943.92
1882.22
1820.52
1758.81
1697.11
1635.4
1573.7
1511.99
1450.28
1388.57
1326.86
1265.15
1203.44
1141.73
1080.01
1018.3
956.587
894.391
826.389
746.83
653.751
544.854
417.453
268.4
94.0236
4882.7
4713.99
4622.25
4515.07
4420.81
4331.92
4249.59
4173.2
4102.35
4036.67
3974.53
3913.4
3852.23
3791
3729.73
3668.43
3607.08
3545.7
3484.29
3422.85
3361.38
3299.89
3238.38
3176.84
3115.29
3053.72
2992.14
2930.54
2868.93
2807.31
2745.68
2684.04
2622.39
2560.73
2499.07
2437.41
2375.73
2314.06
2252.37
2190.69
2129
2067.31
2005.61
1943.92
1882.22
1820.52
1758.81
1697.11
1635.4
1573.7
1511.99
1450.28
1388.57
1326.86
1265.15
1203.44
1141.73
1080.01
1018.3
956.587
894.391
826.389
746.83
653.751
544.854
417.453
268.4
94.0237
4886.12
4714.04
4622.37
4514.98
4420.7
4331.83
4249.53
4173.15
4102.32
4036.65
3974.51
3913.39
3852.22
3791
3729.73
3668.43
3607.08
3545.7
3484.29
3422.85
3361.38
3299.89
3238.38
3176.84
3115.29
3053.72
2992.14
2930.54
2868.93
2807.31
2745.68
2684.04
2622.39
2560.73
2499.07
2437.4
2375.73
2314.05
2252.37
2190.69
2129
2067.31
2005.61
1943.92
1882.22
1820.52
1758.81
1697.11
1635.4
1573.7
1511.99
1450.28
1388.57
1326.86
1265.15
1203.44
1141.73
1080.01
1018.3
956.587
894.391
826.389
746.83
653.751
544.854
417.453
268.4
94.0239
4889.96
4714.82
4622.74
4515.12
4420.7
4331.82
4249.5
4173.13
4102.3
4036.64
3974.51
3913.39
3852.22
3791
3729.74
3668.43
3607.09
3545.71
3484.29
3422.85
3361.39
3299.89
3238.38
3176.84
3115.29
3053.72
2992.14
2930.54
2868.93
2807.31
2745.68
2684.04
2622.39
2560.73
2499.07
2437.4
2375.73
2314.05
2252.37
2190.69
2129
2067.31
2005.61
1943.92
1882.22
1820.52
1758.81
1697.11
1635.4
1573.7
1511.99
1450.28
1388.57
1326.86
1265.15
1203.44
1141.73
1080.01
1018.3
956.587
894.391
826.388
746.83
653.751
544.854
417.453
268.4
94.0242
4893.88
4716.12
4623.31
4515.47
4420.81
4331.87
4249.52
4173.13
4102.3
4036.64
3974.51
3913.39
3852.22
3791
3729.74
3668.43
3607.09
3545.71
3484.3
3422.86
3361.39
3299.9
3238.38
3176.85
3115.29
3053.72
2992.14
2930.54
2868.93
2807.31
2745.68
2684.04
2622.39
2560.73
2499.07
2437.4
2375.73
2314.05
2252.37
2190.69
2129
2067.31
2005.61
1943.92
1882.22
1820.52
1758.81
1697.11
1635.4
1573.7
1511.99
1450.28
1388.57
1326.86
1265.15
1203.44
1141.73
1080.01
1018.3
956.587
894.391
826.388
746.83
653.751
544.854
417.453
268.399
94.0245
4897.57
4717.69
4623.99
4515.94
4420.99
4331.99
4249.57
4173.16
4102.32
4036.65
3974.51
3913.4
3852.23
3791.01
3729.75
3668.44
3607.1
3545.72
3484.31
3422.86
3361.4
3299.9
3238.39
3176.85
3115.3
3053.73
2992.14
2930.54
2868.93
2807.31
2745.68
2684.04
2622.39
2560.73
2499.07
2437.4
2375.73
2314.05
2252.37
2190.69
2129
2067.31
2005.61
1943.92
1882.22
1820.52
1758.81
1697.11
1635.4
1573.7
1511.99
1450.28
1388.57
1326.86
1265.15
1203.44
1141.73
1080.01
1018.3
956.587
894.391
826.388
746.83
653.751
544.854
417.453
268.399
94.0247
4900.75
4719.3
4624.67
4516.46
4421.22
4332.13
4249.65
4173.2
4102.34
4036.66
3974.53
3913.41
3852.24
3791.02
3729.76
3668.45
3607.11
3545.73
3484.31
3422.87
3361.4
3299.91
3238.39
3176.86
3115.3
3053.73
2992.15
2930.55
2868.93
2807.31
2745.68
2684.04
2622.39
2560.74
2499.07
2437.41
2375.73
2314.06
2252.37
2190.69
2129
2067.31
2005.61
1943.92
1882.22
1820.52
1758.81
1697.11
1635.4
1573.7
1511.99
1450.28
1388.57
1326.86
1265.15
1203.44
1141.73
1080.01
1018.3
956.587
894.391
826.388
746.83
653.751
544.854
417.453
268.399
94.025
4903.14
4720.71
4625.19
4516.92
4421.41
4332.25
4249.72
4173.25
4102.37
4036.68
3974.54
3913.42
3852.25
3791.03
3729.77
3668.46
3607.11
3545.73
3484.32
3422.88
3361.41
3299.91
3238.4
3176.86
3115.31
3053.74
2992.15
2930.55
2868.94
2807.32
2745.68
2684.04
2622.39
2560.74
2499.07
2437.41
2375.73
2314.06
2252.37
2190.69
2129
2067.31
2005.61
1943.92
1882.22
1820.52
1758.81
1697.11
1635.4
1573.7
1511.99
1450.28
1388.57
1326.86
1265.15
1203.44
1141.73
1080.01
1018.3
956.587
894.391
826.388
746.83
653.751
544.854
417.453
268.399
94.0252
4904.47
4721.66
4625.42
4517.21
4421.51
4332.32
4249.76
4173.27
4102.38
4036.69
3974.55
3913.43
3852.26
3791.04
3729.77
3668.47
3607.12
3545.74
3484.33
3422.89
3361.42
3299.92
3238.4
3176.87
3115.31
3053.74
2992.15
2930.55
2868.94
2807.32
2745.69
2684.04
2622.4
2560.74
2499.08
2437.41
2375.73
2314.06
2252.37
2190.69
2129
2067.31
2005.61
1943.92
1882.22
1820.52
1758.81
1697.11
1635.4
1573.7
1511.99
1450.28
1388.57
1326.86
1265.15
1203.44
1141.73
1080.01
1018.3
956.587
894.391
826.388
746.83
653.751
544.854
417.453
268.4
94.0253
4904.46
4721.97
4625.22
4517.23
4421.46
4332.29
4249.73
4173.25
4102.37
4036.69
3974.55
3913.43
3852.26
3791.04
3729.78
3668.48
3607.13
3545.75
3484.34
3422.9
3361.42
3299.93
3238.41
3176.87
3115.32
3053.74
2992.16
2930.56
2868.94
2807.32
2745.69
2684.05
2622.4
2560.74
2499.08
2437.41
2375.74
2314.06
2252.38
2190.69
2129
2067.31
2005.61
1943.92
1882.22
1820.52
1758.81
1697.11
1635.4
1573.7
1511.99
1450.28
1388.57
1326.86
1265.15
1203.44
1141.73
1080.01
1018.3
956.587
894.391
826.389
746.83
653.751
544.854
417.453
268.4
94.0254
4902.8
4721.45
4624.47
4516.92
4421.19
4332.12
4249.62
4173.18
4102.32
4036.66
3974.53
3913.42
3852.26
3791.05
3729.79
3668.48
3607.14
3545.76
3484.35
3422.9
3361.43
3299.94
3238.42
3176.88
3115.32
3053.75
2992.16
2930.56
2868.95
2807.32
2745.69
2684.05
2622.4
2560.74
2499.08
2437.41
2375.74
2314.06
2252.38
2190.69
2129
2067.31
2005.61
1943.92
1882.22
1820.52
1758.81
1697.11
1635.4
1573.7
1511.99
1450.28
1388.57
1326.86
1265.15
1203.44
1141.73
1080.01
1018.3
956.587
894.391
826.389
746.83
653.751
544.855
417.453
268.4
94.0253
4899.21
4720.04
4623.12
4516.25
4420.73
4331.84
4249.45
4173.07
4102.26
4036.62
3974.51
3913.41
3852.26
3791.05
3729.79
3668.49
3607.15
3545.77
3484.36
3422.91
3361.44
3299.94
3238.42
3176.88
3115.33
3053.75
2992.16
2930.56
2868.95
2807.33
2745.69
2684.05
2622.4
2560.74
2499.08
2437.41
2375.74
2314.06
2252.38
2190.69
2129
2067.31
2005.61
1943.92
1882.22
1820.52
1758.81
1697.11
1635.4
1573.7
1511.99
1450.28
1388.57
1326.86
1265.15
1203.44
1141.73
1080.01
1018.3
956.587
894.391
826.389
746.83
653.751
544.854
417.453
268.4
94.025
4893.34
4717.74
4621.2
4515.28
4420.1
4331.47
4249.22
4172.93
4102.18
4036.57
3974.49
3913.4
3852.26
3791.06
3729.8
3668.5
3607.16
3545.78
3484.37
3422.92
3361.45
3299.95
3238.43
3176.89
3115.33
3053.76
2992.17
2930.57
2868.95
2807.33
2745.69
2684.05
2622.4
2560.74
2499.08
2437.41
2375.74
2314.06
2252.38
2190.69
2129
2067.31
2005.61
1943.92
1882.22
1820.52
1758.81
1697.11
1635.4
1573.7
1511.99
1450.28
1388.57
1326.86
1265.15
1203.44
1141.73
1080.01
1018.3
956.587
894.391
826.389
746.83
653.751
544.855
417.453
268.4
94.0245
4885.54
4715.39
4619.35
4514.56
4419.75
4331.35
4249.21
4172.98
4102.25
4036.65
3974.57
3913.48
3852.33
3791.12
3729.85
3668.55
3607.2
3545.81
3484.39
3422.94
3361.46
3299.96
3238.44
3176.9
3115.34
3053.76
2992.17
2930.57
2868.95
2807.33
2745.69
2684.05
2622.4
2560.74
2499.08
2437.41
2375.74
2314.06
2252.38
2190.69
2129
2067.31
2005.61
1943.92
1882.22
1820.52
1758.81
1697.11
1635.4
1573.7
1511.99
1450.28
1388.57
1326.86
1265.15
1203.44
1141.73
1080.01
1018.3
956.587
894.391
826.389
746.83
653.751
544.855
417.453
268.4
94.024
4874.93
4712.69
4617.03
4513.65
4419.25
4331.12
4249.12
4172.96
4102.26
4036.68
3974.6
3913.51
3852.36
3791.15
3729.88
3668.57
3607.22
3545.83
3484.41
3422.95
3361.47
3299.97
3238.45
3176.9
3115.34
3053.76
2992.17
2930.57
2868.95
2807.33
2745.69
2684.05
2622.4
2560.74
2499.08
2437.41
2375.74
2314.06
2252.38
2190.69
2129
2067.31
2005.61
1943.92
1882.22
1820.52
1758.81
1697.11
1635.4
1573.7
1511.99
1450.28
1388.57
1326.86
1265.15
1203.44
1141.73
1080.01
1018.3
956.587
894.391
826.389
746.83
653.751
544.854
417.453
268.4
94.0233
4868.83
4718.44
4620.04
4516.91
4421.75
4333.05
4250.6
4174.09
4103.14
4037.37
3975.14
3913.94
3852.7
3791.41
3730.09
3668.73
3607.35
3545.93
3484.48
3423.02
3361.52
3300.01
3238.48
3176.93
3115.36
3053.78
2992.19
2930.58
2868.96
2807.34
2745.7
2684.06
2622.4
2560.75
2499.08
2437.41
2375.74
2314.06
2252.38
2190.69
2129
2067.31
2005.61
1943.92
1882.22
1820.52
1758.82
1697.11
1635.41
1573.7
1511.99
1450.28
1388.57
1326.86
1265.15
1203.44
1141.73
1080.01
1018.3
956.587
894.392
826.389
746.83
653.751
544.855
417.453
268.4
94.023
4878.13
4718.51
4621.59
4515.46
4420.48
4331.52
4249.12
4172.71
4101.88
4036.23
3974.12
3913.03
3851.89
3790.7
3729.47
3668.19
3606.88
3545.52
3484.14
3422.71
3361.27
3299.79
3238.29
3176.77
3115.22
3053.66
2992.09
2930.5
2868.89
2807.28
2745.65
2684.01
2622.37
2560.72
2499.06
2437.39
2375.72
2314.04
2252.36
2190.68
2128.99
2067.3
2005.61
1943.91
1882.21
1820.51
1758.81
1697.11
1635.4
1573.69
1511.99
1450.28
1388.57
1326.86
1265.15
1203.44
1141.73
1080.01
1018.3
956.586
894.39
826.388
746.829
653.751
544.854
417.453
268.4
94.024
4875.8
4714.97
4620.73
4514.55
4420.06
4331.25
4248.97
4172.62
4101.83
4036.2
3974.1
3913.02
3851.89
3790.7
3729.47
3668.19
3606.88
3545.52
3484.13
3422.71
3361.26
3299.79
3238.29
3176.76
3115.22
3053.66
2992.08
2930.49
2868.89
2807.27
2745.65
2684.01
2622.37
2560.71
2499.05
2437.39
2375.72
2314.04
2252.36
2190.68
2128.99
2067.3
2005.61
1943.91
1882.21
1820.51
1758.81
1697.11
1635.4
1573.69
1511.99
1450.28
1388.57
1326.86
1265.15
1203.44
1141.73
1080.01
1018.3
956.586
894.39
826.388
746.829
653.75
544.854
417.453
268.4
94.0238
4876.73
4712.74
4620.31
4513.92
4419.75
4331.04
4248.84
4172.54
4101.78
4036.17
3974.09
3913.01
3851.88
3790.7
3729.47
3668.19
3606.88
3545.52
3484.13
3422.71
3361.26
3299.78
3238.28
3176.76
3115.22
3053.66
2992.08
2930.49
2868.89
2807.27
2745.64
2684.01
2622.36
2560.71
2499.05
2437.39
2375.72
2314.04
2252.36
2190.68
2128.99
2067.3
2005.61
1943.91
1882.21
1820.51
1758.81
1697.11
1635.4
1573.69
1511.99
1450.28
1388.57
1326.86
1265.15
1203.44
1141.72
1080.01
1018.3
956.586
894.39
826.388
746.829
653.75
544.854
417.453
268.4
94.0238
4879.38
4711.87
4620.18
4513.59
4419.54
4330.89
4248.74
4172.47
4101.73
4036.14
3974.07
3913
3851.88
3790.7
3729.47
3668.19
3606.88
3545.52
3484.13
3422.71
3361.26
3299.78
3238.28
3176.76
3115.22
3053.66
2992.08
2930.49
2868.89
2807.27
2745.64
2684.01
2622.36
2560.71
2499.05
2437.39
2375.72
2314.04
2252.36
2190.68
2128.99
2067.3
2005.6
1943.91
1882.21
1820.51
1758.81
1697.1
1635.4
1573.69
1511.99
1450.28
1388.57
1326.86
1265.15
1203.44
1141.72
1080.01
1018.3
956.586
894.39
826.388
746.829
653.75
544.854
417.453
268.399
94.0239
4882.8
4711.93
4620.29
4513.5
4419.43
4330.81
4248.67
4172.43
4101.7
4036.12
3974.05
3912.99
3851.87
3790.69
3729.47
3668.19
3606.88
3545.52
3484.13
3422.71
3361.26
3299.78
3238.28
3176.76
3115.22
3053.66
2992.08
2930.49
2868.88
2807.27
2745.64
2684.01
2622.36
2560.71
2499.05
2437.39
2375.71
2314.04
2252.36
2190.68
2128.99
2067.3
2005.6
1943.91
1882.21
1820.51
1758.81
1697.1
1635.4
1573.69
1511.99
1450.28
1388.57
1326.86
1265.15
1203.44
1141.72
1080.01
1018.3
956.586
894.39
826.388
746.829
653.75
544.854
417.453
268.399
94.0242
4886.64
4712.72
4620.66
4513.65
4419.43
4330.79
4248.65
4172.41
4101.68
4036.11
3974.05
3912.99
3851.87
3790.7
3729.47
3668.2
3606.88
3545.53
3484.14
3422.72
3361.26
3299.79
3238.29
3176.76
3115.22
3053.66
2992.08
2930.49
2868.88
2807.27
2745.64
2684.01
2622.36
2560.71
2499.05
2437.38
2375.71
2314.04
2252.36
2190.68
2128.99
2067.3
2005.6
1943.91
1882.21
1820.51
1758.81
1697.1
1635.4
1573.69
1511.99
1450.28
1388.57
1326.86
1265.15
1203.44
1141.72
1080.01
1018.3
956.586
894.39
826.388
746.829
653.75
544.854
417.453
268.399
94.0245
4890.55
4714.02
4621.22
4514
4419.54
4330.85
4248.67
4172.41
4101.69
4036.11
3974.05
3912.99
3851.87
3790.7
3729.47
3668.2
3606.89
3545.53
3484.14
3422.72
3361.27
3299.79
3238.29
3176.76
3115.22
3053.66
2992.08
2930.49
2868.89
2807.27
2745.64
2684.01
2622.36
2560.71
2499.05
2437.38
2375.71
2314.04
2252.36
2190.68
2128.99
2067.3
2005.6
1943.91
1882.21
1820.51
1758.81
1697.1
1635.4
1573.69
1511.99
1450.28
1388.57
1326.86
1265.15
1203.44
1141.72
1080.01
1018.3
956.585
894.39
826.388
746.829
653.75
544.854
417.453
268.399
94.0248
4894.21
4715.61
4621.89
4514.47
4419.73
4330.97
4248.72
4172.45
4101.71
4036.12
3974.06
3913
3851.88
3790.71
3729.48
3668.21
3606.89
3545.54
3484.15
3422.73
3361.27
3299.8
3238.29
3176.77
3115.22
3053.66
2992.08
2930.49
2868.89
2807.27
2745.64
2684.01
2622.36
2560.71
2499.05
2437.39
2375.71
2314.04
2252.36
2190.68
2128.99
2067.3
2005.6
1943.91
1882.21
1820.51
1758.81
1697.1
1635.4
1573.69
1511.99
1450.28
1388.57
1326.86
1265.15
1203.44
1141.72
1080.01
1018.3
956.585
894.39
826.387
746.829
653.75
544.854
417.453
268.399
94.025
4897.36
4717.22
4622.56
4514.99
4419.95
4331.11
4248.8
4172.49
4101.74
4036.14
3974.07
3913.01
3851.89
3790.72
3729.49
3668.22
3606.9
3545.55
3484.16
3422.73
3361.28
3299.8
3238.3
3176.77
3115.23
3053.67
2992.09
2930.5
2868.89
2807.27
2745.65
2684.01
2622.36
2560.71
2499.05
2437.39
2375.72
2314.04
2252.36
2190.68
2128.99
2067.3
2005.6
1943.91
1882.21
1820.51
1758.81
1697.11
1635.4
1573.69
1511.99
1450.28
1388.57
1326.86
1265.15
1203.44
1141.72
1080.01
1018.3
956.585
894.39
826.388
746.829
653.75
544.854
417.453
268.399
94.0253
4899.71
4718.61
4623.07
4515.44
4420.15
4331.23
4248.87
4172.53
4101.76
4036.16
3974.09
3913.02
3851.9
3790.73
3729.5
3668.23
3606.91
3545.56
3484.17
3422.74
3361.29
3299.81
3238.31
3176.78
3115.23
3053.67
2992.09
2930.5
2868.89
2807.28
2745.65
2684.01
2622.37
2560.71
2499.05
2437.39
2375.72
2314.04
2252.36
2190.68
2128.99
2067.3
2005.6
1943.91
1882.21
1820.51
1758.81
1697.11
1635.4
1573.69
1511.99
1450.28
1388.57
1326.86
1265.15
1203.44
1141.72
1080.01
1018.3
956.585
894.39
826.388
746.829
653.75
544.854
417.453
268.399
94.0255
4901.01
4719.56
4623.29
4515.73
4420.25
4331.3
4248.91
4172.55
4101.78
4036.17
3974.1
3913.03
3851.91
3790.74
3729.51
3668.24
3606.92
3545.57
3484.18
3422.75
3361.3
3299.82
3238.31
3176.79
3115.24
3053.68
2992.1
2930.5
2868.9
2807.28
2745.65
2684.01
2622.37
2560.71
2499.06
2437.39
2375.72
2314.04
2252.36
2190.68
2128.99
2067.3
2005.61
1943.91
1882.21
1820.51
1758.81
1697.11
1635.4
1573.69
1511.99
1450.28
1388.57
1326.86
1265.15
1203.44
1141.72
1080.01
1018.3
956.585
894.39
826.388
746.829
653.75
544.854
417.453
268.399
94.0257
4900.97
4719.86
4623.07
4515.74
4420.18
4331.26
4248.88
4172.53
4101.76
4036.16
3974.09
3913.03
3851.92
3790.74
3729.52
3668.25
3606.93
3545.58
3484.18
3422.76
3361.31
3299.82
3238.32
3176.79
3115.25
3053.68
2992.1
2930.51
2868.9
2807.28
2745.65
2684.02
2622.37
2560.72
2499.06
2437.39
2375.72
2314.04
2252.36
2190.68
2128.99
2067.3
2005.61
1943.91
1882.21
1820.51
1758.81
1697.11
1635.4
1573.69
1511.99
1450.28
1388.57
1326.86
1265.15
1203.44
1141.72
1080.01
1018.3
956.585
894.39
826.388
746.829
653.75
544.854
417.453
268.399
94.0257
4899.27
4719.32
4622.3
4515.41
4419.91
4331.09
4248.76
4172.45
4101.71
4036.13
3974.07
3913.02
3851.91
3790.74
3729.52
3668.25
3606.94
3545.58
3484.19
3422.77
3361.31
3299.83
3238.32
3176.8
3115.25
3053.69
2992.11
2930.51
2868.9
2807.28
2745.66
2684.02
2622.37
2560.72
2499.06
2437.39
2375.72
2314.04
2252.36
2190.68
2128.99
2067.3
2005.61
1943.91
1882.21
1820.51
1758.81
1697.11
1635.4
1573.69
1511.99
1450.28
1388.57
1326.86
1265.15
1203.44
1141.72
1080.01
1018.3
956.585
894.39
826.388
746.829
653.75
544.854
417.453
268.4
94.0256
4895.65
4717.88
4620.93
4514.72
4419.43
4330.79
4248.58
4172.34
4101.64
4036.08
3974.05
3913.01
3851.91
3790.74
3729.53
3668.26
3606.94
3545.59
3484.2
3422.77
3361.32
3299.84
3238.33
3176.8
3115.25
3053.69
2992.11
2930.51
2868.91
2807.29
2745.66
2684.02
2622.37
2560.72
2499.06
2437.39
2375.72
2314.04
2252.36
2190.68
2128.99
2067.3
2005.61
1943.91
1882.21
1820.51
1758.81
1697.11
1635.4
1573.69
1511.99
1450.28
1388.57
1326.86
1265.15
1203.44
1141.72
1080.01
1018.3
956.585
894.39
826.388
746.829
653.75
544.854
417.453
268.4
94.0253
4889.76
4715.56
4619
4513.73
4418.79
4330.41
4248.34
4172.19
4101.55
4036.03
3974.02
3912.99
3851.9
3790.74
3729.53
3668.26
3606.95
3545.6
3484.21
3422.78
3361.32
3299.84
3238.33
3176.81
3115.26
3053.69
2992.11
2930.51
2868.91
2807.29
2745.66
2684.02
2622.37
2560.72
2499.06
2437.39
2375.72
2314.04
2252.36
2190.68
2128.99
2067.3
2005.61
1943.91
1882.21
1820.51
1758.81
1697.11
1635.4
1573.69
1511.99
1450.28
1388.57
1326.86
1265.15
1203.44
1141.72
1080.01
1018.3
956.586
894.39
826.388
746.829
653.75
544.854
417.453
268.4
94.0248
4881.92
4713.15
4617.12
4512.98
4418.41
4330.27
4248.32
4172.23
4101.61
4036.1
3974.09
3913.06
3851.96
3790.8
3729.58
3668.3
3606.99
3545.63
3484.23
3422.8
3361.34
3299.85
3238.34
3176.81
3115.26
3053.7
2992.11
2930.52
2868.91
2807.29
2745.66
2684.02
2622.37
2560.72
2499.06
2437.39
2375.72
2314.04
2252.36
2190.68
2128.99
2067.3
2005.6
1943.91
1882.21
1820.51
1758.81
1697.1
1635.4
1573.69
1511.99
1450.28
1388.57
1326.86
1265.15
1203.44
1141.72
1080.01
1018.3
956.586
894.39
826.388
746.829
653.75
544.854
417.453
268.4
94.0242
4871.28
4710.44
4614.81
4512.05
4417.92
4330.03
4248.22
4172.2
4101.61
4036.12
3974.11
3913.09
3851.99
3790.83
3729.6
3668.33
3607.01
3545.64
3484.24
3422.81
3361.35
3299.86
3238.35
3176.82
3115.27
3053.7
2992.11
2930.52
2868.91
2807.29
2745.66
2684.02
2622.37
2560.72
2499.06
2437.39
2375.72
2314.04
2252.36
2190.68
2128.99
2067.3
2005.6
1943.91
1882.21
1820.51
1758.81
1697.1
1635.4
1573.69
1511.99
1450.28
1388.57
1326.86
1265.15
1203.44
1141.72
1080.01
1018.3
956.586
894.39
826.388
746.829
653.75
544.854
417.453
268.4
94.0235
4865.12
4716.15
4617.85
4515.29
4420.42
4331.96
4249.7
4173.33
4102.5
4036.82
3974.67
3913.53
3852.34
3791.1
3729.82
3668.5
3607.14
3545.75
3484.33
3422.88
3361.4
3299.9
3238.38
3176.84
3115.29
3053.72
2992.13
2930.53
2868.92
2807.3
2745.66
2684.02
2622.38
2560.72
2499.06
2437.39
2375.72
2314.04
2252.36
2190.68
2128.99
2067.3
2005.61
1943.91
1882.21
1820.51
1758.81
1697.11
1635.4
1573.69
1511.99
1450.28
1388.57
1326.86
1265.15
1203.44
1141.72
1080.01
1018.3
956.586
894.391
826.388
746.829
653.751
544.854
417.453
268.4
94.0231
4874.47
4716.45
4619.45
4513.99
4419.23
4330.53
4248.3
4172.03
4101.31
4035.74
3973.7
3912.67
3851.58
3790.43
3729.23
3667.99
3606.7
3545.37
3484
3422.59
3361.16
3299.7
3238.21
3176.7
3115.16
3053.61
2992.04
2930.45
2868.85
2807.24
2745.62
2683.99
2622.34
2560.69
2499.04
2437.37
2375.7
2314.03
2252.35
2190.67
2128.98
2067.29
2005.6
1943.9
1882.21
1820.51
1758.81
1697.1
1635.4
1573.69
1511.98
1450.28
1388.57
1326.86
1265.15
1203.44
1141.72
1080.01
1018.3
956.585
894.39
826.387
746.828
653.75
544.854
417.453
268.4
94.0241
4872.19
4712.94
4618.58
4513.09
4418.8
4330.25
4248.14
4171.93
4101.25
4035.7
3973.68
3912.65
3851.57
3790.42
3729.23
3667.98
3606.69
3545.36
3483.99
3422.59
3361.16
3299.69
3238.2
3176.69
3115.16
3053.6
2992.03
2930.45
2868.85
2807.24
2745.62
2683.98
2622.34
2560.69
2499.04
2437.37
2375.7
2314.03
2252.35
2190.67
2128.98
2067.29
2005.6
1943.9
1882.21
1820.51
1758.8
1697.1
1635.4
1573.69
1511.98
1450.28
1388.57
1326.86
1265.15
1203.44
1141.72
1080.01
1018.3
956.585
894.389
826.387
746.828
653.75
544.854
417.453
268.4
94.0239
4873.12
4710.71
4618.14
4512.47
4418.49
4330.04
4248.01
4171.85
4101.2
4035.67
3973.66
3912.64
3851.56
3790.42
3729.23
3667.98
3606.69
3545.36
3483.99
3422.59
3361.15
3299.69
3238.2
3176.69
3115.15
3053.6
2992.03
2930.45
2868.85
2807.24
2745.61
2683.98
2622.34
2560.69
2499.03
2437.37
2375.7
2314.03
2252.35
2190.67
2128.98
2067.29
2005.6
1943.9
1882.21
1820.51
1758.8
1697.1
1635.4
1573.69
1511.98
1450.28
1388.57
1326.86
1265.15
1203.44
1141.72
1080.01
1018.3
956.585
894.389
826.387
746.828
653.75
544.853
417.453
268.399
94.024
4875.77
4709.86
4618
4512.14
4418.28
4329.89
4247.91
4171.79
4101.15
4035.64
3973.64
3912.63
3851.55
3790.42
3729.22
3667.98
3606.69
3545.36
3483.99
3422.59
3361.15
3299.69
3238.2
3176.69
3115.15
3053.6
2992.03
2930.45
2868.85
2807.23
2745.61
2683.98
2622.34
2560.69
2499.03
2437.37
2375.7
2314.03
2252.35
2190.67
2128.98
2067.29
2005.6
1943.9
1882.2
1820.51
1758.8
1697.1
1635.4
1573.69
1511.98
1450.28
1388.57
1326.86
1265.15
1203.43
1141.72
1080.01
1018.3
956.585
894.389
826.387
746.828
653.75
544.853
417.453
268.399
94.0241
4879.19
4709.95
4618.1
4512.06
4418.17
4329.81
4247.85
4171.74
4101.12
4035.62
3973.62
3912.62
3851.55
3790.41
3729.22
3667.98
3606.69
3545.36
3483.99
3422.59
3361.15
3299.69
3238.2
3176.69
3115.15
3053.6
2992.03
2930.44
2868.85
2807.23
2745.61
2683.98
2622.34
2560.69
2499.03
2437.37
2375.7
2314.03
2252.35
2190.66
2128.98
2067.29
2005.6
1943.9
1882.2
1820.51
1758.8
1697.1
1635.4
1573.69
1511.98
1450.28
1388.57
1326.86
1265.15
1203.43
1141.72
1080.01
1018.3
956.585
894.389
826.387
746.828
653.75
544.853
417.453
268.399
94.0244
4883
4710.76
4618.44
4512.22
4418.17
4329.8
4247.82
4171.72
4101.1
4035.61
3973.62
3912.62
3851.55
3790.41
3729.22
3667.98
3606.7
3545.36
3484
3422.59
3361.16
3299.69
3238.2
3176.69
3115.15
3053.6
2992.03
2930.44
2868.85
2807.23
2745.61
2683.98
2622.34
2560.69
2499.03
2437.37
2375.7
2314.03
2252.35
2190.66
2128.98
2067.29
2005.6
1943.9
1882.2
1820.5
1758.8
1697.1
1635.4
1573.69
1511.98
1450.28
1388.57
1326.86
1265.15
1203.43
1141.72
1080.01
1018.3
956.584
894.389
826.387
746.828
653.75
544.853
417.453
268.399
94.0247
4886.88
4712.09
4618.99
4512.57
4418.28
4329.86
4247.85
4171.73
4101.11
4035.61
3973.62
3912.62
3851.55
3790.42
3729.23
3667.99
3606.7
3545.37
3484
3422.6
3361.16
3299.7
3238.2
3176.69
3115.16
3053.6
2992.03
2930.45
2868.85
2807.23
2745.61
2683.98
2622.34
2560.69
2499.03
2437.37
2375.7
2314.03
2252.35
2190.66
2128.98
2067.29
2005.6
1943.9
1882.2
1820.5
1758.8
1697.1
1635.4
1573.69
1511.98
1450.28
1388.57
1326.86
1265.15
1203.43
1141.72
1080.01
1018.3
956.584
894.389
826.387
746.828
653.75
544.853
417.453
268.399
94.025
4890.5
4713.7
4619.65
4513.05
4418.48
4329.98
4247.91
4171.76
4101.13
4035.63
3973.63
3912.63
3851.56
3790.43
3729.24
3668
3606.71
3545.38
3484.01
3422.6
3361.17
3299.7
3238.21
3176.7
3115.16
3053.61
2992.04
2930.45
2868.85
2807.24
2745.61
2683.98
2622.34
2560.69
2499.03
2437.37
2375.7
2314.03
2252.35
2190.67
2128.98
2067.29
2005.6
1943.9
1882.2
1820.51
1758.8
1697.1
1635.4
1573.69
1511.98
1450.28
1388.57
1326.86
1265.15
1203.43
1141.72
1080.01
1018.3
956.584
894.389
826.387
746.828
653.75
544.853
417.453
268.399
94.0253
4893.6
4715.32
4620.3
4513.57
4418.7
4330.12
4247.99
4171.81
4101.16
4035.65
3973.65
3912.64
3851.57
3790.44
3729.25
3668.01
3606.72
3545.39
3484.02
3422.61
3361.17
3299.71
3238.22
3176.7
3115.17
3053.61
2992.04
2930.45
2868.85
2807.24
2745.62
2683.98
2622.34
2560.69
2499.03
2437.37
2375.7
2314.03
2252.35
2190.67
2128.98
2067.29
2005.6
1943.9
1882.2
1820.51
1758.8
1697.1
1635.4
1573.69
1511.98
1450.28
1388.57
1326.86
1265.15
1203.43
1141.72
1080.01
1018.3
956.584
894.389
826.387
746.828
653.75
544.854
417.453
268.399
94.0255
4895.91
4716.72
4620.8
4514.02
4418.9
4330.24
4248.06
4171.86
4101.19
4035.67
3973.67
3912.66
3851.59
3790.45
3729.26
3668.02
3606.73
3545.4
3484.03
3422.62
3361.18
3299.72
3238.22
3176.71
3115.17
3053.62
2992.04
2930.46
2868.86
2807.24
2745.62
2683.99
2622.34
2560.69
2499.04
2437.37
2375.7
2314.03
2252.35
2190.67
2128.98
2067.29
2005.6
1943.9
1882.21
1820.51
1758.8
1697.1
1635.4
1573.69
1511.98
1450.28
1388.57
1326.86
1265.15
1203.43
1141.72
1080.01
1018.3
956.584
894.389
826.387
746.828
653.75
544.854
417.453
268.399
94.0258
4897.15
4717.68
4621
4514.29
4419
4330.31
4248.1
4171.88
4101.21
4035.68
3973.68
3912.67
3851.6
3790.46
3729.27
3668.03
3606.74
3545.41
3484.04
3422.63
3361.19
3299.72
3238.23
3176.72
3115.18
3053.62
2992.05
2930.46
2868.86
2807.25
2745.62
2683.99
2622.34
2560.69
2499.04
2437.37
2375.7
2314.03
2252.35
2190.67
2128.98
2067.29
2005.6
1943.9
1882.21
1820.51
1758.8
1697.1
1635.4
1573.69
1511.98
1450.28
1388.57
1326.86
1265.15
1203.43
1141.72
1080.01
1018.3
956.584
894.389
826.387
746.828
653.75
544.854
417.453
268.399
94.0259
4897.06
4717.96
4620.76
4514.29
4418.93
4330.26
4248.06
4171.85
4101.19
4035.67
3973.67
3912.67
3851.6
3790.47
3729.28
3668.04
3606.75
3545.42
3484.05
3422.64
3361.2
3299.73
3238.24
3176.72
3115.18
3053.63
2992.05
2930.46
2868.86
2807.25
2745.62
2683.99
2622.35
2560.7
2499.04
2437.37
2375.7
2314.03
2252.35
2190.67
2128.98
2067.29
2005.6
1943.9
1882.21
1820.51
1758.8
1697.1
1635.4
1573.69
1511.98
1450.28
1388.57
1326.86
1265.15
1203.43
1141.72
1080.01
1018.3
956.584
894.389
826.387
746.828
653.75
544.854
417.453
268.399
94.026
4895.32
4717.41
4619.97
4513.94
4418.65
4330.08
4247.94
4171.77
4101.13
4035.63
3973.65
3912.65
3851.59
3790.47
3729.28
3668.04
3606.75
3545.42
3484.05
3422.64
3361.21
3299.74
3238.24
3176.73
3115.19
3053.63
2992.06
2930.47
2868.87
2807.25
2745.63
2683.99
2622.35
2560.7
2499.04
2437.38
2375.71
2314.03
2252.35
2190.67
2128.98
2067.29
2005.6
1943.9
1882.21
1820.51
1758.8
1697.1
1635.4
1573.69
1511.98
1450.28
1388.57
1326.86
1265.15
1203.43
1141.72
1080.01
1018.3
956.585
894.389
826.387
746.828
653.75
544.854
417.453
268.4
94.0258
4891.66
4715.94
4618.58
4513.23
4418.15
4329.77
4247.74
4171.64
4101.05
4035.58
3973.61
3912.63
3851.58
3790.46
3729.28
3668.05
3606.76
3545.43
3484.06
3422.65
3361.21
3299.74
3238.25
3176.73
3115.19
3053.63
2992.06
2930.47
2868.87
2807.25
2745.63
2683.99
2622.35
2560.7
2499.04
2437.38
2375.71
2314.03
2252.35
2190.67
2128.98
2067.29
2005.6
1943.9
1882.21
1820.51
1758.8
1697.1
1635.4
1573.69
1511.98
1450.28
1388.57
1326.86
1265.15
1203.43
1141.72
1080.01
1018.3
956.585
894.389
826.387
746.828
653.75
544.854
417.453
268.4
94.0255
4885.75
4713.6
4616.64
4512.22
4417.5
4329.37
4247.49
4171.49
4100.95
4035.52
3973.58
3912.61
3851.57
3790.46
3729.28
3668.05
3606.76
3545.43
3484.06
3422.65
3361.21
3299.75
3238.25
3176.73
3115.19
3053.63
2992.06
2930.47
2868.87
2807.25
2745.63
2683.99
2622.35
2560.7
2499.04
2437.37
2375.7
2314.03
2252.35
2190.67
2128.98
2067.29
2005.6
1943.9
1882.21
1820.51
1758.8
1697.1
1635.4
1573.69
1511.98
1450.28
1388.57
1326.86
1265.15
1203.43
1141.72
1080.01
1018.3
956.585
894.39
826.387
746.828
653.75
544.854
417.453
268.4
94.025
4877.86
4711.12
4614.73
4511.41
4417.09
4329.2
4247.44
4171.5
4101
4035.58
3973.64
3912.67
3851.62
3790.51
3729.32
3668.08
3606.79
3545.46
3484.08
3422.67
3361.23
3299.76
3238.26
3176.74
3115.2
3053.64
2992.06
2930.47
2868.87
2807.25
2745.63
2683.99
2622.35
2560.7
2499.04
2437.37
2375.7
2314.03
2252.35
2190.67
2128.98
2067.29
2005.6
1943.9
1882.2
1820.51
1758.8
1697.1
1635.4
1573.69
1511.98
1450.28
1388.57
1326.86
1265.15
1203.43
1141.72
1080.01
1018.3
956.585
894.39
826.387
746.828
653.75
544.854
417.453
268.4
94.0244
4867.21
4708.41
4612.45
4510.49
4416.6
4328.97
4247.34
4171.47
4101
4035.59
3973.66
3912.7
3851.65
3790.53
3729.35
3668.1
3606.81
3545.47
3484.09
3422.68
3361.24
3299.76
3238.26
3176.74
3115.2
3053.64
2992.06
2930.47
2868.87
2807.25
2745.63
2683.99
2622.35
2560.7
2499.04
2437.37
2375.7
2314.03
2252.35
2190.67
2128.98
2067.29
2005.6
1943.9
1882.2
1820.51
1758.8
1697.1
1635.4
1573.69
1511.98
1450.28
1388.57
1326.86
1265.15
1203.43
1141.72
1080.01
1018.3
956.585
894.39
826.387
746.828
653.75
544.854
417.453
268.4
94.0236
4860.98
4714.01
4615.52
4513.68
4419.09
4330.89
4248.82
4172.6
4101.88
4036.29
3974.21
3913.14
3852
3790.81
3729.56
3668.28
3606.95
3545.58
3484.18
3422.75
3361.29
3299.81
3238.3
3176.77
3115.22
3053.66
2992.08
2930.49
2868.88
2807.26
2745.63
2684
2622.35
2560.7
2499.04
2437.38
2375.71
2314.03
2252.35
2190.67
2128.98
2067.29
2005.6
1943.9
1882.21
1820.51
1758.81
1697.1
1635.4
1573.69
1511.98
1450.28
1388.57
1326.86
1265.15
1203.44
1141.72
1080.01
1018.3
956.585
894.39
826.387
746.829
653.75
544.854
417.453
268.4
94.0233
4870.25
4714.45
4617.09
4512.48
4417.94
4329.52
4247.49
4171.36
4100.75
4035.27
3973.29
3912.32
3851.28
3790.17
3729.01
3667.79
3606.53
3545.22
3483.87
3422.49
3361.07
3299.61
3238.14
3176.63
3115.11
3053.56
2992
2930.42
2868.82
2807.21
2745.59
2683.96
2622.32
2560.68
2499.02
2437.36
2375.69
2314.02
2252.34
2190.66
2128.97
2067.29
2005.59
1943.9
1882.2
1820.5
1758.8
1697.1
1635.39
1573.69
1511.98
1450.27
1388.57
1326.86
1265.15
1203.43
1141.72
1080.01
1018.3
956.584
894.389
826.386
746.828
653.749
544.853
417.453
268.4
94.0243
4868.03
4711.02
4616.2
4511.61
4417.51
4329.24
4247.32
4171.26
4100.68
4035.22
3973.27
3912.3
3851.26
3790.16
3729
3667.79
3606.53
3545.22
3483.87
3422.48
3361.06
3299.61
3238.13
3176.63
3115.1
3053.55
2991.99
2930.41
2868.82
2807.21
2745.59
2683.96
2622.32
2560.67
2499.02
2437.36
2375.69
2314.02
2252.34
2190.66
2128.97
2067.28
2005.59
1943.9
1882.2
1820.5
1758.8
1697.1
1635.39
1573.69
1511.98
1450.27
1388.57
1326.86
1265.14
1203.43
1141.72
1080.01
1018.3
956.584
894.389
826.386
746.828
653.749
544.853
417.452
268.4
94.0241
4868.94
4708.81
4615.73
4511
4417.18
4329.03
4247.18
4171.17
4100.62
4035.19
3973.24
3912.28
3851.25
3790.15
3729
3667.78
3606.52
3545.21
3483.86
3422.48
3361.06
3299.6
3238.13
3176.62
3115.1
3053.55
2991.99
2930.41
2868.81
2807.21
2745.59
2683.96
2622.32
2560.67
2499.02
2437.36
2375.69
2314.02
2252.34
2190.66
2128.97
2067.28
2005.59
1943.9
1882.2
1820.5
1758.8
1697.1
1635.39
1573.69
1511.98
1450.27
1388.56
1326.86
1265.14
1203.43
1141.72
1080.01
1018.3
956.584
894.389
826.386
746.828
653.749
544.853
417.452
268.399
94.0241
4871.58
4708.01
4615.55
4510.69
4416.97
4328.88
4247.08
4171.1
4100.58
4035.16
3973.22
3912.27
3851.24
3790.15
3728.99
3667.78
3606.52
3545.21
3483.86
3422.47
3361.05
3299.6
3238.12
3176.62
3115.09
3053.55
2991.99
2930.41
2868.81
2807.2
2745.59
2683.96
2622.32
2560.67
2499.02
2437.35
2375.69
2314.02
2252.34
2190.66
2128.97
2067.28
2005.59
1943.9
1882.2
1820.5
1758.8
1697.1
1635.39
1573.69
1511.98
1450.27
1388.56
1326.86
1265.14
1203.43
1141.72
1080.01
1018.3
956.584
894.389
826.386
746.828
653.749
544.853
417.452
268.399
94.0243
4874.97
4708.15
4615.62
4510.62
4416.86
4328.8
4247.02
4171.06
4100.55
4035.13
3973.21
3912.26
3851.24
3790.15
3728.99
3667.78
3606.52
3545.21
3483.86
3422.47
3361.05
3299.6
3238.12
3176.62
3115.09
3053.55
2991.98
2930.4
2868.81
2807.2
2745.58
2683.95
2622.32
2560.67
2499.01
2437.35
2375.69
2314.01
2252.34
2190.66
2128.97
2067.28
2005.59
1943.9
1882.2
1820.5
1758.8
1697.1
1635.39
1573.69
1511.98
1450.27
1388.56
1326.85
1265.14
1203.43
1141.72
1080.01
1018.3
956.584
894.389
826.386
746.828
653.749
544.853
417.452
268.399
94.0245
4878.73
4709.03
4615.95
4510.79
4416.87
4328.79
4247
4171.04
4100.53
4035.13
3973.2
3912.26
3851.24
3790.15
3728.99
3667.78
3606.52
3545.21
3483.86
3422.48
3361.06
3299.6
3238.13
3176.62
3115.1
3053.55
2991.99
2930.41
2868.81
2807.2
2745.58
2683.95
2622.32
2560.67
2499.01
2437.35
2375.69
2314.01
2252.34
2190.66
2128.97
2067.28
2005.59
1943.9
1882.2
1820.5
1758.8
1697.1
1635.39
1573.69
1511.98
1450.27
1388.56
1326.85
1265.14
1203.43
1141.72
1080.01
1018.3
956.583
894.388
826.386
746.828
653.749
544.853
417.453
268.399
94.0248
4882.54
4710.42
4616.47
4511.15
4416.99
4328.86
4247.03
4171.05
4100.54
4035.13
3973.21
3912.26
3851.24
3790.15
3729
3667.79
3606.53
3545.22
3483.87
3422.48
3361.06
3299.61
3238.13
3176.63
3115.1
3053.55
2991.99
2930.41
2868.81
2807.2
2745.58
2683.96
2622.32
2560.67
2499.01
2437.35
2375.69
2314.01
2252.34
2190.66
2128.97
2067.28
2005.59
1943.9
1882.2
1820.5
1758.8
1697.1
1635.39
1573.69
1511.98
1450.27
1388.56
1326.85
1265.14
1203.43
1141.72
1080.01
1018.3
956.583
894.388
826.386
746.828
653.749
544.853
417.453
268.399
94.0251
4886.1
4712.07
4617.11
4511.63
4417.19
4328.98
4247.09
4171.09
4100.57
4035.15
3973.22
3912.28
3851.26
3790.17
3729.01
3667.8
3606.54
3545.23
3483.88
3422.49
3361.07
3299.62
3238.14
3176.63
3115.1
3053.56
2991.99
2930.41
2868.81
2807.21
2745.59
2683.96
2622.32
2560.67
2499.02
2437.35
2375.69
2314.01
2252.34
2190.66
2128.97
2067.28
2005.59
1943.9
1882.2
1820.5
1758.8
1697.1
1635.39
1573.69
1511.98
1450.27
1388.56
1326.85
1265.14
1203.43
1141.72
1080.01
1018.3
956.583
894.388
826.386
746.828
653.749
544.853
417.453
268.399
94.0254
4889.12
4713.73
4617.73
4512.15
4417.42
4329.12
4247.18
4171.15
4100.6
4035.18
3973.24
3912.29
3851.27
3790.18
3729.03
3667.81
3606.55
3545.24
3483.89
3422.5
3361.08
3299.62
3238.14
3176.64
3115.11
3053.56
2992
2930.41
2868.82
2807.21
2745.59
2683.96
2622.32
2560.67
2499.02
2437.36
2375.69
2314.02
2252.34
2190.66
2128.97
2067.28
2005.59
1943.9
1882.2
1820.5
1758.8
1697.1
1635.39
1573.69
1511.98
1450.27
1388.56
1326.85
1265.14
1203.43
1141.72
1080.01
1018.3
956.584
894.389
826.386
746.828
653.749
544.853
417.453
268.399
94.0257
4891.35
4715.16
4618.21
4512.59
4417.62
4329.25
4247.26
4171.19
4100.64
4035.2
3973.26
3912.31
3851.29
3790.2
3729.04
3667.83
3606.56
3545.25
3483.9
3422.51
3361.09
3299.63
3238.15
3176.64
3115.12
3053.57
2992
2930.42
2868.82
2807.21
2745.59
2683.96
2622.32
2560.67
2499.02
2437.36
2375.69
2314.02
2252.34
2190.66
2128.97
2067.28
2005.59
1943.9
1882.2
1820.5
1758.8
1697.1
1635.39
1573.69
1511.98
1450.27
1388.56
1326.85
1265.14
1203.43
1141.72
1080.01
1018.3
956.584
894.389
826.386
746.828
653.749
544.853
417.453
268.399
94.026
4892.52
4716.13
4618.39
4512.86
4417.72
4329.31
4247.29
4171.21
4100.65
4035.21
3973.27
3912.32
3851.3
3790.21
3729.05
3667.84
3606.58
3545.27
3483.91
3422.52
3361.1
3299.64
3238.16
3176.65
3115.12
3053.57
2992.01
2930.42
2868.83
2807.22
2745.6
2683.97
2622.32
2560.68
2499.02
2437.36
2375.69
2314.02
2252.34
2190.66
2128.97
2067.28
2005.59
1943.9
1882.2
1820.5
1758.8
1697.1
1635.39
1573.69
1511.98
1450.27
1388.56
1326.86
1265.14
1203.43
1141.72
1080.01
1018.3
956.584
894.389
826.386
746.828
653.749
544.853
417.453
268.399
94.0261
4892.35
4716.42
4618.13
4512.84
4417.65
4329.26
4247.25
4171.19
4100.63
4035.2
3973.27
3912.32
3851.3
3790.21
3729.06
3667.85
3606.58
3545.27
3483.92
3422.53
3361.11
3299.65
3238.17
3176.66
3115.13
3053.58
2992.01
2930.43
2868.83
2807.22
2745.6
2683.97
2622.33
2560.68
2499.02
2437.36
2375.69
2314.02
2252.34
2190.66
2128.97
2067.28
2005.59
1943.9
1882.2
1820.5
1758.8
1697.1
1635.39
1573.69
1511.98
1450.27
1388.57
1326.86
1265.14
1203.43
1141.72
1080.01
1018.3
956.584
894.389
826.386
746.828
653.75
544.854
417.453
268.399
94.0261
4890.56
4715.86
4617.32
4512.47
4417.36
4329.07
4247.12
4171.1
4100.57
4035.16
3973.24
3912.3
3851.29
3790.21
3729.06
3667.85
3606.59
3545.28
3483.93
3422.54
3361.11
3299.65
3238.17
3176.66
3115.13
3053.58
2992.01
2930.43
2868.83
2807.22
2745.6
2683.97
2622.33
2560.68
2499.02
2437.36
2375.69
2314.02
2252.34
2190.66
2128.97
2067.29
2005.59
1943.9
1882.2
1820.5
1758.8
1697.1
1635.39
1573.69
1511.98
1450.27
1388.56
1326.86
1265.14
1203.43
1141.72
1080.01
1018.3
956.584
894.389
826.386
746.828
653.75
544.854
417.453
268.4
94.026
4886.84
4714.37
4615.91
4511.72
4416.85
4328.74
4246.91
4170.96
4100.48
4035.1
3973.2
3912.28
3851.27
3790.2
3729.05
3667.85
3606.59
3545.28
3483.93
3422.54
3361.11
3299.66
3238.17
3176.66
3115.13
3053.58
2992.02
2930.43
2868.83
2807.22
2745.6
2683.97
2622.33
2560.68
2499.02
2437.36
2375.69
2314.02
2252.34
2190.66
2128.97
2067.28
2005.59
1943.9
1882.2
1820.5
1758.8
1697.1
1635.39
1573.69
1511.98
1450.27
1388.56
1326.86
1265.14
1203.43
1141.72
1080.01
1018.3
956.584
894.389
826.386
746.828
653.75
544.854
417.453
268.4
94.0257
4880.91
4711.99
4613.95
4510.68
4416.18
4328.33
4246.65
4170.79
4100.37
4035.03
3973.15
3912.25
3851.26
3790.19
3729.05
3667.85
3606.59
3545.28
3483.93
3422.54
3361.11
3299.66
3238.17
3176.66
3115.13
3053.58
2992.01
2930.43
2868.83
2807.22
2745.6
2683.97
2622.33
2560.68
2499.02
2437.36
2375.69
2314.02
2252.34
2190.66
2128.97
2067.28
2005.59
1943.9
1882.2
1820.5
1758.8
1697.1
1635.39
1573.69
1511.98
1450.27
1388.56
1326.85
1265.14
1203.43
1141.72
1080.01
1018.3
956.584
894.389
826.386
746.828
653.75
544.853
417.453
268.4
94.0252
4872.95
4709.41
4612
4509.81
4415.72
4328.11
4246.56
4170.78
4100.39
4035.06
3973.2
3912.29
3851.3
3790.22
3729.08
3667.87
3606.61
3545.3
3483.95
3422.55
3361.12
3299.67
3238.18
3176.67
3115.14
3053.59
2992.02
2930.43
2868.83
2807.22
2745.6
2683.97
2622.33
2560.68
2499.02
2437.36
2375.69
2314.02
2252.34
2190.66
2128.97
2067.28
2005.59
1943.9
1882.2
1820.5
1758.8
1697.1
1635.39
1573.69
1511.98
1450.27
1388.56
1326.85
1265.14
1203.43
1141.72
1080.01
1018.3
956.584
894.389
826.386
746.828
653.749
544.854
417.453
268.4
94.0245
4862.32
4706.7
4609.81
4508.88
4415.25
4327.88
4246.46
4170.74
4100.39
4035.08
3973.21
3912.31
3851.32
3790.25
3729.1
3667.89
3606.63
3545.31
3483.96
3422.56
3361.13
3299.67
3238.18
3176.67
3115.14
3053.59
2992.02
2930.43
2868.83
2807.22
2745.6
2683.97
2622.33
2560.68
2499.02
2437.36
2375.69
2314.02
2252.34
2190.66
2128.97
2067.28
2005.59
1943.9
1882.2
1820.5
1758.8
1697.1
1635.39
1573.69
1511.98
1450.27
1388.56
1326.85
1265.14
1203.43
1141.72
1080.01
1018.3
956.584
894.389
826.386
746.828
653.75
544.854
417.452
268.4
94.0237
4856.02
4712.06
4612.9
4511.98
4417.7
4329.78
4247.92
4171.87
4101.27
4035.77
3973.77
3912.76
3851.67
3790.53
3729.32
3668.07
3606.77
3545.43
3484.05
3422.63
3361.19
3299.72
3238.22
3176.7
3115.16
3053.61
2992.03
2930.45
2868.84
2807.23
2745.61
2683.97
2622.33
2560.68
2499.03
2437.36
2375.69
2314.02
2252.34
2190.66
2128.97
2067.29
2005.59
1943.9
1882.2
1820.5
1758.8
1697.1
1635.39
1573.69
1511.98
1450.27
1388.57
1326.86
1265.15
1203.43
1141.72
1080.01
1018.3
956.584
894.389
826.387
746.828
653.75
544.854
417.453
268.4
94.0233
4865.39
4712.27
4614.49
4510.87
4416.59
4328.48
4246.66
4170.69
4100.19
4034.8
3972.9
3911.98
3850.99
3789.93
3728.8
3667.62
3606.38
3545.09
3483.76
3422.39
3360.98
3299.54
3238.07
3176.58
3115.06
3053.52
2991.96
2930.38
2868.79
2807.19
2745.57
2683.94
2622.31
2560.66
2499.01
2437.35
2375.68
2314.01
2252.33
2190.65
2128.97
2067.28
2005.59
1943.89
1882.2
1820.5
1758.8
1697.1
1635.39
1573.69
1511.98
1450.27
1388.56
1326.85
1265.14
1203.43
1141.72
1080.01
1018.3
956.583
894.388
826.386
746.827
653.749
544.853
417.452
268.4
94.0243
4863.26
4708.92
4613.58
4510.03
4416.15
4328.2
4246.48
4170.58
4100.12
4034.75
3972.87
3911.96
3850.97
3789.92
3728.79
3667.61
3606.37
3545.08
3483.75
3422.38
3360.97
3299.53
3238.06
3176.57
3115.05
3053.51
2991.95
2930.38
2868.79
2807.18
2745.57
2683.94
2622.3
2560.66
2499.01
2437.35
2375.68
2314.01
2252.33
2190.65
2128.97
2067.28
2005.59
1943.89
1882.2
1820.5
1758.8
1697.1
1635.39
1573.69
1511.98
1450.27
1388.56
1326.85
1265.14
1203.43
1141.72
1080.01
1018.3
956.583
894.388
826.386
746.827
653.749
544.853
417.452
268.4
94.0241
4864.15
4706.73
4613.07
4509.43
4415.82
4327.99
4246.34
4170.48
4100.06
4034.71
3972.84
3911.94
3850.96
3789.9
3728.78
3667.6
3606.36
3545.08
3483.75
3422.37
3360.97
3299.53
3238.06
3176.56
3115.05
3053.51
2991.95
2930.37
2868.78
2807.18
2745.56
2683.94
2622.3
2560.66
2499
2437.34
2375.68
2314.01
2252.33
2190.65
2128.97
2067.28
2005.59
1943.89
1882.2
1820.5
1758.8
1697.09
1635.39
1573.69
1511.98
1450.27
1388.56
1326.85
1265.14
1203.43
1141.72
1080.01
1018.3
956.583
894.388
826.386
746.827
653.749
544.853
417.452
268.399
94.0242
4866.77
4705.98
4612.86
4509.14
4415.6
4327.84
4246.24
4170.42
4100.01
4034.68
3972.81
3911.92
3850.95
3789.9
3728.78
3667.6
3606.36
3545.07
3483.74
3422.37
3360.96
3299.53
3238.06
3176.56
3115.04
3053.5
2991.95
2930.37
2868.78
2807.18
2745.56
2683.94
2622.3
2560.65
2499
2437.34
2375.68
2314.01
2252.33
2190.65
2128.96
2067.28
2005.59
1943.89
1882.2
1820.5
1758.8
1697.09
1635.39
1573.69
1511.98
1450.27
1388.56
1326.85
1265.14
1203.43
1141.72
1080.01
1018.3
956.583
894.388
826.386
746.827
653.749
544.853
417.452
268.399
94.0244
4870.12
4706.21
4612.9
4509.08
4415.5
4327.76
4246.18
4170.37
4099.98
4034.66
3972.8
3911.91
3850.94
3789.89
3728.77
3667.59
3606.36
3545.07
3483.74
3422.37
3360.96
3299.52
3238.06
3176.56
3115.04
3053.5
2991.95
2930.37
2868.78
2807.18
2745.56
2683.93
2622.3
2560.65
2499
2437.34
2375.68
2314
2252.33
2190.65
2128.96
2067.28
2005.59
1943.89
1882.2
1820.5
1758.8
1697.09
1635.39
1573.69
1511.98
1450.27
1388.56
1326.85
1265.14
1203.43
1141.72
1080.01
1018.3
956.583
894.388
826.386
746.827
653.749
544.853
417.452
268.399
94.0246
4873.81
4707.16
4613.2
4509.26
4415.51
4327.76
4246.16
4170.36
4099.97
4034.65
3972.8
3911.91
3850.94
3789.9
3728.78
3667.6
3606.36
3545.08
3483.75
3422.38
3360.97
3299.53
3238.06
3176.56
3115.04
3053.5
2991.95
2930.37
2868.78
2807.18
2745.56
2683.93
2622.3
2560.65
2499
2437.34
2375.68
2314
2252.33
2190.65
2128.96
2067.28
2005.59
1943.89
1882.2
1820.5
1758.8
1697.09
1635.39
1573.69
1511.98
1450.27
1388.56
1326.85
1265.14
1203.43
1141.72
1080.01
1018.3
956.583
894.388
826.386
746.827
653.749
544.853
417.452
268.399
94.0249
4877.54
4708.61
4613.69
4509.63
4415.64
4327.83
4246.2
4170.38
4099.98
4034.66
3972.81
3911.92
3850.95
3789.91
3728.79
3667.61
3606.37
3545.09
3483.75
3422.38
3360.97
3299.53
3238.06
3176.57
3115.05
3053.51
2991.95
2930.37
2868.78
2807.18
2745.56
2683.94
2622.3
2560.65
2499
2437.34
2375.68
2314
2252.33
2190.65
2128.96
2067.28
2005.59
1943.89
1882.2
1820.5
1758.8
1697.09
1635.39
1573.69
1511.98
1450.27
1388.56
1326.85
1265.14
1203.43
1141.72
1080.01
1018.3
956.583
894.388
826.386
746.827
653.749
544.853
417.452
268.399
94.0253
4881
4710.33
4614.31
4510.12
4415.85
4327.96
4246.27
4170.42
4100.01
4034.69
3972.83
3911.94
3850.97
3789.92
3728.8
3667.62
3606.38
3545.1
3483.76
3422.39
3360.98
3299.54
3238.07
3176.57
3115.05
3053.51
2991.95
2930.38
2868.79
2807.18
2745.57
2683.94
2622.3
2560.66
2499
2437.34
2375.68
2314.01
2252.33
2190.65
2128.96
2067.28
2005.59
1943.89
1882.2
1820.5
1758.8
1697.09
1635.39
1573.69
1511.98
1450.27
1388.56
1326.85
1265.14
1203.43
1141.72
1080.01
1018.3
956.583
894.388
826.386
746.827
653.749
544.853
417.452
268.399
94.0256
4883.92
4712.04
4614.91
4510.64
4416.09
4328.11
4246.37
4170.48
4100.06
4034.72
3972.85
3911.96
3850.99
3789.94
3728.82
3667.64
3606.4
3545.11
3483.78
3422.4
3360.99
3299.55
3238.08
3176.58
3115.06
3053.52
2991.96
2930.38
2868.79
2807.19
2745.57
2683.94
2622.3
2560.66
2499
2437.34
2375.68
2314.01
2252.33
2190.65
2128.97
2067.28
2005.59
1943.89
1882.2
1820.5
1758.8
1697.1
1635.39
1573.69
1511.98
1450.27
1388.56
1326.85
1265.14
1203.43
1141.72
1080.01
1018.3
956.583
894.388
826.386
746.827
653.749
544.853
417.453
268.399
94.0258
4886.05
4713.51
4615.36
4511.08
4416.3
4328.24
4246.45
4170.54
4100.1
4034.75
3972.88
3911.99
3851.01
3789.96
3728.84
3667.65
3606.41
3545.13
3483.79
3422.42
3361.01
3299.56
3238.09
3176.59
3115.07
3053.53
2991.97
2930.39
2868.8
2807.19
2745.57
2683.94
2622.31
2560.66
2499.01
2437.35
2375.68
2314.01
2252.33
2190.65
2128.97
2067.28
2005.59
1943.89
1882.2
1820.5
1758.8
1697.1
1635.39
1573.69
1511.98
1450.27
1388.56
1326.85
1265.14
1203.43
1141.72
1080.01
1018.3
956.583
894.388
826.386
746.827
653.749
544.853
417.453
268.399
94.0261
4887.12
4714.5
4615.52
4511.34
4416.4
4328.3
4246.48
4170.56
4100.11
4034.76
3972.89
3912
3851.02
3789.97
3728.85
3667.67
3606.43
3545.14
3483.8
3422.43
3361.02
3299.57
3238.1
3176.6
3115.08
3053.53
2991.97
2930.39
2868.8
2807.19
2745.58
2683.95
2622.31
2560.66
2499.01
2437.35
2375.68
2314.01
2252.33
2190.65
2128.97
2067.28
2005.59
1943.89
1882.2
1820.5
1758.8
1697.1
1635.39
1573.69
1511.98
1450.27
1388.56
1326.85
1265.14
1203.43
1141.72
1080.01
1018.3
956.583
894.388
826.386
746.828
653.749
544.853
417.453
268.399
94.0262
4886.87
4714.81
4615.24
4511.3
4416.33
4328.24
4246.44
4170.53
4100.09
4034.75
3972.88
3912
3851.02
3789.97
3728.86
3667.67
3606.44
3545.15
3483.81
3422.44
3361.02
3299.58
3238.1
3176.6
3115.08
3053.54
2991.98
2930.4
2868.8
2807.2
2745.58
2683.95
2622.31
2560.66
2499.01
2437.35
2375.68
2314.01
2252.33
2190.65
2128.97
2067.28
2005.59
1943.89
1882.2
1820.5
1758.8
1697.1
1635.39
1573.69
1511.98
1450.27
1388.56
1326.85
1265.14
1203.43
1141.72
1080.01
1018.3
956.583
894.388
826.386
746.828
653.749
544.853
417.453
268.4
94.0262
4885
4714.24
4614.4
4510.9
4416.02
4328.03
4246.3
4170.43
4100.02
4034.7
3972.85
3911.97
3851.01
3789.97
3728.85
3667.67
3606.44
3545.15
3483.81
3422.44
3361.03
3299.58
3238.11
3176.61
3115.08
3053.54
2991.98
2930.4
2868.81
2807.2
2745.58
2683.95
2622.31
2560.67
2499.01
2437.35
2375.68
2314.01
2252.33
2190.65
2128.97
2067.28
2005.59
1943.89
1882.2
1820.5
1758.8
1697.1
1635.39
1573.69
1511.98
1450.27
1388.56
1326.85
1265.14
1203.43
1141.72
1080.01
1018.3
956.583
894.388
826.386
746.828
653.749
544.853
417.453
268.4
94.0261
4881.22
4712.72
4612.96
4510.11
4415.49
4327.68
4246.07
4170.27
4099.92
4034.63
3972.8
3911.94
3850.99
3789.95
3728.84
3667.67
3606.43
3545.15
3483.81
3422.44
3361.03
3299.58
3238.11
3176.61
3115.09
3053.54
2991.98
2930.4
2868.81
2807.2
2745.58
2683.95
2622.31
2560.67
2499.01
2437.35
2375.68
2314.01
2252.33
2190.65
2128.97
2067.28
2005.59
1943.89
1882.2
1820.5
1758.8
1697.1
1635.39
1573.69
1511.98
1450.27
1388.56
1326.85
1265.14
1203.43
1141.72
1080.01
1018.3
956.583
894.388
826.386
746.828
653.749
544.853
417.453
268.4
94.0257
4875.25
4710.3
4610.99
4509.03
4414.8
4327.25
4245.79
4170.09
4099.79
4034.54
3972.74
3911.9
3850.96
3789.93
3728.83
3667.66
3606.43
3545.14
3483.81
3422.44
3361.03
3299.58
3238.11
3176.61
3115.08
3053.54
2991.98
2930.4
2868.8
2807.2
2745.58
2683.95
2622.31
2560.66
2499.01
2437.35
2375.68
2314.01
2252.33
2190.65
2128.97
2067.28
2005.59
1943.89
1882.2
1820.5
1758.8
1697.1
1635.39
1573.69
1511.98
1450.27
1388.56
1326.85
1265.14
1203.43
1141.72
1080.01
1018.3
956.583
894.388
826.386
746.828
653.749
544.853
417.452
268.4
94.0252
4867.22
4707.58
4608.98
4508.07
4414.28
4326.98
4245.66
4170.04
4099.78
4034.56
3972.76
3911.92
3850.98
3789.96
3728.85
3667.68
3606.44
3545.16
3483.82
3422.45
3361.03
3299.59
3238.11
3176.61
3115.08
3053.54
2991.98
2930.4
2868.8
2807.2
2745.58
2683.95
2622.31
2560.66
2499.01
2437.35
2375.68
2314.01
2252.33
2190.65
2128.97
2067.28
2005.59
1943.89
1882.2
1820.5
1758.8
1697.09
1635.39
1573.69
1511.98
1450.27
1388.56
1326.85
1265.14
1203.43
1141.72
1080.01
1018.3
956.583
894.388
826.386
746.828
653.749
544.853
417.452
268.4
94.0246
4856.62
4704.88
4606.88
4507.15
4413.82
4326.76
4245.56
4170
4099.77
4034.56
3972.77
3911.94
3851
3789.97
3728.86
3667.69
3606.45
3545.16
3483.83
3422.45
3361.03
3299.59
3238.11
3176.61
3115.08
3053.54
2991.97
2930.39
2868.8
2807.19
2745.57
2683.95
2622.31
2560.66
2499.01
2437.35
2375.68
2314.01
2252.33
2190.65
2128.97
2067.28
2005.59
1943.89
1882.2
1820.5
1758.8
1697.09
1635.39
1573.69
1511.98
1450.27
1388.56
1326.85
1265.14
1203.43
1141.72
1080.01
1018.3
956.583
894.388
826.386
746.827
653.749
544.853
417.452
268.4
94.0238
4850.23
4709.93
4610
4510.12
4416.22
4328.61
4246.99
4171.11
4100.65
4035.25
3973.33
3912.38
3851.36
3790.26
3729.09
3667.87
3606.6
3545.28
3483.92
3422.53
3361.1
3299.64
3238.15
3176.64
3115.11
3053.56
2991.99
2930.41
2868.82
2807.21
2745.59
2683.95
2622.32
2560.67
2499.01
2437.35
2375.68
2314.01
2252.33
2190.65
2128.97
2067.28
2005.59
1943.89
1882.2
1820.5
1758.8
1697.1
1635.39
1573.69
1511.98
1450.27
1388.56
1326.85
1265.14
1203.43
1141.72
1080.01
1018.3
956.584
894.389
826.386
746.828
653.749
544.854
417.453
268.4
94.0233
4859.94
4709.81
4611.74
4509.18
4415.22
4327.45
4245.85
4170.04
4099.67
4034.38
3972.55
3911.69
3850.74
3789.72
3728.63
3667.47
3606.25
3544.99
3483.67
3422.31
3360.92
3299.49
3238.02
3176.54
3115.02
3053.49
2991.93
2930.36
2868.77
2807.17
2745.56
2683.93
2622.3
2560.65
2499
2437.34
2375.68
2314
2252.33
2190.65
2128.96
2067.28
2005.59
1943.89
1882.2
1820.5
1758.8
1697.09
1635.39
1573.69
1511.98
1450.27
1388.56
1326.85
1265.14
1203.43
1141.72
1080.01
1018.3
956.583
894.388
826.386
746.827
653.749
544.853
417.452
268.4
94.0244
4857.9
4706.55
4610.81
4508.36
4414.76
4327.16
4245.66
4169.92
4099.59
4034.31
3972.5
3911.65
3850.72
3789.7
3728.61
3667.45
3606.24
3544.97
3483.66
3422.3
3360.9
3299.47
3238.01
3176.53
3115.01
3053.48
2991.93
2930.35
2868.77
2807.17
2745.55
2683.93
2622.29
2560.65
2499
2437.34
2375.67
2314
2252.33
2190.65
2128.96
2067.28
2005.58
1943.89
1882.19
1820.5
1758.8
1697.09
1635.39
1573.68
1511.98
1450.27
1388.56
1326.85
1265.14
1203.43
1141.72
1080.01
1018.3
956.583
894.388
826.385
746.827
653.749
544.853
417.452
268.4
94.0242
4858.78
4704.39
4610.25
4507.78
4414.42
4326.94
4245.52
4169.82
4099.52
4034.27
3972.47
3911.63
3850.7
3789.68
3728.6
3667.44
3606.23
3544.96
3483.65
3422.29
3360.9
3299.47
3238.01
3176.52
3115.01
3053.47
2991.92
2930.35
2868.76
2807.16
2745.55
2683.92
2622.29
2560.65
2498.99
2437.34
2375.67
2314
2252.32
2190.64
2128.96
2067.27
2005.58
1943.89
1882.19
1820.5
1758.8
1697.09
1635.39
1573.68
1511.98
1450.27
1388.56
1326.85
1265.14
1203.43
1141.72
1080.01
1018.3
956.583
894.388
826.385
746.827
653.749
544.853
417.452
268.399
94.0242
4861.37
4703.7
4610.01
4507.5
4414.21
4326.79
4245.41
4169.75
4099.47
4034.23
3972.44
3911.61
3850.68
3789.67
3728.59
3667.44
3606.22
3544.96
3483.64
3422.29
3360.89
3299.46
3238
3176.52
3115
3053.47
2991.92
2930.35
2868.76
2807.16
2745.55
2683.92
2622.29
2560.64
2498.99
2437.33
2375.67
2314
2252.32
2190.64
2128.96
2067.27
2005.58
1943.89
1882.19
1820.5
1758.79
1697.09
1635.39
1573.68
1511.98
1450.27
1388.56
1326.85
1265.14
1203.43
1141.72
1080.01
1018.3
956.582
894.388
826.385
746.827
653.749
544.853
417.452
268.399
94.0244
4864.68
4704
4610.03
4507.47
4414.11
4326.72
4245.35
4169.71
4099.44
4034.21
3972.43
3911.6
3850.68
3789.67
3728.59
3667.43
3606.22
3544.96
3483.64
3422.29
3360.89
3299.46
3238
3176.52
3115
3053.47
2991.92
2930.34
2868.76
2807.16
2745.54
2683.92
2622.29
2560.64
2498.99
2437.33
2375.67
2314
2252.32
2190.64
2128.96
2067.27
2005.58
1943.89
1882.19
1820.49
1758.79
1697.09
1635.39
1573.68
1511.98
1450.27
1388.56
1326.85
1265.14
1203.43
1141.72
1080.01
1018.3
956.582
894.388
826.385
746.827
653.749
544.853
417.452
268.399
94.0247
4868.3
4705.03
4610.3
4507.66
4414.14
4326.72
4245.35
4169.7
4099.44
4034.21
3972.43
3911.6
3850.68
3789.68
3728.59
3667.44
3606.23
3544.96
3483.65
3422.29
3360.9
3299.47
3238.01
3176.52
3115.01
3053.47
2991.92
2930.35
2868.76
2807.16
2745.54
2683.92
2622.29
2560.64
2498.99
2437.33
2375.67
2314
2252.32
2190.64
2128.96
2067.27
2005.58
1943.89
1882.19
1820.49
1758.79
1697.09
1635.39
1573.68
1511.98
1450.27
1388.56
1326.85
1265.14
1203.43
1141.72
1080.01
1018.3
956.582
894.388
826.385
746.827
653.749
544.853
417.452
268.399
94.025
4871.93
4706.57
4610.78
4508.04
4414.28
4326.81
4245.4
4169.73
4099.46
4034.23
3972.44
3911.62
3850.7
3789.69
3728.61
3667.45
3606.24
3544.97
3483.66
3422.3
3360.9
3299.47
3238.01
3176.52
3115.01
3053.48
2991.92
2930.35
2868.76
2807.16
2745.55
2683.92
2622.29
2560.64
2498.99
2437.33
2375.67
2314
2252.32
2190.64
2128.96
2067.27
2005.58
1943.89
1882.19
1820.49
1758.79
1697.09
1635.39
1573.68
1511.98
1450.27
1388.56
1326.85
1265.14
1203.43
1141.72
1080.01
1018.3
956.583
894.388
826.385
746.827
653.749
544.853
417.452
268.399
94.0253
4875.28
4708.34
4611.37
4508.54
4414.51
4326.95
4245.48
4169.79
4099.5
4034.26
3972.47
3911.64
3850.72
3789.71
3728.62
3667.47
3606.26
3544.99
3483.67
3422.31
3360.92
3299.48
3238.02
3176.53
3115.02
3053.48
2991.93
2930.35
2868.77
2807.16
2745.55
2683.92
2622.29
2560.65
2498.99
2437.34
2375.67
2314
2252.32
2190.64
2128.96
2067.27
2005.58
1943.89
1882.19
1820.5
1758.8
1697.09
1635.39
1573.68
1511.98
1450.27
1388.56
1326.85
1265.14
1203.43
1141.72
1080.01
1018.3
956.583
894.388
826.385
746.827
653.749
544.853
417.452
268.399
94.0256
4878.09
4710.11
4611.96
4509.06
4414.77
4327.11
4245.59
4169.86
4099.55
4034.3
3972.51
3911.67
3850.75
3789.73
3728.65
3667.49
3606.28
3545.01
3483.69
3422.33
3360.93
3299.5
3238.03
3176.54
3115.03
3053.49
2991.93
2930.36
2868.77
2807.17
2745.55
2683.93
2622.29
2560.65
2499
2437.34
2375.67
2314
2252.33
2190.65
2128.96
2067.27
2005.58
1943.89
1882.19
1820.5
1758.8
1697.09
1635.39
1573.68
1511.98
1450.27
1388.56
1326.85
1265.14
1203.43
1141.72
1080.01
1018.3
956.583
894.388
826.386
746.827
653.749
544.853
417.453
268.399
94.0259
4880.1
4711.62
4612.39
4509.5
4414.99
4327.25
4245.68
4169.93
4099.6
4034.34
3972.54
3911.7
3850.77
3789.76
3728.67
3667.51
3606.3
3545.02
3483.71
3422.34
3360.94
3299.51
3238.04
3176.55
3115.04
3053.5
2991.94
2930.37
2868.78
2807.17
2745.56
2683.93
2622.3
2560.65
2499
2437.34
2375.67
2314
2252.33
2190.65
2128.96
2067.28
2005.58
1943.89
1882.19
1820.5
1758.8
1697.09
1635.39
1573.69
1511.98
1450.27
1388.56
1326.85
1265.14
1203.43
1141.72
1080.01
1018.3
956.583
894.388
826.386
746.827
653.749
544.853
417.453
268.4
94.0261
4881.06
4712.64
4612.53
4509.75
4415.1
4327.31
4245.72
4169.95
4099.62
4034.36
3972.56
3911.72
3850.79
3789.77
3728.69
3667.53
3606.31
3545.04
3483.72
3422.36
3360.96
3299.52
3238.05
3176.56
3115.04
3053.51
2991.95
2930.37
2868.78
2807.18
2745.56
2683.94
2622.3
2560.65
2499
2437.34
2375.68
2314.01
2252.33
2190.65
2128.96
2067.28
2005.59
1943.89
1882.2
1820.5
1758.8
1697.09
1635.39
1573.69
1511.98
1450.27
1388.56
1326.85
1265.14
1203.43
1141.72
1080.01
1018.3
956.583
894.388
826.386
746.827
653.749
544.853
417.453
268.4
94.0262
4880.7
4712.95
4612.23
4509.69
4415.02
4327.25
4245.68
4169.92
4099.6
4034.35
3972.55
3911.72
3850.79
3789.78
3728.69
3667.54
3606.32
3545.05
3483.73
3422.37
3360.96
3299.53
3238.06
3176.57
3115.05
3053.51
2991.95
2930.38
2868.79
2807.18
2745.57
2683.94
2622.3
2560.66
2499
2437.34
2375.68
2314.01
2252.33
2190.65
2128.97
2067.28
2005.59
1943.89
1882.2
1820.5
1758.8
1697.09
1635.39
1573.69
1511.98
1450.27
1388.56
1326.85
1265.14
1203.43
1141.72
1080.01
1018.3
956.583
894.388
826.386
746.827
653.749
544.853
417.453
268.4
94.0262
4878.74
4712.37
4611.36
4509.25
4414.7
4327.02
4245.52
4169.81
4099.52
4034.29
3972.51
3911.69
3850.77
3789.77
3728.68
3667.53
3606.32
3545.05
3483.73
3422.37
3360.97
3299.53
3238.06
3176.57
3115.05
3053.51
2991.95
2930.38
2868.79
2807.18
2745.57
2683.94
2622.3
2560.66
2499
2437.34
2375.68
2314.01
2252.33
2190.65
2128.97
2067.28
2005.59
1943.89
1882.2
1820.5
1758.8
1697.09
1635.39
1573.69
1511.98
1450.27
1388.56
1326.85
1265.14
1203.43
1141.72
1080.01
1018.3
956.583
894.388
826.386
746.827
653.749
544.853
417.453
268.4
94.0261
4874.89
4710.81
4609.88
4508.42
4414.14
4326.64
4245.26
4169.64
4099.4
4034.2
3972.44
3911.64
3850.74
3789.74
3728.67
3667.52
3606.31
3545.04
3483.72
3422.36
3360.96
3299.53
3238.06
3176.57
3115.05
3053.51
2991.95
2930.38
2868.79
2807.18
2745.57
2683.94
2622.3
2560.66
2499
2437.34
2375.68
2314.01
2252.33
2190.65
2128.96
2067.28
2005.59
1943.89
1882.2
1820.5
1758.8
1697.09
1635.39
1573.69
1511.98
1450.27
1388.56
1326.85
1265.14
1203.43
1141.72
1080.01
1018.3
956.583
894.388
826.386
746.827
653.749
544.853
417.453
268.4
94.0258
4868.88
4708.34
4607.89
4507.28
4413.41
4326.17
4244.95
4169.42
4099.25
4034.1
3972.37
3911.58
3850.69
3789.71
3728.64
3667.5
3606.29
3545.03
3483.71
3422.36
3360.96
3299.52
3238.06
3176.56
3115.05
3053.51
2991.95
2930.37
2868.78
2807.18
2745.56
2683.94
2622.3
2560.65
2499
2437.34
2375.68
2314
2252.33
2190.65
2128.96
2067.28
2005.58
1943.89
1882.19
1820.5
1758.8
1697.09
1635.39
1573.68
1511.98
1450.27
1388.56
1326.85
1265.14
1203.43
1141.72
1080.01
1018.3
956.583
894.388
826.386
746.827
653.749
544.853
417.452
268.4
94.0252
4860.77
4705.47
4605.8
4506.22
4412.82
4325.84
4244.78
4169.33
4099.21
4034.08
3972.36
3911.59
3850.7
3789.72
3728.65
3667.51
3606.3
3545.03
3483.72
3422.36
3360.96
3299.52
3238.05
3176.56
3115.04
3053.5
2991.95
2930.37
2868.78
2807.18
2745.56
2683.93
2622.3
2560.65
2499
2437.34
2375.67
2314
2252.33
2190.65
2128.96
2067.27
2005.58
1943.89
1882.19
1820.5
1758.8
1697.09
1635.39
1573.68
1511.98
1450.27
1388.56
1326.85
1265.14
1203.43
1141.72
1080.01
1018.3
956.583
894.388
826.386
746.827
653.749
544.853
417.452
268.4
94.0245
4850.21
4702.76
4603.8
4505.28
4412.36
4325.61
4244.66
4169.28
4099.18
4034.07
3972.36
3911.59
3850.7
3789.72
3728.65
3667.51
3606.3
3545.03
3483.72
3422.35
3360.95
3299.52
3238.05
3176.56
3115.04
3053.5
2991.94
2930.37
2868.78
2807.17
2745.56
2683.93
2622.29
2560.65
2499
2437.34
2375.67
2314
2252.32
2190.64
2128.96
2067.27
2005.58
1943.89
1882.19
1820.49
1758.79
1697.09
1635.39
1573.68
1511.98
1450.27
1388.56
1326.85
1265.14
1203.43
1141.72
1080.01
1018.3
956.583
894.388
826.385
746.827
653.749
544.853
417.452
268.4
94.0237
4843.7
4707.44
4606.9
4508.1
4414.67
4327.4
4246.05
4170.36
4100.04
4034.75
3972.91
3912.03
3851.06
3790.01
3728.88
3667.7
3606.45
3545.16
3483.82
3422.44
3361.02
3299.57
3238.1
3176.6
3115.07
3053.53
2991.96
2930.39
2868.79
2807.19
2745.57
2683.94
2622.3
2560.66
2499
2437.34
2375.68
2314.01
2252.33
2190.65
2128.96
2067.28
2005.59
1943.89
1882.2
1820.5
1758.8
1697.09
1635.39
1573.69
1511.98
1450.27
1388.56
1326.85
1265.14
1203.43
1141.72
1080.01
1018.3
956.583
894.388
826.386
746.828
653.749
544.853
417.452
268.401
94.0233
4853.93
4707.09
4608.91
4507.46
4413.88
4326.47
4245.11
4169.48
4099.23
4034.02
3972.26
3911.45
3850.55
3789.57
3728.5
3667.37
3606.17
3544.92
3483.61
3422.27
3360.88
3299.45
3238
3176.51
3115.01
3053.47
2991.92
2930.35
2868.76
2807.16
2745.55
2683.93
2622.29
2560.65
2499
2437.34
2375.67
2314
2252.33
2190.65
2128.96
2067.28
2005.59
1943.89
1882.2
1820.5
1758.8
1697.09
1635.39
1573.69
1511.98
1450.27
1388.56
1326.85
1265.14
1203.43
1141.72
1080.01
1018.3
956.583
894.388
826.386
746.827
653.749
544.853
417.452
268.4
94.0244
4851.96
4703.92
4607.95
4506.66
4413.41
4326.17
4244.91
4169.34
4099.13
4033.94
3972.2
3911.41
3850.51
3789.53
3728.47
3667.34
3606.15
3544.9
3483.59
3422.25
3360.86
3299.44
3237.98
3176.5
3114.99
3053.46
2991.91
2930.34
2868.76
2807.16
2745.54
2683.92
2622.29
2560.64
2498.99
2437.33
2375.67
2314
2252.32
2190.65
2128.96
2067.27
2005.58
1943.89
1882.19
1820.5
1758.8
1697.09
1635.39
1573.68
1511.98
1450.27
1388.56
1326.85
1265.14
1203.43
1141.72
1080.01
1018.3
956.583
894.388
826.386
746.827
653.749
544.853
417.452
268.4
94.0242
4852.84
4701.81
4607.36
4506.09
4413.06
4325.94
4244.75
4169.23
4099.05
4033.89
3972.16
3911.37
3850.49
3789.51
3728.45
3667.33
3606.13
3544.88
3483.58
3422.24
3360.85
3299.43
3237.98
3176.49
3114.99
3053.45
2991.9
2930.34
2868.75
2807.15
2745.54
2683.92
2622.28
2560.64
2498.99
2437.33
2375.67
2314
2252.32
2190.64
2128.96
2067.27
2005.58
1943.89
1882.19
1820.49
1758.79
1697.09
1635.39
1573.68
1511.98
1450.27
1388.56
1326.85
1265.14
1203.43
1141.72
1080.01
1018.3
956.583
894.388
826.385
746.827
653.749
544.853
417.452
268.4
94.0243
4855.41
4701.18
4607.09
4505.83
4412.85
4325.8
4244.65
4169.16
4099
4033.85
3972.13
3911.35
3850.47
3789.5
3728.44
3667.32
3606.13
3544.88
3483.58
3422.23
3360.85
3299.42
3237.97
3176.49
3114.98
3053.45
2991.9
2930.33
2868.75
2807.15
2745.54
2683.91
2622.28
2560.64
2498.99
2437.33
2375.67
2314
2252.32
2190.64
2128.96
2067.27
2005.58
1943.89
1882.19
1820.49
1758.79
1697.09
1635.39
1573.68
1511.98
1450.27
1388.56
1326.85
1265.14
1203.43
1141.72
1080.01
1018.3
956.582
894.388
826.385
746.827
653.749
544.853
417.452
268.399
94.0245
4858.67
4701.57
4607.09
4505.82
4412.77
4325.73
4244.6
4169.12
4098.97
4033.83
3972.12
3911.35
3850.47
3789.5
3728.44
3667.32
3606.13
3544.88
3483.58
3422.23
3360.85
3299.42
3237.97
3176.49
3114.98
3053.45
2991.9
2930.33
2868.75
2807.15
2745.54
2683.91
2622.28
2560.64
2498.99
2437.33
2375.67
2314
2252.32
2190.64
2128.96
2067.27
2005.58
1943.89
1882.19
1820.49
1758.79
1697.09
1635.39
1573.68
1511.98
1450.27
1388.56
1326.85
1265.14
1203.43
1141.72
1080.01
1018.3
956.582
894.388
826.385
746.827
653.749
544.853
417.452
268.399
94.0247
4862.2
4702.69
4607.35
4506.04
4412.82
4325.75
4244.61
4169.13
4098.98
4033.84
3972.13
3911.36
3850.48
3789.51
3728.45
3667.33
3606.14
3544.89
3483.58
3422.24
3360.85
3299.43
3237.98
3176.49
3114.98
3053.45
2991.9
2930.33
2868.75
2807.15
2745.54
2683.91
2622.28
2560.64
2498.99
2437.33
2375.67
2314
2252.32
2190.64
2128.96
2067.27
2005.58
1943.89
1882.19
1820.49
1758.79
1697.09
1635.39
1573.68
1511.98
1450.27
1388.56
1326.85
1265.14
1203.43
1141.72
1080.01
1018.3
956.582
894.388
826.385
746.827
653.749
544.853
417.452
268.399
94.025
4865.73
4704.3
4607.83
4506.44
4412.99
4325.86
4244.67
4169.17
4099.01
4033.87
3972.15
3911.38
3850.5
3789.53
3728.47
3667.35
3606.15
3544.9
3483.6
3422.25
3360.86
3299.44
3237.98
3176.5
3114.99
3053.46
2991.91
2930.34
2868.75
2807.15
2745.54
2683.92
2622.28
2560.64
2498.99
2437.33
2375.67
2314
2252.32
2190.64
2128.96
2067.27
2005.58
1943.89
1882.19
1820.49
1758.79
1697.09
1635.39
1573.68
1511.98
1450.27
1388.56
1326.85
1265.14
1203.43
1141.72
1080.01
1018.3
956.583
894.388
826.385
746.827
653.749
544.853
417.452
268.4
94.0254
4868.96
4706.14
4608.42
4506.96
4413.25
4326.02
4244.78
4169.25
4099.07
4033.92
3972.19
3911.42
3850.53
3789.56
3728.5
3667.37
3606.17
3544.92
3483.62
3422.27
3360.88
3299.45
3238
3176.51
3115
3053.47
2991.92
2930.35
2868.76
2807.16
2745.55
2683.92
2622.29
2560.64
2498.99
2437.33
2375.67
2314
2252.32
2190.64
2128.96
2067.27
2005.58
1943.89
1882.19
1820.5
1758.8
1697.09
1635.39
1573.68
1511.98
1450.27
1388.56
1326.85
1265.14
1203.43
1141.72
1080.01
1018.3
956.583
894.388
826.386
746.827
653.749
544.853
417.453
268.4
94.0257
4871.63
4707.96
4609
4507.49
4413.53
4326.2
4244.91
4169.34
4099.14
4033.98
3972.24
3911.46
3850.57
3789.59
3728.53
3667.4
3606.2
3544.94
3483.64
3422.29
3360.9
3299.47
3238.01
3176.52
3115.01
3053.48
2991.92
2930.35
2868.77
2807.16
2745.55
2683.93
2622.29
2560.65
2499
2437.34
2375.67
2314
2252.33
2190.65
2128.96
2067.27
2005.58
1943.89
1882.19
1820.5
1758.8
1697.09
1635.39
1573.69
1511.98
1450.27
1388.56
1326.85
1265.14
1203.43
1141.72
1080.01
1018.3
956.583
894.388
826.386
746.827
653.749
544.853
417.453
268.4
94.0259
4873.52
4709.51
4609.43
4507.93
4413.78
4326.35
4245.01
4169.42
4099.2
4034.03
3972.29
3911.5
3850.61
3789.62
3728.56
3667.43
3606.23
3544.97
3483.66
3422.31
3360.91
3299.49
3238.03
3176.54
3115.02
3053.49
2991.93
2930.36
2868.77
2807.17
2745.56
2683.93
2622.3
2560.65
2499
2437.34
2375.67
2314
2252.33
2190.65
2128.96
2067.28
2005.59
1943.89
1882.2
1820.5
1758.8
1697.09
1635.39
1573.69
1511.98
1450.27
1388.56
1326.85
1265.14
1203.43
1141.72
1080.01
1018.3
956.583
894.388
826.386
746.828
653.749
544.853
417.453
268.4
94.0261
4874.35
4710.55
4609.56
4508.17
4413.89
4326.42
4245.06
4169.45
4099.23
4034.05
3972.31
3911.52
3850.63
3789.65
3728.58
3667.45
3606.24
3544.99
3483.68
3422.32
3360.93
3299.5
3238.04
3176.55
3115.03
3053.5
2991.94
2930.37
2868.78
2807.18
2745.56
2683.94
2622.3
2560.65
2499
2437.34
2375.68
2314.01
2252.33
2190.65
2128.97
2067.28
2005.59
1943.89
1882.2
1820.5
1758.8
1697.1
1635.39
1573.69
1511.98
1450.27
1388.56
1326.85
1265.14
1203.43
1141.72
1080.01
1018.3
956.583
894.388
826.386
746.828
653.749
544.854
417.453
268.4
94.0262
4873.88
4710.86
4609.23
4508.08
4413.81
4326.36
4245.02
4169.42
4099.21
4034.04
3972.3
3911.52
3850.63
3789.65
3728.59
3667.45
3606.25
3545
3483.69
3422.33
3360.94
3299.51
3238.05
3176.56
3115.04
3053.5
2991.95
2930.37
2868.78
2807.18
2745.56
2683.94
2622.3
2560.66
2499
2437.34
2375.68
2314.01
2252.33
2190.65
2128.97
2067.28
2005.59
1943.89
1882.2
1820.5
1758.8
1697.1
1635.39
1573.69
1511.98
1450.27
1388.56
1326.85
1265.14
1203.43
1141.72
1080.01
1018.3
956.583
894.388
826.386
746.828
653.749
544.854
417.453
268.4
94.0262
4871.83
4710.26
4608.33
4507.61
4413.47
4326.12
4244.85
4169.3
4099.12
4033.97
3972.26
3911.48
3850.61
3789.63
3728.58
3667.45
3606.25
3544.99
3483.69
3422.33
3360.94
3299.51
3238.05
3176.56
3115.04
3053.51
2991.95
2930.37
2868.78
2807.18
2745.57
2683.94
2622.3
2560.66
2499
2437.34
2375.68
2314.01
2252.33
2190.65
2128.97
2067.28
2005.59
1943.89
1882.2
1820.5
1758.8
1697.1
1635.39
1573.69
1511.98
1450.27
1388.56
1326.85
1265.14
1203.43
1141.72
1080.01
1018.3
956.583
894.388
826.386
746.828
653.749
544.854
417.453
268.4
94.0261
4867.89
4708.65
4606.82
4506.72
4412.87
4325.7
4244.56
4169.1
4098.98
4033.86
3972.17
3911.42
3850.56
3789.6
3728.55
3667.42
3606.23
3544.98
3483.67
3422.32
3360.93
3299.5
3238.04
3176.55
3115.04
3053.5
2991.94
2930.37
2868.78
2807.18
2745.56
2683.94
2622.3
2560.65
2499
2437.34
2375.68
2314.01
2252.33
2190.65
2128.96
2067.28
2005.59
1943.89
1882.2
1820.5
1758.8
1697.09
1635.39
1573.69
1511.98
1450.27
1388.56
1326.85
1265.14
1203.43
1141.72
1080.01
1018.3
956.583
894.388
826.386
746.828
653.749
544.854
417.453
268.4
94.0257
4861.84
4706.11
4604.78
4505.51
4412.09
4325.18
4244.21
4168.85
4098.8
4033.73
3972.07
3911.34
3850.5
3789.55
3728.51
3667.39
3606.21
3544.96
3483.66
3422.31
3360.92
3299.49
3238.03
3176.54
3115.03
3053.49
2991.94
2930.36
2868.78
2807.17
2745.56
2683.93
2622.3
2560.65
2499
2437.34
2375.67
2314
2252.33
2190.65
2128.96
2067.28
2005.58
1943.89
1882.19
1820.5
1758.8
1697.09
1635.39
1573.68
1511.98
1450.27
1388.56
1326.85
1265.14
1203.43
1141.72
1080.01
1018.3
956.583
894.388
826.386
746.827
653.749
544.853
417.452
268.4
94.0252
4853.65
4703.08
4602.6
4504.32
4411.41
4324.77
4243.96
4168.69
4098.7
4033.67
3972.03
3911.31
3850.48
3789.53
3728.5
3667.38
3606.19
3544.95
3483.65
3422.3
3360.91
3299.48
3238.02
3176.53
3115.02
3053.49
2991.93
2930.36
2868.77
2807.17
2745.55
2683.93
2622.29
2560.65
2498.99
2437.34
2375.67
2314
2252.32
2190.64
2128.96
2067.27
2005.58
1943.89
1882.19
1820.49
1758.79
1697.09
1635.39
1573.68
1511.98
1450.27
1388.56
1326.85
1265.14
1203.43
1141.72
1080.01
1018.3
956.583
894.388
826.386
746.827
653.749
544.853
417.452
268.4
94.0245
4843.11
4700.31
4600.65
4503.34
4410.92
4324.5
4243.81
4168.61
4098.65
4033.63
3972
3911.29
3850.46
3789.52
3728.48
3667.37
3606.18
3544.94
3483.64
3422.29
3360.9
3299.47
3238.01
3176.52
3115.01
3053.48
2991.92
2930.35
2868.76
2807.16
2745.55
2683.92
2622.29
2560.64
2498.99
2437.33
2375.67
2314
2252.32
2190.64
2128.96
2067.27
2005.58
1943.89
1882.19
1820.49
1758.79
1697.09
1635.39
1573.68
1511.98
1450.27
1388.56
1326.85
1265.14
1203.43
1141.72
1080.01
1018.3
956.583
894.388
826.385
746.827
653.749
544.853
417.452
268.4
94.0237
4836.47
4704.56
4603.68
4505.98
4413.11
4326.22
4245.14
4169.65
4099.48
4034.3
3972.54
3911.73
3850.81
3789.8
3728.72
3667.56
3606.34
3545.06
3483.74
3422.37
3360.97
3299.53
3238.06
3176.57
3115.05
3053.51
2991.95
2930.37
2868.78
2807.18
2745.56
2683.93
2622.3
2560.65
2499
2437.34
2375.67
2314
2252.33
2190.65
2128.96
2067.28
2005.58
1943.89
1882.19
1820.5
1758.8
1697.09
1635.39
1573.69
1511.98
1450.27
1388.56
1326.85
1265.14
1203.43
1141.72
1080.01
1018.3
956.583
894.388
826.386
746.828
653.749
544.854
417.452
268.401
94.0232
4847.37
4704.18
4606.12
4505.81
4412.68
4325.64
4244.51
4169.04
4098.91
4033.78
3972.08
3911.32
3850.45
3789.49
3728.45
3667.33
3606.14
3544.9
3483.6
3422.26
3360.88
3299.46
3238
3176.52
3115.01
3053.48
2991.93
2930.36
2868.77
2807.17
2745.56
2683.93
2622.3
2560.65
2499
2437.34
2375.68
2314.01
2252.33
2190.65
2128.97
2067.28
2005.59
1943.89
1882.2
1820.5
1758.8
1697.1
1635.39
1573.69
1511.98
1450.27
1388.56
1326.85
1265.14
1203.43
1141.72
1080.01
1018.3
956.584
894.388
826.386
746.828
653.749
544.854
417.453
268.4
94.0245
4845.49
4701.1
4605.13
4505.02
4412.19
4325.31
4244.29
4168.88
4098.78
4033.68
3972
3911.25
3850.4
3789.45
3728.41
3667.29
3606.11
3544.87
3483.58
3422.24
3360.85
3299.44
3237.98
3176.5
3115
3053.47
2991.91
2930.35
2868.76
2807.16
2745.55
2683.92
2622.29
2560.65
2499
2437.34
2375.67
2314
2252.33
2190.65
2128.96
2067.28
2005.59
1943.89
1882.2
1820.5
1758.8
1697.09
1635.39
1573.69
1511.98
1450.27
1388.56
1326.85
1265.14
1203.43
1141.72
1080.01
1018.3
956.583
894.388
826.386
746.827
653.749
544.853
417.453
268.4
94.0243
4846.37
4699.06
4604.51
4504.47
4411.83
4325.07
4244.12
4168.76
4098.7
4033.62
3971.95
3911.21
3850.36
3789.42
3728.38
3667.27
3606.09
3544.85
3483.56
3422.22
3360.84
3299.42
3237.97
3176.49
3114.99
3053.46
2991.91
2930.34
2868.75
2807.15
2745.54
2683.92
2622.29
2560.64
2498.99
2437.33
2375.67
2314
2252.33
2190.65
2128.96
2067.27
2005.58
1943.89
1882.19
1820.5
1758.8
1697.09
1635.39
1573.69
1511.98
1450.27
1388.56
1326.85
1265.14
1203.43
1141.72
1080.01
1018.3
956.583
894.388
826.386
746.827
653.749
544.853
417.453
268.4
94.0243
4848.91
4698.52
4604.24
4504.24
4411.63
4324.94
4244.02
4168.69
4098.65
4033.58
3971.92
3911.19
3850.35
3789.4
3728.37
3667.26
3606.08
3544.85
3483.55
3422.22
3360.84
3299.42
3237.97
3176.49
3114.98
3053.45
2991.9
2930.33
2868.75
2807.15
2745.54
2683.92
2622.28
2560.64
2498.99
2437.33
2375.67
2314
2252.32
2190.64
2128.96
2067.27
2005.58
1943.89
1882.19
1820.5
1758.8
1697.09
1635.39
1573.68
1511.98
1450.27
1388.56
1326.85
1265.14
1203.43
1141.72
1080.01
1018.3
956.583
894.388
826.386
746.827
653.749
544.853
417.452
268.4
94.0244
4852.11
4699.01
4604.25
4504.26
4411.58
4324.89
4243.99
4168.67
4098.63
4033.57
3971.91
3911.19
3850.35
3789.4
3728.37
3667.26
3606.09
3544.85
3483.56
3422.22
3360.84
3299.42
3237.97
3176.49
3114.98
3053.45
2991.9
2930.33
2868.75
2807.15
2745.54
2683.92
2622.28
2560.64
2498.99
2437.33
2375.67
2314
2252.32
2190.64
2128.96
2067.27
2005.58
1943.89
1882.19
1820.5
1758.8
1697.09
1635.39
1573.68
1511.98
1450.27
1388.56
1326.85
1265.14
1203.43
1141.72
1080.01
1018.3
956.583
894.388
826.386
746.827
653.749
544.853
417.452
268.4
94.0247
4855.56
4700.23
4604.52
4504.52
4411.67
4324.94
4244.02
4168.69
4098.65
4033.59
3971.94
3911.21
3850.37
3789.42
3728.39
3667.28
3606.1
3544.86
3483.57
3422.23
3360.85
3299.43
3237.98
3176.49
3114.99
3053.46
2991.91
2930.34
2868.75
2807.15
2745.54
2683.92
2622.29
2560.64
2498.99
2437.33
2375.67
2314
2252.32
2190.65
2128.96
2067.27
2005.58
1943.89
1882.19
1820.5
1758.8
1697.09
1635.39
1573.69
1511.98
1450.27
1388.56
1326.85
1265.14
1203.43
1141.72
1080.01
1018.3
956.583
894.388
826.386
746.827
653.749
544.853
417.453
268.4
94.025
4858.98
4701.93
4605.02
4504.96
4411.88
4325.08
4244.12
4168.77
4098.71
4033.64
3971.98
3911.25
3850.4
3789.46
3728.42
3667.31
3606.13
3544.88
3483.59
3422.25
3360.86
3299.44
3237.99
3176.51
3115
3053.47
2991.92
2930.35
2868.76
2807.16
2745.55
2683.92
2622.29
2560.65
2499
2437.34
2375.67
2314
2252.33
2190.65
2128.96
2067.28
2005.58
1943.89
1882.2
1820.5
1758.8
1697.09
1635.39
1573.69
1511.98
1450.27
1388.56
1326.85
1265.14
1203.43
1141.72
1080.01
1018.3
956.583
894.388
826.386
746.828
653.749
544.853
417.453
268.4
94.0253
4862.08
4703.85
4605.64
4505.51
4412.19
4325.28
4244.26
4168.87
4098.8
4033.71
3972.04
3911.3
3850.45
3789.5
3728.46
3667.34
3606.16
3544.91
3483.62
3422.27
3360.88
3299.46
3238.01
3176.52
3115.01
3053.48
2991.93
2930.36
2868.77
2807.17
2745.55
2683.93
2622.29
2560.65
2499
2437.34
2375.68
2314
2252.33
2190.65
2128.96
2067.28
2005.59
1943.89
1882.2
1820.5
1758.8
1697.1
1635.39
1573.69
1511.98
1450.27
1388.56
1326.85
1265.14
1203.43
1141.72
1080.01
1018.3
956.583
894.388
826.386
746.828
653.749
544.854
417.453
268.4
94.0256
4864.62
4705.74
4606.25
4506.07
4412.52
4325.5
4244.42
4168.99
4098.89
4033.8
3972.11
3911.36
3850.51
3789.55
3728.51
3667.38
3606.2
3544.95
3483.65
3422.3
3360.91
3299.48
3238.03
3176.54
3115.03
3053.49
2991.94
2930.37
2868.78
2807.18
2745.56
2683.94
2622.3
2560.66
2499
2437.34
2375.68
2314.01
2252.33
2190.65
2128.97
2067.28
2005.59
1943.89
1882.2
1820.5
1758.8
1697.1
1635.39
1573.69
1511.98
1450.27
1388.56
1326.85
1265.14
1203.43
1141.72
1080.01
1018.3
956.584
894.389
826.386
746.828
653.75
544.854
417.453
268.4
94.0259
4866.37
4707.33
4606.69
4506.53
4412.8
4325.68
4244.55
4169.1
4098.98
4033.87
3972.17
3911.42
3850.56
3789.59
3728.55
3667.42
3606.23
3544.98
3483.67
3422.32
3360.93
3299.51
3238.05
3176.56
3115.04
3053.51
2991.95
2930.38
2868.79
2807.19
2745.57
2683.94
2622.31
2560.66
2499.01
2437.35
2375.68
2314.01
2252.34
2190.65
2128.97
2067.28
2005.59
1943.9
1882.2
1820.5
1758.8
1697.1
1635.39
1573.69
1511.98
1450.27
1388.56
1326.86
1265.14
1203.43
1141.72
1080.01
1018.3
956.584
894.389
826.386
746.828
653.75
544.854
417.453
268.4
94.0261
4867.08
4708.39
4606.82
4506.76
4412.93
4325.77
4244.62
4169.15
4099.02
4033.91
3972.21
3911.45
3850.59
3789.63
3728.58
3667.45
3606.26
3545
3483.7
3422.34
3360.95
3299.52
3238.06
3176.57
3115.06
3053.52
2991.96
2930.39
2868.8
2807.19
2745.58
2683.95
2622.31
2560.67
2499.01
2437.35
2375.69
2314.01
2252.34
2190.66
2128.97
2067.28
2005.59
1943.9
1882.2
1820.5
1758.8
1697.1
1635.39
1573.69
1511.98
1450.27
1388.57
1326.86
1265.14
1203.43
1141.72
1080.01
1018.3
956.584
894.389
826.387
746.828
653.75
544.854
417.453
268.4
94.0261
4866.5
4708.69
4606.48
4506.66
4412.85
4325.7
4244.58
4169.12
4099
4033.9
3972.21
3911.46
3850.59
3789.63
3728.58
3667.46
3606.27
3545.01
3483.71
3422.36
3360.96
3299.53
3238.07
3176.58
3115.06
3053.53
2991.97
2930.39
2868.8
2807.2
2745.58
2683.95
2622.31
2560.67
2499.01
2437.35
2375.69
2314.02
2252.34
2190.66
2128.97
2067.28
2005.59
1943.9
1882.2
1820.5
1758.8
1697.1
1635.39
1573.69
1511.98
1450.27
1388.57
1326.86
1265.14
1203.43
1141.72
1080.01
1018.3
956.584
894.389
826.387
746.828
653.75
544.854
417.453
268.4
94.0261
4864.33
4708.06
4605.55
4506.14
4412.49
4325.44
4244.39
4168.98
4098.9
4033.82
3972.15
3911.41
3850.56
3789.61
3728.57
3667.45
3606.26
3545.01
3483.7
3422.35
3360.96
3299.53
3238.07
3176.58
3115.06
3053.53
2991.97
2930.39
2868.8
2807.2
2745.58
2683.95
2622.31
2560.67
2499.01
2437.35
2375.69
2314.02
2252.34
2190.66
2128.97
2067.28
2005.59
1943.9
1882.2
1820.5
1758.8
1697.1
1635.39
1573.69
1511.98
1450.27
1388.57
1326.86
1265.14
1203.43
1141.72
1080.01
1018.3
956.584
894.389
826.387
746.828
653.75
544.854
417.453
268.401
94.026
4860.31
4706.39
4603.98
4505.17
4411.84
4324.98
4244.06
4168.74
4098.72
4033.68
3972.04
3911.33
3850.49
3789.56
3728.52
3667.41
3606.23
3544.98
3483.68
3422.34
3360.95
3299.52
3238.06
3176.57
3115.05
3053.52
2991.96
2930.39
2868.8
2807.19
2745.58
2683.95
2622.31
2560.66
2499.01
2437.35
2375.68
2314.01
2252.34
2190.66
2128.97
2067.28
2005.59
1943.9
1882.2
1820.5
1758.8
1697.1
1635.39
1573.69
1511.98
1450.27
1388.56
1326.85
1265.14
1203.43
1141.72
1080.01
1018.3
956.584
894.389
826.386
746.828
653.75
544.854
417.453
268.401
94.0256
4854.2
4703.74
4601.87
4503.87
4410.98
4324.39
4243.64
4168.44
4098.5
4033.51
3971.9
3911.22
3850.4
3789.48
3728.46
3667.36
3606.19
3544.95
3483.65
3422.31
3360.92
3299.5
3238.04
3176.55
3115.04
3053.5
2991.95
2930.37
2868.79
2807.18
2745.57
2683.94
2622.3
2560.66
2499.01
2437.35
2375.68
2314.01
2252.33
2190.65
2128.97
2067.28
2005.59
1943.89
1882.2
1820.5
1758.8
1697.1
1635.39
1573.69
1511.98
1450.27
1388.56
1326.85
1265.14
1203.43
1141.72
1080.01
1018.3
956.584
894.388
826.386
746.828
653.749
544.854
417.453
268.401
94.025
4845.92
4700.5
4599.55
4502.51
4410.16
4323.86
4243.3
4168.21
4098.33
4033.39
3971.81
3911.14
3850.35
3789.43
3728.42
3667.32
3606.15
3544.92
3483.62
3422.28
3360.9
3299.48
3238.02
3176.53
3115.02
3053.49
2991.93
2930.36
2868.77
2807.17
2745.56
2683.93
2622.3
2560.65
2499
2437.34
2375.67
2314
2252.33
2190.65
2128.96
2067.28
2005.59
1943.89
1882.2
1820.5
1758.8
1697.09
1635.39
1573.69
1511.98
1450.27
1388.56
1326.85
1265.14
1203.43
1141.72
1080.01
1018.3
956.583
894.388
826.386
746.827
653.749
544.853
417.452
268.4
94.0243
4835.42
4697.61
4597.6
4501.45
4409.6
4323.53
4243.09
4168.06
4098.23
4033.3
3971.74
3911.09
3850.3
3789.39
3728.38
3667.29
3606.12
3544.89
3483.6
3422.26
3360.88
3299.45
3238
3176.52
3115.01
3053.47
2991.92
2930.35
2868.76
2807.16
2745.55
2683.92
2622.29
2560.64
2498.99
2437.33
2375.67
2314
2252.32
2190.64
2128.96
2067.27
2005.58
1943.89
1882.19
1820.5
1758.79
1697.09
1635.39
1573.68
1511.98
1450.27
1388.56
1326.85
1265.14
1203.43
1141.72
1080.01
1018.3
956.583
894.388
826.386
746.827
653.749
544.853
417.452
268.401
94.0235
4828.61
4701.31
4600.46
4503.85
4411.61
4325.12
4244.33
4169.04
4099.01
4033.93
3972.25
3911.5
3850.63
3789.66
3728.61
3667.47
3606.27
3545.01
3483.7
3422.34
3360.95
3299.51
3238.05
3176.56
3115.04
3053.5
2991.95
2930.37
2868.78
2807.18
2745.56
2683.94
2622.3
2560.66
2499
2437.34
2375.68
2314.01
2252.33
2190.65
2128.96
2067.28
2005.59
1943.89
1882.2
1820.5
1758.8
1697.1
1635.39
1573.69
1511.98
1450.27
1388.56
1326.85
1265.14
1203.43
1141.72
1080.01
1018.3
956.584
894.389
826.386
746.828
653.749
544.854
417.453
268.401
94.0231
4840.33
4701.25
4603.55
4504.4
4411.75
4325.05
4244.15
4168.82
4098.77
4033.71
3972.05
3911.32
3850.47
3789.52
3728.49
3667.38
3606.19
3544.95
3483.65
3422.31
3360.92
3299.5
3238.04
3176.56
3115.05
3053.51
2991.96
2930.38
2868.8
2807.19
2745.58
2683.95
2622.31
2560.67
2499.02
2437.36
2375.69
2314.02
2252.34
2190.66
2128.97
2067.29
2005.59
1943.9
1882.2
1820.5
1758.8
1697.1
1635.4
1573.69
1511.98
1450.28
1388.57
1326.86
1265.15
1203.43
1141.72
1080.01
1018.3
956.585
894.389
826.387
746.828
653.75
544.854
417.453
268.401
94.0244
4838.58
4698.31
4602.55
4503.62
4411.24
4324.7
4243.89
4168.63
4098.62
4033.59
3971.95
3911.23
3850.4
3789.46
3728.43
3667.33
3606.15
3544.91
3483.62
3422.28
3360.89
3299.47
3238.02
3176.54
3115.03
3053.49
2991.94
2930.37
2868.78
2807.18
2745.57
2683.94
2622.31
2560.66
2499.01
2437.35
2375.68
2314.01
2252.34
2190.66
2128.97
2067.28
2005.59
1943.9
1882.2
1820.5
1758.8
1697.1
1635.39
1573.69
1511.98
1450.27
1388.57
1326.86
1265.15
1203.43
1141.72
1080.01
1018.3
956.584
894.389
826.387
746.828
653.75
544.854
417.453
268.401
94.0242
4839.47
4696.38
4601.93
4503.1
4410.88
4324.46
4243.72
4168.5
4098.53
4033.51
3971.88
3911.18
3850.35
3789.42
3728.4
3667.3
3606.12
3544.89
3483.6
3422.26
3360.88
3299.46
3238
3176.52
3115.01
3053.48
2991.93
2930.36
2868.77
2807.17
2745.56
2683.94
2622.3
2560.66
2499
2437.35
2375.68
2314.01
2252.33
2190.65
2128.97
2067.28
2005.59
1943.9
1882.2
1820.5
1758.8
1697.1
1635.39
1573.69
1511.98
1450.27
1388.56
1326.86
1265.14
1203.43
1141.72
1080.01
1018.3
956.584
894.389
826.387
746.828
653.75
544.854
417.453
268.4
94.0242
4841.99
4695.96
4601.68
4502.91
4410.71
4324.35
4243.64
4168.44
4098.49
4033.48
3971.86
3911.16
3850.34
3789.41
3728.39
3667.29
3606.12
3544.88
3483.59
3422.25
3360.87
3299.45
3238
3176.52
3115.01
3053.48
2991.93
2930.36
2868.77
2807.17
2745.56
2683.93
2622.3
2560.66
2499
2437.34
2375.68
2314.01
2252.33
2190.65
2128.97
2067.28
2005.59
1943.9
1882.2
1820.5
1758.8
1697.1
1635.39
1573.69
1511.98
1450.27
1388.56
1326.85
1265.14
1203.43
1141.72
1080.01
1018.3
956.584
894.389
826.386
746.828
653.75
544.854
417.453
268.4
94.0244
4845.13
4696.59
4601.74
4503
4410.71
4324.34
4243.64
4168.44
4098.49
4033.49
3971.87
3911.18
3850.35
3789.43
3728.4
3667.3
3606.13
3544.89
3483.6
3422.26
3360.88
3299.46
3238.01
3176.52
3115.01
3053.48
2991.93
2930.36
2868.77
2807.17
2745.56
2683.94
2622.3
2560.66
2499
2437.35
2375.68
2314.01
2252.33
2190.65
2128.97
2067.28
2005.59
1943.9
1882.2
1820.5
1758.8
1697.1
1635.39
1573.69
1511.98
1450.27
1388.56
1326.86
1265.14
1203.43
1141.72
1080.01
1018.3
956.584
894.389
826.387
746.828
653.75
544.854
417.453
268.4
94.0247
4848.49
4697.93
4602.09
4503.33
4410.87
4324.45
4243.72
4168.51
4098.55
4033.54
3971.92
3911.22
3850.39
3789.46
3728.44
3667.33
3606.15
3544.91
3483.62
3422.28
3360.89
3299.47
3238.02
3176.53
3115.02
3053.49
2991.94
2930.37
2868.78
2807.18
2745.56
2683.94
2622.3
2560.66
2499.01
2437.35
2375.68
2314.01
2252.34
2190.65
2128.97
2067.28
2005.59
1943.9
1882.2
1820.5
1758.8
1697.1
1635.39
1573.69
1511.98
1450.27
1388.57
1326.86
1265.15
1203.43
1141.72
1080.01
1018.3
956.584
894.389
826.387
746.828
653.75
544.854
417.453
268.4
94.025
4851.8
4699.75
4602.65
4503.84
4411.16
4324.65
4243.87
4168.63
4098.65
4033.63
3971.99
3911.29
3850.45
3789.52
3728.49
3667.37
3606.19
3544.95
3483.65
3422.31
3360.92
3299.5
3238.04
3176.55
3115.04
3053.51
2991.95
2930.38
2868.79
2807.19
2745.57
2683.95
2622.31
2560.67
2499.01
2437.35
2375.69
2314.01
2252.34
2190.66
2128.97
2067.28
2005.59
1943.9
1882.2
1820.5
1758.8
1697.1
1635.39
1573.69
1511.98
1450.27
1388.57
1326.86
1265.15
1203.43
1141.72
1080.01
1018.3
956.584
894.389
826.387
746.828
653.75
544.854
417.453
268.4
94.0253
4854.78
4701.77
4603.34
4504.46
4411.54
4324.91
4244.07
4168.79
4098.78
4033.74
3972.09
3911.37
3850.53
3789.58
3728.55
3667.43
3606.24
3545
3483.69
3422.34
3360.95
3299.52
3238.06
3176.58
3115.06
3053.52
2991.97
2930.39
2868.8
2807.2
2745.58
2683.96
2622.32
2560.67
2499.02
2437.36
2375.69
2314.02
2252.34
2190.66
2128.98
2067.29
2005.59
1943.9
1882.2
1820.5
1758.8
1697.1
1635.4
1573.69
1511.98
1450.28
1388.57
1326.86
1265.15
1203.44
1141.72
1080.01
1018.3
956.585
894.39
826.387
746.829
653.75
544.854
417.453
268.401
94.0255
4857.19
4703.73
4604
4505.07
4411.94
4325.18
4244.28
4168.95
4098.92
4033.86
3972.19
3911.46
3850.61
3789.66
3728.61
3667.49
3606.3
3545.04
3483.74
3422.38
3360.99
3299.56
3238.09
3176.6
3115.08
3053.55
2991.99
2930.41
2868.82
2807.21
2745.59
2683.97
2622.33
2560.68
2499.03
2437.36
2375.7
2314.02
2252.35
2190.66
2128.98
2067.29
2005.6
1943.9
1882.21
1820.51
1758.8
1697.1
1635.4
1573.69
1511.98
1450.28
1388.57
1326.86
1265.15
1203.44
1141.72
1080.01
1018.3
956.585
894.39
826.387
746.829
653.75
544.854
417.453
268.401
94.0258
4858.81
4705.37
4604.49
4505.56
4412.27
4325.42
4244.46
4169.1
4099.04
4033.96
3972.29
3911.54
3850.68
3789.72
3728.67
3667.54
3606.35
3545.09
3483.78
3422.42
3361.02
3299.59
3238.12
3176.63
3115.11
3053.56
2992
2930.43
2868.83
2807.22
2745.61
2683.98
2622.34
2560.69
2499.03
2437.37
2375.7
2314.03
2252.35
2190.67
2128.98
2067.29
2005.6
1943.9
1882.21
1820.51
1758.81
1697.1
1635.4
1573.69
1511.99
1450.28
1388.57
1326.86
1265.15
1203.44
1141.72
1080.01
1018.3
956.586
894.39
826.388
746.829
653.751
544.855
417.453
268.401
94.0259
4859.39
4706.45
4604.64
4505.81
4412.44
4325.53
4244.55
4169.18
4099.1
4034.02
3972.34
3911.6
3850.73
3789.77
3728.71
3667.58
3606.38
3545.12
3483.81
3422.45
3361.05
3299.61
3238.14
3176.64
3115.12
3053.58
2992.02
2930.44
2868.84
2807.23
2745.61
2683.98
2622.34
2560.69
2499.04
2437.38
2375.71
2314.03
2252.35
2190.67
2128.98
2067.29
2005.6
1943.91
1882.21
1820.51
1758.81
1697.1
1635.4
1573.69
1511.99
1450.28
1388.57
1326.86
1265.15
1203.44
1141.72
1080.01
1018.3
956.586
894.39
826.388
746.829
653.751
544.855
417.454
268.401
94.026
4858.68
4706.74
4604.3
4505.69
4412.36
4325.47
4244.51
4169.15
4099.09
4034.02
3972.34
3911.6
3850.74
3789.78
3728.73
3667.6
3606.4
3545.14
3483.82
3422.46
3361.06
3299.62
3238.15
3176.65
3115.13
3053.59
2992.02
2930.44
2868.85
2807.24
2745.62
2683.99
2622.35
2560.7
2499.04
2437.38
2375.71
2314.03
2252.36
2190.67
2128.99
2067.3
2005.6
1943.91
1882.21
1820.51
1758.81
1697.1
1635.4
1573.69
1511.99
1450.28
1388.57
1326.86
1265.15
1203.44
1141.72
1080.01
1018.3
956.586
894.39
826.388
746.829
653.751
544.855
417.454
268.401
94.026
4856.4
4706.05
4603.33
4505.11
4411.97
4325.18
4244.3
4169
4098.98
4033.93
3972.27
3911.55
3850.7
3789.75
3728.7
3667.58
3606.38
3545.12
3483.81
3422.45
3361.05
3299.62
3238.15
3176.65
3115.13
3053.59
2992.02
2930.44
2868.85
2807.24
2745.62
2683.99
2622.35
2560.7
2499.04
2437.38
2375.71
2314.03
2252.35
2190.67
2128.99
2067.3
2005.6
1943.91
1882.21
1820.51
1758.81
1697.1
1635.4
1573.69
1511.99
1450.28
1388.57
1326.86
1265.15
1203.44
1141.72
1080.01
1018.3
956.586
894.39
826.388
746.829
653.751
544.855
417.454
268.401
94.0258
4852.27
4704.28
4601.68
4504.05
4411.24
4324.65
4243.91
4168.71
4098.75
4033.75
3972.13
3911.43
3850.61
3789.67
3728.64
3667.53
3606.34
3545.09
3483.78
3422.43
3361.03
3299.6
3238.13
3176.64
3115.12
3053.57
2992.01
2930.43
2868.84
2807.23
2745.61
2683.98
2622.34
2560.69
2499.03
2437.37
2375.7
2314.03
2252.35
2190.67
2128.98
2067.29
2005.6
1943.91
1882.21
1820.51
1758.81
1697.1
1635.4
1573.69
1511.99
1450.28
1388.57
1326.86
1265.15
1203.44
1141.72
1080.01
1018.3
956.585
894.39
826.388
746.829
653.751
544.855
417.453
268.401
94.0254
4846.08
4701.47
4599.45
4502.6
4410.27
4323.96
4243.41
4168.33
4098.46
4033.52
3971.94
3911.28
3850.48
3789.56
3728.55
3667.45
3606.27
3545.03
3483.73
3422.38
3360.99
3299.56
3238.1
3176.61
3115.09
3053.55
2991.99
2930.41
2868.82
2807.21
2745.6
2683.97
2622.33
2560.68
2499.03
2437.36
2375.7
2314.02
2252.35
2190.66
2128.98
2067.29
2005.6
1943.9
1882.2
1820.51
1758.8
1697.1
1635.4
1573.69
1511.98
1450.28
1388.57
1326.86
1265.15
1203.44
1141.72
1080.01
1018.3
956.585
894.39
826.387
746.829
653.75
544.854
417.453
268.401
94.0249
4837.71
4697.96
4596.94
4501.03
4409.27
4323.28
4242.93
4167.98
4098.19
4033.31
3971.77
3911.14
3850.36
3789.46
3728.46
3667.37
3606.2
3544.97
3483.67
3422.33
3360.95
3299.52
3238.06
3176.57
3115.06
3053.52
2991.97
2930.39
2868.8
2807.2
2745.58
2683.95
2622.31
2560.67
2499.02
2437.35
2375.69
2314.02
2252.34
2190.66
2128.97
2067.28
2005.59
1943.9
1882.2
1820.5
1758.8
1697.1
1635.39
1573.69
1511.98
1450.27
1388.57
1326.86
1265.15
1203.43
1141.72
1080.01
1018.3
956.584
894.389
826.387
746.828
653.75
544.854
417.453
268.401
94.0242
4827.25
4694.86
4594.88
4499.8
4408.56
4322.82
4242.6
4167.73
4098
4033.15
3971.64
3911.02
3850.26
3789.37
3728.38
3667.3
3606.14
3544.91
3483.62
3422.28
3360.9
3299.48
3238.03
3176.54
3115.03
3053.5
2991.94
2930.37
2868.78
2807.18
2745.56
2683.94
2622.3
2560.66
2499
2437.35
2375.68
2314.01
2252.33
2190.65
2128.97
2067.28
2005.59
1943.89
1882.2
1820.5
1758.8
1697.1
1635.39
1573.69
1511.98
1450.27
1388.56
1326.85
1265.14
1203.43
1141.72
1080.01
1018.3
956.584
894.389
826.386
746.828
653.749
544.854
417.453
268.401
94.0234
4820.2
4697.83
4597.41
4501.85
4410.3
4324.2
4243.69
4168.59
4098.69
4033.71
3972.09
3911.39
3850.56
3789.62
3728.58
3667.46
3606.27
3545.02
3483.72
3422.36
3360.97
3299.54
3238.07
3176.58
3115.07
3053.53
2991.97
2930.39
2868.8
2807.2
2745.58
2683.95
2622.31
2560.67
2499.01
2437.35
2375.69
2314.01
2252.34
2190.66
2128.97
2067.28
2005.59
1943.9
1882.2
1820.5
1758.8
1697.1
1635.39
1573.69
1511.98
1450.27
1388.57
1326.86
1265.15
1203.43
1141.72
1080.01
1018.3
956.585
894.389
826.387
746.828
653.75
544.854
417.453
268.401
94.0229
4832.92
4698.64
4601.47
4503.44
4411.25
4324.85
4244.11
4168.88
4098.89
4033.86
3972.21
3911.49
3850.64
3789.69
3728.65
3667.53
3606.33
3545.08
3483.77
3422.42
3361.02
3299.59
3238.13
3176.63
3115.11
3053.57
2992.01
2930.43
2868.84
2807.23
2745.61
2683.98
2622.34
2560.7
2499.04
2437.38
2375.71
2314.03
2252.36
2190.67
2128.99
2067.3
2005.6
1943.91
1882.21
1820.51
1758.81
1697.11
1635.4
1573.69
1511.99
1450.28
1388.57
1326.86
1265.15
1203.44
1141.72
1080.01
1018.3
956.586
894.391
826.388
746.83
653.751
544.855
417.454
268.401
94.0244
4831.37
4695.88
4600.48
4502.68
4410.73
4324.48
4243.83
4168.66
4098.72
4033.71
3972.09
3911.38
3850.55
3789.61
3728.58
3667.46
3606.28
3545.03
3483.73
3422.38
3360.99
3299.56
3238.1
3176.61
3115.09
3053.55
2991.99
2930.42
2868.83
2807.22
2745.6
2683.97
2622.33
2560.69
2499.03
2437.37
2375.7
2314.03
2252.35
2190.67
2128.98
2067.29
2005.6
1943.91
1882.21
1820.51
1758.81
1697.1
1635.4
1573.69
1511.99
1450.28
1388.57
1326.86
1265.15
1203.44
1141.72
1080.01
1018.3
956.586
894.39
826.388
746.829
653.751
544.855
417.454
268.401
94.0242
4832.33
4694.15
4599.9
4502.21
4410.39
4324.24
4243.67
4168.54
4098.62
4033.64
3972.03
3911.33
3850.51
3789.57
3728.54
3667.43
3606.25
3545
3483.71
3422.36
3360.97
3299.54
3238.08
3176.59
3115.08
3053.54
2991.98
2930.41
2868.82
2807.21
2745.6
2683.97
2622.33
2560.68
2499.03
2437.37
2375.7
2314.03
2252.35
2190.67
2128.98
2067.29
2005.6
1943.9
1882.21
1820.51
1758.81
1697.1
1635.4
1573.69
1511.99
1450.28
1388.57
1326.86
1265.15
1203.44
1141.72
1080.01
1018.3
956.585
894.39
826.388
746.829
653.751
544.855
417.453
268.401
94.0242
4834.81
4693.91
4599.73
4502.11
4410.29
4324.18
4243.62
4168.51
4098.6
4033.63
3972.02
3911.33
3850.5
3789.57
3728.54
3667.43
3606.25
3545.01
3483.71
3422.36
3360.97
3299.54
3238.08
3176.59
3115.08
3053.54
2991.98
2930.41
2868.82
2807.21
2745.59
2683.97
2622.33
2560.68
2499.03
2437.37
2375.7
2314.03
2252.35
2190.67
2128.98
2067.29
2005.6
1943.9
1882.21
1820.51
1758.81
1697.1
1635.4
1573.69
1511.99
1450.28
1388.57
1326.86
1265.15
1203.44
1141.72
1080.01
1018.3
956.585
894.39
826.388
746.829
653.751
544.855
417.453
268.401
94.0243
4837.88
4694.72
4599.9
4502.3
4410.38
4324.24
4243.68
4168.56
4098.65
4033.67
3972.06
3911.37
3850.54
3789.61
3728.57
3667.46
3606.28
3545.03
3483.73
3422.38
3360.98
3299.55
3238.09
3176.6
3115.09
3053.55
2991.99
2930.41
2868.82
2807.22
2745.6
2683.97
2622.33
2560.68
2499.03
2437.37
2375.7
2314.03
2252.35
2190.67
2128.98
2067.29
2005.6
1943.91
1882.21
1820.51
1758.81
1697.1
1635.4
1573.69
1511.99
1450.28
1388.57
1326.86
1265.15
1203.44
1141.72
1080.01
1018.3
956.586
894.39
826.388
746.829
653.751
544.855
417.453
268.401
94.0246
4841.14
4696.24
4600.37
4502.74
4410.64
4324.44
4243.84
4168.69
4098.77
4033.77
3972.15
3911.45
3850.61
3789.67
3728.63
3667.51
3606.32
3545.07
3483.76
3422.41
3361.01
3299.58
3238.12
3176.62
3115.1
3053.56
2992
2930.43
2868.83
2807.23
2745.61
2683.98
2622.34
2560.69
2499.04
2437.37
2375.71
2314.03
2252.35
2190.67
2128.98
2067.3
2005.6
1943.91
1882.21
1820.51
1758.81
1697.11
1635.4
1573.69
1511.99
1450.28
1388.57
1326.86
1265.15
1203.44
1141.72
1080.01
1018.3
956.586
894.391
826.388
746.829
653.751
544.855
417.454
268.401
94.0249
4844.32
4698.21
4601.07
4503.37
4411.05
4324.73
4244.07
4168.88
4098.93
4033.91
3972.28
3911.56
3850.71
3789.76
3728.71
3667.58
3606.39
3545.13
3483.81
3422.45
3361.05
3299.62
3238.15
3176.65
3115.13
3053.59
2992.03
2930.45
2868.85
2807.24
2745.62
2683.99
2622.35
2560.7
2499.04
2437.38
2375.71
2314.04
2252.36
2190.68
2128.99
2067.3
2005.61
1943.91
1882.21
1820.51
1758.81
1697.11
1635.4
1573.7
1511.99
1450.28
1388.57
1326.86
1265.15
1203.44
1141.73
1080.01
1018.3
956.586
894.391
826.388
746.83
653.751
544.855
417.454
268.401
94.0252
4847.17
4700.36
4601.88
4504.09
4411.54
4325.09
4244.35
4169.12
4099.12
4034.08
3972.43
3911.69
3850.83
3789.86
3728.81
3667.67
3606.46
3545.19
3483.87
3422.51
3361.1
3299.66
3238.19
3176.69
3115.16
3053.62
2992.05
2930.47
2868.87
2807.26
2745.64
2684
2622.36
2560.71
2499.05
2437.39
2375.72
2314.04
2252.37
2190.68
2128.99
2067.3
2005.61
1943.91
1882.22
1820.51
1758.81
1697.11
1635.4
1573.7
1511.99
1450.28
1388.57
1326.86
1265.15
1203.44
1141.73
1080.01
1018.3
956.587
894.392
826.389
746.83
653.751
544.855
417.454
268.401
94.0254
4849.46
4702.42
4602.65
4504.79
4412.04
4325.46
4244.64
4169.35
4099.32
4034.26
3972.58
3911.83
3850.95
3789.97
3728.9
3667.76
3606.54
3545.26
3483.94
3422.57
3361.15
3299.71
3238.23
3176.72
3115.19
3053.64
2992.08
2930.49
2868.89
2807.28
2745.65
2684.02
2622.38
2560.72
2499.06
2437.4
2375.73
2314.05
2252.37
2190.69
2129
2067.31
2005.61
1943.92
1882.22
1820.52
1758.82
1697.11
1635.41
1573.7
1511.99
1450.28
1388.57
1326.86
1265.15
1203.44
1141.73
1080.01
1018.3
956.588
894.392
826.389
746.83
653.752
544.856
417.454
268.401
94.0257
4850.95
4704.13
4603.23
4505.35
4412.45
4325.76
4244.88
4169.55
4099.49
4034.4
3972.71
3911.94
3851.06
3790.07
3728.99
3667.83
3606.61
3545.33
3483.99
3422.62
3361.2
3299.75
3238.27
3176.76
3115.22
3053.67
2992.1
2930.51
2868.91
2807.3
2745.67
2684.03
2622.39
2560.73
2499.07
2437.41
2375.74
2314.06
2252.38
2190.69
2129
2067.31
2005.62
1943.92
1882.22
1820.52
1758.82
1697.11
1635.41
1573.7
1511.99
1450.28
1388.57
1326.86
1265.15
1203.44
1141.73
1080.02
1018.3
956.588
894.393
826.39
746.831
653.752
544.856
417.454
268.402
94.0259
4851.41
4705.24
4603.44
4505.63
4412.67
4325.92
4245.02
4169.67
4099.59
4034.49
3972.79
3912.02
3851.13
3790.13
3729.05
3667.89
3606.66
3545.37
3484.04
3422.66
3361.23
3299.78
3238.29
3176.78
3115.25
3053.69
2992.12
2930.53
2868.92
2807.31
2745.68
2684.04
2622.4
2560.74
2499.08
2437.41
2375.74
2314.06
2252.38
2190.7
2129.01
2067.32
2005.62
1943.92
1882.22
1820.52
1758.82
1697.11
1635.41
1573.7
1511.99
1450.28
1388.57
1326.86
1265.15
1203.44
1141.73
1080.02
1018.3
956.588
894.393
826.39
746.831
653.752
544.856
417.454
268.402
94.0259
4850.57
4705.52
4603.11
4505.5
4412.6
4325.87
4244.98
4169.65
4099.59
4034.5
3972.8
3912.03
3851.14
3790.15
3729.07
3667.91
3606.68
3545.39
3484.05
3422.67
3361.25
3299.79
3238.31
3176.79
3115.26
3053.7
2992.13
2930.54
2868.93
2807.31
2745.69
2684.05
2622.4
2560.75
2499.08
2437.42
2375.74
2314.07
2252.38
2190.7
2129.01
2067.32
2005.62
1943.92
1882.22
1820.52
1758.82
1697.12
1635.41
1573.7
1511.99
1450.29
1388.58
1326.86
1265.15
1203.44
1141.73
1080.02
1018.3
956.589
894.393
826.39
746.831
653.752
544.856
417.455
268.402
94.0259
4848.17
4704.76
4602.11
4504.87
4412.17
4325.54
4244.75
4169.47
4099.45
4034.39
3972.72
3911.96
3851.09
3790.11
3729.03
3667.88
3606.66
3545.37
3484.04
3422.66
3361.24
3299.79
3238.3
3176.79
3115.25
3053.7
2992.12
2930.53
2868.93
2807.31
2745.68
2684.05
2622.4
2560.74
2499.08
2437.42
2375.74
2314.06
2252.38
2190.7
2129.01
2067.32
2005.62
1943.92
1882.22
1820.52
1758.82
1697.12
1635.41
1573.7
1511.99
1450.28
1388.57
1326.86
1265.15
1203.44
1141.73
1080.02
1018.3
956.588
894.393
826.39
746.831
653.752
544.856
417.454
268.402
94.0257
4843.93
4702.85
4600.37
4503.69
4411.35
4324.94
4244.29
4169.12
4099.17
4034.16
3972.53
3911.81
3850.96
3790
3728.94
3667.8
3606.59
3545.32
3483.99
3422.62
3361.2
3299.75
3238.27
3176.76
3115.23
3053.68
2992.1
2930.52
2868.91
2807.3
2745.67
2684.03
2622.39
2560.74
2499.07
2437.41
2375.74
2314.06
2252.38
2190.69
2129
2067.31
2005.62
1943.92
1882.22
1820.52
1758.82
1697.11
1635.41
1573.7
1511.99
1450.28
1388.57
1326.86
1265.15
1203.44
1141.73
1080.01
1018.3
956.588
894.392
826.39
746.831
653.752
544.856
417.454
268.402
94.0253
4837.63
4699.82
4597.96
4502.05
4410.21
4324.1
4243.66
4168.63
4098.78
4033.84
3972.26
3911.59
3850.77
3789.83
3728.8
3667.68
3606.48
3545.22
3483.91
3422.54
3361.14
3299.69
3238.22
3176.72
3115.19
3053.64
2992.07
2930.49
2868.89
2807.27
2745.65
2684.02
2622.37
2560.72
2499.06
2437.4
2375.72
2314.05
2252.37
2190.68
2129
2067.31
2005.61
1943.92
1882.22
1820.52
1758.81
1697.11
1635.4
1573.7
1511.99
1450.28
1388.57
1326.86
1265.15
1203.44
1141.73
1080.01
1018.3
956.587
894.392
826.389
746.83
653.751
544.855
417.454
268.402
94.0247
4829.16
4695.97
4595.18
4500.19
4408.96
4323.21
4242.99
4168.12
4098.38
4033.51
3971.99
3911.35
3850.57
3789.66
3728.65
3667.54
3606.36
3545.12
3483.81
3422.46
3361.06
3299.63
3238.16
3176.66
3115.14
3053.6
2992.03
2930.45
2868.86
2807.25
2745.62
2683.99
2622.35
2560.7
2499.04
2437.38
2375.71
2314.04
2252.36
2190.67
2128.99
2067.3
2005.6
1943.91
1882.21
1820.51
1758.81
1697.11
1635.4
1573.69
1511.99
1450.28
1388.57
1326.86
1265.15
1203.44
1141.73
1080.01
1018.3
956.586
894.391
826.388
746.829
653.751
544.855
417.453
268.402
94.024
4818.75
4692.5
4592.87
4498.69
4408
4322.53
4242.48
4167.71
4098.04
4033.23
3971.74
3911.13
3850.38
3789.49
3728.5
3667.41
3606.25
3545.01
3483.72
3422.38
3360.99
3299.56
3238.1
3176.61
3115.09
3053.55
2991.99
2930.42
2868.82
2807.22
2745.6
2683.97
2622.33
2560.68
2499.03
2437.37
2375.7
2314.02
2252.35
2190.66
2128.98
2067.29
2005.6
1943.9
1882.21
1820.51
1758.81
1697.1
1635.4
1573.69
1511.98
1450.28
1388.57
1326.86
1265.15
1203.44
1141.72
1080.01
1018.3
956.585
894.39
826.387
746.829
653.75
544.854
417.453
268.401
94.0232
4811.4
4694.46
4594.81
4500.21
4409.32
4323.6
4243.32
4168.38
4098.58
4033.66
3972.09
3911.42
3850.61
3789.68
3728.65
3667.54
3606.35
3545.1
3483.79
3422.43
3361.04
3299.6
3238.13
3176.64
3115.12
3053.57
2992.01
2930.43
2868.84
2807.23
2745.61
2683.98
2622.34
2560.69
2499.03
2437.37
2375.7
2314.03
2252.35
2190.67
2128.98
2067.29
2005.6
1943.91
1882.21
1820.51
1758.81
1697.1
1635.4
1573.69
1511.99
1450.28
1388.57
1326.86
1265.15
1203.44
1141.72
1080.01
1018.3
956.586
894.391
826.388
746.829
653.751
544.855
417.453
268.402
94.0227
4825.28
4696.85
4600.14
4503.1
4411.28
4325.06
4244.41
4169.21
4099.23
4034.19
3972.53
3911.78
3850.92
3789.95
3728.88
3667.74
3606.53
3545.26
3483.93
3422.56
3361.15
3299.71
3238.23
3176.73
3115.2
3053.65
2992.08
2930.5
2868.9
2807.28
2745.66
2684.02
2622.38
2560.73
2499.07
2437.4
2375.73
2314.06
2252.37
2190.69
2129
2067.31
2005.62
1943.92
1882.22
1820.52
1758.82
1697.11
1635.41
1573.7
1511.99
1450.28
1388.57
1326.86
1265.15
1203.44
1141.73
1080.01
1018.3
956.588
894.392
826.39
746.831
653.752
544.856
417.454
268.402
94.0242
4824.08
4694.41
4599.2
4502.37
4410.75
4324.67
4244.11
4168.97
4099.03
4034.01
3972.38
3911.66
3850.81
3789.85
3728.8
3667.66
3606.46
3545.19
3483.88
3422.51
3361.11
3299.67
3238.19
3176.69
3115.17
3053.62
2992.06
2930.47
2868.88
2807.27
2745.64
2684.01
2622.37
2560.72
2499.06
2437.39
2375.72
2314.05
2252.37
2190.68
2129
2067.31
2005.61
1943.92
1882.22
1820.52
1758.81
1697.11
1635.4
1573.7
1511.99
1450.28
1388.57
1326.86
1265.15
1203.44
1141.73
1080.01
1018.3
956.587
894.392
826.389
746.83
653.752
544.855
417.454
268.402
94.024
4825.16
4693.02
4598.73
4502.01
4410.48
4324.48
4243.96
4168.86
4098.94
4033.94
3972.32
3911.6
3850.76
3789.81
3728.76
3667.63
3606.43
3545.17
3483.85
3422.49
3361.09
3299.65
3238.18
3176.68
3115.16
3053.61
2992.05
2930.47
2868.87
2807.26
2745.64
2684
2622.36
2560.71
2499.06
2437.39
2375.72
2314.05
2252.37
2190.68
2129
2067.3
2005.61
1943.91
1882.22
1820.52
1758.81
1697.11
1635.4
1573.7
1511.99
1450.28
1388.57
1326.86
1265.15
1203.44
1141.73
1080.01
1018.3
956.587
894.392
826.389
746.83
653.752
544.855
417.454
268.401
94.0241
4827.66
4693.16
4598.78
4502.08
4410.51
4324.51
4244
4168.89
4098.97
4033.97
3972.34
3911.63
3850.78
3789.83
3728.78
3667.65
3606.45
3545.18
3483.87
3422.5
3361.1
3299.66
3238.19
3176.69
3115.16
3053.62
2992.05
2930.47
2868.87
2807.26
2745.64
2684.01
2622.36
2560.71
2499.06
2437.39
2375.72
2314.05
2252.37
2190.68
2129
2067.31
2005.61
1943.92
1882.22
1820.52
1758.81
1697.11
1635.4
1573.7
1511.99
1450.28
1388.57
1326.86
1265.15
1203.44
1141.73
1080.01
1018.3
956.587
894.392
826.389
746.83
653.752
544.855
417.454
268.401
94.0243
4830.73
4694.37
4599.24
4502.5
4410.79
4324.72
4244.17
4169.04
4099.1
4034.08
3972.44
3911.72
3850.86
3789.9
3728.84
3667.7
3606.5
3545.23
3483.91
3422.54
3361.13
3299.69
3238.21
3176.71
3115.18
3053.63
2992.07
2930.48
2868.89
2807.27
2745.65
2684.02
2622.37
2560.72
2499.06
2437.4
2375.73
2314.05
2252.37
2190.69
2129
2067.31
2005.61
1943.92
1882.22
1820.52
1758.82
1697.11
1635.41
1573.7
1511.99
1450.28
1388.57
1326.86
1265.15
1203.44
1141.73
1080.01
1018.3
956.588
894.392
826.389
746.831
653.752
544.856
417.454
268.402
94.0245
4834
4696.29
4600.03
4503.2
4411.27
4325.09
4244.47
4169.28
4099.31
4034.26
3972.6
3911.86
3850.99
3790.01
3728.94
3667.79
3606.58
3545.3
3483.97
3422.6
3361.18
3299.73
3238.25
3176.75
3115.21
3053.66
2992.09
2930.51
2868.91
2807.29
2745.67
2684.03
2622.39
2560.73
2499.07
2437.41
2375.74
2314.06
2252.38
2190.69
2129
2067.31
2005.62
1943.92
1882.22
1820.52
1758.82
1697.11
1635.41
1573.7
1511.99
1450.28
1388.57
1326.86
1265.15
1203.44
1141.73
1080.02
1018.3
956.588
894.393
826.39
746.831
653.752
544.856
417.455
268.402
94.0248
4837.22
4698.64
4601.07
4504.09
4411.92
4325.58
4244.87
4169.61
4099.58
4034.5
3972.81
3912.04
3851.15
3790.16
3729.07
3667.91
3606.68
3545.39
3484.05
3422.67
3361.25
3299.79
3238.3
3176.79
3115.26
3053.7
2992.13
2930.54
2868.93
2807.31
2745.69
2684.05
2622.4
2560.75
2499.09
2437.42
2375.75
2314.07
2252.39
2190.7
2129.01
2067.32
2005.62
1943.93
1882.23
1820.52
1758.82
1697.12
1635.41
1573.7
1512
1450.29
1388.58
1326.87
1265.15
1203.44
1141.73
1080.02
1018.3
956.589
894.393
826.391
746.832
653.753
544.856
417.455
268.402
94.0252
4840.12
4701.15
4602.22
4505.07
4412.64
4326.13
4245.31
4169.98
4099.89
4034.77
3973.05
3912.25
3851.34
3790.32
3729.22
3668.04
3606.8
3545.5
3484.15
3422.75
3361.32
3299.86
3238.36
3176.85
3115.3
3053.74
2992.16
2930.57
2868.96
2807.34
2745.71
2684.07
2622.42
2560.77
2499.1
2437.43
2375.76
2314.08
2252.4
2190.71
2129.02
2067.33
2005.63
1943.93
1882.23
1820.53
1758.83
1697.12
1635.41
1573.71
1512
1450.29
1388.58
1326.87
1265.16
1203.44
1141.73
1080.02
1018.3
956.59
894.394
826.391
746.832
653.753
544.857
417.455
268.402
94.0255
4842.47
4703.52
4603.31
4506.01
4413.35
4326.68
4245.75
4170.34
4100.2
4035.04
3973.28
3912.46
3851.52
3790.49
3729.37
3668.17
3606.92
3545.6
3484.24
3422.84
3361.4
3299.93
3238.43
3176.9
3115.35
3053.79
2992.2
2930.61
2868.99
2807.37
2745.74
2684.09
2622.44
2560.78
2499.12
2437.45
2375.77
2314.09
2252.41
2190.72
2129.03
2067.33
2005.64
1943.94
1882.24
1820.53
1758.83
1697.12
1635.42
1573.71
1512
1450.29
1388.58
1326.87
1265.16
1203.44
1141.73
1080.02
1018.3
956.591
894.395
826.392
746.833
653.754
544.857
417.455
268.403
94.0258
4844.01
4705.47
4604.16
4506.76
4413.94
4327.13
4246.12
4170.65
4100.47
4035.27
3973.48
3912.64
3851.68
3790.63
3729.5
3668.29
3607.02
3545.7
3484.33
3422.91
3361.47
3299.99
3238.48
3176.95
3115.4
3053.83
2992.24
2930.64
2869.02
2807.4
2745.76
2684.11
2622.46
2560.8
2499.13
2437.46
2375.78
2314.1
2252.42
2190.73
2129.03
2067.34
2005.64
1943.94
1882.24
1820.54
1758.83
1697.13
1635.42
1573.71
1512
1450.29
1388.58
1326.87
1265.16
1203.45
1141.73
1080.02
1018.31
956.592
894.396
826.393
746.833
653.754
544.858
417.456
268.403
94.026
4844.5
4706.76
4604.58
4507.18
4414.29
4327.41
4246.35
4170.85
4100.64
4035.42
3973.62
3912.76
3851.8
3790.73
3729.59
3668.37
3607.1
3545.77
3484.39
3422.97
3361.52
3300.03
3238.52
3176.99
3115.43
3053.86
2992.27
2930.66
2869.04
2807.41
2745.78
2684.13
2622.47
2560.81
2499.14
2437.47
2375.79
2314.11
2252.42
2190.73
2129.04
2067.34
2005.65
1943.95
1882.24
1820.54
1758.84
1697.13
1635.42
1573.71
1512
1450.29
1388.58
1326.87
1265.16
1203.45
1141.73
1080.02
1018.31
956.592
894.396
826.393
746.834
653.755
544.858
417.456
268.403
94.0261
4843.67
4707.13
4604.39
4507.13
4414.29
4327.42
4246.37
4170.88
4100.67
4035.45
3973.66
3912.8
3851.83
3790.77
3729.62
3668.41
3607.13
3545.8
3484.42
3423
3361.54
3300.06
3238.54
3177
3115.45
3053.87
2992.28
2930.67
2869.05
2807.42
2745.78
2684.14
2622.48
2560.82
2499.15
2437.47
2375.8
2314.11
2252.43
2190.73
2129.04
2067.35
2005.65
1943.95
1882.25
1820.54
1758.84
1697.13
1635.42
1573.71
1512.01
1450.3
1388.58
1326.87
1265.16
1203.45
1141.73
1080.02
1018.31
956.593
894.397
826.393
746.834
653.755
544.858
417.456
268.404
94.026
4841.23
4706.37
4603.43
4506.48
4413.86
4327.09
4246.12
4170.69
4100.52
4035.34
3973.56
3912.72
3851.77
3790.72
3729.59
3668.38
3607.1
3545.77
3484.4
3422.98
3361.53
3300.04
3238.53
3177
3115.44
3053.86
2992.27
2930.67
2869.05
2807.42
2745.78
2684.13
2622.48
2560.81
2499.15
2437.47
2375.79
2314.11
2252.42
2190.73
2129.04
2067.34
2005.65
1943.95
1882.25
1820.54
1758.84
1697.13
1635.42
1573.71
1512
1450.29
1388.58
1326.87
1265.16
1203.45
1141.73
1080.02
1018.31
956.592
894.396
826.393
746.834
653.755
544.858
417.456
268.404
94.0258
4836.89
4704.31
4601.6
4505.19
4412.93
4326.39
4245.58
4170.27
4100.18
4035.06
3973.33
3912.53
3851.6
3790.58
3729.46
3668.27
3607.01
3545.69
3484.33
3422.92
3361.47
3300
3238.49
3176.96
3115.41
3053.83
2992.25
2930.64
2869.03
2807.4
2745.76
2684.12
2622.46
2560.8
2499.13
2437.46
2375.78
2314.1
2252.42
2190.73
2129.03
2067.34
2005.64
1943.94
1882.24
1820.54
1758.83
1697.13
1635.42
1573.71
1512
1450.29
1388.58
1326.87
1265.16
1203.45
1141.73
1080.02
1018.31
956.592
894.396
826.393
746.833
653.754
544.858
417.456
268.403
94.0254
4830.43
4700.94
4598.94
4503.29
4411.57
4325.36
4244.79
4169.63
4099.67
4034.63
3972.97
3912.22
3851.34
3790.35
3729.26
3668.09
3606.86
3545.56
3484.21
3422.81
3361.38
3299.91
3238.41
3176.89
3115.35
3053.78
2992.2
2930.6
2868.99
2807.37
2745.73
2684.09
2622.44
2560.78
2499.11
2437.44
2375.77
2314.09
2252.4
2190.71
2129.02
2067.33
2005.63
1943.93
1882.23
1820.53
1758.83
1697.12
1635.42
1573.71
1512
1450.29
1388.58
1326.87
1265.16
1203.44
1141.73
1080.02
1018.3
956.59
894.395
826.392
746.832
653.753
544.857
417.455
268.403
94.0248
4821.73
4696.52
4595.71
4501
4409.94
4324.15
4243.85
4168.89
4099.07
4034.13
3972.54
3911.85
3851.02
3790.07
3729.02
3667.88
3606.67
3545.39
3484.06
3422.68
3361.26
3299.81
3238.32
3176.81
3115.27
3053.71
2992.14
2930.54
2868.94
2807.32
2745.69
2684.05
2622.4
2560.75
2499.09
2437.42
2375.75
2314.07
2252.39
2190.7
2129.01
2067.32
2005.62
1943.93
1882.23
1820.52
1758.82
1697.12
1635.41
1573.7
1512
1450.29
1388.58
1326.87
1265.15
1203.44
1141.73
1080.02
1018.3
956.589
894.393
826.39
746.831
653.752
544.856
417.455
268.403
94.024
4811.13
4692.22
4592.8
4498.95
4408.51
4323.09
4243.02
4168.22
4098.5
4033.65
3972.12
3911.49
3850.7
3789.79
3728.77
3667.66
3606.47
3545.22
3483.9
3422.54
3361.14
3299.69
3238.22
3176.72
3115.19
3053.64
2992.07
2930.49
2868.89
2807.27
2745.65
2684.02
2622.37
2560.72
2499.06
2437.4
2375.72
2314.05
2252.37
2190.68
2129
2067.31
2005.61
1943.92
1882.22
1820.52
1758.81
1697.11
1635.4
1573.7
1511.99
1450.28
1388.57
1326.86
1265.15
1203.44
1141.73
1080.01
1018.3
956.587
894.392
826.389
746.83
653.752
544.855
417.454
268.402
94.0231
4803.02
4692.37
4593.47
4499.48
4409.05
4323.55
4243.39
4168.51
4098.74
4033.84
3972.27
3911.6
3850.79
3789.86
3728.82
3667.7
3606.5
3545.23
3483.92
3422.55
3361.14
3299.7
3238.22
3176.72
3115.19
3053.64
2992.07
2930.49
2868.89
2807.27
2745.65
2684.01
2622.37
2560.72
2499.06
2437.39
2375.72
2314.05
2252.37
2190.68
2129
2067.31
2005.61
1943.92
1882.22
1820.52
1758.81
1697.11
1635.4
1573.7
1511.99
1450.28
1388.57
1326.86
1265.15
1203.44
1141.73
1080.01
1018.3
956.587
894.392
826.389
746.83
653.752
544.855
417.454
268.402
94.0226
4819.98
4698.67
4601.26
4504.54
4412.65
4326.29
4245.5
4170.17
4100.07
4034.93
3973.19
3912.37
3851.44
3790.41
3729.29
3668.1
3606.85
3545.54
3484.18
3422.78
3361.35
3299.88
3238.38
3176.86
3115.32
3053.76
2992.18
2930.58
2868.97
2807.35
2745.72
2684.08
2622.43
2560.77
2499.11
2437.44
2375.76
2314.08
2252.4
2190.71
2129.02
2067.33
2005.63
1943.93
1882.23
1820.53
1758.83
1697.12
1635.41
1573.71
1512
1450.29
1388.58
1326.87
1265.16
1203.44
1141.73
1080.02
1018.3
956.59
894.394
826.391
746.832
653.753
544.857
417.455
268.403
94.0241
4820.04
4697.4
4600.91
4504.26
4412.43
4326.12
4245.37
4170.06
4099.98
4034.85
3973.12
3912.31
3851.39
3790.36
3729.25
3668.06
3606.81
3545.51
3484.15
3422.76
3361.32
3299.86
3238.37
3176.85
3115.3
3053.74
2992.16
2930.57
2868.96
2807.34
2745.71
2684.07
2622.42
2560.77
2499.1
2437.43
2375.76
2314.08
2252.4
2190.71
2129.02
2067.33
2005.63
1943.93
1882.23
1820.53
1758.83
1697.12
1635.41
1573.71
1512
1450.29
1388.58
1326.87
1265.16
1203.44
1141.73
1080.02
1018.3
956.59
894.394
826.391
746.832
653.753
544.857
417.455
268.403
94.0241
4822.18
4697.35
4601.24
4504.52
4412.63
4326.29
4245.51
4170.18
4100.09
4034.95
3973.2
3912.38
3851.45
3790.41
3729.3
3668.1
3606.85
3545.54
3484.18
3422.78
3361.35
3299.88
3238.38
3176.86
3115.32
3053.76
2992.17
2930.58
2868.97
2807.35
2745.72
2684.08
2622.43
2560.77
2499.11
2437.44
2375.76
2314.08
2252.4
2190.71
2129.02
2067.33
2005.63
1943.93
1882.23
1820.53
1758.83
1697.12
1635.41
1573.71
1512
1450.29
1388.58
1326.87
1265.16
1203.44
1141.73
1080.02
1018.3
956.59
894.394
826.391
746.832
653.753
544.857
417.455
268.403
94.0243
4825.61
4698.77
4602.2
4505.31
4413.23
4326.78
4245.91
4170.53
4100.38
4035.21
3973.43
3912.58
3851.62
3790.57
3729.43
3668.22
3606.96
3545.63
3484.27
3422.86
3361.41
3299.94
3238.43
3176.91
3115.36
3053.79
2992.21
2930.61
2869
2807.37
2745.74
2684.09
2622.44
2560.78
2499.12
2437.45
2375.77
2314.09
2252.41
2190.72
2129.03
2067.33
2005.64
1943.94
1882.24
1820.53
1758.83
1697.12
1635.42
1573.71
1512
1450.29
1388.58
1326.87
1265.16
1203.44
1141.73
1080.02
1018.3
956.591
894.395
826.392
746.833
653.754
544.857
417.455
268.403
94.0246
4829.55
4701.16
4603.61
4506.45
4414.11
4327.48
4246.5
4171.02
4100.81
4035.58
3973.76
3912.88
3851.88
3790.8
3729.64
3668.4
3607.12
3545.78
3484.39
3422.97
3361.51
3300.03
3238.51
3176.98
3115.42
3053.85
2992.26
2930.65
2869.04
2807.41
2745.77
2684.12
2622.47
2560.81
2499.14
2437.47
2375.79
2314.11
2252.42
2190.73
2129.04
2067.34
2005.65
1943.95
1882.24
1820.54
1758.84
1697.13
1635.42
1573.71
1512
1450.29
1388.58
1326.87
1265.16
1203.45
1141.73
1080.02
1018.31
956.592
894.396
826.393
746.834
653.754
544.858
417.456
268.403
94.025
4833.62
4704.13
4605.31
4507.85
4415.19
4328.35
4247.22
4171.63
4101.34
4036.04
3974.17
3913.23
3852.2
3791.08
3729.89
3668.63
3607.31
3545.95
3484.55
3423.11
3361.64
3300.14
3238.61
3177.07
3115.5
3053.92
2992.32
2930.71
2869.09
2807.45
2745.81
2684.16
2622.5
2560.84
2499.16
2437.49
2375.81
2314.12
2252.44
2190.75
2129.05
2067.35
2005.66
1943.95
1882.25
1820.55
1758.84
1697.14
1635.43
1573.72
1512.01
1450.3
1388.59
1326.87
1265.16
1203.45
1141.74
1080.02
1018.31
956.594
894.398
826.394
746.835
653.755
544.858
417.456
268.404
94.0255
4837.53
4707.36
4607.16
4509.37
4416.38
4329.3
4248.01
4172.3
4101.92
4036.55
3974.61
3913.63
3852.55
3791.4
3730.17
3668.88
3607.54
3546.15
3484.73
3423.27
3361.78
3300.26
3238.72
3177.17
3115.59
3054
2992.39
2930.77
2869.14
2807.5
2745.86
2684.2
2622.54
2560.87
2499.19
2437.52
2375.83
2314.15
2252.46
2190.76
2129.07
2067.37
2005.67
1943.97
1882.26
1820.56
1758.85
1697.14
1635.43
1573.72
1512.01
1450.3
1388.59
1326.88
1265.17
1203.45
1141.74
1080.02
1018.31
956.596
894.399
826.396
746.836
653.756
544.859
417.457
268.404
94.026
4841.01
4710.56
4609.01
4510.88
4417.57
4330.26
4248.81
4172.98
4102.5
4037.06
3975.07
3914.04
3852.92
3791.72
3730.45
3669.13
3607.76
3546.35
3484.91
3423.43
3361.92
3300.39
3238.84
3177.27
3115.68
3054.08
2992.47
2930.84
2869.2
2807.56
2745.9
2684.24
2622.57
2560.9
2499.22
2437.54
2375.86
2314.17
2252.47
2190.78
2129.08
2067.38
2005.68
1943.98
1882.27
1820.57
1758.86
1697.15
1635.44
1573.73
1512.02
1450.31
1388.59
1326.88
1265.17
1203.46
1141.74
1080.03
1018.31
956.597
894.401
826.397
746.837
653.757
544.86
417.458
268.405
94.0265
4843.81
4713.45
4610.67
4512.24
4418.66
4331.14
4249.54
4173.61
4103.04
4037.54
3975.49
3914.41
3853.25
3792.02
3730.72
3669.37
3607.98
3546.55
3485.08
3423.58
3362.06
3300.52
3238.95
3177.37
3115.77
3054.16
2992.54
2930.9
2869.26
2807.61
2745.95
2684.28
2622.61
2560.93
2499.25
2437.57
2375.88
2314.19
2252.49
2190.8
2129.1
2067.39
2005.69
1943.99
1882.28
1820.57
1758.87
1697.16
1635.45
1573.73
1512.02
1450.31
1388.6
1326.89
1265.17
1203.46
1141.74
1080.03
1018.31
956.599
894.402
826.398
746.838
653.758
544.861
417.458
268.405
94.0269
4845.67
4715.75
4611.95
4513.31
4419.53
4331.85
4250.13
4174.11
4103.49
4037.93
3975.84
3914.73
3853.53
3792.27
3730.95
3669.57
3608.16
3546.71
3485.23
3423.71
3362.18
3300.62
3239.05
3177.45
3115.85
3054.23
2992.6
2930.96
2869.31
2807.65
2745.99
2684.32
2622.64
2560.96
2499.28
2437.59
2375.9
2314.21
2252.51
2190.81
2129.11
2067.41
2005.7
1944
1882.29
1820.58
1758.87
1697.16
1635.45
1573.74
1512.03
1450.31
1388.6
1326.89
1265.17
1203.46
1141.75
1080.03
1018.32
956.601
894.404
826.399
746.839
653.759
544.862
417.459
268.406
94.0272
4846.35
4717.21
4612.65
4513.91
4420.05
4332.28
4250.5
4174.43
4103.77
4038.18
3976.07
3914.93
3853.72
3792.44
3731.1
3669.71
3608.29
3546.82
3485.33
3423.81
3362.26
3300.7
3239.11
3177.51
3115.9
3054.28
2992.64
2930.99
2869.34
2807.68
2746.01
2684.34
2622.66
2560.98
2499.3
2437.61
2375.91
2314.22
2252.52
2190.82
2129.12
2067.41
2005.71
1944
1882.29
1820.59
1758.88
1697.17
1635.45
1573.74
1512.03
1450.32
1388.6
1326.89
1265.18
1203.46
1141.75
1080.03
1018.32
956.602
894.404
826.4
746.84
653.76
544.862
417.459
268.406
94.0273
4845.55
4717.56
4612.57
4513.91
4420.1
4332.33
4250.56
4174.5
4103.84
4038.25
3976.14
3915
3853.78
3792.5
3731.15
3669.76
3608.33
3546.87
3485.37
3423.84
3362.29
3300.73
3239.14
3177.54
3115.92
3054.3
2992.66
2931.01
2869.36
2807.69
2746.03
2684.35
2622.67
2560.99
2499.3
2437.61
2375.92
2314.22
2252.52
2190.82
2129.12
2067.42
2005.71
1944
1882.3
1820.59
1758.88
1697.17
1635.46
1573.74
1512.03
1450.32
1388.6
1326.89
1265.18
1203.46
1141.75
1080.03
1018.32
956.602
894.405
826.4
746.84
653.76
544.862
417.459
268.407
94.0273
4842.95
4716.56
4611.52
4513.15
4419.56
4331.92
4250.24
4174.25
4103.64
4038.09
3976
3914.89
3853.69
3792.42
3731.09
3669.71
3608.28
3546.82
3485.33
3423.81
3362.27
3300.7
3239.12
3177.52
3115.91
3054.28
2992.64
2931
2869.34
2807.68
2746.02
2684.34
2622.66
2560.98
2499.3
2437.61
2375.91
2314.22
2252.52
2190.82
2129.12
2067.41
2005.71
1944
1882.29
1820.59
1758.88
1697.17
1635.45
1573.74
1512.03
1450.32
1388.6
1326.89
1265.18
1203.46
1141.75
1080.03
1018.32
956.601
894.404
826.4
746.84
653.76
544.862
417.459
268.407
94.027
4838.23
4713.99
4609.36
4511.53
4418.34
4330.98
4249.49
4173.64
4103.13
4037.66
3975.64
3914.57
3853.41
3792.17
3730.88
3669.52
3608.12
3546.68
3485.2
3423.7
3362.17
3300.61
3239.04
3177.45
3115.84
3054.22
2992.59
2930.95
2869.3
2807.65
2745.98
2684.31
2622.64
2560.96
2499.27
2437.59
2375.9
2314.2
2252.51
2190.81
2129.11
2067.4
2005.7
1943.99
1882.29
1820.58
1758.87
1697.16
1635.45
1573.74
1512.03
1450.31
1388.6
1326.89
1265.17
1203.46
1141.74
1080.03
1018.32
956.6
894.403
826.399
746.839
653.759
544.861
417.459
268.406
94.0265
4831.08
4709.73
4606.02
4509.02
4416.46
4329.5
4248.31
4172.67
4102.31
4036.96
3975.03
3914.04
3852.95
3791.77
3730.52
3669.2
3607.84
3546.43
3484.98
3423.5
3361.99
3300.45
3238.9
3177.32
3115.73
3054.12
2992.5
2930.87
2869.23
2807.58
2745.92
2684.26
2622.59
2560.92
2499.24
2437.55
2375.87
2314.17
2252.48
2190.78
2129.09
2067.39
2005.68
1943.98
1882.27
1820.57
1758.86
1697.15
1635.44
1573.73
1512.02
1450.31
1388.6
1326.88
1265.17
1203.46
1141.74
1080.03
1018.31
956.598
894.401
826.397
746.837
653.757
544.86
417.458
268.405
94.0257
4821.26
4703.87
4601.66
4505.76
4413.99
4327.58
4246.76
4171.39
4101.24
4036.04
3974.22
3913.33
3852.33
3791.22
3730.03
3668.78
3607.46
3546.09
3484.68
3423.23
3361.75
3300.24
3238.7
3177.15
3115.57
3053.98
2992.38
2930.76
2869.13
2807.49
2745.84
2684.19
2622.53
2560.86
2499.18
2437.51
2375.82
2314.14
2252.45
2190.76
2129.06
2067.36
2005.66
1943.96
1882.26
1820.55
1758.85
1697.14
1635.43
1573.72
1512.01
1450.3
1388.59
1326.88
1265.16
1203.45
1141.74
1080.02
1018.31
956.595
894.398
826.395
746.835
653.756
544.859
417.457
268.405
94.0247
4809.04
4697.33
4597.02
4502.29
4411.38
4325.52
4245.08
4169.99
4100.04
4035
3973.32
3912.53
3851.62
3790.6
3729.48
3668.29
3607.02
3545.7
3484.34
3422.92
3361.48
3299.99
3238.49
3176.95
3115.4
3053.83
2992.24
2930.64
2869.02
2807.39
2745.75
2684.11
2622.46
2560.79
2499.13
2437.46
2375.78
2314.1
2252.41
2190.72
2129.03
2067.34
2005.64
1943.94
1882.24
1820.54
1758.83
1697.13
1635.42
1573.71
1512
1450.29
1388.58
1326.87
1265.16
1203.45
1141.73
1080.02
1018.31
956.591
894.395
826.392
746.833
653.754
544.857
417.455
268.404
94.0235
4798.23
4693.73
4594.86
4500.63
4410.14
4324.56
4244.29
4169.31
4099.45
4034.48
3972.85
3912.11
3851.25
3790.26
3729.18
3668.01
3606.78
3545.49
3484.14
3422.75
3361.32
3299.85
3238.36
3176.84
3115.3
3053.74
2992.16
2930.56
2868.96
2807.33
2745.7
2684.06
2622.41
2560.76
2499.1
2437.43
2375.75
2314.07
2252.39
2190.7
2129.01
2067.32
2005.63
1943.93
1882.23
1820.53
1758.82
1697.12
1635.41
1573.7
1512
1450.29
1388.58
1326.87
1265.15
1203.44
1141.73
1080.02
1018.3
956.59
894.394
826.391
746.832
653.753
544.856
417.455
268.403
94.0226
)
;